t_ms,co,no2,temp,rh
0,0,0,25.5645,74.3689
5000,0,0.301194,25.5917,74.2772
10000,5.58453,0.146607,25.5768,74.3128
15000,0,0,25.5763,74.2544
20000,5.58453,0,25.5992,74.2809
25000,0,0,25.5965,74.2259
30000,0,0,25.6007,74.1691
35000,5.81244,0,25.5723,74.2233
40000,0,0,25.5838,74.1895
45000,0,0,25.6135,74.2019
50000,5.81244,0,25.6045,74.2338
55000,6.82096,0,25.5746,74.2221
60000,0,0,25.593,74.1895
65000,0,0,25.6394,74.1928
70000,0,0,25.5819,74.2242
75000,5.81244,0.172045,25.5669,74.0951
80000,0,0,25.5704,74.276
85000,0,0,25.6163,74.1275
90000,0,0,25.5756,74.0883
95000,0,0.146607,25.5806,74.1347
100000,0,0,25.6184,74.2436
105000,0,0.110803,25.6038,74.2184
110000,7.09933,0,25.6193,74.2164
115000,0,0,25.6093,74.213
120000,6.29654,0.256661,25.6192,74.1094
125000,0,0.218712,25.5936,74.1553
130000,0,0,25.5925,74.1621
135000,0,0.278037,25.6324,74.1561
140000,0,0.313486,25.611,74.1239
145000,0,0.106459,25.6012,74.155
150000,0,0.15259,25.6279,74.1196
155000,7.09933,0,25.6486,74.1672
160000,0,0,25.631,74.2331
165000,6.04965,0.398519,25.6685,74.2549
170000,5.36556,0.110803,25.6545,74.1219
175000,5.15517,0,25.6253,74.1831
180000,7.09933,0,25.6097,74.2518
185000,5.81244,0,25.5978,74.2075
190000,0,0.278037,25.6024,74.1915
195000,0,0,25.6291,74.1972
200000,5.36556,0,25.5985,74.1908
205000,0,0,25.6268,74.2818
210000,0,0,25.6343,74.1613
215000,0,0.246597,25.6284,74.0641
220000,5.36556,0,25.6128,74.1627
225000,0,0,25.6213,74.229
230000,0,0,25.6018,74.1821
235000,0,0,25.6068,74.0976
240000,0,0,25.6208,74.1449
245000,0,0,25.6225,74.267
250000,0,0,25.6488,74.1301
255000,6.5535,0,25.596,74.1744
260000,0,0,25.6577,74.1597
265000,0,0.267135,25.5896,74.1627
270000,0,0,25.6371,74.1829
275000,7.38906,0,25.5898,74.1883
280000,0,0.15259,25.643,74.1957
285000,0,0,25.6392,74.0816
290000,8.00447,0,25.6405,74.1537
295000,8.00447,0.267135,25.626,74.1493
300000,0,0,25.6462,74.1061
305000,0,0,25.6399,74.1448
310000,0,0,25.6629,74.0934
315000,0,0,25.6201,74.1139
320000,0,0,25.6532,74.0803
325000,0,0,25.6549,73.9883
330000,5.36556,0,25.6226,74.1423
335000,0,0,25.6279,74.1315
340000,0,0,25.6146,74.043
345000,0,0.201897,25.658,74.0984
350000,0,0.172045,25.6748,74.0699
355000,0,0,25.6495,74.1025
360000,0,0.210136,25.6735,74.2267
365000,0,0,25.671,74.1585
370000,5.81244,0.110803,25.632,74.1301
375000,0,0.15259,25.6312,73.9157
380000,5.15517,0.246597,25.6722,74.0971
385000,0,0.172045,25.6299,74.1067
390000,0,0,25.6663,74.0617
395000,7.69061,0,25.6548,74.0622
400000,0,0.0982736,25.629,74.0346
405000,0,0,25.6634,74.0299
410000,0,0.210136,25.639,74.0754
415000,0,0,25.6582,74.0698
420000,8.00447,0,25.6467,74.0236
425000,6.29654,0,25.6482,74.0717
430000,5.15517,0.110803,25.6319,74.0642
435000,0,0,25.6553,74.0257
440000,0,0.301194,25.7043,74.0771
445000,0,0,25.6593,74.017
450000,0,0.236928,25.6719,74.0211
455000,0,0.218712,25.642,73.9818
460000,0,0,25.6538,74.0474
465000,0,0,25.6925,74.016
470000,0,0,25.6382,74.0547
475000,0,0,25.6629,74.0386
480000,5.58453,0,25.6683,73.9908
485000,0,0.201897,25.6679,74.0628
490000,5.58453,0,25.6675,73.9799
495000,0,0,25.6622,74.0277
500000,0,0,25.6795,73.9693
505000,0,0,25.629,74.0043
510000,0,0,25.6458,73.9746
515000,5.58453,0,25.6623,74.0108
520000,7.09933,0,25.6186,73.9281
525000,0,0,25.6862,74.0453
530000,0,0.179066,25.6496,73.9576
535000,0,0.130029,25.6751,73.9803
540000,0,0,25.6917,74.0291
545000,6.29654,0,25.6805,73.9453
550000,0,0,25.6976,74.0036
555000,5.81244,0,25.6492,74.0039
560000,0,0,25.6591,74.1081
565000,0,0,25.6755,73.9665
570000,0,0.172045,25.6886,74.0157
575000,0,0,25.7063,73.987
580000,0,0.179066,25.6795,73.9667
585000,0,0.367879,25.6742,73.9022
590000,0,0.301194,25.7132,73.9683
595000,5.58453,0,25.637,73.9743
600000,0,0,25.6675,73.9986
605000,0,0,25.6813,73.9485
610000,6.5535,0,25.6825,73.9992
615000,0,0.246597,25.7378,74.0394
620000,0,0.236928,25.7111,73.9466
625000,0,0.110803,25.6749,73.8667
630000,0,0.210136,25.7098,74.006
635000,0,0,25.6688,73.9503
640000,0,0.158817,25.6941,73.9044
645000,0,0,25.682,73.9231
650000,0,0,25.673,74.0078
655000,0,0.19398,25.6915,73.9003
660000,0,0,25.6852,73.9429
665000,6.82096,0,25.6887,73.9496
670000,0,0,25.6972,73.8572
675000,0,0,25.7126,73.8826
680000,6.82096,0,25.7009,73.843
685000,0,0,25.6622,73.9132
690000,0,0,25.6893,73.9621
695000,0,0,25.7449,73.9328
700000,0,0,25.7026,73.9546
705000,0,0,25.7083,73.9031
710000,7.09933,0,25.7267,73.8195
715000,5.36556,0.246597,25.7227,73.9343
720000,0,0,25.7042,73.9211
725000,0,0,25.7226,73.903
730000,0,0,25.7023,73.8898
735000,0,0,25.6827,73.8395
740000,0,0,25.7381,73.8634
745000,0,0,25.6939,73.9947
750000,0,0,25.7488,73.8554
755000,0,0.19398,25.7385,73.9164
760000,0,0,25.7468,73.896
765000,0,0.110803,25.6936,73.9249
770000,0,0,25.7547,73.8981
775000,0,0,25.6818,73.8584
780000,0,0.110803,25.712,73.9385
785000,0,0,25.7423,73.9462
790000,7.69061,0,25.7233,73.8735
795000,0,0.120032,25.7533,73.7078
800000,0,0,25.7235,73.8625
805000,0,0.186374,25.7078,73.8518
810000,0,0,25.7053,73.8806
815000,0,0,25.7034,73.9413
820000,0,0,25.7143,73.897
825000,0,0,25.7393,73.8616
830000,0,0,25.7402,73.8318
835000,0,0,25.7095,73.8625
840000,0,0.130029,25.727,73.9603
845000,0,0,25.6911,73.8514
850000,0,0,25.712,73.837
855000,5.36556,0,25.7196,73.7842
860000,0,0.19398,25.6882,73.8505
865000,0,0.32628,25.6991,73.9152
870000,0,0,25.7344,73.8316
875000,0,0,25.7523,73.8494
880000,0,0,25.7252,73.8312
885000,5.81244,0,25.7838,73.9531
890000,0,0,25.7511,73.9107
895000,0,0,25.7415,73.9101
900000,0,0,25.7373,73.8389
905000,6.04965,0,25.7434,73.7929
910000,0,0,25.7495,73.8605
915000,6.82096,0.367879,25.7602,73.8902
920000,0,0,25.7657,73.8376
925000,0,0,25.7594,73.6991
930000,5.36556,0,25.7581,73.8218
935000,7.38906,0,25.7548,73.8061
940000,0,0,25.7673,73.8325
945000,0,0.172045,25.7294,73.8221
950000,5.81244,0,25.6909,73.8009
955000,0,0,25.7447,73.8021
960000,0,0.130029,25.7665,73.8193
965000,0,0.278037,25.7299,73.792
970000,0,0.186374,25.7686,73.7682
975000,0,0,25.7379,73.8517
980000,0,0,25.7733,73.8001
985000,0,0,25.7417,73.7837
990000,7.09933,0,25.7567,73.7169
995000,0,0,25.7617,73.823
1000000,0,0.106459,25.7221,73.7569
1005000,0,0,25.7712,73.7529
1010000,7.38906,0,25.7694,73.6711
1015000,0,0,25.8074,73.8372
1020000,0,0.353455,25.7552,73.8423
1025000,0,0.110803,25.7781,73.8039
1030000,7.69061,0,25.7667,73.7645
1035000,0,0,25.7491,73.7812
1040000,0,0,25.7349,73.7603
1045000,0,0,25.7634,73.7268
1050000,0,0,25.7507,73.7775
1055000,0,0,25.7685,73.7785
1060000,5.81244,0.172045,25.7595,73.7056
1065000,0,0.32628,25.7713,73.7194
1070000,0,0.267135,25.7985,73.6663
1075000,0,0,25.7583,73.8068
1080000,0,0,25.7403,73.7872
1085000,0,0.135335,25.7659,73.7837
1090000,5.36556,0.165299,25.7496,73.758
1095000,0,0,25.8042,73.7945
1100000,0,0,25.7625,73.7494
1105000,0,0.449329,25.7478,73.7325
1110000,7.09933,0,25.7622,73.7098
1115000,0,0,25.7622,73.7135
1120000,0,0.267135,25.7409,73.7171
1125000,0,0.210136,25.7796,73.717
1130000,0,0,25.7703,73.7411
1135000,0,0.120032,25.796,73.6818
1140000,0,0.186374,25.7588,73.726
1145000,0,0.130029,25.7706,73.7701
1150000,0,0,25.8034,73.7693
1155000,0,0.165299,25.7472,73.7027
1160000,0,0,25.7988,73.73
1165000,0,0,25.7688,73.7094
1170000,0,0,25.7837,73.694
1175000,0,0.146607,25.7232,73.7802
1180000,6.5535,0.289384,25.7742,73.6129
1185000,0,0,25.7847,73.7262
1190000,0,0,25.7282,73.7442
1195000,0,0,25.7812,73.6424
1200000,5.58453,0.236928,25.7689,73.6901
1205000,0,0,25.7869,73.7052
1210000,0,0,25.7659,73.6797
1215000,7.69061,0,25.7681,73.6912
1220000,5.36556,0,25.749,73.6584
1225000,0,0,25.7748,73.7165
1230000,0,0,25.8039,73.689
1235000,0,0,25.7901,73.7369
1240000,0,0,25.7958,73.7497
1245000,0,0,25.8013,73.6811
1250000,0,0,25.7911,73.6232
1255000,0,0,25.7796,73.6194
1260000,0,0.227638,25.7558,73.5549
1265000,0,0.218712,25.7865,73.6879
1270000,0,0.267135,25.8181,73.6715
1275000,0,0,25.8166,73.6558
1280000,0,0,25.7549,73.5763
1285000,0,0.12493,25.7857,73.6691
1290000,0,0,25.8064,73.675
1295000,0,0,25.8119,73.5736
1300000,0,0,25.8153,73.6024
1305000,0,0,25.8195,73.6198
1310000,0,0,25.8785,73.6365
1315000,0,0,25.8431,73.611
1320000,0,0,25.817,73.6206
1325000,0,0,25.8027,73.6537
1330000,0,0.165299,25.8072,73.6679
1335000,0,0.278037,25.7766,73.5199
1340000,0,0.115325,25.8103,73.6626
1345000,0,0.210136,25.7871,73.6312
1350000,0,0,25.8052,73.6082
1355000,0,0,25.8177,73.6084
1360000,0,0,25.8302,73.4909
1365000,5.15517,0,25.8196,73.5959
1370000,0,0,25.8095,73.5642
1375000,5.15517,0,25.8056,73.5822
1380000,0,0.289384,25.825,73.6739
1385000,0,0,25.8462,73.6074
1390000,0,0.140858,25.8215,73.5556
1395000,0,0,25.8528,73.4885
1400000,0,0,25.8472,73.4657
1405000,0,0,25.8327,73.612
1410000,0,0,25.7807,73.5479
1415000,0,0,25.8305,73.6503
1420000,0,0,25.8254,73.651
1425000,0,0.165299,25.859,73.5455
1430000,0,0.301194,25.8793,73.6021
1435000,0,0,25.8512,73.579
1440000,0,0.246597,25.847,73.5678
1445000,0,0,25.8282,73.5346
1450000,0,0,25.8393,73.5258
1455000,0,0,25.8407,73.5023
1460000,5.36556,0,25.8195,73.583
1465000,0,0.382893,25.8334,73.5246
1470000,0,0.398519,25.8416,73.5596
1475000,0,0.158817,25.8443,73.5116
1480000,0,0,25.8161,73.5085
1485000,0,0.165299,25.8393,73.5677
1490000,0,0.158817,25.8229,73.5681
1495000,0,0,25.8206,73.5673
1500000,0,0,25.8463,73.5187
1505000,0,0,25.8398,73.5006
1510000,0,0,25.8505,73.5261
1515000,0,0.201897,25.8408,73.4764
1520000,0,0,25.8365,73.5305
1525000,0,0,25.8382,73.4789
1530000,0,0,25.8378,73.5374
1535000,0,0,25.842,73.5107
1540000,5.15517,0,25.8663,73.5929
1545000,0,0.256661,25.8643,73.5496
1550000,0,0,25.7964,73.5437
1555000,0,0,25.8728,73.4325
1560000,0,0,25.8424,73.5044
1565000,0,0,25.8648,73.5426
1570000,0,0,25.8272,73.5147
1575000,0,0,25.8608,73.4634
1580000,0,0,25.8442,73.5783
1585000,0,0.135335,25.8902,73.4713
1590000,0,0.289384,25.8484,73.5555
1595000,6.29654,0.267135,25.8538,73.5155
1600000,0,0,25.8801,73.478
1605000,0,0,25.8615,73.4346
1610000,0,0,25.9007,73.4242
1615000,0,0,25.8821,73.4959
1620000,0,0.179066,25.8425,73.534
1625000,0,0,25.8622,73.422
1630000,0,0.339596,25.8475,73.4331
1635000,0,0,25.8735,73.3857
1640000,0,0.186374,25.8652,73.5122
1645000,0,0,25.9104,73.5364
1650000,0,0,25.8801,73.4763
1655000,0,0,25.8545,73.4496
1660000,0,0.301194,25.8786,73.4749
1665000,5.15517,0.179066,25.8569,73.4702
1670000,0,0,25.8829,73.4281
1675000,0,0.353455,25.8603,73.3135
1680000,0,0,25.856,73.385
1685000,5.58453,0.227638,25.8789,73.4768
1690000,0,0.12493,25.8353,73.46
1695000,0,0.135335,25.8568,73.3922
1700000,0,0.19398,25.8693,73.4019
1705000,0,0,25.8841,73.4576
1710000,0,0.140858,25.8588,73.3899
1715000,5.36556,0.367879,25.8786,73.39
1720000,0,0,25.8976,73.4613
1725000,0,0,25.8492,73.4015
1730000,0,0,25.8578,73.3903
1735000,0,0.158817,25.8825,73.3871
1740000,6.04965,0,25.8529,73.4293
1745000,0,0,25.8684,73.4681
1750000,0,0,25.8835,73.3513
1755000,0,0,25.8923,73.4279
1760000,0,0,25.8766,73.3977
1765000,0,0,25.8761,73.4431
1770000,0,0,25.923,73.3223
1775000,0,0,25.8968,73.4361
1780000,0,0.236928,25.8565,73.3863
1785000,0,0.19398,25.9059,73.3921
1790000,0,0,25.9042,73.3194
1795000,0,0.106459,25.8904,73.2747
1800000,7.69061,0,25.8994,73.4669
1805000,0,0,25.8943,73.4088
1810000,0,0.246597,25.8622,73.3771
1815000,6.29654,0,25.8782,73.3759
1820000,0,0.353455,25.8806,73.3136
1825000,6.29654,0,25.8688,73.3843
1830000,0,0,25.8999,73.3017
1835000,0,0,25.8943,73.2646
1840000,0,0.110803,25.8795,73.5199
1845000,7.09933,0.158817,25.8979,73.324
1850000,0,0.201897,25.9257,73.3164
1855000,0,0.289384,25.9057,73.4085
1860000,0,0,25.8901,73.2833
1865000,0,0.278037,25.9002,73.4051
1870000,0,0,25.8714,73.3844
1875000,0,0.158817,25.8785,73.4506
1880000,0,0,25.8933,73.3274
1885000,5.58453,0,25.9396,73.2942
1890000,0,0,25.9222,73.3324
1895000,0,0.506617,25.9143,73.3655
1900000,0,0,25.9081,73.3671
1905000,0,0,25.8834,73.3671
1910000,0,0,25.923,73.3569
1915000,6.29654,0,25.9209,73.3396
1920000,0,0,25.9015,73.3024
1925000,6.04965,0,25.9046,73.286
1930000,0,0,25.9265,73.3241
1935000,0,0,25.9313,73.3305
1940000,0,0,25.9394,73.344
1945000,6.5535,0.179066,25.9473,73.3233
1950000,0,0.236928,25.9161,73.2547
1955000,7.69061,0,25.9369,73.2757
1960000,0,0.267135,25.9168,73.2692
1965000,5.15517,0.15259,25.8959,73.2562
1970000,0,0,25.8941,73.1956
1975000,0,0.135335,25.8898,73.349
1980000,0,0,25.9309,73.28
1985000,0,0,25.9124,73.2747
1990000,0,0,25.9017,73.3285
1995000,0,0,25.9585,73.1986
2000000,5.15517,0.158817,25.892,73.2665
2005000,0,0,25.9464,73.2809
2010000,0,0,25.9207,73.2699
2015000,0,0.158817,25.9026,73.3219
2020000,0,0,25.9679,73.3253
2025000,0,0,25.9443,73.2672
2030000,0,0,25.9017,73.1955
2035000,5.15517,0.110803,25.917,73.1509
2040000,0,0,25.9547,73.2568
2045000,0,0,25.9168,73.2415
2050000,0,0,25.9192,73.2586
2055000,0,0,25.9579,73.2351
2060000,5.36556,0,25.9158,73.3011
2065000,0,0,25.938,73.2745
2070000,0,0.146607,25.9249,73.2678
2075000,6.04965,0,25.9476,73.2275
2080000,0,0.135335,25.9473,73.2908
2085000,0,0,25.9467,73.2607
2090000,0,0,25.9174,73.3139
2095000,0,0,25.9268,73.2184
2100000,0,0,25.9071,73.2262
2105000,0,0,25.9367,73.1897
2110000,0,0,25.9479,73.2532
2115000,0,0.353455,25.9514,73.2394
2120000,5.81244,0,25.9435,73.1234
2125000,0,0,25.9683,73.2508
2130000,0,0,25.9663,73.1668
2135000,0,0,25.9711,73.3017
2140000,0,0,25.9128,73.2374
2145000,0,0,25.9491,73.2332
2150000,0,0,25.9413,73.2504
2155000,0,0,25.9481,73.1775
2160000,0,0.165299,25.92,73.264
2165000,0,0,25.8952,73.0491
2170000,0,0,25.9725,73.1615
2175000,0,0,25.9582,73.2012
2180000,0,0.106459,25.9794,73.1427
2185000,0,0,25.9741,73.1058
2190000,0,0,25.977,73.1716
2195000,0,0.201897,25.997,73.2985
2200000,7.69061,0,25.9749,73.1757
2205000,0,0,25.9303,73.2288
2210000,0,0,25.9622,73.1195
2215000,0,0,25.9612,73.2611
2220000,0,0,25.9743,73.2037
2225000,0,0,25.9651,73.1995
2230000,0,0,26.0056,73.0787
2235000,6.29654,0,25.9634,73.2301
2240000,5.58453,0,25.9824,73.0318
2245000,0,0,25.9411,73.1361
2250000,0,0.15259,25.9896,73.167
2255000,0,0.120032,25.9622,73.2214
2260000,0,0,25.9736,73.1679
2265000,0,0.278037,25.9412,73.0865
2270000,0,0,25.9521,73.071
2275000,5.58453,0,26.0092,73.1248
2280000,0,0,25.9917,73.1887
2285000,5.15517,0,25.9641,73.0679
2290000,5.36556,0,25.9538,73.1996
2295000,0,0,25.9744,73.0951
2300000,0,0,25.9734,73.2138
2305000,0,0,25.9796,73.1811
2310000,0,0,25.9329,73.0384
2315000,0,0,25.9606,73.0342
2320000,5.36556,0,25.9677,73.1803
2325000,0,0,25.9786,73.1038
2330000,0,0,25.9867,73.1078
2335000,0,0,25.9816,73.1023
2340000,0,0.32628,25.9863,73.1003
2345000,8.33114,0,25.9968,73.1237
2350000,0,0.218712,26.0178,73.085
2355000,0,0,25.9569,73.0952
2360000,5.15517,0,26.006,72.9879
2365000,0,0,26.0053,73.0569
2370000,0,0.102284,25.9892,73.0585
2375000,0,0,25.9696,73.0641
2380000,0,0,25.9562,73.1033
2385000,0,0,25.9932,73.0637
2390000,6.04965,0,26.0038,73.1641
2395000,0,0,26.0104,73.0582
2400000,0,0.179066,25.9754,73.0367
2405000,0,0.313486,26.0021,73.0533
2410000,0,0,25.9748,72.914
2415000,5.58453,0,25.9777,72.9746
2420000,0,0,25.9783,72.9998
2425000,0,0,25.9887,73.0418
2430000,4.95303,0,25.9747,73.1062
2435000,0,0,25.9905,73.1247
2440000,0,0,26.0221,73.032
2445000,0,0,25.9745,73.0301
2450000,0,0,26.0192,73.0304
2455000,5.15517,0.102284,26.0245,73.0601
2460000,0,0.313486,26.0068,73.0638
2465000,0,0.110803,26.0108,72.9692
2470000,0,0,26.0169,73.1096
2475000,0,0.15259,26.0038,73.0339
2480000,0,0,26.0315,73.0906
2485000,0,0,25.9947,72.8839
2490000,0,0,26.0218,73.0605
2495000,0,0,26.0314,73.0475
2500000,0,0.19398,25.9984,73.0163
2505000,0,0,26.022,72.9872
2510000,0,0,26.0153,73.0481
2515000,0,0.32628,25.9528,73.0332
2520000,0,0.172045,26.0074,73.062
2525000,0,0,26.041,73.0125
2530000,0,0.179066,26.0265,73.0848
2535000,0,0.172045,26.0202,72.9334
2540000,0,0,26.0238,73.0023
2545000,0,0,26.049,73.0233
2550000,0,0,26.019,72.9465
2555000,7.69061,0,26.0263,72.9287
2560000,0,0.158817,26.0383,73.0459
2565000,0,0.130029,26.0114,72.9923
2570000,0,0,26.0254,73.0584
2575000,7.38906,0,26.0571,72.8727
2580000,0,0,26.0299,72.9806
2585000,0,0,26.0071,72.9342
2590000,0,0,26.0417,73.0039
2595000,5.36556,0,26.0304,72.9354
2600000,0,0,26.0337,72.937
2605000,6.82096,0.146607,25.9995,72.9997
2610000,0,0.278037,26.0482,72.9442
2615000,0,0,26.0501,72.97
2620000,0,0,26.0519,72.9018
2625000,0,0,26.0627,72.9849
2630000,0,0,26.0085,72.9778
2635000,6.04965,0.15259,26.0538,72.9631
2640000,0,0.246597,26.0558,72.9878
2645000,8.67114,0.12493,26.0196,72.9352
2650000,0,0,26.0468,72.8971
2655000,0,0,26.049,72.8407
2660000,0,0,26.0589,72.8636
2665000,5.58453,0.110803,26.0493,72.9089
2670000,0,0,26.0353,72.876
2675000,0,0,26.0491,72.897
2680000,0,0,26.0608,72.8611
2685000,0,0,26.0353,72.9558
2690000,0,0,26.047,72.8349
2695000,5.58453,0.227638,26.0601,72.9039
2700000,6.04965,0,26.0352,72.9196
2705000,0,0,26.0635,72.8983
2710000,0,0,26.0264,72.8668
2715000,0,0,26.0728,72.9331
2720000,0,0,26.0378,72.7999
2725000,0,0.140858,26.0694,72.85
2730000,0,0,26.0618,72.9631
2735000,0,0.201897,26.0663,72.8651
2740000,0,0,26.0872,72.9052
2745000,0,0,26.085,72.8545
2750000,0,0,26.1083,72.9153
2755000,0,0,26.119,72.9653
2760000,0,0,26.0537,72.7751
2765000,0,0.506617,26.0853,72.8545
2770000,0,0,26.089,72.8827
2775000,0,0.110803,26.0494,72.93
2780000,0,0,26.1038,72.7991
2785000,0,0,26.0478,72.8691
2790000,5.81244,0,26.0682,72.8009
2795000,0,0,26.0356,72.8782
2800000,0,0,26.0513,72.8984
2805000,0,0.506617,26.0546,72.8218
2810000,0,0,26.0556,72.9316
2815000,0,0.15259,26.0932,72.8911
2820000,5.81244,0,26.096,72.7974
2825000,0,0,26.0548,72.7994
2830000,0,0,26.0652,72.8032
2835000,0,0.19398,26.0423,72.7735
2840000,0,0,26.0923,72.7394
2845000,0,0,26.0673,72.7921
2850000,0,0,26.0762,72.8566
2855000,0,0,26.137,72.8486
2860000,0,0,26.1179,72.7509
2865000,0,0.110803,26.1111,72.7499
2870000,0,0,26.0822,72.8068
2875000,0,0,26.0741,72.7497
2880000,6.5535,0,26.0893,72.854
2885000,0,0,26.1261,72.8374
2890000,5.58453,0,26.1262,72.7464
2895000,0,0,26.0707,72.8168
2900000,0,0.256661,26.0758,72.7464
2905000,0,0.158817,26.097,72.8151
2910000,0,0,26.0766,72.7706
2915000,0,0,26.088,72.7844
2920000,0,0,26.0863,72.7677
2925000,0,0,26.0793,72.8214
2930000,0,0.278037,26.1137,72.7862
2935000,0,0.140858,26.1153,72.7809
2940000,0,0.19398,26.063,72.6835
2945000,0,0,26.0973,72.7217
2950000,0,0,26.0745,72.7785
2955000,0,0,26.1036,72.7865
2960000,8.00447,0,26.0847,72.8223
2965000,0,0,26.0974,72.781
2970000,0,0.15259,26.0868,72.7036
2975000,0,0.140858,26.1281,72.7847
2980000,0,0.186374,26.078,72.7392
2985000,6.04965,0,26.1213,72.736
2990000,0,0,26.1229,72.7839
2995000,0,0.367879,26.0894,72.6274
3000000,0,0,26.1147,72.7265
3005000,0,0,26.1176,72.7095
3010000,0,0,26.0997,72.7271
3015000,0,0,26.0866,72.7174
3020000,0,0,26.1475,72.5688
3025000,0,0,26.1154,72.7686
3030000,0,0,26.0937,72.723
3035000,0,0,26.1222,72.7602
3040000,0,0,26.146,72.7445
3045000,0,0.158817,26.1114,72.6955
3050000,0,0,26.0813,72.6718
3055000,0,0,26.1137,72.7168
3060000,0,0,26.1172,72.5764
3065000,0,0,26.1134,72.6732
3070000,8.33114,0.431711,26.0917,72.5899
3075000,0,0.256661,26.1224,72.6873
3080000,0,0,26.1312,72.6809
3085000,0,0,26.1194,72.7221
3090000,0,0,26.1148,72.7374
3095000,0,0.313486,26.1264,72.6956
3100000,0,0,26.0815,72.7464
3105000,0,0,26.1386,72.7375
3110000,0,0.486752,26.1327,72.7571
3115000,0,0,26.1448,72.6971
3120000,0,0.227638,26.1267,72.6122
3125000,0,0.313486,26.1609,72.6466
3130000,0,0,26.1451,72.6936
3135000,0,0,26.1172,72.6156
3140000,0,0,26.1509,72.5868
3145000,0,0,26.1369,72.6768
3150000,6.82096,0,26.1593,72.5886
3155000,0,0,26.1257,72.5825
3160000,0,0.32628,26.1668,72.7447
3165000,0,0.12493,26.13,72.6274
3170000,0,0.158817,26.1799,72.6403
3175000,0,0.267135,26.1237,72.5548
3180000,0,0,26.1437,72.618
3185000,0,0,26.1501,72.6825
3190000,7.38906,0,26.1536,72.5471
3195000,5.81244,0.301194,26.1569,72.5735
3200000,5.15517,0,26.1557,72.6017
3205000,0,0.301194,26.1625,72.6388
3210000,0,0,26.1436,72.5716
3215000,0,0,26.1572,72.5781
3220000,0,0,26.1502,72.6545
3225000,0,0.146607,26.162,72.6312
3230000,0,0.19398,26.1219,72.5835
3235000,0,0,26.1468,72.5779
3240000,0,0,26.1394,72.6964
3245000,0,0,26.1453,72.5891
3250000,0,0,26.2108,72.6
3255000,0,0,26.1557,72.5515
3260000,0,0,26.1895,72.5878
3265000,5.81244,0,26.141,72.579
3270000,0,0,26.1562,72.5606
3275000,0,0,26.19,72.5005
3280000,5.36556,0,26.1389,72.572
3285000,7.38906,0.146607,26.1819,72.5468
3290000,0,0,26.2084,72.5388
3295000,0,0.172045,26.1619,72.6222
3300000,5.15517,0,26.229,72.5148
3305000,0,0,26.1567,72.594
3310000,0,0,26.1575,72.4915
3315000,0,0,26.1308,72.5504
3320000,0,0.227638,26.201,72.5555
3325000,0,0,26.1697,72.5378
3330000,0,0,26.1712,72.4152
3335000,0,0,26.1975,72.5732
3340000,0,0,26.1906,72.4862
3345000,0,0,26.1659,72.6562
3350000,0,0.210136,26.1597,72.4967
3355000,0,0,26.1742,72.4943
3360000,0,0,26.1453,72.566
3365000,0,0,26.196,72.4734
3370000,0,0,26.2136,72.5404
3375000,0,0,26.2014,72.5484
3380000,0,0,26.1804,72.5588
3385000,0,0.130029,26.2044,72.6355
3390000,0,0,26.1657,72.4433
3395000,0,0,26.1776,72.5117
3400000,0,0.227638,26.1654,72.515
3405000,0,0,26.1959,72.5167
3410000,0,0,26.1858,72.4718
3415000,0,0,26.1954,72.4543
3420000,9.77668,0,26.1751,72.6262
3425000,0,0,26.1707,72.4515
3430000,6.82096,0.165299,26.1894,72.5547
3435000,5.81244,0,26.1752,72.4194
3440000,0,0,26.1912,72.4818
3445000,5.15517,0.227638,26.2092,72.4906
3450000,0,0,26.1987,72.4889
3455000,0,0,26.1941,72.3867
3460000,0,0,26.1964,72.4923
3465000,0,0,26.2196,72.42
3470000,0,0.256661,26.1844,72.3915
3475000,0,0,26.2182,72.4339
3480000,0,0,26.1929,72.4781
3485000,0,0,26.2051,72.4609
3490000,0,0,26.1951,72.503
3495000,0,0,26.2292,72.4785
3500000,0,0.19398,26.2383,72.5451
3505000,0,0.172045,26.2256,72.3366
3510000,0,0,26.1851,72.4318
3515000,0,0.179066,26.2004,72.4624
3520000,0,0,26.2001,72.4139
3525000,0,0,26.2046,72.4602
3530000,6.04965,0,26.2347,72.461
3535000,6.29654,0,26.2644,72.3703
3540000,0,0,26.2015,72.4383
3545000,0,0,26.1897,72.4083
3550000,0,0,26.1945,72.4
3555000,0,0,26.2453,72.3929
3560000,0,0,26.2058,72.3973
3565000,5.58453,0,26.2325,72.4455
3570000,0,0,26.2399,72.4038
3575000,0,0,26.2043,72.4272
3580000,5.58453,0,26.2118,72.414
3585000,5.36556,0,26.2184,72.3679
3590000,0,0.140858,26.2026,72.4082
3595000,0,0,26.2186,72.4622
3600000,6.5535,0.236928,26.2539,72.3843
3605000,7.38906,0.210136,26.2,72.4125
3610000,11.9413,0,26.2498,72.4819
3615000,0,0,26.2339,72.2934
3620000,0,0,26.2354,72.3712
3625000,0,0,26.2329,72.2336
3630000,0,0,26.2037,72.3969
3635000,0,0,26.251,72.42
3640000,0,0,26.2488,72.4071
3645000,0,0,26.216,72.2921
3650000,0,0,26.2486,72.3208
3655000,0,0,26.275,72.392
3660000,0,0.158817,26.2807,72.4124
3665000,0,0,26.2256,72.3167
3670000,0,0,26.2469,72.3766
3675000,0,0,26.2326,72.3055
3680000,0,0.146607,26.242,72.2643
3685000,0,0,26.2263,72.3981
3690000,0,0.398519,26.226,72.3223
3695000,6.82096,0,26.2293,72.3159
3700000,0,0.236928,26.2221,72.3233
3705000,0,0.19398,26.2384,72.3353
3710000,0,0,26.212,72.3593
3715000,5.58453,0,26.2907,72.2836
3720000,0,0,26.2453,72.37
3725000,0,0,26.2413,72.2921
3730000,5.81244,0,26.2618,72.2844
3735000,7.09933,0.15259,26.2691,72.365
3740000,0,0,26.2209,72.284
3745000,0,0,26.2296,72.3291
3750000,0,0,26.2694,72.3599
3755000,0,0,26.2562,72.288
3760000,8.00447,0.246597,26.229,72.2958
3765000,0,0,26.2646,72.2424
3770000,7.09933,0.110803,26.2617,72.353
3775000,0,0,26.2377,72.2476
3780000,0,0,26.2822,72.2674
3785000,5.15517,0.19398,26.2757,72.3881
3790000,0,0,26.2724,72.2652
3795000,0,0.506617,26.259,72.3009
3800000,0,0,26.2667,72.2698
3805000,0,0,26.2839,72.3537
3810000,0,0.236928,26.2976,72.3518
3815000,0,0,26.2925,72.3383
3820000,0,0.246597,26.2812,72.2488
3825000,0,0,26.2473,72.2761
3830000,0,0,26.2795,72.245
3835000,0,0,26.2601,72.2492
3840000,0,0,26.2905,72.2138
3845000,0,0.32628,26.2953,72.3657
3850000,0,0,26.2823,72.2695
3855000,0,0,26.2365,72.2524
3860000,5.58453,0.227638,26.2744,72.2558
3865000,0,0,26.2643,72.2209
3870000,0,0,26.2574,72.1588
3875000,7.38906,0,26.2724,72.1662
3880000,0,0.256661,26.2691,72.1652
3885000,0,0.120032,26.281,72.1336
3890000,0,0.15259,26.2768,72.2197
3895000,0,0,26.2401,72.1524
3900000,0,0.246597,26.2771,72.1869
3905000,8.67114,0,26.2887,72.185
3910000,0,0,26.2685,72.1427
3915000,5.15517,0,26.3179,72.2474
3920000,0,0,26.2427,72.2747
3925000,0,0,26.3092,72.1035
3930000,0,0.382893,26.26,72.239
3935000,0,0,26.2852,72.1303
3940000,0,0,26.2619,72.1623
3945000,0,0,26.3298,72.2108
3950000,7.09933,0,26.2828,72.2304
3955000,0,0,26.2907,72.23
3960000,0,0,26.2752,72.1313
3965000,0,0,26.3036,72.1518
3970000,6.82096,0.301194,26.2869,72.1428
3975000,0,0,26.325,72.2044
3980000,0,0,26.2747,72.2056
3985000,0,0.339596,26.3346,72.1435
3990000,0,0.267135,26.3172,72.111
3995000,0,0,26.3012,72.1825
4000000,5.81244,0.179066,26.3334,72.1413
4005000,0,0,26.2621,72.152
4010000,0,0,26.3055,72.1627
4015000,5.15517,0.115325,26.3623,72.1923
4020000,0,0,26.3048,72.1933
4025000,0,0,26.3015,72.1578
4030000,0,0,26.2996,72.12
4035000,0,0.289384,26.3034,72.2653
4040000,0,0,26.3119,72.1386
4045000,0,0,26.3425,72.1306
4050000,0,0.201897,26.3283,72.1126
4055000,0,0.130029,26.3169,72.1676
4060000,0,0,26.3061,72.1677
4065000,0,0,26.3422,72.0837
4070000,0,0,26.321,72.089
4075000,0,0.15259,26.3336,72.0178
4080000,0,0,26.3493,72.0944
4085000,0,0.120032,26.2803,72.1036
4090000,0,0,26.3285,72.0567
4095000,7.38906,0,26.3411,72.0899
4100000,0,0.120032,26.2886,72.1608
4105000,6.5535,0.227638,26.3376,72.063
4110000,0,0.218712,26.3231,72.053
4115000,0,0.382893,26.3232,72.0086
4120000,0,0,26.3251,72.0367
4125000,0,0,26.3384,72.0161
4130000,0,0,26.3554,72.1522
4135000,0,0.398519,26.3256,72.0702
4140000,0,0,26.3374,72.0887
4145000,0,0.267135,26.3555,71.9725
4150000,5.15517,0,26.3188,72.0719
4155000,5.81244,0,26.3551,71.9716
4160000,0,0,26.3306,71.9265
4165000,0,0.172045,26.343,71.9903
4170000,8.00447,0,26.3784,72.1017
4175000,0,0,26.3375,72.0527
4180000,0,0,26.3465,72.0447
4185000,0,0,26.3476,72.0931
4190000,0,0.172045,26.337,72.123
4195000,0,0,26.3247,71.9742
4200000,0,0,26.3432,72.1099
4205000,0,0.449329,26.3352,72.0525
4210000,0,0,26.3453,72.0258
4215000,0,0.32628,26.3532,71.9442
4220000,0,0,26.3672,72.0225
4225000,0,0,26.3796,72.0868
4230000,0,0.289384,26.3622,72.0763
4235000,0,0,26.3515,71.9356
4240000,5.36556,0,26.3349,72.1472
4245000,0,0,26.3348,71.9936
4250000,0,0.120032,26.3592,71.9774
4255000,0,0.120032,26.3969,72.0331
4260000,0,0,26.3728,71.8373
4265000,5.15517,0,26.4271,72.0227
4270000,0,0,26.3822,71.9555
4275000,0,0.165299,26.371,72.0969
4280000,0,0.367879,26.3427,71.9483
4285000,8.00447,0,26.365,71.9629
4290000,0,0.367879,26.3881,71.938
4295000,0,0,26.3932,71.9055
4300000,0,0.236928,26.3434,71.9585
4305000,0,0,26.3625,71.8997
4310000,0,0,26.3852,71.9106
4315000,0,0.278037,26.3948,72.1087
4320000,0,0.32628,26.3656,71.9405
4325000,0,0,26.4307,71.9165
4330000,0,0,26.3876,71.8831
4335000,0,0,26.3787,71.9908
4340000,0,0,26.3611,72.0004
4345000,0,0,26.3752,71.9437
4350000,0,0,26.3761,71.9551
4355000,0,0,26.3738,71.8965
4360000,0,0,26.3702,71.8694
4365000,0,0.210136,26.3622,71.9042
4370000,0,0,26.3514,71.9522
4375000,0,0.120032,26.3771,71.8995
4380000,0,0,26.349,71.9179
4385000,5.58453,0,26.4309,71.7964
4390000,0,0,26.3943,71.9988
4395000,5.15517,0,26.3859,71.915
4400000,0,0.201897,26.3909,71.8998
4405000,5.36556,0,26.4027,71.8885
4410000,0,0,26.3924,71.9294
4415000,0,0.146607,26.3647,71.9332
4420000,6.5535,0,26.4273,71.874
4425000,5.15517,0,26.415,71.8424
4430000,0,0,26.3667,71.9212
4435000,0,0,26.4027,71.892
4440000,0,0.218712,26.397,71.8813
4445000,0,0,26.4142,71.8441
4450000,0,0.382893,26.4394,71.8758
4455000,0,0.172045,26.4237,71.949
4460000,0,0,26.4133,71.9146
4465000,0,0.102284,26.4309,71.8955
4470000,0,0,26.4378,71.8658
4475000,6.04965,0,26.3992,71.8594
4480000,5.81244,0,26.395,71.8131
4485000,8.00447,0.218712,26.428,71.8786
4490000,0,0,26.3617,71.8492
4495000,0,0,26.4076,71.8821
4500000,0,0.130029,26.3967,71.9122
4505000,0,0.218712,26.426,71.9173
4510000,0,0.158817,26.4415,71.7959
4515000,0,0,26.3975,71.8227
4520000,0,0,26.4191,71.872
4525000,0,0,26.4127,71.8822
4530000,0,0,26.4045,71.8279
4535000,0,0.186374,26.4208,71.8762
4540000,0,0,26.4163,71.9017
4545000,0,0,26.4254,71.7941
4550000,0,0,26.4141,71.7635
4555000,0,0,26.4411,71.8288
4560000,6.82096,0,26.4341,71.7904
4565000,0,0,26.4609,71.8227
4570000,0,0.12493,26.4592,71.8677
4575000,5.15517,0,26.4488,71.8522
4580000,0,0,26.4111,71.8108
4585000,8.67114,0.146607,26.4187,71.7685
4590000,0,0,26.3998,71.8336
4595000,0,0,26.4702,71.7462
4600000,0,0.398519,26.4554,71.8073
4605000,0,0,26.4297,71.7926
4610000,0,0.12493,26.424,71.7982
4615000,0,0,26.4528,71.8278
4620000,0,0.19398,26.4626,71.7141
4625000,0,0,26.4632,71.8564
4630000,6.82096,0,26.4327,71.8434
4635000,0,0.236928,26.4362,71.7281
4640000,0,0,26.4742,71.8375
4645000,0,0,26.4334,71.7875
4650000,6.82096,0,26.448,71.8116
4655000,0,0,26.4177,71.7026
4660000,0,0.210136,26.4322,71.7527
4665000,0,0.140858,26.4637,71.7415
4670000,0,0,26.4262,71.622
4675000,0,0.158817,26.4309,71.7697
4680000,0,0,26.4344,71.6844
4685000,0,0,26.4609,71.8268
4690000,0,0,26.4294,71.761
4695000,0,0,26.4489,71.7245
4700000,0,0.165299,26.4632,71.7888
4705000,0,0,26.4336,71.7488
4710000,0,0,26.4573,71.6297
4715000,0,0,26.4327,71.7925
4720000,0,0,26.4602,71.7367
4725000,0,0,26.4585,71.6493
4730000,0,0.106459,26.4458,71.615
4735000,0,0.301194,26.4498,71.804
4740000,5.81244,0,26.4961,71.7232
4745000,0,0.115325,26.4765,71.7023
4750000,7.09933,0,26.4704,71.8065
4755000,0,0,26.4827,71.748
4760000,0,0,26.4966,71.6654
4765000,0,0.115325,26.4799,71.6447
4770000,0,0,26.4396,71.7056
4775000,6.82096,0,26.4941,71.7101
4780000,0,0,26.4821,71.7422
4785000,0,0,26.5256,71.7422
4790000,6.82096,0.227638,26.4509,71.6991
4795000,0,0,26.4552,71.6624
4800000,0,0,26.4576,71.6905
4805000,0,0,26.4749,71.6188
4810000,8.33114,0,26.4525,71.628
4815000,0,0,26.4832,71.6314
4820000,0,0,26.4574,71.586
4825000,0,0.172045,26.4876,71.6421
4830000,0,0.246597,26.5001,71.6413
4835000,0,0,26.4432,71.6822
4840000,0,0.236928,26.4968,71.6167
4845000,0,0,26.496,71.7237
4850000,0,0,26.514,71.6371
4855000,6.29654,0,26.4962,71.6374
4860000,4.95303,0,26.4948,71.6911
4865000,0,0,26.4901,71.6692
4870000,0,0,26.4936,71.6874
4875000,0,0,26.5001,71.5956
4880000,6.5535,0,26.4883,71.6122
4885000,0,0.367879,26.4858,71.6008
4890000,8.00447,0,26.4775,71.5011
4895000,0,0.227638,26.5006,71.6201
4900000,5.81244,0,26.491,71.5905
4905000,0,0,26.5141,71.6249
4910000,0,0.32628,26.4938,71.6221
4915000,0,0.140858,26.4947,71.5418
4920000,0,0,26.5181,71.6647
4925000,0,0.246597,26.5296,71.6217
4930000,0,0.210136,26.5033,71.5901
4935000,0,0,26.5128,71.6226
4940000,0,0,26.4864,71.5529
4945000,0,0.135335,26.4986,71.4942
4950000,0,0,26.4841,71.503
4955000,0,0,26.4962,71.6535
4960000,0,0,26.5292,71.6213
4965000,0,0.32628,26.4886,71.5148
4970000,0,0.339596,26.5127,71.5623
4975000,0,0,26.5169,71.5769
4980000,0,0,26.4689,71.5825
4985000,0,0,26.5357,71.5341
4990000,0,0,26.5039,71.5074
4995000,0,0,26.5042,71.6025
5000000,0,0,26.5446,71.5582
5005000,0,0.353455,26.5091,71.6146
5010000,5.15517,0.246597,26.531,71.478
5015000,0,0.398519,26.5279,71.4872
5020000,0,0,26.4842,71.5138
5025000,0,0,26.5299,71.5462
5030000,0,0,26.5285,71.4218
5035000,0,0,26.5342,71.5184
5040000,0,0,26.5071,71.5626
5045000,0,0.110803,26.5191,71.5431
5050000,0,0,26.5089,71.4998
5055000,0,0,26.5372,71.5048
5060000,0,0.301194,26.4842,71.5259
5065000,0,0,26.5459,71.5013
5070000,0,0.186374,26.5372,71.5143
5075000,0,0,26.5331,71.5099
5080000,0,0,26.5631,71.4869
5085000,0,0.120032,26.5453,71.4685
5090000,0,0,26.5125,71.6255
5095000,0,0,26.5759,71.5093
5100000,0,0.313486,26.5674,71.4861
5105000,5.15517,0.301194,26.5914,71.4237
5110000,0,0,26.5333,71.5592
5115000,0,0,26.5328,71.4444
5120000,6.82096,0,26.5589,71.5066
5125000,0,0.32628,26.5553,71.4432
5130000,0,0,26.5628,71.5297
5135000,0,0,26.5463,71.4215
5140000,0,0.32628,26.6049,71.5006
5145000,0,0,26.5486,71.4793
5150000,5.15517,0.15259,26.5201,71.432
5155000,0,0,26.5319,71.4717
5160000,0,0.172045,26.5216,71.4634
5165000,0,0,26.5668,71.4111
5170000,0,0,26.5546,71.4586
5175000,0,0.158817,26.5583,71.356
5180000,0,0.201897,26.5591,71.3799
5185000,0,0.353455,26.529,71.5509
5190000,0,0.19398,26.5456,71.4552
5195000,0,0.246597,26.5622,71.3861
5200000,5.15517,0.313486,26.5422,71.3921
5205000,5.15517,0.256661,26.5705,71.3816
5210000,0,0.256661,26.531,71.4203
5215000,0,0,26.591,71.5386
5220000,0,0,26.55,71.4435
5225000,0,0.313486,26.6003,71.3931
5230000,5.81244,0.165299,26.6064,71.3881
5235000,0,0.301194,26.537,71.3336
5240000,0,0,26.5432,71.3411
5245000,0,0.431711,26.5751,71.4501
5250000,0,0,26.5507,71.3172
5255000,0,0.135335,26.5766,71.4295
5260000,0,0,26.5594,71.306
5265000,0,0.179066,26.5255,71.4744
5270000,0,0,26.5851,71.3431
5275000,5.15517,0,26.5785,71.3629
5280000,0,0.278037,26.6003,71.3527
5285000,0,0.353455,26.5947,71.3814
5290000,0,0,26.59,71.4224
5295000,0,0,26.5802,71.4104
5300000,0,0,26.564,71.3288
5305000,0,0,26.5852,71.3676
5310000,6.82096,0.115325,26.6104,71.3208
5315000,0,0,26.595,71.3522
5320000,6.5535,0.218712,26.5916,71.3437
5325000,0,0,26.5692,71.3516
5330000,6.29654,0,26.5544,71.3142
5335000,0,0,26.6288,71.3481
5340000,6.04965,0,26.5692,71.3897
5345000,0,0,26.5619,71.4184
5350000,5.58453,0,26.5876,71.4091
5355000,5.81244,0.210136,26.5839,71.3253
5360000,0,0.179066,26.5891,71.2837
5365000,0,0,26.6047,71.3391
5370000,0,0.32628,26.577,71.4143
5375000,6.82096,0,26.5825,71.322
5380000,0,0.256661,26.5527,71.3715
5385000,0,0,26.6132,71.3906
5390000,0,0,26.5909,71.3125
5395000,0,0,26.6147,71.3268
5400000,0,0,26.6197,71.2654
5405000,0,0,26.5865,71.2242
5410000,0,0.218712,26.6048,71.2955
5415000,0,0,26.6222,71.3486
5420000,0,0,26.5835,71.2381
5425000,0,0,26.6394,71.229
5430000,0,0,26.6136,71.1948
5435000,6.5535,0,26.6214,71.2637
5440000,7.09933,0,26.6172,71.342
5445000,0,0,26.5939,71.31
5450000,0,0.110803,26.6122,71.2271
5455000,0,0,26.6197,71.248
5460000,0,0,26.6339,71.2666
5465000,0,0,26.6151,71.3362
5470000,0,0.140858,26.6364,71.1656
5475000,0,0,26.6164,71.2783
5480000,0,0.130029,26.5861,71.2391
5485000,0,0,26.6323,71.1642
5490000,0,0,26.5829,71.1938
5495000,0,0,26.6238,71.1998
5500000,0,0,26.6313,71.2835
5505000,0,0,26.6363,71.1751
5510000,0,0,26.6306,71.1401
5515000,0,0,26.6377,71.2821
5520000,0,0,26.6191,71.2752
5525000,0,0.353455,26.6112,71.2508
5530000,0,0,26.6467,71.2288
5535000,0,0,26.6087,71.2195
5540000,0,0.246597,26.6669,71.3105
5545000,0,0,26.6539,71.2188
5550000,0,0,26.61,71.2557
5555000,0,0,26.615,71.155
5560000,0,0.227638,26.6365,71.2444
5565000,0,0,26.618,71.1725
5570000,0,0,26.6365,71.207
5575000,0,0,26.6307,71.1824
5580000,0,0,26.6427,71.1699
5585000,0,0.102284,26.6007,71.1403
5590000,0,0.210136,26.6674,71.2295
5595000,6.29654,0.527292,26.6621,71.1863
5600000,0,0.140858,26.6701,71.2076
5605000,5.36556,0,26.651,71.2104
5610000,0,0,26.6449,71.0619
5615000,0,0.15259,26.6648,71.2058
5620000,0,0.467666,26.6516,71.1093
5625000,0,0.165299,26.6651,71.1626
5630000,0,0,26.6466,71.0931
5635000,0,0.120032,26.6136,71.1467
5640000,0,0,26.6094,71.2036
5645000,0,0,26.6439,71.1302
5650000,0,0.218712,26.649,71.16
5655000,0,0.186374,26.6536,71.1427
5660000,0,0,26.6599,71.1971
5665000,6.82096,0,26.6785,71.2092
5670000,0,0.278037,26.6363,71.1558
5675000,0,0,26.673,71.0523
5680000,0,0,26.696,71.1715
5685000,0,0,26.6867,71.0801
5690000,0,0,26.6939,71.1692
5695000,0,0,26.6844,71.0145
5700000,6.5535,0.256661,26.6752,71.1416
5705000,0,0.267135,26.6605,71.1215
5710000,0,0.267135,26.6773,71.0828
5715000,0,0,26.6981,71.0646
5720000,0,0,26.6617,71.1594
5725000,6.29654,0.165299,26.6736,71.1585
5730000,5.36556,0.15259,26.6932,71.1857
5735000,0,0.15259,26.6882,70.9278
5740000,0,0.201897,26.6563,71.0836
5745000,0,0,26.6691,71.0935
5750000,0,0,26.6672,71.1455
5755000,0,0.353455,26.6779,71.0718
5760000,0,0.130029,26.6826,71.0676
5765000,0,0,26.7126,71.0755
5770000,0,0,26.6994,71.0529
5775000,0,0,26.6814,70.9855
5780000,0,0.158817,26.6989,71.0471
5785000,0,0,26.6988,71.0761
5790000,0,0,26.6856,71.0565
5795000,6.29654,0,26.7039,71.0898
5800000,0,0,26.6641,71.0287
5805000,0,0,26.6936,71.0418
5810000,0,0,26.6589,71.0724
5815000,0,0.301194,26.7204,71.0853
5820000,0,0,26.7143,71.0426
5825000,0,0.218712,26.7323,71.0526
5830000,0,0,26.6724,70.9857
5835000,7.09933,0,26.7018,71.0097
5840000,0,0,26.7035,71.0372
5845000,0,0,26.737,71.016
5850000,5.15517,0,26.6638,70.9772
5855000,0,0.218712,26.7127,70.8919
5860000,6.5535,0,26.6965,70.9348
5865000,0,0,26.7429,71.0785
5870000,0,0.201897,26.7268,71.079
5875000,0,0.236928,26.7107,71.0561
5880000,0,0,26.7031,71.0151
5885000,5.58453,0.130029,26.7181,70.9172
5890000,0,0,26.7266,71.0409
5895000,0,0,26.7175,70.9565
5900000,0,0.201897,26.7189,71.027
5905000,0,0,26.7018,70.9366
5910000,0,0,26.7002,70.9049
5915000,0,0,26.7254,70.8484
5920000,5.58453,0.135335,26.7381,70.9491
5925000,0,0.227638,26.7211,70.9474
5930000,0,0,26.7117,70.9885
5935000,0,0.140858,26.744,70.9366
5940000,0,0.289384,26.734,70.9941
5945000,0,0,26.7353,70.9609
5950000,0,0,26.7638,70.9072
5955000,0,0,26.7141,70.9368
5960000,0,0,26.7567,70.9526
5965000,0,0,26.7176,70.9725
5970000,0,0.140858,26.7295,70.9501
5975000,0,0,26.7147,70.9548
5980000,0,0,26.7159,70.9588
5985000,0,0.227638,26.7462,70.8478
5990000,0,0,26.7068,70.9278
5995000,0,0,26.7476,70.9298
6000000,0,0.527292,26.7025,70.9275
6005000,0,0,26.7552,70.8366
6010000,0,0.102284,26.7672,70.879
6015000,0,0,26.7217,70.7894
6020000,0,0.289384,26.7266,70.9355
6025000,0,0,26.7234,70.8841
6030000,0,0,26.7371,70.9003
6035000,0,0,26.7478,70.9717
6040000,0,0,26.7329,70.8835
6045000,6.04965,0,26.7517,70.8658
6050000,6.82096,0,26.7723,70.8173
6055000,0,0.32628,26.7512,70.8297
6060000,0,0,26.714,70.9342
6065000,0,0,26.7368,70.9146
6070000,5.58453,0.12493,26.7498,70.8798
6075000,0,0.218712,26.7401,70.9235
6080000,5.36556,0,26.7482,70.8669
6085000,0,0,26.7468,70.839
6090000,0,0.19398,26.7705,70.8864
6095000,0,0,26.7292,70.8962
6100000,5.36556,0.236928,26.7445,70.765
6105000,0,0,26.7512,70.8226
6110000,0,0,26.7574,70.9095
6115000,0,0,26.7508,70.8165
6120000,0,0.256661,26.7464,70.7389
6125000,0,0,26.7914,70.831
6130000,0,0,26.7799,70.7172
6135000,0,0,26.7734,70.7335
6140000,0,0.313486,26.7825,70.7734
6145000,0,0,26.7709,70.7616
6150000,0,0.158817,26.7503,70.7902
6155000,0,0,26.7664,70.8361
6160000,0,0,26.7307,70.7875
6165000,0,0.201897,26.7728,70.7632
6170000,0,0,26.7545,70.715
6175000,0,0.102284,26.7391,70.8112
6180000,0,0,26.8005,70.824
6185000,0,0,26.7488,70.745
6190000,0,0,26.8162,70.8008
6195000,0,0,26.7605,70.8274
6200000,0,0,26.8012,70.769
6205000,0,0.301194,26.8235,70.92
6210000,0,0,26.7596,70.7707
6215000,7.69061,0.301194,26.7686,70.7767
6220000,0,0.313486,26.766,70.7184
6225000,0,0.256661,26.7735,70.7751
6230000,0,0.106459,26.7691,70.8438
6235000,0,0,26.8437,70.7468
6240000,0,0,26.7698,70.7814
6245000,0,0,26.8189,70.8422
6250000,0,0,26.7851,70.693
6255000,6.04965,0.301194,26.8055,70.7537
6260000,0,0.256661,26.764,70.772
6265000,6.29654,0,26.7864,70.7579
6270000,0,0,26.8388,70.6785
6275000,0,0,26.7857,70.7982
6280000,0,0,26.7937,70.7831
6285000,0,0,26.7912,70.78
6290000,0,0,26.8031,70.7016
6295000,0,0,26.8073,70.7091
6300000,6.5535,0.172045,26.7748,70.6941
6305000,0,0,26.7883,70.7701
6310000,0,0,26.8036,70.712
6315000,6.04965,0.289384,26.8007,70.5906
6320000,0,0,26.8377,70.6685
6325000,5.58453,0,26.7646,70.7305
6330000,5.58453,0.367879,26.8096,70.634
6335000,6.29654,0.172045,26.799,70.6661
6340000,0,0,26.8105,70.7127
6345000,0,0,26.8092,70.6826
6350000,0,0,26.8379,70.7792
6355000,0,0,26.8186,70.6684
6360000,0,0,26.8301,70.7153
6365000,0,0,26.8096,70.725
6370000,6.04965,0,26.8174,70.5609
6375000,0,0,26.8092,70.636
6380000,0,0,26.7995,70.6474
6385000,0,0,26.8171,70.5961
6390000,0,0,26.8199,70.7053
6395000,0,0,26.894,70.6206
6400000,0,0,26.8462,70.5317
6405000,5.58453,0.313486,26.822,70.6038
6410000,0,0.289384,26.839,70.6279
6415000,0,0.179066,26.822,70.5657
6420000,5.15517,0,26.8338,70.6638
6425000,0,0.135335,26.823,70.6333
6430000,0,0.227638,26.836,70.6429
6435000,0,0.135335,26.8216,70.5727
6440000,0,0,26.8348,70.6068
6445000,0,0,26.8293,70.6357
6450000,0,0,26.8289,70.552
6455000,0,0.106459,26.8593,70.6738
6460000,0,0.414783,26.84,70.5954
6465000,0,0,26.8749,70.6636
6470000,0,0,26.8101,70.5862
6475000,0,0,26.8489,70.5308
6480000,0,0,26.8007,70.6419
6485000,0,0,26.8504,70.5572
6490000,9.39333,0.115325,26.8582,70.6309
6495000,0,0.256661,26.8185,70.5765
6500000,0,0.15259,26.8509,70.5678
6505000,0,0.140858,26.8441,70.5282
6510000,0,0,26.8474,70.5686
6515000,0,0.301194,26.8882,70.5045
6520000,6.04965,0,26.8364,70.6014
6525000,5.36556,0,26.8437,70.5613
6530000,5.15517,0,26.8643,70.5846
6535000,0,0,26.8561,70.5738
6540000,6.04965,0.267135,26.8729,70.4812
6545000,0,0,26.8449,70.5538
6550000,5.81244,0,26.8764,70.5793
6555000,0,0,26.8591,70.5694
6560000,0,0.32628,26.8674,70.5544
6565000,7.38906,0,26.8706,70.6015
6570000,6.29654,0.32628,26.8611,70.5332
6575000,0,0,26.8501,70.5043
6580000,7.38906,0,26.8621,70.531
6585000,0,0,26.8634,70.5215
6590000,0,0,26.8599,70.5077
6595000,0,0,26.907,70.4642
6600000,0,0,26.8824,70.5133
6605000,0,0.32628,26.8885,70.5259
6610000,0,0.19398,26.8539,70.5129
6615000,0,0.339596,26.9003,70.5053
6620000,0,0,26.8994,70.508
6625000,0,0.172045,26.8653,70.5011
6630000,0,0,26.867,70.5331
6635000,5.58453,0,26.8595,70.4923
6640000,0,0,26.8889,70.5218
6645000,0,0.115325,26.8938,70.4546
6650000,0,0,26.881,70.4315
6655000,0,0,26.8932,70.5428
6660000,0,0.278037,26.8841,70.4744
6665000,5.58453,0.382893,26.8942,70.4555
6670000,0,0,26.9218,70.5309
6675000,0,0.110803,26.8771,70.4518
6680000,0,0,26.8559,70.3942
6685000,5.81244,0,26.8869,70.5002
6690000,0,0,26.8887,70.4518
6695000,0,0,26.8855,70.4984
6700000,0,0,26.8822,70.4514
6705000,6.04965,0,26.8933,70.4359
6710000,0,0,26.8987,70.4915
6715000,6.82096,0,26.8891,70.537
6720000,0,0,26.8643,70.3735
6725000,0,0.19398,26.862,70.4838
6730000,0,0.19398,26.8848,70.4429
6735000,7.38906,0.227638,26.9283,70.3533
6740000,0,0,26.9589,70.3968
6745000,0,0,26.8939,70.4338
6750000,0,0,26.9241,70.4572
6755000,0,0,26.9205,70.4027
6760000,0,0,26.9261,70.3499
6765000,6.5535,0,26.8968,70.4446
6770000,0,0.115325,26.9151,70.4994
6775000,0,0,26.9107,70.3752
6780000,0,0,26.8749,70.4577
6785000,0,0,26.9191,70.3433
6790000,0,0.201897,26.9565,70.4098
6795000,6.04965,0.158817,26.9332,70.3994
6800000,0,0.256661,26.913,70.4057
6805000,0,0,26.923,70.3725
6810000,0,0,26.879,70.2658
6815000,0,0.301194,26.9385,70.4681
6820000,5.36556,0,26.9185,70.2918
6825000,0,0,26.9442,70.3699
6830000,0,0.12493,26.9156,70.3787
6835000,0,0.115325,26.9346,70.3924
6840000,0,0.227638,26.947,70.4463
6845000,0,0,26.9267,70.3054
6850000,0,0,26.9276,70.3508
6855000,0,0,26.9498,70.4287
6860000,0,0,26.8782,70.3514
6865000,0,0.172045,26.9599,70.3082
6870000,6.5535,0.301194,26.9541,70.3182
6875000,0,0,26.9521,70.3659
6880000,0,0,26.9451,70.3472
6885000,0,0,26.9431,70.3558
6890000,5.36556,0,26.952,70.361
6895000,0,0.210136,26.9216,70.2582
6900000,0,0.289384,26.9474,70.3731
6905000,0,0,26.9529,70.3711
6910000,0,0,26.8905,70.3768
6915000,0,0.165299,26.9481,70.3069
6920000,5.81244,0.353455,26.9398,70.2734
6925000,0,0.158817,26.9387,70.2571
6930000,0,0,26.9466,70.1788
6935000,0,0,26.9013,70.368
6940000,0,0,26.9748,70.3362
6945000,6.04965,0.120032,26.9214,70.3829
6950000,5.15517,0.140858,26.9343,70.2171
6955000,0,0,26.9412,70.1762
6960000,0,0,26.988,70.2792
6965000,0,0,26.956,70.2506
6970000,0,0.301194,26.9887,70.2763
6975000,0,0,26.9542,70.2078
6980000,0,0.210136,26.9704,70.2836
6985000,8.33114,0,26.9269,70.2324
6990000,0,0,26.9233,70.22
6995000,0,0,26.9651,70.215
7000000,0,0,26.9578,70.1972
7005000,0,0,26.9688,70.2641
7010000,0,0,26.9417,70.2367
7015000,0,0,26.9747,70.2545
7020000,5.15517,0,26.9751,70.2975
7025000,6.04965,0,26.9209,70.2972
7030000,0,0,26.9456,70.1482
7035000,0,0.135335,26.964,70.2216
7040000,0,0.618783,26.9826,70.1448
7045000,0,0,26.9769,70.1711
7050000,0,0.278037,26.9803,70.2232
7055000,0,0.289384,26.971,70.0809
7060000,5.58453,0,26.9638,70.1616
7065000,0,0.102284,26.9917,70.2028
7070000,0,0.278037,26.9813,70.0899
7075000,0,0.15259,26.9845,70.2099
7080000,0,0,26.9628,70.1822
7085000,0,0,27.0193,70.1744
7090000,0,0,26.9847,70.1862
7095000,0,0.106459,26.9744,70.0926
7100000,0,0.339596,26.9792,70.0962
7105000,0,0.353455,26.9804,70.1617
7110000,0,0.146607,27.0188,70.1229
7115000,0,0,27.0632,70.2775
7120000,6.82096,0.12493,27.0008,70.0112
7125000,5.58453,0.289384,26.9839,70.1729
7130000,0,0.227638,27.0097,70.121
7135000,0,0,27.0109,70.2056
7140000,0,0,27.0075,70.1511
7145000,5.58453,0,26.9896,70.2015
7150000,0,0,27.0032,70.1614
7155000,0,0,27.0041,70.153
7160000,0,0,27.0068,70.216
7165000,0,0.110803,26.9926,70.1401
7170000,6.04965,0,27.0409,70.1271
7175000,0,0.140858,27.0137,70.1447
7180000,0,0.218712,27.0012,70.1266
7185000,5.81244,0.140858,26.9721,70.1513
7190000,0,0,26.9955,70.1737
7195000,0,0,26.994,70.1683
7200000,5.81244,0.278037,26.9885,70.1184
7205000,0,0.398519,27.0349,70.0809
7210000,0,0,27.0259,70.1435
7215000,0,0.256661,26.9775,70.1319
7220000,0,0,27.0267,70.0301
7225000,0,0,27.0181,70.1
7230000,0,0,27.0197,70.0882
7235000,5.81244,0,26.9933,70.1719
7240000,6.29654,0.339596,27.0009,70.0696
7245000,0,0,27.0292,70.1055
7250000,0,0.278037,27.0318,70.0558
7255000,0,0,27.019,70.0466
7260000,0,0.256661,27.0079,70.0331
7265000,5.81244,0.256661,27.0184,70.14
7270000,0,0.449329,27.0225,70.0374
7275000,0,0,27.0212,70.009
7280000,0,0.313486,27.0329,70.0294
7285000,0,0,27.0057,69.9505
7290000,0,0.102284,27.0468,70.1029
7295000,0,0.267135,27.0196,70.0369
7300000,0,0.227638,27.0185,70.0505
7305000,5.81244,0.353455,27.0191,70.086
7310000,0,0,27.0299,70.1017
7315000,0,0,27.0656,70.1431
7320000,0,0,27.0599,70.0468
7325000,0,0.201897,27.0526,69.972
7330000,0,0,27.0193,70.1016
7335000,0,0.227638,27.0563,70.0554
7340000,0,0,27.0345,69.9964
7345000,0,0,27.0363,70.042
7350000,0,0,27.0279,70.049
7355000,0,0,27.0584,70.0777
7360000,0,0,27.0569,70.0524
7365000,5.15517,0,27.0542,69.9982
7370000,0,0,27.0758,69.9836
7375000,0,0,27.072,69.9969
7380000,0,0.267135,27.0777,69.9688
7385000,0,0,27.0867,69.9759
7390000,0,0,27.0397,70.061
7395000,0,0.236928,27.0656,69.9875
7400000,0,0,27.0804,69.9712
7405000,0,0,27.0792,69.9494
7410000,nan,0,27.045,70.0359
7415000,nan,0.146607,27.026,69.8905
7420000,nan,0,27.0656,70.0229
7425000,nan,0,27.0336,69.97
7430000,0,0,27.0625,69.9479
7435000,0,0.106459,27.0828,69.9459
7440000,0,0,27.07,69.9592
7445000,0,0.278037,27.0597,69.8994
7450000,5.81244,0.339596,27.0801,69.9992
7455000,0,0.140858,27.0766,70.01
7460000,8.00447,0,27.0893,69.97
7465000,0,0.201897,27.0703,69.9064
7470000,0,0,27.0655,69.9261
7475000,0,0.186374,27.0502,69.9462
7480000,0,0.367879,27.0587,70.0197
7485000,0,0,27.0901,69.9865
7490000,6.82096,0.289384,27.0342,69.9299
7495000,5.36556,0.289384,27.0475,69.9111
7500000,7.69061,0,27.0772,69.7772
7505000,0,0.146607,27.0782,69.9172
7510000,0,0.339596,27.0837,69.846
7515000,0,0,27.1031,69.9171
7520000,0,0.353455,27.0849,69.909
7525000,8.00447,0,27.0666,69.8445
7530000,6.82096,0.179066,27.1076,69.9308
7535000,0,0.120032,27.0784,69.8512
7540000,5.36556,0.414783,27.074,69.8688
7545000,0,0.106459,27.1052,69.8956
7550000,0,0.527292,27.1126,69.9387
7555000,0,0.414783,27.0807,69.8304
7560000,0,0,27.0762,69.8772
7565000,0,0,27.0617,69.8362
7570000,0,0,27.1278,69.9115
7575000,5.58453,0,27.1026,69.8408
7580000,8.00447,0,27.0931,69.7987
7585000,0,0.135335,27.0864,69.8629
7590000,0,0,27.1137,69.7859
7595000,5.36556,0,27.1498,69.8703
7600000,0,0.140858,27.121,69.9115
7605000,0,0,27.1149,69.7545
7610000,0,0,27.1067,69.8248
7615000,0,0,27.1474,69.9232
7620000,0,0,27.0879,69.8109
7625000,5.58453,0,27.1054,69.8965
7630000,0,0.140858,27.115,69.7969
7635000,0,0,27.0866,69.8329
7640000,0,0.256661,27.1228,69.7115
7645000,0,0.246597,27.1485,69.8537
7650000,5.15517,0,27.1186,69.8382
7655000,5.15517,0,27.1181,69.8308
7660000,0,0,27.096,69.6876
7665000,4.95303,0,27.1276,69.8685
7670000,0,0,27.1335,69.7406
7675000,6.82096,0,27.1228,69.7897
7680000,0,0.110803,27.0979,69.7832
7685000,0,0.179066,27.1501,69.7858
7690000,0,0.32628,27.1437,69.8091
7695000,0,0,27.1515,69.76
7700000,0,0,27.1003,69.8399
7705000,0,0.12493,27.1217,69.7873
7710000,0,0,27.1698,69.8454
7715000,0,0,27.1096,69.7558
7720000,7.69061,0.102284,27.1575,69.7387
7725000,0,0.19398,27.0929,69.6705
7730000,0,0.267135,27.1,69.7715
7735000,0,0,27.1505,69.7307
7740000,6.04965,0,27.1378,69.7541
7745000,0,0,27.1269,69.7017
7750000,5.36556,0.135335,27.1567,69.7695
7755000,0,0,27.1439,69.6932
7760000,0,0.146607,27.1351,69.7734
7765000,0,0,27.1541,69.7243
7770000,0,0,27.1287,69.7104
7775000,0,0.158817,27.12,69.7818
7780000,0,0.201897,27.1347,69.74
7785000,0,0,27.1694,69.6456
7790000,0,0,27.1434,69.8126
7795000,0,0,27.1467,69.626
7800000,0,0,27.1497,69.6006
7805000,0,0.227638,27.1297,69.728
7810000,0,0,27.1787,69.6682
7815000,0,0.313486,27.148,69.6448
7820000,0,0,27.1424,69.7357
7825000,5.36556,0,27.1549,69.6965
7830000,0,0.289384,27.1781,69.7354
7835000,6.04965,0,27.1494,69.6205
7840000,4.95303,0.135335,27.2051,69.7304
7845000,0,0,27.1933,69.6671
7850000,0,0,27.1642,69.6797
7855000,0,0,27.1537,69.6659
7860000,7.09933,0,27.1845,69.6864
7865000,6.29654,0,27.197,69.6682
7870000,0,0,27.2128,69.6052
7875000,0,0,27.1672,69.6823
7880000,0,0,27.1782,69.5944
7885000,0,0.102284,27.1794,69.6191
7890000,0,0.527292,27.1675,69.772
7895000,0,0,27.1493,69.6395
7900000,0,0.130029,27.1669,69.5318
7905000,0,0.165299,27.1764,69.5871
7910000,0,0,27.2063,69.5816
7915000,0,0.12493,27.1958,69.7635
7920000,0,0.210136,27.1892,69.7296
7925000,0,0.210136,27.1661,69.6242
7930000,0,0,27.1898,69.5906
7935000,0,0,27.1756,69.5561
7940000,0,0.15259,27.1608,69.592
7945000,0,0.146607,27.2181,69.6719
7950000,5.36556,0.12493,27.1634,69.6453
7955000,0,0,27.1387,69.4876
7960000,0,0,27.2114,69.6012
7965000,0,0.278037,27.2231,69.5768
7970000,0,0.172045,27.2383,69.6315
7975000,0,0,27.1874,69.499
7980000,0,0,27.218,69.536
7985000,0,0,27.1729,69.5412
7990000,5.36556,0.12493,27.1674,69.5836
7995000,7.09933,0,27.2174,69.6413
8000000,0,0.140858,27.2029,69.5419
8005000,0,0.179066,27.1999,69.5495
8010000,0,0,27.191,69.4905
8015000,4.95303,0,27.1932,69.5737
8020000,0,0.115325,27.205,69.616
8025000,0,0,27.17,69.4944
8030000,0,0,27.2311,69.5262
8035000,0,0,27.2103,69.4372
8040000,0,0,27.2191,69.4884
8045000,0,0.172045,27.2177,69.5126
8050000,0,0,27.2279,69.4357
8055000,0,0.135335,27.2022,69.5382
8060000,0,0,27.1987,69.5493
8065000,0,0,27.1866,69.4966
8070000,5.36556,0,27.2246,69.5457
8075000,0,0,27.2072,69.5456
8080000,0,0.367879,27.2028,69.4985
8085000,0,0.120032,27.2041,69.4766
8090000,0,0,27.2236,69.4783
8095000,0,0.140858,27.2429,69.5205
8100000,5.36556,0,27.2074,69.529
8105000,0,0,27.2508,69.4991
8110000,6.5535,0,27.2465,69.5319
8115000,5.81244,0.201897,27.2407,69.4912
8120000,0,0.106459,27.2213,69.5554
8125000,5.36556,0,27.232,69.4925
8130000,0,0.339596,27.2522,69.4982
8135000,6.29654,0,27.2718,69.4275
8140000,0,0,27.2325,69.5591
8145000,0,0,27.2265,69.4755
8150000,0,0.179066,27.2625,69.4972
8155000,0,0,27.2412,69.4839
8160000,5.36556,0.15259,27.2413,69.5234
8165000,0,0,27.2553,69.5489
8170000,0,0,27.2315,69.3607
8175000,0,0,27.2205,69.5062
8180000,0,0,27.2578,69.4668
8185000,0,0,27.1929,69.4631
8190000,0,0,27.2713,69.4753
8195000,0,0.210136,27.2092,69.4181
8200000,6.29654,0,27.2769,69.485
8205000,0,0,27.2423,69.4567
8210000,0,0,27.2605,69.5422
8215000,0,0,27.2714,69.3652
8220000,0,0.201897,27.2388,69.3802
8225000,0,0,27.2516,69.4233
8230000,0,0.301194,27.2505,69.3561
8235000,0,0,27.3049,69.4468
8240000,0,0.289384,27.2605,69.4555
8245000,0,0.135335,27.2678,69.3687
8250000,0,0,27.2893,69.3797
8255000,0,0,27.2373,69.4611
8260000,0,0,27.2304,69.4674
8265000,5.36556,0.146607,27.2589,69.3757
8270000,6.04965,0,27.2688,69.3366
8275000,0,0.115325,27.2655,69.3845
8280000,0,0,27.2788,69.2784
8285000,0,0.301194,27.262,69.3729
8290000,0,0.140858,27.286,69.4234
8295000,0,0.158817,27.2429,69.3949
8300000,0,0.227638,27.2744,69.3855
8305000,0,0,27.2508,69.4844
8310000,0,0.120032,27.3077,69.392
8315000,0,0.12493,27.2597,69.3586
8320000,0,0.367879,27.2948,69.3384
8325000,0,0,27.2821,69.3409
8330000,0,0,27.2923,69.4042
8335000,0,0.227638,27.3207,69.3196
8340000,5.36556,0,27.2737,69.2632
8345000,0,0,27.2963,69.2894
8350000,0,0.186374,27.3243,69.3618
8355000,0,0,27.271,69.3577
8360000,0,0,27.2805,69.4275
8365000,0,0,27.2944,69.2812
8370000,0,0.106459,27.3118,69.3728
8375000,0,0,27.2878,69.1745
8380000,0,0,27.2894,69.2422
8385000,0,0,27.3158,69.2853
8390000,0,0.120032,27.2562,69.3731
8395000,0,0.106459,27.3342,69.3045
8400000,0,0.179066,27.2715,69.3402
8405000,0,0,27.3244,69.166
8410000,0,0,27.2749,69.2334
8415000,0,0,27.2776,69.3318
8420000,0,0,27.2783,69.3028
8425000,5.58453,0,27.3054,69.2789
8430000,0,0.146607,27.3395,69.2562
8435000,0,0.32628,27.3241,69.2817
8440000,0,0.227638,27.3183,69.2623
8445000,0,0,27.2926,69.3105
8450000,0,0.158817,27.2808,69.1972
8455000,0,0,27.3037,69.1744
8460000,5.58453,0.486752,27.3034,69.2061
8465000,5.36556,0,27.2965,69.2467
8470000,0,0.172045,27.2971,69.3015
8475000,0,0,27.3112,69.3044
8480000,0,0,27.3151,69.2495
8485000,0,0,27.3221,69.237
8490000,0,0,27.3116,69.291
8495000,0,0,27.3323,69.3066
8500000,6.82096,0,27.3378,69.2281
8505000,0,0,27.3398,69.1916
8510000,0,0,27.337,69.1761
8515000,0,0,27.2826,69.1995
8520000,0,0.140858,27.3478,69.1646
8525000,0,0,27.341,69.2453
8530000,0,0,27.3116,69.1784
8535000,6.5535,0.165299,27.3194,69.1736
8540000,0,0,27.2957,69.1786
8545000,0,0.227638,27.302,69.1458
8550000,0,0,27.3309,69.1964
8555000,0,0.12493,27.3614,69.188
8560000,0,0.158817,27.3453,69.1441
8565000,0,0,27.3369,69.2343
8570000,0,0.19398,27.337,69.2686
8575000,0,0,27.3189,69.1049
8580000,4.95303,0,27.3609,69.2222
8585000,0,0,27.3324,69.1403
8590000,0,0.210136,27.3206,69.1376
8595000,0,0,27.3795,69.123
8600000,0,0,27.3426,69.1223
8605000,0,0,27.3752,69.253
8610000,0,0,27.3324,69.2584
8615000,0,0,27.3706,69.1538
8620000,0,0,27.3498,69.1189
8625000,0,0,27.3394,69.1395
8630000,0,0.32628,27.3303,69.1292
8635000,0,0.414783,27.3823,69.1655
8640000,0,0.256661,27.3299,69.2604
8645000,0,0.12493,27.3607,69.0563
8650000,5.81244,0,27.3452,69.105
8655000,8.00447,0.227638,27.3704,69.09
8660000,0,0,27.3219,69.1453
8665000,6.5535,0.102284,27.3709,69.1041
8670000,0,0.110803,27.3747,69.0004
8675000,6.82096,0,27.3797,69.1812
8680000,0,0,27.3724,68.9876
8685000,0,0.218712,27.3864,69.0367
8690000,0,0,27.3627,68.9885
8695000,0,0,27.3541,69.1614
8700000,0,0,27.3349,69.127
8705000,0,0,27.3572,69.0345
8710000,0,0,27.3416,69.1654
8715000,0,0.313486,27.3366,69.1081
8720000,0,0,27.3507,68.9768
8725000,0,0,27.3683,69.1232
8730000,8.67114,0,27.3607,69.0111
8735000,0,0,27.3723,69.1005
8740000,7.38906,0,27.3467,69.1076
8745000,5.36556,0.267135,27.3334,69.044
8750000,0,0.289384,27.3731,68.9646
8755000,0,0,27.3691,68.9913
8760000,0,0,27.3599,68.9504
8765000,0,0.102284,27.383,69.0302
8770000,0,0,27.3678,69.0797
8775000,5.58453,0,27.4184,69.0343
8780000,6.04965,0.414783,27.3604,68.9629
8785000,0,0.527292,27.4028,69.0341
8790000,0,0,27.4003,69.0552
8795000,0,0,27.4157,69.0113
8800000,0,0,27.3998,69.071
8805000,0,0.218712,27.3739,69.0479
8810000,6.29654,0,27.3672,69.0401
8815000,0,0.172045,27.4166,68.9989
8820000,0,0,27.3726,69.0548
8825000,0,0,27.379,68.9396
8830000,0,0.414783,27.4517,69.0922
8835000,6.29654,0,27.3722,69.0192
8840000,5.58453,0.146607,27.3922,69.0324
8845000,0,0.301194,27.3665,68.9835
8850000,0,0,27.3849,68.9121
8855000,0,0,27.3918,68.9772
8860000,6.5535,0,27.4079,68.8665
8865000,0,0,27.3782,68.9507
8870000,6.29654,0,27.4063,69.0464
8875000,0,0.227638,27.4219,69.0477
8880000,0,0.165299,27.4028,68.8957
8885000,5.58453,0,27.4063,68.9548
8890000,0,0,27.3785,69.0114
8895000,0,0,27.3869,68.9367
8900000,0,0.106459,27.3848,68.9077
8905000,0,0,27.4109,68.9136
8910000,0,0,27.3977,68.9997
8915000,0,0,27.4253,68.9591
8920000,8.33114,0,27.3818,68.9704
8925000,0,0,27.3973,68.9273
8930000,0,0.115325,27.4136,68.9127
8935000,0,0,27.452,68.8606
8940000,0,0.120032,27.4379,68.8245
8945000,5.58453,0,27.3944,68.8706
8950000,6.5535,0,27.4167,68.8932
8955000,0,0.19398,27.468,68.8799
8960000,4.95303,0,27.4367,68.8611
8965000,5.36556,0,27.4402,68.8198
8970000,6.29654,0.367879,27.4348,68.9017
8975000,8.33114,0.256661,27.437,68.9327
8980000,0,0,27.4318,68.9085
8985000,5.58453,0,27.4025,68.8072
8990000,0,0,27.4727,68.895
8995000,0,0.289384,27.4308,68.902
9000000,0,0.313486,27.4238,68.8658
9005000,0,0,27.4514,68.9181
9010000,0,0,27.4655,68.8776
9015000,0,0,27.4556,68.8882
9020000,0,0,27.4458,68.8823
9025000,0,0.102284,27.4285,68.743
9030000,0,0,27.4459,68.8999
9035000,0,0.256661,27.4238,68.8649
9040000,0,0.19398,27.4944,68.8409
9045000,0,0,27.434,68.8254
9050000,5.15517,0.382893,27.4534,68.8168
9055000,0,0.115325,27.4557,68.7587
9060000,0,0,27.4733,68.8247
9065000,0,0,27.437,68.7628
9070000,5.58453,0,27.4988,68.8464
9075000,0,0,27.4256,68.8295
9080000,7.09933,0,27.4309,68.8847
9085000,0,0,27.468,68.8402
9090000,6.5535,0,27.4495,68.7931
9095000,0,0.289384,27.4562,68.7023
9100000,0,0,27.4503,68.8572
9105000,8.00447,0.246597,27.4358,68.7183
9110000,0,0.218712,27.4567,68.8453
9115000,0,0.115325,27.4654,68.8017
9120000,0,0,27.4689,68.8196
9125000,0,0.227638,27.4622,68.8263
9130000,7.09933,0,27.4702,68.7804
9135000,0,0.278037,27.4983,68.9081
9140000,0,0.186374,27.5032,68.8308
9145000,0,0,27.4861,68.8145
9150000,0,0,27.4808,68.7786
9155000,0,0,27.5007,68.8353
9160000,0,0.218712,27.4815,68.7135
9165000,6.29654,0.120032,27.4705,68.7026
9170000,5.81244,0,27.4684,68.7151
9175000,0,0.32628,27.4968,68.6623
9180000,0,0.15259,27.4927,68.7215
9185000,0,0,27.4753,68.7131
9190000,6.04965,0,27.4692,68.7196
9195000,0,0.130029,27.4726,68.7898
9200000,0,0.267135,27.4648,68.7583
9205000,0,0.398519,27.502,68.668
9210000,5.36556,0.186374,27.485,68.7586
9215000,0,0,27.4616,68.7313
9220000,0,0,27.5126,68.7681
9225000,4.95303,0,27.4807,68.6539
9230000,0,0.353455,27.5085,68.6945
9235000,7.69061,0,27.4931,68.8162
9240000,0,0,27.515,68.7341
9245000,0,0,27.4843,68.6593
9250000,5.58453,0.218712,27.4989,68.6624
9255000,0,0,27.4746,68.6463
9260000,0,0.106459,27.5095,68.6339
9265000,0,0,27.4909,68.6053
9270000,0,0,27.4801,68.6619
9275000,0,0,27.5197,68.6366
9280000,0,0,27.4936,68.6185
9285000,0,0.367879,27.5281,68.655
9290000,0,0,27.4982,68.6499
9295000,0,0,27.4811,68.6294
9300000,0,0,27.5109,68.7512
9305000,0,0,27.5727,68.5699
9310000,0,0,27.5332,68.7116
9315000,0,0.246597,27.4964,68.6021
9320000,0,0,27.5487,68.6545
9325000,6.5535,0,27.4896,68.6605
9330000,0,0,27.5236,68.622
9335000,5.36556,0,27.5314,68.6637
9340000,5.15517,0,27.5235,68.6089
9345000,9.02501,0,27.5007,68.598
9350000,0,0,27.5424,68.6777
9355000,0,0,27.5026,68.7151
9360000,0,0,27.5167,68.6445
9365000,0,0,27.5298,68.5769
9370000,0,0,27.5077,68.6224
9375000,0,0,27.528,68.6708
9380000,0,0.218712,27.4378,68.6424
9385000,0,0.19398,27.515,68.5712
9390000,0,0.165299,27.5249,68.6238
9395000,0,0.106459,27.5435,68.6256
9400000,4.95303,0,27.537,68.5517
9405000,0,0,27.5482,68.5682
9410000,0,0,27.5544,68.5972
9415000,0,0.15259,27.5238,68.585
9420000,0,0,27.5404,68.5202
9425000,0,0,27.5617,68.5801
9430000,0,0,27.5446,68.4997
9435000,0,0.201897,27.5879,68.5311
9440000,0,0.218712,27.534,68.6188
9445000,0,0.140858,27.5568,68.5124
9450000,7.38906,0.158817,27.5531,68.5197
9455000,0,0.106459,27.5396,68.4822
9460000,0,0.15259,27.5545,68.5482
9465000,5.81244,0,27.5544,68.5356
9470000,0,0,27.5826,68.5555
9475000,6.29654,0.179066,27.5769,68.6164
9480000,5.81244,0,27.5613,68.6001
9485000,7.69061,0,27.5484,68.5088
9490000,0,0.201897,27.5511,68.4984
9495000,0,0,27.566,68.4701
9500000,0,0.12493,27.5566,68.4918
9505000,5.36556,0,27.6165,68.5346
9510000,0,0,27.5704,68.4392
9515000,0,0.367879,27.5531,68.4688
9520000,0,0,27.5364,68.4374
9525000,0,0,27.5851,68.4249
9530000,7.38906,0,27.5711,68.5643
9535000,0,0.146607,27.5385,68.5039
9540000,0,0,27.5919,68.5928
9545000,0,0,27.5917,68.4949
9550000,0,0.158817,27.5494,68.442
9555000,0,0.301194,27.5536,68.4664
9560000,0,0,27.5455,68.4833
9565000,5.81244,0,27.5939,68.4366
9570000,0,0,27.5913,68.5086
9575000,0,0.201897,27.6355,68.4779
9580000,5.81244,0.246597,27.584,68.5121
9585000,0,0.115325,27.5897,68.4587
9590000,0,0.301194,27.5779,68.4288
9595000,0,0,27.5953,68.3635
9600000,0,0.367879,27.5459,68.4114
9605000,0,0.179066,27.5852,68.5321
9610000,0,0,27.5985,68.5235
9615000,6.04965,0,27.5705,68.4242
9620000,0,0,27.6532,68.3705
9625000,7.38906,0,27.5839,68.3657
9630000,0,0,27.5961,68.4126
9635000,0,0,27.6317,68.4341
9640000,6.29654,0.179066,27.5835,68.3789
9645000,0,0,27.5748,68.4508
9650000,5.36556,0,27.599,68.3914
9655000,0,0,27.6227,68.3757
9660000,0,0.256661,27.644,68.4238
9665000,0,0.313486,27.6048,68.4256
9670000,0,0.367879,27.5603,68.4785
9675000,0,0,27.5999,68.3582
9680000,7.38906,0,27.6183,68.3558
9685000,0,0,27.624,68.5213
9690000,0,0.353455,27.5859,68.3197
9695000,0,0,27.5757,68.3545
9700000,0,0.0982736,27.5859,68.4059
9705000,0,0,27.6185,68.3608
9710000,0,0,27.6159,68.3297
9715000,0,0,27.6525,68.3838
9720000,8.33114,0.12493,27.5981,68.3408
9725000,0,0,27.5879,68.3496
9730000,0,0,27.5895,68.3029
9735000,0,0,27.62,68.4061
9740000,0,0,27.6096,68.3444
9745000,0,0,27.6255,68.3698
9750000,0,0.12493,27.6246,68.3292
9755000,0,0.135335,27.6167,68.3392
9760000,0,0.146607,27.6128,68.3453
9765000,0,0.179066,27.6505,68.3386
9770000,0,0,27.6056,68.2655
9775000,5.36556,0.313486,27.6133,68.2763
9780000,0,0.289384,27.5822,68.4965
9785000,0,0.289384,27.6401,68.251
9790000,0,0,27.6118,68.3608
9795000,0,0.256661,27.6417,68.361
9800000,0,0.353455,27.6187,68.3383
9805000,0,0.301194,27.6419,68.386
9810000,0,0.172045,27.6222,68.3126
9815000,0,0.130029,27.6695,68.2922
9820000,0,0.172045,27.6276,68.3267
9825000,0,0,27.6586,68.1921
9830000,0,0,27.63,68.2452
9835000,0,0,27.6498,68.2554
9840000,0,0,27.6399,68.3108
9845000,0,0.106459,27.6576,68.206
9915000,4313.97,7.31355,27.6663,68.3156
9920000,3943.5,6.82624,27.6325,68.2035
9925000,3609.72,6.3775,27.659,68.1546
9930000,3311.04,6.25348,27.6623,68.1802
9935000,3024.59,5.5831,27.6557,68.0805
9940000,2773.8,5.36185,27.6772,68.1812
9945000,2534.38,5.29069,27.6718,68.2512
9950000,2319.95,4.60876,27.6845,68.24
9955000,2123.68,4.55136,27.6759,68.2166
9960000,1944.04,4.07757,27.6626,68.211
9965000,1779.6,3.8418,27.6776,68.1865
9970000,1629.1,3.74377,27.6886,68.2361
9975000,1491.34,3.42194,27.682,68.1702
9980000,1365.24,3.23506,27.6638,68.2201
9985000,1249.82,3.06189,27.7022,68.1223
9990000,1149.33,3.02625,27.7379,68.2111
9995000,1047.48,2.87234,27.6931,68.2151
10000000,958.963,2.71621,27.6951,68.1219
10005000,883.756,2.48531,27.7025,68.1015
10010000,809.834,2.36568,27.6782,68.0706
10015000,735.902,2.25431,27.6907,68.152
10020000,673.767,2.15054,27.7359,68.1152
10025000,616.892,2.27247,27.7024,68.1842
10030000,564.83,1.96342,27.7068,68.1387
10035000,517.175,2.06538,27.6835,68.158
10040000,480.107,1.91538,27.6996,68.1711
10045000,433.623,1.72614,27.7021,68.0501
10050000,404.461,1.82891,27.6756,68.1242
10055000,363.613,1.86991,27.7073,68.1697
10060000,332.985,1.53083,27.7438,68.1378
10065000,312.639,1.60878,27.7022,68.0954
10070000,279.284,1.41942,27.75,68.1103
10075000,255.789,1.36852,27.7008,68.1536
10080000,234.282,1.3205,27.7084,68.0637
10085000,214.593,1.27515,27.707,68.1235
10090000,196.569,1.23227,27.7043,68.1011
10095000,180.069,1.3217,27.6798,68.0804
10100000,164.964,1.1532,27.6731,68.0685
10105000,151.135,1.2693,27.7255,68.1192
10110000,138.475,1.26111,27.7019,67.9971
10115000,126.884,1.04907,27.7252,68.0176
10120000,116.272,1.01769,27.7408,68.1251
10125000,106.557,1.26582,27.7,68.0902
10130000,97.6614,0.95924,27.7074,68.0379
10135000,89.517,1.1507,27.7435,68.0702
10140000,82.06,0.905922,27.7009,67.9531
10145000,75.2321,1.15902,27.7104,68.0663
10150000,75.0297,0.857079,27.7232,68.0152
10155000,63.2551,0.834159,27.7317,67.9728
10160000,58.0128,0.812156,27.7419,68.0515
10165000,53.2122,0.791014,27.7225,67.9976
10170000,54.8655,0.77068,27.7273,67.9473
10175000,44.7898,0.751106,27.7629,68.097
10180000,41.1025,0.732248,27.7023,68.0447
10185000,37.7253,0.714065,27.739,68.1079
10190000,34.6321,0.696518,27.7596,68.0165
10195000,31.7989,0.679572,27.7668,68.0051
10200000,29.2035,0.663194,27.7306,67.9599
10205000,26.8261,0.647354,27.7268,68.0814
10210000,24.648,1.01492,27.7021,68.0672
10215000,28.465,0.803553,27.7584,68.0141
10220000,20.8242,0.602794,27.7147,68.0058
10225000,19.1489,0.588846,27.7508,68.0456
10230000,17.6136,0.575314,27.7453,67.9695
10235000,22.2563,0.562178,27.7513,67.9949
10240000,14.9172,0.838806,27.7481,68.0045
10245000,13.7352,0.747163,27.7585,67.941
10250000,17.8068,0.697023,27.7495,67.9881
10255000,11.6582,0.513261,27.7471,67.9547
10260000,15.9025,0.501861,27.7543,68.0985
10265000,9.91208,0.490765,27.7718,67.9528
10270000,9.14602,0.479961,27.7171,68.074
10275000,14.2558,0.469438,27.7666,67.9757
10280000,7.79869,0.579217,27.7652,67.9905
10285000,7.20721,0.449192,27.7682,67.9986
10290000,6.6644,0.43945,27.7293,67.9571
10295000,6.16619,0.429949,27.7447,68.0379
10300000,5.70881,0.614662,27.8023,67.9197
10305000,10.8734,0.41164,27.7768,68.0302
10310000,14.6798,0.402815,27.7701,68.0065
10315000,13.22,0.394201,27.718,67.9471
10320000,4.22327,0.385791,27.8178,67.9723
10325000,3.92406,0.377578,27.7666,67.9212
10330000,3.649,0.534855,27.7555,67.9102
10335000,10.217,0.36172,27.7763,67.9618
10340000,3.16337,0.354063,27.7524,67.9686
10345000,2.94927,0.346582,27.7599,67.984
10350000,8.11776,0.474605,27.7745,67.9614
10355000,2.57074,0.332123,27.7922,67.944
10360000,2.40358,0.325136,27.7632,67.9322
10365000,7.61509,0.750015,27.732,67.9877
10370000,2.10753,0.311625,27.7864,67.875
10375000,7.13171,0.305093,27.7849,67.8511
10380000,1.85567,0.545302,27.7688,67.916
10385000,8.29759,0.292457,27.8248,67.868
10390000,9.03007,0.286345,27.7652,67.9324
10395000,1.54575,0.421225,27.7777,67.8414
10400000,1.45765,0.274518,27.785,67.8825
10405000,1.37614,0.268795,27.8081,67.7863
10410000,1.30066,0.263195,27.7934,67.7983
10415000,1.23073,0.377748,27.789,67.8654
10420000,1.1659,0.252355,27.7926,67.8203
10425000,1.10574,0.247107,27.8009,67.7883
10430000,1.04989,0.241972,27.7997,67.8005
10435000,0.997984,0.236946,27.7706,67.8478
10440000,0.949715,0.232027,27.7932,67.8958
10445000,6.27034,0.227213,27.8039,67.8543
10450000,7.68389,0.47916,27.8086,67.864
10455000,7.12044,0.217886,27.7845,67.7955
10460000,0.787483,0.21337,27.8163,67.8413
10465000,0.753458,0.208949,27.8192,67.8375
10470000,0.721641,0.204621,27.8002,67.8712
10475000,0.69186,0.365683,27.7413,67.8625
10480000,0.663956,0.81502,27.8017,67.76
10485000,0.637782,0.192175,27.797,67.8412
10490000,0.613205,0.188199,27.8424,67.7963
10495000,0.590104,0.184306,27.8353,67.6984
10500000,0.568364,0.180494,27.7914,67.8762
10505000,0.547884,0.176762,27.8096,67.773
10510000,6.82511,0.173108,27.8165,67.794
10515000,9.18147,0.397167,27.8124,67.7909
10520000,0.49309,0.166026,27.803,67.7669
10525000,7.29773,0.364492,27.8008,67.9065
10530000,0.461317,0.159236,27.8224,67.8003
10535000,0.446654,0.155947,27.8058,67.7831
10540000,5.79829,0.380364,27.7924,67.7319
10545000,7.24045,0.475852,27.8191,67.7588
10550000,0.406894,0.146483,27.8018,67.7506
10555000,8.39936,0.143459,27.8459,67.7549
10560000,0.383438,0.377425,27.8113,67.7175
10565000,0.372504,0.137596,27.8545,67.7041
10570000,0.362052,0.42414,27.8478,67.7093
10575000,0.35205,0.131975,27.8482,67.7795
10580000,0.342469,0.385911,27.8478,67.7082
10585000,5.69884,0.251513,27.7994,67.7894
10590000,0.324465,0.123971,27.8357,67.6936
10595000,0.315995,0.36801,27.826,67.6765
10600000,0.30785,0.290952,27.8542,67.7404
10605000,0.300011,0.281753,27.8621,67.6685
10610000,6.34211,0.114051,27.8503,67.7958
10615000,0.285181,0.111698,27.8094,67.6978
10620000,0.278157,0.109394,27.8192,67.747
10625000,0.271375,0.107137,27.8374,67.7672
10630000,0.264822,0.536638,27.8428,67.696
10635000,0.258485,0.570429,27.7921,67.5685
10640000,0.252352,0.319355,27.8299,67.668
10645000,0.246415,0.0985671,27.858,67.6051
10650000,0.240662,0.096534,27.8377,67.6005
10655000,0.235084,0.643355,27.8538,67.7241
10660000,0.229674,0.092593,27.8504,67.6863
10665000,0.224423,0.0906833,27.8218,67.7768
10670000,0.219324,0.088813,27.8871,67.6102
10675000,0.21437,0.305693,27.8253,67.6847
10680000,0.209555,0.271561,27.8425,67.6695
10685000,0.204872,0.302143,27.8604,67.6947
10690000,0.200317,0.240528,27.8595,67.6995
10695000,0.195884,0.0800251,27.8548,67.6236
10700000,0.191568,0.0783748,27.8351,67.7178
10705000,0.187364,0.0767586,27.8777,67.6462
10710000,0.183268,0.0751757,27.8785,67.6789
10715000,0.179277,0.340761,27.8853,67.6508
10720000,0.175386,0.0721072,27.8673,67.6528
10725000,0.171592,0.0706203,27.8895,67.5947
10730000,0.167891,0.0691641,27.8551,67.6314
10735000,0.16428,0.28645,27.8655,67.5717
10740000,0.160756,0.0663411,27.8511,67.6752
10745000,0.157317,0.21158,27.8766,67.6539
10750000,0.153959,0.0636334,27.8533,67.604
10755000,7.25001,0.256301,27.8515,67.6251
10760000,0.147477,0.0610363,27.8969,67.6465
10765000,0.144348,0.0597777,27.8963,67.6446
10770000,0.141292,0.359739,27.8779,67.6029
10775000,6.43484,0.17737,27.8725,67.5399
10780000,0.135386,0.0561557,27.8715,67.6165
10785000,0.132533,0.0549978,27.9089,67.4868
10790000,0.129744,0.290792,27.878,67.6254
10795000,0.127018,0.0527532,27.8659,67.6613
10800000,0.124352,0.261802,27.8757,67.4681
10805000,0.121745,0.0506002,27.8511,67.5087
10810000,0.119195,0.0495569,27.9021,67.5913
10815000,0.116701,0.0485351,27.8726,67.5795
10820000,0.114262,0.0475344,27.8831,67.4266
10825000,0.111876,0.25669,27.8694,67.6083
10830000,0.109541,0.0455944,27.8847,67.4748
10835000,6.1569,0.169585,27.8941,67.5759
10840000,0.105023,0.0437336,27.8953,67.6377
10845000,0.102836,0.0428319,27.8748,67.5217
10850000,7.20002,0.0419488,27.8901,67.5629
10855000,7.48766,0.199901,27.9204,67.517
10860000,0.096553,0.0402368,27.8951,67.5277
10865000,5.67908,0.0394072,27.9439,67.5213
10870000,0.0925843,0.0385946,27.9128,67.5038
10875000,0.0906629,0.265437,27.9041,67.5389
10880000,0.0887822,0.326404,27.9097,67.4807
10885000,0.0869412,0.0362563,27.9142,67.5166
10890000,0.085139,0.0355087,27.9214,67.576
10895000,0.0833749,0.291437,27.905,67.5489
10900000,0.0816478,0.0340596,27.9327,67.5361
10905000,0.0799571,0.0333573,27.9065,67.5602
10910000,0.0783018,0.447452,27.9225,67.5152
10915000,0.0766812,0.031996,27.9265,67.5526
10920000,5.23026,0.0313363,27.9004,67.4911
10925000,0.0735411,0.258328,27.9215,67.4508
10930000,0.0720201,0.0300574,27.9202,67.4973
10935000,0.0705309,0.144763,27.9531,67.4435
10940000,7.75968,0.238967,27.914,67.4743
10945000,0.067645,0.163572,27.889,67.4061
10950000,0.066247,0.0276542,27.9096,67.4267
10955000,0.0648781,0.027084,27.9574,67.5492
10960000,0.0635376,0.0265256,27.9521,67.4894
10965000,0.0622251,0.156007,27.9397,67.6007
10970000,0.0609398,0.18426,27.9355,67.5157
10975000,0.0596812,0.351198,27.9521,67.4245
10980000,0.0584488,0.0244047,27.9301,67.4021
10985000,0.0572419,0.0239015,27.9413,67.455
10990000,0.0560601,0.217389,27.9187,67.4082
10995000,0.0549027,0.0229261,27.9556,67.3731
11000000,0.0537694,0.250091,27.934,67.3988
11005000,6.10231,0.0219905,27.9632,67.3995
11010000,0.0515727,0.174127,27.898,67.5189
11015000,0.0505083,0.347373,27.9857,67.4223
11020000,0.049466,0.0206581,27.9087,67.4729
11025000,0.0484452,0.0202322,27.9724,67.4022
11030000,0.0474456,0.019815,27.962,67.3686
11035000,0.0464666,0.171997,27.9197,67.4429
11040000,0.0455079,0.0190064,27.9213,67.4044
11045000,6.86553,0.0186145,27.9313,67.364
11050000,0.0436495,0.0182307,27.9445,67.4241
11055000,0.042749,0.0178548,27.9737,67.4317
11060000,0.0418672,0.0174867,27.9272,67.4332
11065000,0.0410035,0.0171262,27.9755,67.4164
11070000,0.0401577,0.0167731,27.9397,67.4511
11075000,4.99236,0.151763,27.9367,67.4489
11080000,0.0385182,0.0160885,27.981,67.3849
11085000,0.0377237,0.12656,27.9795,67.3356
11090000,0.0369457,0.355027,27.9181,67.221
11095000,5.84862,0.201488,27.9256,67.2911
11100000,0.0354374,0.0148022,27.9574,67.3938
11105000,0.0347066,0.233209,27.9724,67.5107
11110000,0.0339908,0.0141981,27.9609,67.3933
11115000,5.18846,0.3151,27.9714,67.3183
11120000,0.0326033,0.215515,27.9544,67.3164
11125000,0.0319309,0.0133379,27.9633,67.3119
11130000,0.0312724,0.0130629,27.9726,67.3512
11135000,0.0306275,0.0127935,27.9499,67.3027
11140000,0.0299959,0.0125298,27.9286,67.314
11145000,8.36051,0.0122714,27.9657,67.2805
11150000,7.71938,0.0120184,27.9426,67.3292
11155000,8.35932,0.289808,27.9953,67.3598
11160000,0.0275972,0.239166,27.9658,67.2951
11165000,4.98006,0.238928,27.9559,67.4094
11170000,0.0264708,0.442768,27.9773,67.3148
11175000,0.025925,0.16342,27.9834,67.3848
11180000,7.12472,0.169424,27.9805,67.3311
11185000,9.04988,0.0103875,27.9817,67.325
11190000,0.0243541,0.0101734,27.9695,67.3343
11195000,0.023852,0.349559,27.9955,67.3246
11200000,0.0233602,0.168576,28.0236,67.2708
11205000,0.0228785,0.009557,27.9544,67.2756
11210000,0.0224067,0.144695,28.0263,67.3953
11215000,0.0219447,0.00916698,27.9773,67.2235
11220000,0.0214923,0.00897797,27.9838,67.2445
11225000,0.0210491,0.00879287,28.0004,67.1982
11230000,5.17578,0.00861158,28.0084,67.2291
11235000,0.02019,0.535726,27.9529,67.3577
11240000,0.0197737,0.00826013,27.9851,67.1133
11245000,0.019366,0.00808983,28.0251,67.315
11250000,0.0189667,0.00792303,27.9857,67.2794
11255000,0.0185757,0.127791,27.9705,67.202
11260000,0.0181927,0.193974,28.0212,67.2062
11265000,0.0178176,0.201423,28.0396,67.1329
11270000,0.0174502,0.00728954,28.0118,67.2317
11275000,0.0170904,0.00713925,27.9936,67.1836
11280000,6.06639,0.00699205,27.9966,67.2376
11285000,0.0163929,0.00684789,28.0209,67.1776
11290000,5.60058,0.296091,27.9601,67.2521
11295000,0.0157239,0.389461,28.0288,67.2883
11300000,0.0153997,0.006433,28.0411,67.2819
11305000,0.0150822,0.171599,28.002,67.1779
11310000,0.0147712,0.136199,28.0044,67.1723
11315000,4.9675,0.00604324,28.0049,67.1176
11320000,0.0141684,0.00591864,28.0293,67.2173
11325000,7.1132,0.125828,27.985,67.2321
11330000,0.0135901,0.649714,28.0106,67.1905
11335000,0.0133099,0.00556005,28.0409,67.1718
11340000,0.0130355,0.116249,28.0206,67.1569
11345000,0.0127668,0.00533314,28.0132,67.1763
11350000,0.0125035,0.00522319,28.0032,67.1371
11355000,0.0122457,0.00511549,28.0342,67.1651
11360000,0.0119932,0.00501002,28.0444,67.0702
11365000,0.011746,0.00490673,28.0251,67.2226
11370000,0.0115038,0.145664,28.017,67.1887
11375000,6.83223,0.145565,28.0285,67.2753
11380000,0.0110343,0.00460945,28.0328,67.1802
11385000,7.11013,0.163332,27.997,67.1138
11390000,0.010584,0.223133,28.0474,67.1922
11395000,0.0103658,0.402849,28.01,67.1086
11400000,0.0101521,0.00424089,28.0391,67.1108
11405000,6.56345,0.00415346,28.016,67.1958
11410000,7.39879,0.156658,28.0543,67.0835
11415000,0.00953697,0.00398395,28.0406,67.1449
11420000,0.00934033,0.00390181,28.013,67.14
11425000,0.00914776,0.00382136,28.062,67.2134
11430000,0.00895915,0.270878,28.057,67.0652
11435000,6.56228,0.231303,28.0368,67.0654
11440000,8.01306,0.133619,28.0349,67.1687
11445000,0.00841634,0.00351582,28.0244,67.1474
11450000,6.56175,0.231081,28.0539,67.1575
11455000,6.30461,0.00337234,28.0533,67.096
11460000,0.00790642,0.00330281,28.0201,67.1536
11465000,0.0077434,0.123266,28.0565,67.0416
11470000,0.00758375,0.149775,28.0674,67.0378
11475000,6.82839,0.0031027,28.0701,67.0398
11480000,0.00727425,0.00303873,28.0523,67.1002
11485000,0.00712428,0.196956,28.0715,67.0654
11490000,5.81941,0.00291472,28.0695,67.0802
11495000,7.69744,0.13819,28.053,67.1096
11500000,0.00669264,0.00279577,28.0764,67.2238
11505000,0.00655465,0.00273813,28.091,67.0378
11510000,0.00641951,0.13271,28.088,67.0953
11515000,5.37184,0.196606,28.0748,67.0496
11520000,0.00615752,0.00257223,28.0615,67.0646
11525000,5.59056,0.0025192,28.063,66.9973
11530000,0.00590623,0.188841,28.0655,67.107
11535000,0.00578446,0.00241639,28.0727,67.0281
11540000,0.00566519,0.181433,28.0716,67.0858
11545000,0.00554839,0.00231777,28.0797,67.1043
11550000,6.82639,0.00226999,28.08,67.0402
11555000,0.00532196,0.00222318,28.0769,67.0647
11560000,6.05486,0.00217735,28.056,67.0686
11565000,0.00510476,0.212269,28.0564,67.0171
11570000,0.00499952,0.00208849,28.0854,66.9829
11575000,0.00489644,0.00204543,28.0888,67.0254
11580000,0.00479548,0.00200326,28.0955,67.0286
11585000,0.00469661,0.00196195,28.0907,66.9919
11590000,6.05425,0.0019215,28.122,67.0017
11595000,0.00450494,0.00188189,28.0792,66.9419
11600000,0.00441206,0.291227,28.0854,66.9586
11605000,6.30086,0.238733,28.0617,66.9848
11610000,0.004232,0.00176787,28.08,66.9885
11615000,0.00414474,0.291116,28.1042,66.9584
11620000,6.55756,0.00169572,28.0518,66.9494
11625000,0.00397559,0.00166076,28.0604,67.0313
11630000,0.00389363,0.126557,28.1041,66.9516
11635000,5.15898,0.00159298,28.112,66.8919
11640000,0.00373473,0.121592,28.0872,66.965
11645000,5.36921,0.00152797,28.1024,66.9642
11650000,5.58811,0.00149647,28.0928,66.9696
11655000,0.00350845,0.126396,28.1102,67.0192
11660000,0.00343611,0.0014354,28.0816,66.9773
11665000,0.00336527,0.0014058,28.1354,66.9478
11670000,0.00329588,0.00137682,28.1249,66.9918
11675000,0.00322793,0.00134843,28.0921,66.9295
11680000,0.00316138,0.220033,28.0542,66.8574
11685000,8.33423,0.142152,28.1376,66.9258
11690000,0.00303236,0.00126673,28.1299,66.925
11695000,5.81541,0.00124062,28.1143,66.9049
11700000,0.00290861,0.00121504,28.0852,66.9424
11705000,5.81529,0.00118999,28.1074,66.91
11710000,0.0027899,0.399684,28.1126,66.9386
11715000,0.00273238,0.00114142,28.1004,66.9581
11720000,0.00267605,0.384011,28.1281,66.9248
11725000,0.00262087,0.00109484,28.1159,66.8074
11730000,6.05221,0.00107227,28.0753,66.8901
11735000,0.00251391,0.00105016,28.1226,66.8903
11740000,0.00246208,0.00102851,28.1267,66.9315
11745000,0.00241132,0.0010073,28.1035,66.8243
11750000,5.58689,0.000986532,28.1309,66.8952
11755000,0.00231291,0.120998,28.1069,66.8701
11760000,0.00226523,0.000946271,28.1168,66.7934
11765000,0.00221852,0.172972,28.1454,66.8925
11770000,5.81461,0.187282,28.0998,66.8183
11775000,0.00212798,0.141747,28.093,66.9653
11780000,0.00208411,0.000870612,28.1456,66.8855
11785000,0.00204114,0.000852662,28.1295,66.7456
11790000,6.05165,0.000835082,28.1356,66.7959
11795000,0.00195784,0.267953,28.1241,66.8584
11800000,0.00191747,0.000801001,28.1346,66.7699
11805000,7.10121,0.000784487,28.1198,66.842
11810000,0.00183922,0.278806,28.1584,66.802
11815000,0.0018013,0.000752471,28.1565,66.8637
11820000,0.00176416,0.301931,28.1599,66.8089
11825000,0.00172779,0.13075,28.1539,66.8365
11830000,0.00169216,0.000706881,28.1645,66.7798
11835000,0.00165727,0.165991,28.1227,66.8159
11840000,0.0016231,0.000678033,28.1619,66.822
11845000,0.00158964,0.000664054,28.1427,66.7888
11850000,0.00155686,0.000650362,28.1635,66.7103
11855000,0.00152477,0.165936,28.1382,66.789
11860000,0.00149333,0.000623821,28.1293,66.7901
11865000,9.77814,0.000610959,28.1535,66.7904
11870000,7.69204,0.000598362,28.1468,66.7918
11875000,0.00140285,0.314072,28.1337,66.7901
11880000,0.00137393,0.000573943,28.1385,66.8256
11885000,0.0013456,0.000562109,28.1571,66.7326
11890000,4.95435,0.00055052,28.1425,66.8226
11895000,0.00129069,0.106998,28.1269,66.7974
11900000,0.00126408,0.153118,28.1537,66.8146
11905000,0.00123801,0.000517165,28.1347,66.7935
11910000,5.58574,0.179573,28.1564,66.7165
11915000,0.00118749,0.115821,28.1444,66.7634
11920000,6.05081,0.000485832,28.1672,66.6939
11925000,7.10047,0.000475815,28.2038,66.785
11930000,0.00111554,0.000466005,28.1715,66.769
11935000,0.00109254,0.194436,28.1883,66.8523
11940000,0.00107002,0.000446987,28.1517,66.7282
11945000,0.00104796,0.000437771,28.1573,66.6844
11950000,0.00102635,0.340024,28.1366,66.7658
11955000,0.00100519,0.000419905,28.1728,66.7577
11960000,6.82194,0.000411248,28.1846,66.7775
11965000,0.000964165,0.125333,28.2053,66.7694
11970000,0.000944286,0.278432,28.1611,66.7962
11975000,0.000924817,0.257047,28.2124,66.6942
11980000,0.000905749,0.000378366,28.2205,66.6707
11985000,0.000887075,0.186745,28.1284,66.6891
11990000,0.000868785,0.000362925,28.2062,66.6012
11995000,5.81329,0.210492,28.1898,66.7009
12000000,7.10016,0.000348114,28.2103,66.6924
12005000,0.000816148,0.210477,28.2233,66.7064
12010000,0.000799321,0.120366,28.195,66.7809
12015000,6.55429,0.256988,28.1679,66.7033
12020000,0.0007667,0.00032028,28.181,66.5953
12025000,0.000750893,0.415097,28.1846,66.5967
12030000,5.36629,0.165606,28.2038,66.6978
12035000,0.000720248,0.172346,28.1619,66.753
12040000,0.000705398,0.246892,28.2149,66.6171
12045000,0.000690855,0.000288596,28.1638,66.6536
12050000,0.000676611,0.14689,28.1888,66.7911
12055000,0.00066266,0.000276819,28.1531,66.639
12060000,0.000648998,0.115596,28.2144,66.6467
12065000,0.000635617,0.000265522,28.2189,66.6021
12070000,0.000622512,0.130289,28.1891,66.5906
12075000,0.000609677,0.111058,28.1863,66.6284
12080000,0.000597107,0.000249434,28.212,66.657
12085000,0.000584796,0.256905,28.2394,66.5951
12090000,0.000572739,0.000239255,28.2045,66.6512
12095000,0.00056093,0.000234322,28.2346,66.622
12100000,6.82151,0.000229491,28.2047,66.634
12105000,0.000538038,0.289609,28.2143,66.6089
12110000,0.000526945,0.218932,28.2338,66.6378
12115000,0.00051608,0.000215587,28.2525,66.6161
12120000,0.00050544,0.000211142,28.2194,66.6506
12125000,0.000495019,0.135542,28.2425,66.6421
12130000,0.000484813,0.23713,28.22,66.6172
12135000,0.000474817,0.210334,28.219,66.6198
12140000,0.000465027,0.00019426,28.1932,66.6372
12145000,0.000455439,0.267326,28.2592,66.5662
12150000,0.000446049,0.152776,28.221,66.5856
12155000,0.000436853,0.106641,28.2376,66.5847
12160000,0.000427846,0.000178728,28.2171,66.6203
12165000,0.000419025,0.000175043,28.2428,66.6425
12170000,0.000410385,0.102456,28.2345,66.5646
12175000,0.000401924,0.000167899,28.2466,66.654
12180000,6.5539,0.179231,28.1941,66.5355
12185000,5.15556,0.16546,28.2414,66.558
12190000,0.000377573,0.000157727,28.2151,66.5123
12195000,0.000369788,0.110958,28.2228,66.455
12200000,0.000362164,0.594672,28.239,66.5949
12205000,0.000354697,0.618932,28.2772,66.5338
12210000,0.000347384,0.000145115,28.2076,66.4946
12215000,7.09967,0.000142123,28.2545,66.5722
12220000,0.000333207,0.000139193,28.2445,66.5099
12225000,0.000326337,0.152726,28.2383,66.5938
12230000,7.09965,0.431844,28.2232,66.5444
12235000,0.000313019,0.172176,28.2519,66.5949
12240000,0.000306565,0.000128064,28.2504,66.5748
12245000,0.000300244,0.28951,28.2702,66.5519
12250000,0.000294054,0.000122838,28.2539,66.5172
12255000,0.000287991,0.146727,28.26,66.4852
12260000,0.000282053,0.000117824,28.266,66.5227
12265000,6.29681,0.130144,28.2637,66.5091
12270000,0.000270543,0.000113016,28.2289,66.6012
12275000,0.000264965,0.000110686,28.2541,66.4459
12280000,0.000259502,0.135444,28.2512,66.5085
12285000,6.0499,0.115431,28.2278,66.503
12290000,0.000248911,0.237032,28.3132,66.4816
12295000,0.000243779,0.186476,28.24,66.4811
12300000,0.000238753,0.246697,28.2668,66.4316
12305000,7.09956,0.135433,28.2828,66.4119
12310000,0.000229009,9.5666e-05,28.2264,66.3903
12315000,0.000224288,0.186468,28.2791,66.4915
12320000,5.58475,0.10655,28.2413,66.4259
12325000,5.36577,8.98699e-05,28.2796,66.4731
12330000,5.81265,8.8017e-05,28.2515,66.4642
12335000,0.000206355,0.115411,28.2546,66.4267
12340000,0.0002021,0.179151,28.2766,66.4494
12345000,4.95323,8.26843e-05,28.2565,66.4106
12350000,5.81263,8.09795e-05,28.2824,66.4137
12355000,0.000189855,0.110882,28.3128,66.4588
12360000,0.000185941,0.256738,28.2795,66.4736
12365000,0.000182107,0.313562,28.2859,66.3421
12370000,0.000178353,0.33967,28.2939,66.4505
12375000,0.000174675,7.29686e-05,28.2829,66.4256
12380000,0.000171074,7.14642e-05,28.2458,66.3813
12385000,0.000167547,6.99907e-05,28.2811,66.4004
12390000,0.000164092,6.85477e-05,28.304,66.4325
12395000,0.000160709,0.227705,28.2803,66.4616
12400000,0.000157396,0.172111,28.2654,66.3901
12405000,0.000154151,6.43946e-05,28.2517,66.3217
12410000,0.000150972,6.30669e-05,28.2678,66.3752
12415000,6.55365,0.256723,28.2925,66.4846
12420000,0.000144811,0.102345,28.2702,66.3847
12425000,0.000141825,0.146666,28.3069,66.3461
12430000,0.000138901,5.80243e-05,28.2662,66.3384
12435000,0.000136037,0.278094,28.2978,66.4423
12440000,0.000133233,5.56563e-05,28.2916,66.4208
12445000,0.000130486,0.246651,28.3274,66.2895
12450000,0.000127795,0.165352,28.3048,66.3454
12455000,0.00012516,5.22843e-05,28.2873,66.3936
12460000,0.00012258,0.16535,28.3006,66.3676
12465000,6.29666,5.01505e-05,28.285,66.258
12470000,0.000117577,0.25671,28.3073,66.3679
12475000,0.000115153,4.81039e-05,28.3031,66.3628
12480000,0.000112779,4.71121e-05,28.3139,66.4054
12485000,4.95314,4.61407e-05,28.318,66.2897
12490000,8.67125,0.289429,28.2962,66.3062
12495000,0.000105946,4.42577e-05,28.3109,66.2589
12500000,0.000103762,0.236971,28.3182,66.3155
12505000,0.000101622,4.24515e-05,28.3034,66.3871
12510000,9.9527e-05,0.179108,28.2657,66.2765
12515000,9.7475e-05,4.07191e-05,28.3367,66.3307
12520000,9.54653e-05,3.98795e-05,28.3229,66.3255
12525000,5.15526,3.90573e-05,28.3313,66.3013
12530000,9.15693e-05,0.115363,28.3134,66.2621
12535000,8.96813e-05,0.326317,28.3264,66.3484
12540000,8.78323e-05,0.41482,28.3173,66.2929
12545000,8.60214e-05,0.110839,28.3173,66.2932
12550000,8.42478e-05,3.51935e-05,28.359,66.345
12555000,8.25108e-05,3.44679e-05,28.3337,66.325
12560000,8.08096e-05,3.37573e-05,28.3074,66.2974
12565000,8.67122,3.30613e-05,28.3236,66.306
12570000,7.75117e-05,3.23796e-05,28.3101,66.3502
12575000,7.59136e-05,3.1712e-05,28.3356,66.3274
12580000,7.43484e-05,3.10582e-05,28.327,66.3663
12585000,7.28155e-05,3.04178e-05,28.3135,66.2897
12590000,6.82103,2.97907e-05,28.3049,66.1871
12595000,5.15524,0.218741,28.3445,66.29
12600000,6.84039e-05,0.227666,28.2928,66.3062
12605000,6.69935e-05,0.506645,28.3334,66.2359
12610000,6.56123e-05,2.74088e-05,28.3676,66.2001
12615000,6.42595e-05,0.301221,28.3239,66.3055
12620000,6.29346e-05,2.62902e-05,28.324,66.3007
12625000,6.1637e-05,2.57481e-05,28.3229,66.2498
12630000,6.03662e-05,2.52173e-05,28.3466,66.1956
12635000,5.91216e-05,2.46974e-05,28.3228,66.3509
12640000,5.79026e-05,0.33962,28.3506,66.2593
12645000,5.67088e-05,2.36894e-05,28.3783,66.259
12650000,5.55396e-05,0.194003,28.3539,66.3444
12655000,5.58458,2.27227e-05,28.3202,66.2001
12660000,5.3273e-05,2.22542e-05,28.3266,66.267
12665000,5.21746e-05,2.17953e-05,28.3427,66.1942
12670000,5.10989e-05,2.1346e-05,28.3077,66.1112
12675000,5.00453e-05,2.09059e-05,28.3646,66.0678
12680000,4.90135e-05,2.04748e-05,28.3602,66.2082
12685000,4.8003e-05,0.431731,28.3375,66.2058
12690000,4.70132e-05,1.96392e-05,28.3412,66.1616
12695000,4.60439e-05,1.92343e-05,28.3626,66.1538
12700000,4.50946e-05,0.382912,28.3795,66.1761
12705000,4.41649e-05,0.301213,28.3935,66.164
12710000,7.09937,0.326298,28.387,66.2125
12715000,4.23625e-05,1.76964e-05,28.377,66.2219
12720000,4.1489e-05,0.120049,28.371,66.1905
12725000,6.821,0.210153,28.3685,66.2223
12730000,3.97959e-05,0.398536,28.4048,66.2145
12735000,3.89754e-05,0.124946,28.3322,66.2708
12740000,3.81718e-05,1.59458e-05,28.3647,66.1577
12745000,5.58457,1.5617e-05,28.3569,66.1879
12750000,3.6614e-05,1.52951e-05,28.3816,66.1795
12755000,3.58591e-05,1.49797e-05,28.3557,66.192
12760000,3.51197e-05,0.218727,28.3471,66.1473
12765000,3.43956e-05,1.43684e-05,28.3759,66.1068
12770000,3.36865e-05,0.201911,28.3837,66.0295
12775000,5.58456,1.3782e-05,28.4202,66.2091
12780000,6.29657,0.158831,28.402,66.1136
12785000,3.16455e-05,1.32195e-05,28.4089,66.1586
12790000,5.1552,0.267148,28.4019,66.0815
12795000,3.0354e-05,1.268e-05,28.3977,66.1505
12800000,5.1552,1.24186e-05,28.3788,66.1615
12805000,5.36559,0.152602,28.3839,66.1328
12810000,2.8515e-05,0.193992,28.4029,66.1281
12815000,5.1552,1.16662e-05,28.3828,65.9767
12820000,2.73513e-05,0.102296,28.3744,66.0302
12825000,5.36558,1.11901e-05,28.4214,66.1456
12830000,5.36558,0.256672,28.373,66.0048
12835000,2.56941e-05,1.07334e-05,28.362,66.1431
12840000,2.51644e-05,0.32629,28.4286,66.1601
12845000,9.02504,0.210146,28.4295,66.0552
12850000,2.41374e-05,0.218722,28.4016,66.0287
12855000,5.58455,0.467676,28.395,66.0509
12860000,9.02504,0.227647,28.4011,66.1003
12865000,2.2675e-05,0.246606,28.4064,66.0707
12870000,2.22075e-05,9.27692e-06,28.3821,66.1551
12875000,6.55353,9.08565e-06,28.4301,66.0394
12880000,2.13012e-05,8.89832e-06,28.4252,65.9684
12885000,8.00449,0.218721,28.4254,66.0557
12890000,5.36558,8.53518e-06,28.4392,66.0325
12895000,2.00106e-05,8.3592e-06,28.4064,66.0862
12900000,9.7767,8.18685e-06,28.4175,66.0136
12905000,5.58455,8.01806e-06,28.4335,65.9342
12910000,1.87982e-05,0.278045,28.4111,66.0119
12915000,1.84107e-05,7.69084e-06,28.4192,65.9001
12920000,1.80311e-05,7.53227e-06,28.4108,66.1308
12925000,7.09934,7.37697e-06,28.3905,66.0525
12930000,5.15519,7.22487e-06,28.4266,66.0801
12935000,1.69386e-05,7.07591e-06,28.4098,66.1036
12940000,1.65894e-05,6.93002e-06,28.4161,66.0376
12945000,6.29655,0.246604,28.4277,66.0492
12950000,1.59124e-05,6.6472e-06,28.4441,65.9895
12955000,1.55843e-05,0.289391,28.435,65.9504
12960000,1.5263e-05,0.236934,28.4266,65.9455
12965000,9.39335,0.210142,28.4175,65.99
12970000,1.46401e-05,0.227644,28.4268,65.9879
12975000,1.43382e-05,0.236934,28.4121,66.0669
12980000,5.36557,5.86614e-06,28.4166,65.9017
12985000,5.36557,5.74519e-06,28.4477,65.9532
12990000,1.34695e-05,0.115331,28.4444,65.9947
12995000,6.82097,0.10229,28.4491,65.8859
13000000,1.29198e-05,0.382898,28.4423,66.0002
13005000,5.36557,0.179071,28.4377,65.8969
13010000,5.15518,5.17685e-06,28.4768,65.913
13015000,1.2137e-05,5.07011e-06,28.4515,66.0025
13020000,1.18868e-05,4.96558e-06,28.4521,65.9634
13025000,9.02503,4.8632e-06,28.4742,65.9468
13030000,1.14017e-05,4.76293e-06,28.4646,65.8897
13035000,7.69062,4.66473e-06,28.4639,65.9307
13040000,1.09364e-05,0.367884,28.4501,65.9147
13045000,8.00448,4.47436e-06,28.4514,65.9836
13050000,1.04901e-05,4.38211e-06,28.4352,65.88
13055000,1.02738e-05,4.29176e-06,28.4797,65.8878
13060000,7.69062,0.367884,28.4811,65.8541
13065000,5.58454,4.11661e-06,28.4522,65.9071
13070000,6.29655,4.03173e-06,28.4708,65.9409
13075000,7.69062,3.94861e-06,28.436,65.8517
13080000,9.02502,3.86719e-06,28.439,65.8387
13085000,6.55351,0.158821,28.4657,65.8706
13090000,5.81245,3.70937e-06,28.4819,65.8596
13095000,5.58454,3.63289e-06,28.4971,65.905
13100000,6.55351,0.367883,28.4955,65.9443
13105000,7.38906,3.48463e-06,28.4887,65.9122
13110000,6.55351,0.210139,28.48,65.8834
13115000,6.29655,3.34242e-06,28.4716,65.8853
13120000,6.04966,3.27351e-06,28.4937,65.9181
13125000,6.82097,3.20602e-06,28.4749,65.8723
13130000,6.55351,0.367883,28.4566,65.9279
13135000,7.36149e-06,3.07518e-06,28.487,65.8833
13140000,9.02502,3.01177e-06,28.4745,65.9356
13145000,6.04965,2.94968e-06,28.4993,65.8365
13150000,6.29655,0.172048,28.4374,65.8535
13155000,6.55351,0.2466,28.5258,65.9153
13160000,5.58454,0.130031,28.5009,65.7332
13165000,6.49649e-06,0.152593,28.4556,65.7724
13170000,6.36255e-06,0.172048,28.5087,65.9348
13175000,6.82096,2.60308e-06,28.5044,65.908
13180000,9.77669,0.2466,28.4875,65.7915
13185000,10.591,0.120034,28.4908,65.8489
13190000,8.67114,2.44537e-06,28.4893,65.8766
13195000,7.38906,2.39495e-06,28.4845,65.7769
13200000,10.1757,2.34557e-06,28.5089,65.8817
13205000,7.38906,2.29721e-06,28.4838,65.848
13210000,9.02502,0.186376,28.509,65.8231
13215000,14.0132,0.140861,28.4969,65.6661
13220000,11.473,0.179068,28.5106,65.7229
13225000,7.38906,2.11354e-06,28.507,65.8096
13230000,8.67114,0.193982,28.5436,65.8091
13235000,7.09933,0.22764,28.5161,65.8149
13240000,10.1757,1.98548e-06,28.5421,65.7821
13245000,11.473,0.267137,28.5019,65.7574
13250000,4.55897e-06,1.90446e-06,28.5206,65.7625
13255000,8.67114,1.86519e-06,28.5179,65.8049
13260000,12.4286,0.115327,28.4963,65.7947
13265000,11.0232,0.278039,28.5514,65.7836
13270000,10.1757,1.75218e-06,28.5194,65.7556
13275000,6.82096,1.71606e-06,28.502,65.7591
13280000,7.38906,1.68068e-06,28.5402,65.7554
13285000,9.39334,1.64602e-06,28.534,65.6399
13290000,10.591,0.353456,28.532,65.7178
13295000,11.0232,1.57885e-06,28.5238,65.7101
13300000,12.9358,0.210138,28.5407,65.7425
13305000,9.77668,1.51442e-06,28.557,65.7302
13310000,14.5851,0.14086,28.5116,65.6976
13315000,9.77668,0.172046,28.5315,65.8002
13320000,8.67114,1.42266e-06,28.5821,65.7252
13325000,9.77668,0.102286,28.5523,65.7243
13330000,10.591,1.3646e-06,28.5658,65.6823
13335000,14.5851,1.33647e-06,28.5956,65.6769
13340000,11.9413,0.339597,28.5441,65.7766
13345000,9.77668,0.146608,28.5428,65.7442
13350000,12.9358,0.193981,28.57,65.7044
13355000,11.9413,0.278039,28.5481,65.646
13360000,11.0232,1.20426e-06,28.5928,65.6048
13365000,8.33114,1.17943e-06,28.5786,65.621
13370000,13.4637,1.15511e-06,28.5407,65.6767
13375000,11.9413,0.267136,28.5596,65.7458
13380000,9.39333,0.146608,28.5636,65.6452
13385000,14.5851,0.301195,28.5597,65.5346
13390000,10.591,1.06275e-06,28.5565,65.6746
13395000,11.473,0.236929,28.5786,65.7404
13400000,11.0232,1.01938e-06,28.6049,65.6692
13405000,14.0132,0.36788,28.5816,65.6361
13410000,11.9413,9.7778e-07,28.5827,65.6055
13415000,12.4286,0.115326,28.6195,65.7008
13420000,13.4637,0.124931,28.5832,65.5939
13425000,9.77668,0.201897,28.5946,65.6586
13430000,11.473,0.313487,28.6031,65.5674
13435000,11.473,8.81053e-07,28.6026,65.685
13440000,14.0132,8.62888e-07,28.5897,65.6384
13445000,14.0132,0.278038,28.618,65.6127
13450000,12.4286,8.27673e-07,28.549,65.6163
13455000,15.1803,0.227638,28.5757,65.6413
13460000,12.9358,7.93895e-07,28.5863,65.6326
13465000,17.8143,7.77527e-07,28.6025,65.6912
13470000,16.4446,7.61496e-07,28.614,65.5746
13475000,18.5413,0.124931,28.6213,65.6821
13480000,19.298,7.30419e-07,28.6127,65.5252
13485000,17.1158,0.140859,28.6122,65.6583
13490000,15.7998,7.0061e-07,28.6298,65.6502
13495000,19.298,6.86165e-07,28.6238,65.6245
13500000,17.8143,6.72018e-07,28.647,65.6183
13505000,15.1803,6.58162e-07,28.6255,65.6765
13510000,14.5851,0.486753,28.6224,65.5894
13515000,17.1158,6.31302e-07,28.6207,65.5716
13520000,17.1158,6.18286e-07,28.644,65.6199
13525000,20.9052,6.05538e-07,28.6326,65.5943
13530000,18.5413,5.93054e-07,28.6868,65.5717
13535000,16.4446,0.146608,28.6283,65.5202
13540000,18.5413,5.68851e-07,28.6362,65.5062
13545000,18.5413,5.57122e-07,28.6182,65.5557
13550000,19.298,0.246598,28.6522,65.6215
13555000,20.0855,5.34386e-07,28.6439,65.6043
13560000,20.0855,5.23368e-07,28.625,65.5924
13565000,17.8143,5.12577e-07,28.6617,65.6237
13570000,17.8143,5.02009e-07,28.639,65.604
13575000,20.9052,4.91659e-07,28.6153,65.5908
13580000,15.7998,0.106459,28.6696,65.4987
13585000,22.6464,4.71594e-07,28.6579,65.5751
13590000,16.4446,4.61871e-07,28.6557,65.531
13595000,18.5413,4.52348e-07,28.6281,65.4955
13600000,24.5325,4.43021e-07,28.6577,65.5917
13605000,20.9052,0.152591,28.6955,65.5253
13610000,20.9052,0.152591,28.6469,65.5161
13615000,20.0855,4.1618e-07,28.663,65.5668
13620000,23.5706,4.07599e-07,28.666,65.5301
13625000,18.5413,0.130029,28.6371,65.5391
13630000,22.6464,3.90965e-07,28.719,65.4751
13635000,22.6464,3.82904e-07,28.6567,65.4459
13640000,23.5706,3.7501e-07,28.6819,65.5012
13645000,20.9052,3.67278e-07,28.6434,65.5131
13650000,22.6464,0.106459,28.6926,65.3977
13655000,22.6464,3.52289e-07,28.7015,65.5682
13660000,21.7584,0.431711,28.7041,65.4788
13665000,22.6464,3.37912e-07,28.6945,65.4562
13670000,18.5413,3.30945e-07,28.6961,65.5097
13675000,25.5337,0.227638,28.6905,65.4917
13680000,29.9641,3.17439e-07,28.698,65.4502
13685000,25.5337,3.10894e-07,28.6871,65.3639
13690000,25.5337,0.313486,28.6807,65.4552
13695000,23.5706,2.98206e-07,28.6554,65.4828
13700000,24.5325,2.92058e-07,28.6946,65.3519
13705000,28.7892,2.86036e-07,28.7021,65.4445
13710000,24.5325,2.80139e-07,28.717,65.5212
13715000,24.5325,2.74363e-07,28.7035,65.3767
13720000,25.5337,2.68706e-07,28.7221,65.4602
13725000,31.187,0.146607,28.7411,65.3004
13730000,29.9641,2.5774e-07,28.7012,65.4411
13735000,24.5325,2.52426e-07,28.7565,65.5121
13740000,26.5758,2.47221e-07,28.7263,65.3193
13745000,25.5337,2.42124e-07,28.743,65.4295
13750000,27.6604,2.37132e-07,28.7774,65.3596
13755000,27.6604,2.32243e-07,28.7261,65.3839
13760000,24.5325,2.27455e-07,28.7568,65.452
13765000,28.7892,2.22765e-07,28.749,65.3474
13770000,25.5337,0.267136,28.7184,65.4149
13775000,28.7892,0.210136,28.7442,65.4119
13780000,28.7892,0.158818,28.7543,65.3984
13785000,29.9641,0.339596,28.7698,65.4243
13790000,33.7844,0.301194,28.7267,65.346
13795000,33.7844,0.210136,28.733,65.4325
13800000,32.4597,0.218712,28.7321,65.3462
13805000,31.187,1.88567e-07,28.7594,65.3498
13810000,31.187,1.84679e-07,28.7544,65.343
13815000,33.7844,0.120032,28.7588,65.3236
13820000,32.4597,0.449329,28.7486,65.295
13825000,32.4597,1.7349e-07,28.7417,65.3195
13830000,32.4597,0.102284,28.7872,65.3993
13835000,38.0918,0.102284,28.8021,65.337
13840000,33.7844,0.256661,28.7594,65.3539
13845000,38.0918,1.59618e-07,28.791,65.3971
13850000,36.5982,1.56327e-07,28.7582,65.32
13855000,36.5982,1.53104e-07,28.8038,65.3646
13860000,35.1632,1.49947e-07,28.767,65.3886
13865000,39.6464,0.227638,28.7919,65.2711
13870000,38.0918,1.43828e-07,28.8139,65.3048
13875000,41.2644,1.40863e-07,28.7661,65.3741
13880000,36.5982,1.37958e-07,28.7889,65.3807
13885000,35.1632,1.35114e-07,28.8163,65.3281
13890000,39.6464,1.32328e-07,28.7867,65.2812
13895000,35.1632,1.296e-07,28.7803,65.301
13900000,38.0918,0.289384,28.7993,65.3849
13905000,35.1632,1.24311e-07,28.813,65.269
13910000,38.0918,1.21748e-07,28.829,65.2966
13915000,41.2644,1.19238e-07,28.8384,65.4093
13920000,38.0918,0.158818,28.824,65.2258
13925000,39.6464,1.14371e-07,28.8366,65.3394
13930000,41.2644,0.135335,28.8307,65.308
13935000,46.5255,0.179066,28.8026,65.2566
13940000,39.6464,0.289384,28.8369,65.3299
13945000,44.7012,1.05227e-07,28.8324,65.2524
13950000,41.2644,0.339596,28.8282,65.2028
13955000,44.7012,0.15259,28.8408,65.3196
13960000,52.4573,9.88514e-08,28.825,65.3038
13965000,46.5255,0.165299,28.8675,65.2485
13970000,41.2644,9.48173e-08,28.8463,65.182
13975000,46.5255,9.28623e-08,28.8642,65.2324
13980000,46.5255,9.09477e-08,28.8531,65.2448
13985000,42.9484,8.90726e-08,28.8512,65.2686
13990000,46.5255,0.414783,28.857,65.1402
13995000,41.2644,0.146607,28.8419,65.2576
14000000,50.4004,8.36759e-08,28.8815,65.1157
14005000,46.5255,0.201897,28.8492,65.2948
14010000,44.7012,0.19398,28.8803,65.2867
14015000,44.7012,0.106459,28.8561,65.1412
14020000,48.4242,0.102284,28.8578,65.1319
14025000,48.4242,7.53983e-08,28.8892,65.2638
14030000,50.4004,0.431711,28.8428,65.2169
14035000,48.4242,7.23213e-08,28.8593,65.3066
14040000,52.4573,0.218712,28.8979,65.2111
14045000,52.4573,6.93698e-08,28.876,65.2338
14050000,50.4004,0.278037,28.9185,65.2166
14055000,52.4573,6.65388e-08,28.8837,65.1427
14060000,50.4004,0.15259,28.8993,65.1724
14065000,50.4004,0.12493,28.917,65.2655
14070000,52.4573,0.115325,28.8827,65.1911
14075000,54.5982,0.339596,28.8997,65.2638
14080000,54.5982,5.99564e-08,28.8873,65.2136
14085000,56.8263,5.87203e-08,28.958,65.1796
14090000,59.1455,0.179066,28.9126,65.1058
14095000,56.8263,0.289384,28.934,65.1825
14100000,52.4573,0.218712,28.9198,65.2001
14105000,59.1455,5.40252e-08,28.9319,65.2233
14110000,50.4004,5.29114e-08,28.948,65.1882
14115000,64.0715,0.227638,28.9569,65.1786
14120000,54.5982,5.0752e-08,28.9398,65.1448
14125000,56.8263,4.97056e-08,28.9185,65.1299
14130000,59.1455,4.86808e-08,28.9315,65.1351
14135000,64.0715,0.201897,28.9434,65.059
14140000,56.8263,0.353455,28.9705,65.0872
14145000,61.5592,0.278037,28.9435,65.162
14150000,66.6863,0.172045,28.9703,65.0856
14155000,61.5592,4.38651e-08,28.9347,65.1143
14160000,64.0715,4.29607e-08,28.987,65.1426
14165000,64.0715,0.115325,28.982,64.9881
14170000,66.6863,0.218712,28.9879,65.0714
14175000,64.0715,0.115325,28.9798,65.122
14180000,64.0715,0.267135,28.9618,65.0852
14185000,66.6863,0.140858,28.9965,65.1995
14190000,66.6863,0.102284,28.9604,65.0228
14195000,56.8263,3.7131e-08,28.9839,65.0524
14200000,64.0715,0.398519,29.0098,64.9464
14205000,61.5592,3.56156e-08,29.0152,65.1621
14210000,69.4079,3.48813e-08,29.0284,65.1295
14215000,69.4079,0.210136,29.0167,65.0889
14220000,75.1886,3.34578e-08,29.002,65.0608
14225000,66.6863,0.102284,28.9903,65.1044
14230000,66.6863,3.20924e-08,29.0174,65.0562
14235000,69.4079,3.14307e-08,28.9954,65.0182
14240000,75.1886,0.301194,28.993,65.1292
14245000,66.6863,0.115325,29.0063,65.0052
14250000,69.4079,2.95264e-08,29.0312,65.1188
14255000,75.1886,2.89176e-08,29.0435,64.9679
14260000,72.2404,0.367879,29.0664,65.0305
14265000,75.1886,0.172045,28.9799,65.0351
14270000,72.2404,2.71656e-08,29.0016,65.1247
14275000,78.2571,2.66055e-08,29.0219,65.0846
14280000,75.1886,2.6057e-08,29.0121,65.0009
14285000,72.2404,2.55197e-08,29.0443,65.1077
14290000,72.2404,0.19398,29.0396,65.0069
14295000,81.4509,0.19398,29.0706,65.0507
14300000,75.1886,0.102284,29.1053,65.0176
14305000,81.4509,0.289384,29.0311,65.1194
14310000,75.1886,0.165299,29.0585,64.9886
14315000,81.4509,2.25211e-08,29.0548,64.9993
14320000,81.4509,0.313486,29.0358,65.0417
14325000,81.4509,2.1602e-08,29.1211,65.034
14330000,84.7749,2.11566e-08,29.0772,64.93
14335000,84.7749,2.07204e-08,29.0642,65.0081
14340000,84.7749,2.02932e-08,29.0721,65.0615
14345000,84.7749,0.135335,29.0831,65.0175
14350000,81.4509,1.9465e-08,29.107,64.9504
14355000,84.7749,1.90637e-08,29.1171,64.9133
14360000,84.7749,1.86706e-08,29.1036,64.886
14365000,84.7749,0.227638,29.0854,65.0697
14370000,81.4509,1.79087e-08,29.1379,65.0041
14375000,81.4509,0.218712,29.1208,64.9253
14380000,88.2347,1.71778e-08,29.1008,65.03
14385000,88.2347,0.172045,29.0932,64.975
14390000,91.8356,0.246597,29.1166,64.9888
14395000,88.2347,1.61371e-08,29.0703,65.0955
14400000,95.5835,0.120032,29.1195,64.96
14405000,91.8356,1.54785e-08,29.1102,64.9453
14410000,88.2347,1.51594e-08,29.1433,64.9502
14415000,81.4509,0.339596,29.1482,64.9537
14420000,95.5835,1.45407e-08,29.1552,64.8852
14425000,99.4843,1.42409e-08,29.1233,64.9004
14430000,95.5835,0.301194,29.1584,64.8849
14435000,95.5835,0.278037,29.158,64.9934
14440000,99.4843,1.33781e-08,29.1545,64.9229
14445000,91.8356,1.31023e-08,29.1692,64.9106
14450000,91.8356,0.431711,29.182,64.8353
14455000,95.5835,0.367879,29.1766,64.8879
14460000,95.5835,1.23084e-08,29.2057,64.9723
14465000,99.4843,0.186374,29.2157,64.9267
14470000,99.4843,1.18061e-08,29.1536,64.8365
14475000,95.5835,0.172045,29.1908,64.9307
14480000,103.544,1.13243e-08,29.1753,64.8548
14485000,99.4843,0.256661,29.1918,65.007
14490000,95.5835,1.08622e-08,29.2339,64.9163
14495000,95.5835,0.236928,29.2323,64.8715
14500000,103.544,1.04189e-08,29.2299,64.8873
14505000,99.4843,1.0204e-08,29.224,64.8757
14510000,107.77,0.256661,29.228,64.866
14515000,95.5835,9.78762e-09,29.2674,64.8113
14520000,112.168,9.58582e-09,29.2228,64.8511
14525000,107.77,9.38818e-09,29.224,64.9045
14530000,112.168,9.19462e-09,29.2521,64.8364
14535000,107.77,9.00504e-09,29.2535,64.8454
14540000,107.77,0.267135,29.2637,64.8617
14545000,99.4843,0.313486,29.2374,64.8824
14550000,112.168,0.32628,29.2763,64.953
14555000,112.168,0.201897,29.2724,64.7858
14560000,107.77,8.11422e-09,29.2343,64.8436
14565000,116.746,7.94692e-09,29.2904,64.86
14570000,112.168,0.32628,29.2522,64.7924
14575000,116.746,7.6226e-09,29.2883,64.7783
14580000,112.168,0.179066,29.2674,64.8584
14585000,116.746,0.527292,29.3105,64.8626
14590000,116.746,7.16077e-09,29.2803,64.8044
14595000,121.51,7.01313e-09,29.3141,64.8412
14600000,112.168,6.86854e-09,29.304,64.7468
14605000,116.746,0.135335,29.266,64.8161
14610000,121.51,6.58823e-09,29.3253,64.8016
14615000,121.51,0.179066,29.3029,64.8429
14620000,131.631,6.31936e-09,29.3352,64.7697
14625000,126.469,0.158817,29.3075,64.8217
14630000,121.51,0.301194,29.3258,64.6918
14635000,121.51,0.227638,29.3502,64.8274
14640000,121.51,0.172045,29.3294,64.7241
14645000,137.003,5.69422e-09,29.3117,64.8538
14650000,126.469,0.267135,29.3659,64.7607
14655000,126.469,0.106459,29.3412,64.7798
14660000,137.003,0.256661,29.3743,64.7741
14665000,126.469,0.19398,29.3521,64.6075
14670000,126.469,5.13092e-09,29.3316,64.7746
14675000,131.631,0.165299,29.3769,64.7424
14680000,126.469,4.92152e-09,29.37,64.7347
14685000,137.003,0.527292,29.3554,64.7554
14690000,131.631,4.72067e-09,29.3964,64.7216
14695000,142.594,4.62334e-09,29.3645,64.7109
14700000,137.003,0.278037,29.3873,64.6737
14705000,142.594,0.278037,29.3878,64.7009
14710000,148.413,4.34323e-09,29.4103,64.765
14715000,137.003,4.25368e-09,29.4055,64.6763
14720000,131.631,0.130029,29.3939,64.7149
14725000,137.003,4.08009e-09,29.3956,64.6823
14730000,137.003,0.130029,29.3874,64.7609
14735000,131.631,0.158817,29.3387,64.6346
14740000,137.003,3.83289e-09,29.4043,64.7206
14745000,137.003,0.12493,29.386,64.7292
14750000,137.003,0.140858,29.3524,64.7191
14755000,137.003,3.60066e-09,29.4063,64.7847
14760000,142.594,3.52643e-09,29.416,64.6633
14765000,131.631,3.45372e-09,29.3889,64.6677
14770000,137.003,3.38251e-09,29.4066,64.7047
14775000,131.631,0.19398,29.4052,64.6178
14780000,126.469,0.19398,29.3452,64.6713
14785000,131.631,0.227638,29.3648,64.6685
14790000,137.003,0.467666,29.3795,64.6187
14795000,137.003,3.0479e-09,29.4108,64.6897
14800000,126.469,0.486752,29.3653,64.7175
14805000,131.631,0.32628,29.3825,64.5999
14810000,126.469,0.267135,29.4165,64.6425
14815000,137.003,0.227638,29.3818,64.7393
14820000,142.594,0.102284,29.4096,64.743
14825000,131.631,2.68976e-09,29.3667,64.7671
14830000,126.469,0.227638,29.4098,64.7177
14835000,137.003,2.57999e-09,29.3817,64.7014
14840000,131.631,0.179066,29.3831,64.6232
14845000,126.469,2.4747e-09,29.4256,64.6527
14850000,126.469,0.301194,29.4086,64.5541
14855000,137.003,0.353455,29.3952,64.6592
14860000,126.469,0.246597,29.4079,64.6673
14865000,131.631,0.218712,29.3694,64.5387
14870000,137.003,0.256661,29.3976,64.5895
14875000,126.469,2.18391e-09,29.3772,64.6485
14880000,137.003,2.13889e-09,29.3841,64.5877
14885000,121.51,2.09479e-09,29.3811,64.5064
14890000,137.003,0.130029,29.404,64.493
14895000,131.631,0.32628,29.3834,64.5704
14900000,126.469,0.172045,29.4023,64.5135
14905000,131.631,1.9273e-09,29.3633,64.6798
14910000,126.469,1.88756e-09,29.3645,64.5429
14915000,126.469,1.84864e-09,29.4134,64.6177
14920000,131.631,1.81053e-09,29.3928,64.4789
14925000,116.746,0.256661,29.3693,64.5544
14930000,131.631,0.158817,29.3789,64.5136
14935000,126.469,0.201897,29.3928,64.4563
14940000,126.469,0.301194,29.3909,64.5358
14945000,126.469,1.63142e-09,29.3576,64.5519
14950000,116.746,1.59778e-09,29.3743,64.5038
14955000,126.469,1.56484e-09,29.3865,64.5914
14960000,126.469,0.115325,29.415,64.489
14965000,131.631,0.313486,29.3715,64.5503
14970000,131.631,0.398519,29.4068,64.5554
14975000,126.469,0.246597,29.3988,64.5761
14980000,126.469,0.367879,29.4214,64.5872
14985000,121.51,1.38097e-09,29.4078,64.5249
14990000,121.51,1.3525e-09,29.4051,64.4713
14995000,131.631,0.19398,29.3782,64.5174
15000000,126.469,0.32628,29.3721,64.4784
15005000,121.51,0.158817,29.3915,64.5765
15010000,121.51,1.24436e-09,29.3985,64.4641
15015000,131.631,0.353455,29.4177,64.5414
15020000,116.746,0.12493,29.4127,64.5563
15025000,126.469,1.16896e-09,29.3923,64.5564
15030000,126.469,1.14486e-09,29.4044,64.5748
15035000,126.469,1.12126e-09,29.4176,64.5385
15040000,121.51,0.172045,29.3999,64.5377
15045000,116.746,0.398519,29.3851,64.4648
15050000,121.51,1.05332e-09,29.4129,64.4301
15055000,121.51,1.03161e-09,29.4136,64.4779
15060000,116.746,1.01034e-09,29.3968,64.5822
15065000,116.746,0.165299,29.3893,64.4584
15070000,121.51,0.201897,29.4154,64.3983
15075000,116.746,0.246597,29.3966,64.4958
15080000,121.51,0.218712,29.4084,64.4756
15085000,121.51,0.339596,29.3991,64.3934
15090000,116.746,8.9162e-10,29.3724,64.4825
15095000,116.746,8.73237e-10,29.3944,64.4823
15100000,121.51,8.55232e-10,29.392,64.4496
15105000,116.746,8.37599e-10,29.4268,64.3905
15110000,121.51,0.130029,29.4244,64.4349
15115000,116.746,8.03417e-10,29.4348,64.5555
15120000,121.51,7.86852e-10,29.4353,64.5142
15125000,107.77,7.70629e-10,29.3946,64.422
15130000,112.168,0.486752,29.3783,64.412
15135000,116.746,7.39179e-10,29.4291,64.3565
15140000,116.746,7.23939e-10,29.4017,64.4747
15145000,116.746,7.09013e-10,29.4011,64.3741
15150000,116.746,0.179066,29.421,64.5087
15155000,107.77,6.80077e-10,29.3852,64.3804
15160000,116.746,0.19398,29.4316,64.4256
15165000,116.746,0.115325,29.3958,64.4888
15170000,112.168,6.38874e-10,29.392,64.4428
15175000,116.746,0.130029,29.4449,64.3427
15180000,112.168,0.246597,29.4142,64.3177
15185000,116.746,6.00166e-10,29.3782,64.4674
15190000,112.168,0.571209,29.4008,64.3189
15195000,112.168,0.594521,29.4355,64.3871
15200000,112.168,0.140858,29.3673,64.4157
15205000,112.168,0.140858,29.3897,64.4297
15210000,112.168,5.40795e-10,29.4324,64.3043
15215000,112.168,5.29645e-10,29.4254,64.3501
15220000,116.746,5.18725e-10,29.4277,64.2218
15225000,112.168,0.278037,29.4199,64.4255
15230000,112.168,0.236928,29.3929,64.4041
15235000,116.746,0.19398,29.4116,64.3337
15240000,112.168,0.227638,29.4,64.3917
15245000,107.77,4.6741e-10,29.3811,64.4043
15250000,107.77,0.130029,29.4238,64.3399
15255000,112.168,4.48335e-10,29.4058,64.2918
15260000,112.168,0.210136,29.4573,64.2913
15265000,103.544,4.30038e-10,29.4152,64.4097
15270000,107.77,0.367879,29.4015,64.416
15275000,107.77,0.140858,29.4402,64.3267
15280000,107.77,4.03983e-10,29.3825,64.3262
15285000,107.77,3.95654e-10,29.3911,64.3461
15290000,112.168,0.158817,29.4234,64.3522
15295000,107.77,3.79507e-10,29.4068,64.2785
15300000,103.544,3.71682e-10,29.3769,64.2981
15305000,103.544,0.571209,29.3636,64.3137
15310000,107.77,0.102284,29.455,64.3455
15315000,107.77,3.49163e-10,29.4215,64.2574
15320000,103.544,3.41964e-10,29.4328,64.2564
15325000,103.544,0.130029,29.4169,64.3006
15330000,107.77,0.246597,29.3844,64.2428
15335000,103.544,0.527292,29.4352,64.2506
15340000,107.77,3.14622e-10,29.404,64.3119
15345000,103.544,0.398519,29.406,64.2255
15350000,103.544,3.01783e-10,29.4635,64.2781
15355000,103.544,0.236928,29.4054,64.2229
15360000,103.544,0.289384,29.4138,64.2457
15365000,99.4843,0.353455,29.4085,64.2684
15370000,107.77,2.77653e-10,29.4159,64.2748
15375000,103.544,2.71929e-10,29.435,64.2133
15380000,107.77,2.66322e-10,29.4104,64.1792
15385000,107.77,0.110803,29.4178,64.2584
15390000,107.77,2.55453e-10,29.4065,64.2504
15395000,107.77,0.313486,29.3921,64.2526
15400000,103.544,0.236928,29.3972,64.2484
15405000,103.544,2.39976e-10,29.4003,64.236
15410000,107.77,0.186374,29.4371,64.2767
15415000,107.77,0.367879,29.3977,64.2102
15420000,99.4843,2.25437e-10,29.4115,64.2334
15425000,95.5835,2.20789e-10,29.426,64.1858
15430000,99.4843,0.102284,29.44,64.2428
15435000,103.544,0.246597,29.4374,64.1779
15440000,99.4843,2.07412e-10,29.4147,64.2024
15445000,95.5835,0.140858,29.427,64.1444
15450000,95.5835,1.98947e-10,29.4479,64.0744
15455000,95.5835,1.94845e-10,29.4356,64.2443
15460000,103.544,0.313486,29.4009,64.1783
15465000,99.4843,1.86894e-10,29.4167,64.2259
15470000,99.4843,0.382893,29.4202,64.0998
15475000,103.544,1.79266e-10,29.4156,64.3044
15480000,99.4843,1.7557e-10,29.406,64.2323
15485000,99.4843,1.7195e-10,29.4188,64.2426
15490000,99.4843,1.68405e-10,29.4434,64.1962
15495000,99.4843,1.64933e-10,29.4392,64.1833
15500000,99.4843,0.146607,29.4228,64.1729
15505000,95.5835,1.58202e-10,29.4097,64.2077
15510000,103.544,1.5494e-10,29.4335,64.1383
15515000,99.4843,1.51746e-10,29.4137,64.1303
15520000,91.8356,1.48617e-10,29.4265,64.2653
15525000,99.4843,0.102284,29.4322,64.1191
15530000,95.5835,1.42552e-10,29.4503,64.1468
15535000,95.5835,1.39613e-10,29.4254,64.099
15540000,91.8356,1.36734e-10,29.4238,64.0709
15545000,99.4843,0.289384,29.4295,64.1912
15550000,95.5835,0.165299,29.4601,64.2074
15555000,103.544,1.2845e-10,29.4398,64.08
15560000,95.5835,0.467666,29.4235,64.125
15565000,95.5835,0.32628,29.4698,64.102
15570000,99.4843,1.20668e-10,29.4312,64.1637
15575000,95.5835,1.1818e-10,29.4162,64.1065
15580000,95.5835,0.449329,29.4551,64.0808
15585000,95.5835,0.353455,29.4177,64.114
15590000,95.5835,1.1102e-10,29.4103,64.1184
15595000,95.5835,0.201897,29.4102,64.0475
15600000,95.5835,0.313486,29.4098,64.1701
15605000,95.5835,1.04293e-10,29.4194,64.0285
15610000,91.8356,1.02143e-10,29.4341,64.0584
15615000,95.5835,0.172045,29.4374,64.0767
15620000,95.5835,9.79744e-11,29.427,64.1094
15625000,91.8356,0.398519,29.4153,64.0295
15630000,88.2347,0.32628,29.4421,64.0441
15635000,95.5835,9.20385e-11,29.3989,64.0043
15640000,99.4843,0.32628,29.4513,64.0808
15645000,95.5835,0.218712,29.4524,64.028
15650000,91.8356,0.236928,29.4652,64.0476
15655000,91.8356,8.46795e-11,29.456,63.9918
15660000,91.8356,8.29336e-11,29.4357,64.0409
15665000,95.5835,8.12237e-11,29.433,64.0634
15670000,91.8356,7.9549e-11,29.4088,64.0306
15675000,84.7749,0.289384,29.453,64.0956
15680000,88.2347,0.110803,29.4267,64.011
15685000,91.8356,0.19398,29.4307,63.8892
15690000,91.8356,7.31886e-11,29.4492,63.998
15695000,95.5835,7.16796e-11,29.4692,64.092
15700000,88.2347,0.256661,29.4329,63.9187
15705000,91.8356,6.87543e-11,29.3981,64.0002
15710000,84.7749,0.120032,29.4649,64.0526
15715000,84.7749,0.19398,29.4192,63.9755
15720000,91.8356,6.45887e-11,29.4698,64.031
15725000,95.5835,0.486752,29.4756,64.0709
15730000,91.8356,0.267135,29.451,63.9941
15735000,91.8356,6.06755e-11,29.4703,64.0143
15740000,84.7749,5.94245e-11,29.4258,63.9358
15745000,91.8356,5.81993e-11,29.4463,64.0503
15750000,95.5835,5.69994e-11,29.4571,63.939
15755000,88.2347,0.179066,29.482,63.977
15760000,91.8356,0.201897,29.44,64.0702
15765000,88.2347,0.467666,29.4928,63.8655
15770000,88.2347,5.24419e-11,29.4524,63.9252
15775000,84.7749,0.210136,29.4739,63.9275
15780000,88.2347,5.03018e-11,29.4554,63.9494
15785000,91.8356,4.92646e-11,29.4645,63.8963
15790000,84.7749,0.301194,29.4488,63.9731
15795000,78.2571,4.72541e-11,29.4584,63.877
15800000,91.8356,4.62798e-11,29.4386,63.9357
15805000,84.7749,0.130029,29.4375,63.8925
15810000,88.2347,0.267135,29.4139,63.9602
15815000,88.2347,0.110803,29.458,63.9189
15820000,91.8356,0.165299,29.4331,63.9703
15825000,88.2347,0.414783,29.4419,63.9136
15830000,88.2347,0.110803,29.412,63.9384
15835000,84.7749,3.99998e-11,29.4651,63.9554
15840000,88.2347,0.227638,29.4371,63.9894
15845000,84.7749,0.158817,29.4668,63.8981
15850000,88.2347,0.236928,29.4466,63.917
15855000,84.7749,0.179066,29.4571,63.8713
15860000,88.2347,0.218712,29.4766,63.9514
15865000,81.4509,0.201897,29.4363,63.8711
15870000,84.7749,0.32628,29.4594,63.8677
15875000,84.7749,0.110803,29.4743,63.8904
15880000,81.4509,0.301194,29.4553,63.8359
15885000,84.7749,0.19398,29.4852,63.8183
15890000,88.2347,3.18076e-11,29.4406,63.8356
15895000,81.4509,3.11518e-11,29.4748,63.8355
15900000,88.2347,3.05096e-11,29.4277,63.8913
15905000,91.8356,0.130029,29.4783,63.9525
15910000,81.4509,0.227638,29.463,63.8745
15915000,81.4509,0.449329,29.4764,63.8997
15920000,81.4509,2.80701e-11,29.4795,63.8929
15925000,81.4509,2.74914e-11,29.5036,63.8444
15930000,81.4509,2.69246e-11,29.4778,63.8633
15935000,84.7749,2.63695e-11,29.4988,63.7777
15940000,88.2347,0.146607,29.4737,63.8893
15945000,81.4509,0.301194,29.5116,63.8498
15950000,78.2571,2.47718e-11,29.4411,63.8713
15955000,81.4509,0.353455,29.4898,63.7846
15960000,78.2571,2.37609e-11,29.4546,63.7781
15965000,81.4509,2.3271e-11,29.4364,63.7535
15970000,84.7749,0.367879,29.4773,63.863
15975000,78.2571,0.236928,29.4838,63.8543
15980000,81.4509,2.18611e-11,29.4447,63.845
15985000,81.4509,0.267135,29.4762,63.8406
15990000,78.2571,0.106459,29.4658,63.8209
15995000,81.4509,0.140858,29.4719,63.8078
16000000,75.1886,0.256661,29.4556,63.7405
16005000,81.4509,1.96985e-11,29.4641,63.8115
16010000,81.4509,1.92923e-11,29.4902,63.7254
16015000,81.4509,0.186374,29.4691,63.7605
16020000,78.2571,0.140858,29.4857,63.7269
16025000,81.4509,1.81234e-11,29.4808,63.7149
16030000,78.2571,0.486752,29.4892,63.7498
16035000,84.7749,0.278037,29.4992,63.8106
16040000,75.1886,0.179066,29.4628,63.7978
16045000,78.2571,0.278037,29.4627,63.7501
16050000,75.1886,0.267135,29.4637,63.6819
16055000,81.4509,0.146607,29.4945,63.7546
16060000,81.4509,1.56641e-11,29.4604,63.7865
16065000,81.4509,0.186374,29.4812,63.7452
16070000,75.1886,0.289384,29.5151,63.7958
16075000,72.2404,1.47151e-11,29.4694,63.7527
16080000,81.4509,1.44117e-11,29.477,63.7095
16085000,75.1886,1.41146e-11,29.4881,63.834
16090000,78.2571,1.38235e-11,29.4852,63.7628
16095000,75.1886,0.15259,29.4919,63.7851
16100000,81.4509,1.32594e-11,29.4562,63.7715
16105000,81.4509,1.2986e-11,29.4908,63.7963
16110000,78.2571,0.227638,29.5058,63.766
16115000,78.2571,1.24561e-11,29.5019,63.7582
16120000,81.4509,1.21992e-11,29.4847,63.7397
16125000,75.1886,0.210136,29.4935,63.6867
16130000,75.1886,1.17014e-11,29.4922,63.5906
16135000,78.2571,0.506617,29.4626,63.6667
16140000,75.1886,1.12238e-11,29.4635,63.7259
16145000,78.2571,0.32628,29.483,63.6877
16150000,72.2404,1.07658e-11,29.5204,63.7238
16155000,72.2404,1.05438e-11,29.4503,63.7907
16160000,75.1886,0.301194,29.4828,63.6707
16165000,72.2404,0.165299,29.5056,63.5895
16170000,72.2404,9.905e-12,29.523,63.7009
16175000,72.2404,0.120032,29.4952,63.6956
16180000,78.2571,9.50077e-12,29.5116,63.6278
16185000,72.2404,0.256661,29.4958,63.6014
16190000,72.2404,0.246597,29.4886,63.6245
16195000,69.4079,8.92515e-12,29.5307,63.6861
16200000,69.4079,0.158817,29.495,63.6035
16205000,75.1886,8.56091e-12,29.4761,63.6268
16210000,66.6863,0.172045,29.4464,63.7172
16215000,75.1886,8.21154e-12,29.5116,63.6188
16220000,72.2404,8.04223e-12,29.494,63.6653
16225000,69.4079,7.87642e-12,29.5049,63.6219
16230000,72.2404,0.414783,29.4936,63.6437
16235000,72.2404,7.55498e-12,29.4728,63.6552
16240000,66.6863,0.32628,29.5059,63.6443
16245000,75.1886,0.414783,29.5238,63.6741
16250000,69.4079,0.449329,29.5015,63.6029
16255000,69.4079,0.179066,29.4846,63.567
16260000,75.1886,6.8076e-12,29.5386,63.6312
16265000,72.2404,0.146607,29.5414,63.5699
16270000,72.2404,0.210136,29.5276,63.5866
16275000,75.1886,6.39515e-12,29.5038,63.5798
16280000,69.4079,0.102284,29.5301,63.5313
16285000,72.2404,6.13416e-12,29.5462,63.5957
16290000,66.6863,6.00769e-12,29.5322,63.5706
16295000,72.2404,0.527292,29.5212,63.4987
16300000,69.4079,0.353455,29.5241,63.5657
16305000,75.1886,0.15259,29.4941,63.6516
16310000,75.1886,0.106459,29.5158,63.5651
16315000,69.4079,5.41338e-12,29.5125,63.5456
16320000,69.4079,5.30177e-12,29.4761,63.6014
16325000,78.2571,0.19398,29.5372,63.5791
16330000,69.4079,5.0854e-12,29.517,63.572
16335000,69.4079,0.289384,29.4776,63.5115
16340000,72.2404,4.87786e-12,29.4997,63.6076
16345000,66.6863,0.210136,29.4579,63.5142
16350000,69.4079,4.67879e-12,29.4892,63.5684
16355000,69.4079,4.58233e-12,29.508,63.5392
16360000,64.0715,0.301194,29.5289,63.6632
16365000,64.0715,4.39532e-12,29.5128,63.4492
16370000,69.4079,0.367879,29.5317,63.5008
16375000,69.4079,0.165299,29.5306,63.5381
16380000,66.6863,4.12902e-12,29.498,63.5484
16385000,66.6863,0.398519,29.507,63.5247
16390000,66.6863,0.135335,29.516,63.4383
16395000,61.5592,0.414783,29.512,63.5407
16400000,66.6863,3.79888e-12,29.5467,63.4453
16405000,64.0715,3.72056e-12,29.4927,63.4769
16410000,66.6863,0.19398,29.5193,63.5266
16415000,66.6863,0.201897,29.5208,63.4979
16420000,69.4079,3.49514e-12,29.512,63.3748
16425000,61.5592,0.289384,29.511,63.4674
16430000,64.0715,0.115325,29.5542,63.4801
16435000,69.4079,3.28338e-12,29.5567,63.5177
16440000,69.4079,0.201897,29.5743,63.5413
16445000,64.0715,0.201897,29.519,63.3581
16450000,59.1455,3.08445e-12,29.5232,63.485
16455000,64.0715,0.289384,29.5269,63.4839
16460000,66.6863,0.227638,29.5271,63.3874
16465000,69.4079,2.89757e-12,29.5518,63.4916
16470000,64.0715,0.246597,29.5194,63.4713
16475000,69.4079,2.77932e-12,29.5573,63.4418
16480000,66.6863,2.72202e-12,29.5346,63.465
16485000,64.0715,2.6659e-12,29.5536,63.502
16490000,59.1455,2.61093e-12,29.5343,63.4716
16495000,64.0715,0.146607,29.5247,63.3687
16500000,64.0715,0.102284,29.5131,63.4753
16505000,66.6863,2.45274e-12,29.527,63.4653
16510000,61.5592,2.40217e-12,29.5447,63.3639
16515000,64.0715,0.353455,29.5436,63.4319
16520000,59.1455,2.30414e-12,29.5409,63.539
16525000,61.5592,0.218712,29.5291,63.4227
16530000,61.5592,2.2101e-12,29.5259,63.3926
16535000,64.0715,2.16454e-12,29.553,63.399
16540000,61.5592,2.11991e-12,29.5428,63.4102
16545000,64.0715,2.0762e-12,29.5747,63.3481
16550000,64.0715,0.172045,29.532,63.419
16555000,64.0715,1.99147e-12,29.5542,63.3552
16560000,64.0715,0.367879,29.5722,63.333
16565000,61.5592,0.102284,29.5898,63.465
16570000,61.5592,0.301194,29.5431,63.3699
16575000,64.0715,1.83224e-12,29.5348,63.3388
16580000,61.5592,0.158817,29.5143,63.3495
16585000,61.5592,0.15259,29.5822,63.3819
16590000,64.0715,1.72123e-12,29.5725,63.4382
16595000,61.5592,0.186374,29.5742,63.3784
16600000,54.5982,1.65099e-12,29.5446,63.3338
16605000,64.0715,1.61695e-12,29.5271,63.4493
16610000,56.8263,1.58361e-12,29.5475,63.3854
16615000,64.0715,0.135335,29.526,63.4062
16620000,61.5592,1.51898e-12,29.6019,63.358
16625000,64.0715,0.12493,29.6194,63.2819
16630000,61.5592,0.19398,29.5151,63.3705
16635000,59.1455,0.301194,29.5488,63.2666
16640000,56.8263,0.19398,29.5545,63.3555
16645000,56.8263,0.236928,29.5384,63.3582
16650000,61.5592,1.3405e-12,29.5815,63.3226
16655000,59.1455,0.186374,29.499,63.3604
16660000,64.0715,0.289384,29.5757,63.2852
16665000,59.1455,0.267135,29.5556,63.2514
16670000,59.1455,1.23332e-12,29.5757,63.3492
16675000,59.1455,0.165299,29.5651,63.3593
16680000,61.5592,0.256661,29.5945,63.3255
16685000,61.5592,1.15859e-12,29.5406,63.2951
16690000,64.0715,0.135335,29.577,63.2562
16695000,54.5982,0.571209,29.5453,63.3337
16700000,61.5592,0.172045,29.5555,63.3051
16705000,61.5592,1.06596e-12,29.6146,63.2793
16710000,61.5592,1.04398e-12,29.5783,63.3135
16715000,59.1455,1.02246e-12,29.5818,63.2908
16720000,56.8263,1.00137e-12,29.5471,63.2199
16725000,61.5592,9.80728e-13,29.5757,63.2057
16730000,59.1455,9.60508e-13,29.562,63.2871
16735000,59.1455,0.339596,29.5671,63.2588
16740000,56.8263,0.179066,29.5601,63.2575
16745000,59.1455,9.02313e-13,29.5777,63.1998
16750000,54.5982,8.8371e-13,29.546,63.2776
16755000,52.4573,8.6549e-13,29.5623,63.2401
16760000,59.1455,0.210136,29.5958,63.2388
16765000,56.8263,0.32628,29.5288,63.3315
16770000,56.8263,8.13052e-13,29.5873,63.3086
16775000,56.8263,0.15259,29.5916,63.2497
16780000,56.8263,0.246597,29.545,63.2711
16785000,50.4004,7.63792e-13,29.5555,63.2043
16790000,56.8263,7.48044e-13,29.5905,63.2189
16795000,59.1455,7.32621e-13,29.553,63.1769
16800000,56.8263,7.17516e-13,29.5639,63.2665
16805000,56.8263,0.172045,29.6151,63.1967
16810000,54.5982,0.367879,29.6142,63.2546
16815000,54.5982,6.74044e-13,29.5653,63.2265
16820000,59.1455,6.60147e-13,29.5877,63.2727
16825000,50.4004,6.46536e-13,29.595,63.2721
16830000,59.1455,0.19398,29.5795,63.153
16835000,50.4004,0.227638,29.5904,63.2497
16840000,54.5982,0.218712,29.557,63.1728
16845000,52.4573,5.94842e-13,29.602,63.2173
16850000,56.8263,0.32628,29.5934,63.2201
16855000,50.4004,5.70566e-13,29.5711,63.1733
16860000,59.1455,0.594521,29.5802,63.1596
16865000,56.8263,5.47281e-13,29.5844,63.1419
16870000,59.1455,5.35997e-13,29.5781,63.1702
16875000,54.5982,0.120032,29.6066,63.2161
16880000,52.4573,5.14123e-13,29.5744,63.1386
16885000,54.5982,5.03523e-13,29.6088,63.1626
16890000,52.4573,0.165299,29.5784,63.1176
16895000,54.5982,4.82974e-13,29.6056,63.1745
16900000,52.4573,4.73016e-13,29.6346,63.1403
16905000,54.5982,0.210136,29.5928,63.1579
16910000,52.4573,0.398519,29.6135,63.1517
16915000,52.4573,0.398519,29.6059,63.1867
16920000,50.4004,4.35195e-13,29.6039,63.0904
16925000,59.1455,0.15259,29.6227,63.1662
16930000,54.5982,0.382893,29.6182,63.0706
16935000,56.8263,0.278037,29.6333,63.1149
16940000,54.5982,4.00399e-13,29.573,63.1841
16945000,56.8263,0.146607,29.6164,63.147
16950000,54.5982,3.84059e-13,29.6026,63.0511
16955000,50.4004,0.210136,29.606,63.1145
16960000,56.8263,0.367879,29.6141,63.1874
16965000,59.1455,3.6079e-13,29.5869,63.1131
16970000,50.4004,0.19398,29.5784,63.207
16975000,54.5982,0.15259,29.5931,63.1323
16980000,48.4242,3.38931e-13,29.5902,63.1729
16985000,52.4573,0.256661,29.6221,63.0522
16990000,54.5982,0.165299,29.6134,63.0468
16995000,54.5982,3.18396e-13,29.6286,63.0879
17000000,48.4242,0.367879,29.6282,63.186
17005000,54.5982,3.05402e-13,29.6305,63.1594
17010000,50.4004,2.99105e-13,29.6186,63.0566
17015000,48.4242,2.92938e-13,29.6226,63.0427
17020000,56.8263,2.86899e-13,29.6069,62.9796
17025000,46.5255,2.80983e-13,29.6341,63.0476
17030000,54.5982,0.186374,29.6016,63.1031
17035000,50.4004,0.210136,29.6059,63.0442
17040000,52.4573,0.210136,29.6136,62.9975
17045000,56.8263,0.506617,29.6565,63.0953
17050000,50.4004,0.278037,29.6179,63.0539
17055000,50.4004,0.256661,29.634,63.0387
17060000,52.4573,2.42854e-13,29.6294,63.0364
17065000,50.4004,2.37847e-13,29.6695,63.203
17070000,48.4242,2.32943e-13,29.6358,62.9578
17075000,50.4004,0.301194,29.6015,63.0403
17080000,54.5982,0.201897,29.6449,63.1139
17085000,50.4004,0.165299,29.6464,63.0467
17090000,50.4004,2.14318e-13,29.6246,62.9538
17095000,52.4573,0.267135,29.648,63.006
17100000,50.4004,2.05572e-13,29.6272,62.9976
17105000,50.4004,2.01333e-13,29.6309,63.0944
17110000,48.4242,1.97182e-13,29.6335,63.1179
17115000,50.4004,0.256661,29.6519,63.0462
17120000,48.4242,1.89135e-13,29.6147,62.9876
17125000,48.4242,0.135335,29.6335,63.1367
17130000,48.4242,0.398519,29.6341,63.0481
17135000,48.4242,1.77676e-13,29.6407,63.0372
17140000,48.4242,0.278037,29.6113,62.9637
17145000,48.4242,0.313486,29.6182,62.9999
17150000,50.4004,0.267135,29.6327,62.9972
17155000,50.4004,0.256661,29.621,62.9434
17160000,50.4004,0.165299,29.6525,62.9538
17165000,48.4242,0.527292,29.6505,62.9231
17170000,48.4242,1.53566e-13,29.6384,63.0238
17175000,50.4004,0.102284,29.6737,62.9536
17180000,48.4242,0.179066,29.6408,62.9451
17185000,46.5255,1.44262e-13,29.6168,63.0373
17190000,41.2644,0.210136,29.6451,62.9499
17195000,48.4242,0.172045,29.6475,62.9403
17200000,46.5255,0.218712,29.6185,62.9157
17205000,48.4242,1.32727e-13,29.6367,62.8175
17210000,48.4242,0.256661,29.6709,62.903
17215000,46.5255,1.2731e-13,29.6403,62.9966
17220000,46.5255,0.339596,29.6379,62.8816
17225000,44.7012,0.414783,29.6702,62.9535
17230000,46.5255,0.313486,29.6575,62.8186
17235000,46.5255,0.130029,29.6279,62.9499
17240000,46.5255,1.14716e-13,29.6653,62.9666
17245000,50.4004,0.278037,29.6329,62.9287
17250000,48.4242,1.10035e-13,29.6488,62.9018
17255000,48.4242,0.146607,29.6431,62.8913
17260000,46.5255,0.256661,29.6612,62.7999
17265000,44.7012,1.03368e-13,29.6522,62.9061
17270000,48.4242,0.414783,29.6519,62.9362
17275000,48.4242,0.135335,29.6363,63.0205
17280000,46.5255,0.15259,29.6454,62.978
17285000,44.7012,0.289384,29.6562,62.9172
17290000,39.6464,9.31423e-14,29.6437,62.965
17295000,52.4573,0.15259,29.6713,62.9004
17300000,44.7012,0.367879,29.6593,62.9211
17305000,46.5255,8.74991e-14,29.6759,62.8476
17310000,50.4004,0.179066,29.6329,62.8291
17315000,41.2644,0.236928,29.6505,62.8537
17320000,41.2644,8.21978e-14,29.6531,62.9349
17325000,46.5255,0.467666,29.6391,62.9272
17330000,46.5255,7.88433e-14,29.656,62.827
17335000,46.5255,0.12493,29.6521,62.8349
17340000,46.5255,0.467666,29.6541,62.9231
17345000,46.5255,7.40664e-14,29.6472,62.7983
17350000,46.5255,0.172045,29.6972,62.7699
17355000,44.7012,7.10437e-14,29.6192,62.8217
17360000,41.2644,0.172045,29.6983,62.8129
17365000,42.9484,6.81444e-14,29.6447,62.7732
17370000,42.9484,0.246597,29.6948,62.8356
17375000,41.2644,6.53634e-14,29.642,62.9064
17380000,41.2644,0.313486,29.6747,62.8264
17385000,46.5255,0.382893,29.6627,62.9229
17390000,42.9484,6.14032e-14,29.6574,62.9036
17395000,41.2644,6.01372e-14,29.6651,62.8339
17400000,44.7012,0.267135,29.6942,62.8533
17405000,46.5255,0.165299,29.7086,62.7792
17410000,44.7012,0.15259,29.7051,62.8629
17415000,42.9484,5.53289e-14,29.6946,62.7667
17420000,44.7012,0.256661,29.6662,62.796
17425000,46.5255,0.236928,29.7196,62.8243
17430000,44.7012,0.218712,29.7049,62.725
17435000,46.5255,0.301194,29.6708,62.7764
17440000,46.5255,4.98555e-14,29.6651,62.7902
17445000,42.9484,0.353455,29.6644,62.7533
17450000,42.9484,0.210136,29.7019,62.8027
17455000,42.9484,4.68349e-14,29.7032,62.7671
17460000,44.7012,4.58693e-14,29.6784,62.73
17465000,46.5255,4.49235e-14,29.669,62.7878
17470000,44.7012,4.39973e-14,29.7084,62.7078
17475000,46.5255,4.30902e-14,29.6805,62.9158
17480000,42.9484,4.22018e-14,29.7091,62.7794
17485000,36.5982,0.398519,29.6988,62.7275
17490000,41.2644,4.04795e-14,29.6734,62.6931
17495000,38.0918,3.96449e-14,29.7182,62.7566
17500000,41.2644,0.179066,29.7009,62.7847
17505000,42.9484,3.8027e-14,29.6794,62.6568
17510000,39.6464,3.72429e-14,29.6795,62.7295
17515000,42.9484,0.106459,29.7124,62.7152
17520000,42.9484,3.5723e-14,29.7066,62.7176
17525000,42.9484,0.15259,29.7045,62.6924
17530000,42.9484,3.42651e-14,29.6876,62.6663
17535000,41.2644,3.35587e-14,29.7014,62.7608
17540000,39.6464,3.28668e-14,29.6964,62.7812
17545000,39.6464,0.398519,29.7252,62.7974
17550000,41.2644,3.15255e-14,29.7076,62.6692
17555000,44.7012,3.08755e-14,29.6668,62.6797
17560000,39.6464,3.02389e-14,29.669,62.679
17565000,41.2644,2.96154e-14,29.7081,62.7369
17570000,41.2644,0.110803,29.7017,62.7144
17575000,44.7012,0.12493,29.6659,62.6342
17580000,39.6464,0.110803,29.6812,62.7434
17585000,42.9484,2.72475e-14,29.7086,62.6713
17590000,42.9484,2.66857e-14,29.7122,62.6413
17595000,39.6464,2.61355e-14,29.7349,62.6517
17600000,41.2644,0.140858,29.7018,62.6783
17605000,42.9484,0.236928,29.7291,62.6114
17610000,41.2644,2.4552e-14,29.6975,62.6169
17615000,42.9484,0.135335,29.7005,62.6959
17620000,39.6464,2.35501e-14,29.6934,62.743
17625000,46.5255,0.256661,29.7477,62.6501
17630000,39.6464,2.2589e-14,29.692,62.6966
17635000,38.0918,0.267135,29.696,62.583
17640000,39.6464,2.16671e-14,29.7286,62.6952
17645000,41.2644,0.227638,29.7535,62.5615
17650000,46.5255,2.07829e-14,29.7222,62.6854
17655000,38.0918,2.03544e-14,29.6856,62.5441
17660000,41.2644,0.201897,29.7234,62.6465
17665000,39.6464,1.95237e-14,29.7381,62.6357
17670000,36.5982,0.140858,29.6977,62.6363
17675000,39.6464,1.87269e-14,29.7357,62.6061
17680000,36.5982,1.83408e-14,29.7521,62.5696
17685000,46.5255,1.79627e-14,29.7176,62.6787
17690000,39.6464,0.135335,29.7553,62.5752
17695000,38.0918,1.72296e-14,29.7217,62.6852
17700000,41.2644,0.106459,29.74,62.5709
17705000,41.2644,0.19398,29.7143,62.6532
17710000,36.5982,1.61857e-14,29.7375,62.6589
17715000,38.0918,0.135335,29.6938,62.628
17720000,36.5982,1.55252e-14,29.707,62.5251
17725000,36.5982,0.246597,29.7484,62.622
17730000,33.7844,0.32628,29.7509,62.571
17735000,39.6464,0.210136,29.7152,62.5847
17740000,44.7012,1.42838e-14,29.7395,62.6502
17745000,38.0918,0.19398,29.7564,62.5631
17750000,41.2644,1.37009e-14,29.7324,62.6586
17755000,36.5982,0.486752,29.7457,62.575
17760000,41.2644,1.31418e-14,29.7404,62.5768
17765000,42.9484,1.28708e-14,29.7545,62.5561
17770000,38.0918,1.26054e-14,29.7073,62.5844
17775000,36.5982,0.140858,29.7615,62.6003
17780000,41.2644,0.278037,29.7154,62.6578
17785000,35.1632,1.18417e-14,29.7356,62.5006
17790000,33.7844,0.353455,29.7193,62.5822
17795000,39.6464,0.115325,29.7439,62.5207
17800000,41.2644,1.11243e-14,29.7227,62.5529
17805000,39.6464,1.08949e-14,29.7452,62.5817
17810000,36.5982,0.135335,29.7072,62.5881
17815000,35.1632,0.267135,29.7394,62.5064
17820000,38.0918,0.210136,29.7322,62.4839
17825000,41.2644,0.19398,29.7742,62.4833
17830000,38.0918,0.431711,29.7632,62.5221
17835000,35.1632,0.382893,29.7648,62.4859
17840000,35.1632,0.130029,29.7347,62.5076
17845000,38.0918,9.22234e-15,29.8003,62.5362
17850000,36.5982,0.140858,29.7451,62.535
17855000,33.7844,8.84597e-15,29.7455,62.4937
17860000,36.5982,8.66358e-15,29.7853,62.4529
17865000,38.0918,0.256661,29.7731,62.4556
17870000,33.7844,8.31002e-15,29.7624,62.5014
17875000,38.0918,0.102284,29.7481,62.428
17880000,41.2644,7.97088e-15,29.7961,62.4177
17885000,33.7844,7.80654e-15,29.7486,62.5027
17890000,36.5982,0.227638,29.8132,62.387
17895000,32.4597,0.32628,29.7542,62.4285
17900000,35.1632,0.115325,29.7381,62.5127
17905000,36.5982,0.339596,29.7843,62.5218
17910000,33.7844,0.158817,29.7631,62.4928
17915000,33.7844,0.382893,29.7665,62.4494
17920000,35.1632,6.74721e-15,29.7267,62.4805
17925000,38.0918,0.267135,29.7595,62.4454
17930000,39.6464,0.19398,29.768,62.5354
17935000,36.5982,6.33841e-15,29.7683,62.4935
17940000,33.7844,6.20773e-15,29.7754,62.3891
17945000,36.5982,0.367879,29.7658,62.4058
17950000,39.6464,0.135335,29.7671,62.3923
17955000,35.1632,0.19398,29.7595,62.5252
17960000,35.1632,0.236928,29.7446,62.4546
17965000,33.7844,5.59363e-15,29.7905,62.3461
17970000,36.5982,5.4783e-15,29.7606,62.4452
17975000,32.4597,0.135335,29.7946,62.4675
17980000,32.4597,5.25473e-15,29.77,62.3968
17985000,31.187,5.14639e-15,29.7563,62.4705
17990000,31.187,0.382893,29.7953,62.4353
17995000,36.5982,4.93636e-15,29.7996,62.3555
18000000,31.187,0.186374,29.8,62.3287
18005000,33.7844,0.313486,29.7801,62.3512
18010000,36.5982,4.63728e-15,29.7444,62.4022
18015000,38.0918,4.54167e-15,29.7683,62.4212
18020000,38.0918,0.227638,29.815,62.4119
18025000,35.1632,0.339596,29.733,62.3589
18030000,36.5982,4.26651e-15,29.8054,62.3646
18035000,32.4597,4.17854e-15,29.7775,62.3482
18040000,33.7844,4.09239e-15,29.8034,62.4206
18045000,33.7844,4.00801e-15,29.8055,62.3793
18050000,32.4597,0.414783,29.7693,62.3116
18055000,32.4597,0.431711,29.8133,62.4418
18060000,31.187,3.76518e-15,29.7922,62.3532
18065000,33.7844,0.467666,29.7901,62.3022
18070000,32.4597,3.61152e-15,29.8142,62.3659
18075000,31.187,0.15259,29.786,62.2888
18080000,29.9641,3.46413e-15,29.7835,62.3748
18085000,29.9641,0.431711,29.7993,62.2919
18090000,33.7844,0.115325,29.7808,62.3908
18095000,33.7844,3.25425e-15,29.7769,62.362
18100000,32.4597,3.18715e-15,29.7966,62.3944
18105000,33.7844,3.12144e-15,29.8124,62.2743
18110000,29.9641,3.05709e-15,29.7692,62.333
18115000,36.5982,2.99405e-15,29.8115,62.3568
18120000,35.1632,2.93232e-15,29.7646,62.3465
18125000,35.1632,0.32628,29.8193,62.342
18130000,35.1632,2.81265e-15,29.805,62.2334
18135000,36.5982,2.75466e-15,29.7675,62.3816
18140000,31.187,2.69787e-15,29.791,62.2808
18145000,32.4597,2.64224e-15,29.7545,62.3426
18150000,33.7844,2.58777e-15,29.7978,62.241
18155000,36.5982,2.53441e-15,29.8087,62.2411
18160000,33.7844,2.48216e-15,29.8107,62.3184
18165000,35.1632,0.313486,29.7992,62.3476
18170000,32.4597,2.38086e-15,29.8068,62.2589
18175000,31.187,0.486752,29.7917,62.2927
18180000,32.4597,2.2837e-15,29.861,62.2818
18185000,27.6604,2.23661e-15,29.8245,62.3562
18190000,28.7892,0.201897,29.7964,62.307
18195000,33.7844,0.165299,29.8228,62.2437
18200000,32.4597,2.1011e-15,29.8191,62.2869
18205000,33.7844,2.05778e-15,29.8085,62.2866
18210000,33.7844,0.227638,29.8037,62.2194
18215000,33.7844,0.130029,29.8302,62.1689
18220000,35.1632,1.93311e-15,29.8009,62.2184
18225000,28.7892,0.165299,29.8216,62.2377
18230000,29.9641,1.85422e-15,29.82,62.3081
18235000,27.6604,0.301194,29.8088,62.26
18240000,35.1632,1.77854e-15,29.8035,62.2253
18245000,31.187,0.246597,29.8295,62.2252
18250000,28.7892,1.70596e-15,29.8115,62.2693
18255000,31.187,0.506617,29.8088,62.3218
18260000,38.0918,1.63634e-15,29.8442,62.2731
18265000,27.6604,1.6026e-15,29.8268,62.2871
18270000,31.187,1.56956e-15,29.8315,62.3149
18275000,31.187,0.267135,29.8302,62.2979
18280000,32.4597,0.289384,29.8202,62.2361
18285000,33.7844,0.236928,29.7985,62.2482
18290000,27.6604,0.102284,29.81,62.2056
18295000,33.7844,1.41429e-15,29.8488,62.1931
18300000,31.187,1.38513e-15,29.8196,62.274
18305000,29.9641,0.110803,29.8383,62.211
18310000,33.7844,1.3286e-15,29.8105,62.166
18315000,28.7892,0.179066,29.8447,62.2085
18320000,31.187,0.186374,29.8408,62.251
18325000,33.7844,1.24811e-15,29.8337,62.1131
18330000,31.187,0.19398,29.8237,62.2667
18335000,26.5758,1.19717e-15,29.8327,62.1118
18340000,29.9641,0.12493,29.87,62.1257
18345000,29.9641,1.14831e-15,29.8683,62.1627
18350000,28.7892,0.102284,29.8366,62.2197
18355000,27.6604,0.19398,29.8638,62.1796
18360000,29.9641,1.07874e-15,29.8383,62.2391
18365000,33.7844,1.0565e-15,29.8535,62.1786
18370000,31.187,0.146607,29.8312,62.1833
18375000,28.7892,1.01338e-15,29.8456,62.1882
18380000,28.7892,0.120032,29.8247,62.1044
18385000,31.187,0.12493,29.8291,62.1742
18390000,24.5325,0.186374,29.8389,62.1465
18395000,27.6604,9.32358e-16,29.8702,62.2031
18400000,31.187,9.13135e-16,29.8438,62.1776
18405000,22.6464,8.94308e-16,29.8448,62.1227
18410000,28.7892,0.135335,29.8819,62.1991
18415000,27.6604,8.57811e-16,29.8237,62.2394
18420000,26.5758,8.40125e-16,29.8318,62.1567
18425000,31.187,0.278037,29.8519,62.0864
18430000,26.5758,8.05839e-16,29.8628,62.0671
18435000,25.5337,7.89224e-16,29.857,62.0698
18440000,26.5758,7.72952e-16,29.8782,62.0177
18445000,27.6604,7.57016e-16,29.8269,62.0573
18450000,28.7892,0.278037,29.8803,62.0634
18455000,25.5337,0.210136,29.8506,62.1448
18460000,25.5337,0.201897,29.8718,62.1045
18465000,27.6604,0.278037,29.8335,62.0995
18470000,29.9641,0.353455,29.8816,62.1144
18475000,28.7892,6.68064e-16,29.9015,62.0064
18480000,27.6604,0.571209,29.8615,62.1256
18485000,24.5325,6.408e-16,29.8492,62.1003
18490000,25.5337,6.27588e-16,29.9008,62.1629
18495000,25.5337,0.289384,29.8629,62.1677
18500000,25.5337,6.01976e-16,29.8915,62.0817
18505000,25.5337,0.172045,29.8523,62.084
18510000,28.7892,5.77409e-16,29.8604,62.1166
18515000,26.5758,0.398519,29.8984,62.0824
18520000,29.9641,0.431711,29.8861,62.0215
18525000,26.5758,0.486752,29.8751,62.036
18530000,25.5337,0.414783,29.8693,62.0938
18535000,26.5758,5.20289e-16,29.8803,62.1212
18540000,28.7892,5.09561e-16,29.8816,62.0357
18545000,23.5706,0.301194,29.8642,61.912
18550000,29.9641,0.130029,29.8666,62.0473
18555000,28.7892,4.78689e-16,29.8792,61.9854
18560000,22.6464,4.68819e-16,29.896,61.9738
18565000,25.5337,4.59153e-16,29.8866,61.9853
18570000,25.5337,0.267135,29.8639,61.9825
18575000,26.5758,4.40415e-16,29.8982,62.0012
18580000,25.5337,0.278037,29.8507,62.0783
18585000,27.6604,0.218712,29.8902,62.0767
18590000,26.5758,0.289384,29.8942,61.967
18595000,25.5337,0.15259,29.8535,62.0493
18600000,25.5337,0.414783,29.9206,61.9555
18605000,24.5325,0.130029,29.9038,61.995
18610000,22.6464,0.179066,29.884,61.9704
18615000,25.5337,3.72803e-16,29.9016,61.9695
18620000,28.7892,0.15259,29.8808,61.9951
18625000,27.6604,3.57589e-16,29.8723,61.9767
18630000,25.5337,3.50216e-16,29.8853,62.0107
18635000,27.6604,0.236928,29.8931,61.9151
18640000,29.9641,3.35924e-16,29.8977,61.9767
18645000,26.5758,3.28998e-16,29.8768,61.9314
18650000,20.9052,0.236928,29.8866,62.0428
18655000,25.5337,3.15571e-16,29.9384,62.0286
18660000,26.5758,0.353455,29.8553,61.9887
18665000,22.6464,0.313486,29.8804,61.9611
18670000,24.5325,0.256661,29.877,61.9438
18675000,28.7892,2.90339e-16,29.9074,61.9969
18680000,26.5758,2.84353e-16,29.9048,62.0314
18685000,27.6604,2.7849e-16,29.8839,62.0444
18690000,26.5758,0.382893,29.8948,61.9762
18695000,28.7892,2.67125e-16,29.8971,61.9806
18700000,26.5758,2.61618e-16,29.9144,62.0133
18705000,25.5337,2.56224e-16,29.9122,61.9542
18710000,25.5337,2.50941e-16,29.9188,61.9415
18715000,24.5325,0.172045,29.9363,61.998
18720000,21.7584,0.267135,29.9163,61.8496
18725000,27.6604,2.35737e-16,29.929,61.8885
18730000,20.0855,2.30877e-16,29.9565,61.8908
18735000,28.7892,0.201897,29.8889,61.8458
18740000,24.5325,2.21455e-16,29.9574,61.9236
18745000,20.9052,2.16889e-16,29.8943,61.8877
18750000,27.6604,0.19398,29.9252,61.911
18755000,23.5706,0.130029,29.9268,61.8997
18760000,24.5325,0.227638,29.9381,61.9361
18765000,23.5706,0.339596,29.9216,61.8764
18770000,25.5337,1.95433e-16,29.921,61.848
18775000,26.5758,0.246597,29.9076,61.899
18780000,27.6604,0.186374,29.8908,61.9719
18785000,24.5325,0.414783,29.9362,61.8046
18790000,22.6464,1.79807e-16,29.9299,61.8321
18795000,23.5706,0.12493,29.9171,61.8901
18800000,21.7584,0.227638,29.9287,61.8581
18805000,26.5758,0.467666,29.8804,61.8324
18810000,29.9641,0.186374,29.9318,61.8801
18815000,23.5706,0.102284,29.9412,61.9229
18820000,20.9052,0.506617,29.9454,61.8707
18825000,23.5706,1.55407e-16,29.8977,61.8249
18830000,26.5758,1.52203e-16,29.945,61.855
18835000,21.7584,1.49065e-16,29.9491,61.8473
18840000,21.7584,0.289384,29.9305,61.8274
18845000,23.5706,1.42982e-16,29.9075,61.9224
18850000,26.5758,0.313486,29.9513,61.9688
18855000,22.6464,1.37147e-16,29.9326,61.9211
18860000,25.5337,0.382893,29.92,61.8447
18865000,24.5325,1.3155e-16,29.9416,61.8629
18870000,25.5337,1.28837e-16,29.9641,61.7716
18875000,26.5758,0.130029,29.9668,61.7602
18880000,25.5337,0.236928,29.9402,61.7807
18885000,23.5706,0.110803,29.9481,61.8833
18890000,21.7584,1.18536e-16,29.972,61.7833
18895000,26.5758,1.16092e-16,29.9059,61.8081
18900000,25.5337,0.210136,29.9264,61.7923
18905000,21.7584,1.11354e-16,29.9404,61.7881
18910000,19.298,0.256661,29.9499,61.782
18915000,24.5325,1.0681e-16,29.9574,61.8441
18920000,27.6604,0.382893,29.9544,61.7817
18925000,20.9052,0.256661,29.9425,61.6786
18930000,22.6464,0.218712,29.9209,61.8423
18935000,24.5325,9.82698e-17,29.9209,61.6967
18940000,22.6464,9.62437e-17,29.9928,61.8011
18945000,25.5337,9.42594e-17,29.9738,61.7943
18950000,24.5325,9.2316e-17,29.9572,61.6885
18955000,21.7584,0.15259,29.9521,61.8125
18960000,19.298,8.85485e-17,29.964,61.8193
18965000,29.9641,8.67228e-17,30.0042,61.7777
18970000,22.6464,0.179066,29.9135,61.7801
18975000,25.5337,8.31836e-17,29.9821,61.6705
18980000,27.6604,8.14686e-17,29.9578,61.7785
18985000,20.9052,7.97889e-17,29.9426,61.7651
18990000,24.5325,7.81438e-17,29.998,61.7287
18995000,23.5706,0.313486,29.9466,61.7359
19000000,23.5706,7.49547e-17,29.9858,61.7093
19005000,22.6464,0.201897,29.9574,61.6824
19010000,23.5706,7.18958e-17,29.9803,61.6627
19015000,26.5758,0.165299,29.991,61.743
19020000,21.7584,0.158817,30.0075,61.6774
19025000,24.5325,6.75398e-17,29.951,61.7812
19030000,20.9052,6.61473e-17,29.9799,61.6992
19035000,22.6464,0.398519,29.9862,61.6226
19040000,23.5706,6.34478e-17,29.9641,61.7451
19045000,22.6464,6.21396e-17,29.9871,61.8177
19050000,24.5325,0.179066,29.9884,61.686
19055000,21.7584,5.96037e-17,29.9937,61.7379
19060000,25.5337,5.83748e-17,29.9549,61.7287
19065000,22.6464,5.71712e-17,29.984,61.6936
19070000,22.6464,0.726149,29.9765,61.6273
19075000,22.6464,0.165299,29.9864,61.6257
19080000,20.9052,5.37074e-17,30.0011,61.6295
19085000,24.5325,0.140858,29.974,61.6076
19090000,20.0855,5.15156e-17,29.9742,61.6189
19095000,25.5337,0.301194,30.0256,61.6624
19100000,20.9052,0.15259,29.9724,61.689
19105000,25.5337,0.165299,29.9814,61.6555
19110000,18.5413,0.218712,30.0015,61.7033
19115000,24.5325,0.527292,29.9878,61.6811
19120000,28.7892,0.353455,29.9823,61.6745
19125000,24.5325,0.256661,30.0204,61.7404
19130000,23.5706,4.3607e-17,30.0185,61.6301
19135000,27.6604,0.236928,29.9618,61.6127
19140000,20.0855,4.18274e-17,29.9407,61.6643
19145000,21.7584,4.0965e-17,29.9961,61.6508
19150000,22.6464,4.01204e-17,29.9623,61.6781
19155000,25.5337,0.278037,29.986,61.6407
19160000,22.6464,0.115325,29.9912,61.677
19165000,21.7584,0.267135,29.9819,61.612
19170000,19.298,0.246597,30.0139,61.6542
19175000,22.6464,0.398519,29.9903,61.6515
19180000,15.1803,3.54061e-17,30.0043,61.6493
19185000,22.6464,3.46761e-17,29.9943,61.5916
19190000,20.9052,0.102284,30.0146,61.6068
19195000,20.0855,0.106459,30.0105,61.7009
19200000,22.6464,0.548812,30.0196,61.5657
19205000,21.7584,3.19035e-17,30.0447,61.5487
19210000,20.0855,0.301194,29.9765,61.5307
19215000,22.6464,0.120032,29.9981,61.6998
19220000,25.5337,2.99706e-17,30.0286,61.6451
19225000,22.6464,2.93527e-17,30.0133,61.6104
19230000,20.9052,2.87475e-17,30.0021,61.6194
19235000,20.9052,0.102284,29.984,61.5857
19240000,19.298,0.32628,30.0281,61.5269
19245000,20.0855,0.158817,30.0182,61.6296
19250000,19.298,2.6449e-17,29.9828,61.6416
19255000,17.8143,0.135335,30.0121,61.6563
19260000,20.0855,0.135335,30.0137,61.5877
19265000,20.9052,2.48465e-17,30.0201,61.6339
19270000,22.6464,0.449329,30.0136,61.5874
19275000,21.7584,0.267135,30.008,61.5685
19280000,23.5706,2.33411e-17,30.0322,61.5054
19285000,21.7584,2.28599e-17,30.0366,61.5869
19290000,17.8143,0.236928,29.9997,61.5434
19295000,26.5758,0.115325,29.994,61.4824
19300000,23.5706,0.571209,30.0094,61.5732
19305000,20.0855,0.165299,30.0639,61.5361
19310000,20.9052,2.05985e-17,30.041,61.5426
19315000,24.5325,0.130029,30.0506,61.513
19320000,18.5413,0.140858,30.0435,61.5854
19325000,20.9052,0.186374,30.0473,61.5963
19330000,15.7998,0.110803,30.0248,61.4842
19335000,22.6464,0.146607,30.0391,61.5071
19340000,22.6464,1.81781e-17,30.0269,61.5804
19345000,19.298,0.201897,30.0372,61.4598
19350000,20.9052,0.246597,30.018,61.4631
19355000,21.7584,1.70767e-17,30.0486,61.5319
19360000,19.298,1.67247e-17,30.0573,61.4466
19365000,20.9052,0.146607,30.0487,61.4836
19370000,21.7584,1.60421e-17,30.0226,61.409
19375000,17.8143,1.57114e-17,30.0355,61.5039
19380000,20.0855,0.172045,30.0207,61.5091
19385000,20.9052,0.186374,30.0816,61.5491
19390000,18.5413,1.47595e-17,30.0489,61.4897
19395000,20.0855,1.44551e-17,30.0427,61.5442
19400000,20.0855,0.414783,30.0445,61.4246
19405000,20.9052,1.38652e-17,30.0344,61.3865
19410000,21.7584,1.35794e-17,30.0208,61.4704
19415000,20.0855,0.289384,30.0562,61.5056
19420000,23.5706,1.30252e-17,30.0382,61.4712
19425000,21.7584,0.313486,30.0528,61.4626
19430000,19.298,0.227638,30.0289,61.5091
19435000,16.4446,1.2236e-17,30.0114,61.4455
19440000,19.298,1.19837e-17,30.0929,61.4511
19445000,14.5851,0.506617,30.0456,61.4524
19450000,19.298,0.186374,30.0471,61.3945
19455000,19.298,0.165299,30.0392,61.4431
19460000,20.0855,0.227638,30.046,61.4817
19465000,20.0855,0.236928,30.0913,61.4623
19470000,17.8143,1.05756e-17,30.0491,61.4062
19475000,17.1158,0.218712,30.0541,61.4062
19480000,18.5413,0.210136,30.0207,61.4442
19485000,15.1803,9.93487e-18,30.0962,61.4141
19490000,20.0855,9.73003e-18,30.0864,61.3651
19495000,20.0855,9.52942e-18,30.0528,61.5184
19500000,20.9052,0.301194,30.0523,61.4287
19505000,18.5413,9.14052e-18,30.0642,61.3783
19510000,15.1803,8.95206e-18,30.0889,61.3715
19515000,17.8143,8.76749e-18,30.0803,61.4638
19520000,23.5706,8.58672e-18,30.094,61.4542
19525000,16.4446,0.218712,30.0591,61.4017
19530000,17.1158,8.23629e-18,30.0742,61.4771
19535000,23.5706,8.06648e-18,30.0879,61.4765
19540000,19.298,7.90017e-18,30.0538,61.4347
19545000,15.7998,0.19398,30.0918,61.3832
19550000,17.8143,0.115325,30.0382,61.4361
19555000,22.6464,0.115325,30.0895,61.4059
19560000,17.8143,7.2685e-18,30.0453,61.4278
19565000,17.8143,7.11864e-18,30.0793,61.349
19570000,21.7584,6.97187e-18,30.0582,61.4319
19575000,17.8143,0.146607,30.1178,61.4166
19580000,21.7584,6.68735e-18,30.0761,61.3255
19585000,18.5413,6.54947e-18,30.064,61.3803
19590000,19.298,0.165299,30.0959,61.4074
19595000,17.1158,6.28218e-18,30.0633,61.436
19600000,19.298,6.15266e-18,30.0693,61.1849
19605000,17.8143,0.201897,30.1035,61.4718
19610000,16.4446,5.90156e-18,30.0879,61.3331
19615000,16.4446,0.339596,30.1041,61.3451
19620000,17.8143,0.140858,30.0861,61.367
19625000,17.8143,0.256661,30.073,61.3241
19630000,17.1158,0.110803,30.0993,61.2563
19635000,20.9052,5.31775e-18,30.0474,61.3606
19640000,18.5413,0.301194,30.0713,61.4146
19645000,21.7584,5.10073e-18,30.0834,61.3951
19650000,18.5413,4.99557e-18,30.0302,61.2821
19655000,17.1158,0.301194,30.095,61.2384
19660000,19.298,0.246597,30.0754,61.2014
19665000,17.8143,0.186374,30.0559,61.2707
19670000,17.1158,4.59614e-18,30.0896,61.2974
19675000,19.298,0.267135,30.0628,61.2342
19680000,20.9052,0.179066,30.1064,61.2242
19685000,22.6464,0.449329,30.0682,61.3318
19690000,15.1803,4.22865e-18,30.0615,61.2304
19695000,20.0855,4.14147e-18,30.1248,61.2898
19700000,15.7998,4.05608e-18,30.0861,61.2758
19705000,15.7998,0.313486,30.1027,61.1672
19710000,19.298,0.246597,30.0939,61.3521
19715000,20.0855,0.218712,30.0987,61.2915
19720000,16.4446,0.227638,30.0748,61.1879
19725000,12.4286,3.65483e-18,30.093,61.338
19730000,20.0855,3.57948e-18,30.0782,61.2439
19735000,18.5413,3.50568e-18,30.1195,61.2209
19740000,17.8143,0.256661,30.1321,61.2352
19745000,20.0855,0.140858,30.1432,61.2343
19750000,16.4446,3.29328e-18,30.1229,61.3151
19755000,20.0855,0.236928,30.114,61.322
19760000,18.5413,0.301194,30.0874,61.2288
19765000,14.5851,3.09375e-18,30.1107,61.1526
19770000,17.1158,3.02996e-18,30.1158,61.322
19775000,14.5851,0.135335,30.1023,61.2051
19780000,18.5413,2.90631e-18,30.103,61.244
19785000,18.5413,0.19398,30.0642,61.184
19790000,16.4446,2.7877e-18,30.1237,61.1772
19795000,18.5413,0.382893,30.1251,61.2471
19800000,17.1158,2.67393e-18,30.1433,61.2179
19805000,15.7998,0.246597,30.1217,61.1765
19810000,17.1158,2.56481e-18,30.1072,61.1846
19815000,15.1803,2.51193e-18,30.1342,61.2155
19820000,17.1158,2.46014e-18,30.1302,61.1564
19825000,17.8143,2.40941e-18,30.1033,61.2235
19830000,14.0132,2.35974e-18,30.1052,61.2275
19835000,17.1158,2.31109e-18,30.1531,61.1448
19840000,20.0855,2.26344e-18,30.1455,61.1374
19845000,17.1158,2.21677e-18,30.1229,61.2023
19850000,20.9052,0.115325,30.1247,61.2951
19855000,19.298,2.1263e-18,30.1093,61.1096
19860000,21.7584,0.106459,30.1347,61.1387
19865000,12.4286,2.03953e-18,30.1252,61.1415
19870000,17.8143,1.99747e-18,30.1113,61.1939
19875000,18.5413,0.158817,30.1122,61.1691
19880000,15.7998,1.91596e-18,30.1224,61.2015
19885000,17.1158,0.172045,30.1736,61.1593
19890000,18.5413,1.83777e-18,30.134,61.1364
19895000,11.473,0.218712,30.1346,61.1419
19900000,17.1158,1.76277e-18,30.135,61.0853
19905000,17.1158,1.72642e-18,30.169,61.1445
19910000,15.1803,1.69083e-18,30.1489,61.2334
19915000,17.1158,0.106459,30.1382,61.231
19920000,17.1158,1.62182e-18,30.1421,61.1928
19925000,16.4446,0.353455,30.1606,61.2099
19930000,18.5413,1.55564e-18,30.1436,61.1524
19935000,14.5851,0.186374,30.1112,61.1848
19940000,15.1803,1.49215e-18,30.1738,61.1953
19945000,15.1803,1.46138e-18,30.1255,61.0988
19950000,18.5413,1.43125e-18,30.1584,61.0934
19955000,14.0132,0.431711,30.0999,61.0994
19960000,17.1158,1.37284e-18,30.1263,61.1234
19965000,14.5851,1.34454e-18,30.1411,61.0362
19970000,16.4446,1.31682e-18,30.1638,61.1238
19975000,16.4446,1.28967e-18,30.1115,61.0678
19980000,13.4637,1.26308e-18,30.1362,61.1549
19985000,17.1158,0.218712,30.154,61.1372
19990000,15.1803,0.486752,30.1656,61.1186
19995000,16.4446,0.227638,30.1755,61.1199
20000000,11.9413,1.16209e-18,30.1865,61.0409
20005000,13.4637,0.32628,30.1553,61.084
20010000,15.7998,0.353455,30.1687,61.0015
20015000,10.591,1.09168e-18,30.1238,61.0758
20020000,14.5851,1.06917e-18,30.1656,61.0533
20025000,12.9358,0.158817,30.1409,61.0113
20030000,20.0855,0.571209,30.1573,61.1382
20035000,17.1158,1.00439e-18,30.1825,61.1072
20040000,17.1158,0.165299,30.14,61.0579
20045000,12.9358,9.63404e-19,30.174,61.0875
20050000,18.5413,0.140858,30.1903,61.1612
20055000,17.8143,0.210136,30.129,61.171
20060000,18.5413,9.05034e-19,30.1559,61.0389
20065000,12.9358,8.86374e-19,30.1872,61.0469
20070000,12.4286,0.15259,30.1853,61.0445
20075000,16.4446,0.398519,30.1838,61.0831
20080000,12.4286,8.32671e-19,30.175,61.0306
20085000,11.0232,8.15504e-19,30.1777,61.0297
20090000,17.8143,0.179066,30.2115,61.0667
20095000,13.4637,7.82222e-19,30.1786,61.0264
20100000,14.5851,7.66095e-19,30.1549,61.0814
20105000,19.298,0.115325,30.1812,61.0534
20110000,17.8143,0.172045,30.1715,60.993
20115000,14.5851,7.19679e-19,30.1768,61.0393
20120000,15.7998,7.04841e-19,30.1953,60.9962
20125000,15.7998,0.15259,30.178,61.0058
20130000,17.8143,6.76076e-19,30.1948,60.9562
20135000,18.5413,0.140858,30.2164,61.0664
20140000,15.7998,6.48485e-19,30.2061,61.0557
20145000,11.473,0.110803,30.186,60.9829
20150000,14.5851,6.2202e-19,30.1665,60.9232
20155000,13.4637,0.0982736,30.1861,60.9635
20160000,15.1803,0.210136,30.1461,60.9495
20165000,19.298,0.19398,30.2055,60.9731
20170000,12.4286,0.165299,30.1915,61.0621
20175000,17.8143,5.60487e-19,30.1659,61.0138
20180000,11.0232,0.110803,30.2095,60.9122
20185000,11.9413,5.37613e-19,30.1788,60.9769
20190000,12.4286,5.26529e-19,30.2153,61.0043
20195000,20.9052,0.367879,30.1891,61.0599
20200000,17.8143,5.05041e-19,30.1678,61.0208
20205000,14.0132,0.130029,30.1907,60.9819
20210000,13.4637,0.353455,30.2077,60.9354
20215000,12.9358,4.74442e-19,30.174,60.8531
20220000,11.9413,4.6466e-19,30.1995,60.9228
20225000,15.1803,4.5508e-19,30.1899,61.0045
20230000,15.7998,4.45697e-19,30.1963,60.8994
20235000,10.591,4.36508e-19,30.2015,60.9153
20240000,13.4637,0.246597,30.1726,60.9809
20245000,16.4446,0.32628,30.238,60.9901
20250000,17.8143,4.10061e-19,30.1943,60.97
20255000,14.5851,4.01606e-19,30.2406,60.9151
20260000,15.1803,0.289384,30.188,61.0552
20265000,17.1158,0.227638,30.2224,60.8989
20270000,19.298,0.382893,30.2563,60.9725
20275000,17.8143,0.186374,30.1966,60.9763
20280000,10.591,3.61878e-19,30.2247,61.0005
20285000,12.4286,0.146607,30.2009,60.899
20290000,15.1803,0.146607,30.2131,60.9466
20295000,17.1158,0.210136,30.2164,60.8966
20300000,15.7998,3.32943e-19,30.2108,60.852
20305000,15.1803,0.165299,30.2293,60.8936
20310000,10.1757,0.32628,30.2398,60.8769
20315000,16.4446,3.12771e-19,30.2172,60.9865
20320000,10.591,3.06323e-19,30.2254,60.9272
20325000,12.9358,3.00007e-19,30.2459,60.9057
20330000,11.9413,0.218712,30.2012,60.89
20335000,16.4446,2.87764e-19,30.224,60.8722
20340000,11.0232,2.8183e-19,30.232,60.8732
20345000,14.0132,0.165299,30.242,60.8759
20350000,17.1158,2.70329e-19,30.2086,60.9287
20355000,13.4637,0.140858,30.2379,60.7847
20360000,14.5851,2.59297e-19,30.2483,60.871
20365000,9.39333,0.140858,30.2374,60.8992
20370000,17.1158,2.48715e-19,30.2239,60.927
20375000,19.298,2.43587e-19,30.2496,60.9232
20380000,18.5413,2.38564e-19,30.2497,60.8826
20385000,14.5851,0.353455,30.2403,60.8062
20390000,14.5851,2.28828e-19,30.2234,60.9275
20395000,11.0232,0.102284,30.2075,60.8466
20400000,14.0132,2.1949e-19,30.2423,60.8464
20405000,16.4446,0.115325,30.2529,60.7746
20410000,17.1158,0.110803,30.2332,60.8036
20415000,15.7998,2.06192e-19,30.2598,60.8285
20420000,14.0132,2.0194e-19,30.204,60.8489
20425000,14.5851,0.19398,30.2588,60.9018
20430000,14.0132,0.172045,30.2492,60.867
20435000,19.298,0.227638,30.2458,60.7461
20440000,19.298,1.85794e-19,30.2726,60.7208
20445000,20.0855,0.165299,30.2422,60.8583
20450000,13.4637,0.278037,30.2815,60.8263
20455000,15.7998,1.74537e-19,30.2393,60.9201
20460000,12.9358,1.70939e-19,30.2438,60.8108
20465000,13.4637,0.210136,30.2325,60.7675
20470000,11.9413,0.130029,30.2538,60.8976
20475000,15.7998,1.60582e-19,30.2908,60.8439
20480000,13.4637,0.236928,30.2437,60.8349
20485000,15.7998,0.15259,30.2312,60.8313
20490000,15.7998,1.50853e-19,30.2406,60.8437
20495000,11.9413,1.47743e-19,30.2564,60.839
20500000,16.4446,0.367879,30.2512,60.7447
20505000,9.39333,1.41713e-19,30.3014,60.8191
20510000,11.0232,0.110803,30.2988,60.7426
20515000,15.1803,1.3593e-19,30.3115,60.8109
20520000,16.4446,0.339596,30.2919,60.7689
20525000,11.473,0.172045,30.2826,60.7711
20530000,14.5851,0.289384,30.2566,60.8309
20535000,13.4637,0.158817,30.2726,60.6972
20540000,12.9358,1.22483e-19,30.2597,60.839
20545000,13.4637,1.19958e-19,30.2297,60.7244
20550000,12.9358,0.367879,30.2666,60.7429
20555000,14.5851,1.15062e-19,30.2353,60.7708
20560000,13.4637,0.236928,30.3003,60.7075
20565000,9.77668,0.367879,30.2842,60.7439
20570000,11.0232,0.313486,30.3356,60.6186
20575000,14.5851,1.05862e-19,30.2759,60.6854
20580000,13.4637,0.236928,30.2725,60.6939
20585000,9.77668,0.571209,30.2443,60.7974
20590000,11.9413,0.267135,30.2707,60.7429
20595000,14.0132,9.7398e-20,30.2221,60.7137
20600000,11.473,9.53899e-20,30.2695,60.7556
20605000,19.298,0.382893,30.2978,60.7467
20610000,17.8143,0.256661,30.278,60.6869
20615000,6.82096,8.96105e-20,30.3078,60.6197
20620000,14.5851,0.339596,30.2933,60.6461
20625000,11.9413,8.59534e-20,30.2757,60.6974
20630000,11.9413,8.41813e-20,30.267,60.634
20635000,13.4637,8.24456e-20,30.3103,60.6733
20640000,10.1757,0.431711,30.2677,60.637
20645000,14.5851,0.246597,30.2877,60.7051
20650000,11.0232,7.74505e-20,30.2668,60.6759
20655000,12.9358,0.106459,30.2505,60.6789
20660000,12.4286,7.42897e-20,30.2916,60.7089
20665000,11.0232,0.278037,30.2644,60.6372
20670000,11.9413,7.12579e-20,30.2791,60.6589
20675000,12.9358,0.218712,30.3215,60.6727
20680000,13.4637,6.83498e-20,30.3043,60.6613
20685000,15.1803,0.278037,30.2984,60.5883
20690000,9.77668,6.55604e-20,30.2922,60.6787
20695000,13.4637,6.42087e-20,30.3101,60.7588
20700000,10.1757,0.227638,30.2822,60.607
20705000,9.39333,0.140858,30.2941,60.6478
20710000,12.9358,0.398519,30.3016,60.6163
20715000,14.5851,0.130029,30.3132,60.6712
20720000,13.4637,0.353455,30.3223,60.6577
20725000,17.1158,0.146607,30.2966,60.6657
20730000,12.9358,0.267135,30.3091,60.6458
20735000,9.39333,0.106459,30.2986,60.6133
20740000,10.1757,0.414783,30.3238,60.6326
20745000,11.473,5.21334e-20,30.3187,60.6784
20750000,15.1803,0.236928,30.2974,60.607
20755000,11.473,5.00058e-20,30.3045,60.5498
20760000,11.9413,0.102284,30.2754,60.6129
20765000,10.591,0.313486,30.2864,60.6397
20770000,10.1757,0.130029,30.3428,60.6742
20775000,9.39333,0.218712,30.3184,60.6586
20780000,12.9358,0.201897,30.3434,60.5689
20785000,11.9413,0.236928,30.3124,60.6546
20790000,9.77668,0.165299,30.2756,60.6434
20795000,14.5851,0.594521,30.3164,60.6091
20800000,9.77668,0.289384,30.312,60.6127
20805000,11.0232,0.158817,30.3355,60.5815
20810000,14.0132,3.97644e-20,30.3285,60.5898
20815000,14.0132,3.89446e-20,30.3284,60.5635
20820000,11.0232,3.81416e-20,30.3146,60.5333
20825000,11.0232,3.73552e-20,30.3216,60.4681
20830000,10.591,0.267135,30.3236,60.6167
20835000,11.9413,3.58307e-20,30.319,60.6283
20840000,12.9358,3.5092e-20,30.2735,60.6234
20845000,15.1803,0.179066,30.3224,60.5943
20850000,14.5851,3.36599e-20,30.3246,60.6317
20855000,12.9358,0.367879,30.3019,60.5324
20860000,11.473,0.201897,30.346,60.5463
20865000,9.77668,3.16205e-20,30.2949,60.5815
20870000,9.77668,0.431711,30.3478,60.6356
20875000,9.77668,3.03301e-20,30.3385,60.6128
20880000,13.4637,0.467666,30.3567,60.5396
20885000,11.9413,0.218712,30.2809,60.5819
20890000,10.1757,0.289384,30.3162,60.5366
20895000,15.1803,2.7905e-20,30.3233,60.5062
20900000,9.39333,0.414783,30.3449,60.5222
20905000,12.4286,0.246597,30.321,60.5073
20910000,11.9413,0.256661,30.3209,60.5405
20915000,10.591,2.56738e-20,30.3662,60.5324
20920000,14.0132,2.51445e-20,30.3669,60.5302
20925000,9.77668,0.15259,30.3666,60.5435
20930000,14.0132,2.41183e-20,30.3868,60.5547
20935000,8.67114,0.313486,30.3699,60.4981
20940000,17.8143,0.130029,30.3381,60.5036
20945000,6.82096,2.26571e-20,30.3171,60.4252
20950000,14.5851,0.353455,30.3709,60.5514
20955000,13.4637,2.17324e-20,30.3434,60.4381
20960000,11.9413,0.19398,30.3432,60.4251
20965000,8.00447,2.08455e-20,30.3371,60.5103
20970000,7.69061,0.256661,30.3853,60.496
20975000,8.67114,1.99948e-20,30.3725,60.5094
20980000,9.39333,0.110803,30.3447,60.5241
20985000,11.473,1.91788e-20,30.3395,60.3973
20990000,12.9358,1.87834e-20,30.3798,60.483
20995000,13.4637,0.236928,30.3614,60.6284
21000000,8.00447,0.414783,30.3582,60.5147
21005000,11.473,0.15259,30.3644,60.4572
21010000,14.0132,1.72815e-20,30.2939,60.5198
21015000,11.9413,1.69252e-20,30.3438,60.501
21020000,9.02501,0.140858,30.3359,60.4876
21025000,12.4286,1.62345e-20,30.391,60.4976
21030000,9.39333,0.218712,30.3911,60.4949
21035000,11.9413,1.5572e-20,30.3663,60.4379
21040000,8.00447,1.52509e-20,30.3601,60.4215
21045000,10.1757,1.49365e-20,30.3637,60.4382
21050000,11.473,0.115325,30.3856,60.4778
21055000,8.67114,0.120032,30.3677,60.4606
21060000,15.1803,0.527292,30.3415,60.4933
21065000,9.77668,1.37422e-20,30.3862,60.4728
21070000,9.77668,1.34589e-20,30.3554,60.4518
21075000,11.9413,1.31814e-20,30.3931,60.4626
21080000,9.77668,0.382893,30.3736,60.4987
21085000,10.1757,0.201897,30.3556,60.4455
21090000,17.1158,1.23828e-20,30.3508,60.5716
21095000,15.7998,0.218712,30.3483,60.3579
21100000,12.9358,0.210136,30.3654,60.4993
21105000,11.9413,1.16325e-20,30.3703,60.3705
21110000,16.4446,0.339596,30.3421,60.3498
21115000,11.473,0.179066,30.3798,60.3919
21120000,9.39333,0.186374,30.3863,60.4344
21125000,12.4286,0.414783,30.3882,60.4122
21130000,11.0232,1.04818e-20,30.392,60.5357
21135000,9.39333,1.02657e-20,30.3764,60.358
21140000,12.4286,1.0054e-20,30.3946,60.4562
21145000,11.0232,9.84673e-21,30.3751,60.3769
21150000,12.4286,9.64371e-21,30.4008,60.2831
21155000,12.9358,0.186374,30.3614,60.4653
21160000,6.82096,9.25014e-21,30.3893,60.4189
21165000,10.591,0.130029,30.3909,60.3036
21170000,13.4637,0.218712,30.3711,60.3101
21175000,9.02501,8.68971e-21,30.3869,60.4113
21180000,11.9413,8.51054e-21,30.4047,60.374
21185000,12.9358,8.33507e-21,30.3554,60.3636
21190000,10.1757,8.16322e-21,30.3514,60.33
21195000,11.9413,0.32628,30.3971,60.3258
21200000,7.38906,0.506617,30.4409,60.3421
21205000,8.67114,0.102284,30.3845,60.3431
21210000,10.591,0.278037,30.3753,60.3485
21215000,12.4286,7.35568e-21,30.4177,60.2629
21220000,18.5413,7.20402e-21,30.4144,60.4052
21225000,17.8143,0.256661,30.3891,60.2951
21230000,20.9052,6.91002e-21,30.3792,60.3868
21235000,23.5706,0.267135,30.4316,60.3877
21240000,20.0855,6.62802e-21,30.3909,60.394
21245000,22.6464,6.49136e-21,30.3639,60.344
21250000,22.6464,6.35752e-21,30.4012,60.3597
21255000,18.5413,0.12493,30.3711,60.3532
21260000,23.5706,6.09807e-21,30.4154,60.3272
21265000,24.5325,0.467666,30.3778,60.4218
21270000,21.7584,5.84921e-21,30.3913,60.3312
21275000,21.7584,0.210136,30.3836,60.3771
21280000,26.5758,0.115325,30.3929,60.3784
21285000,24.5325,0.179066,30.4154,60.2355
21290000,26.5758,5.38153e-21,30.4198,60.2512
21295000,25.5337,5.27057e-21,30.3664,60.2712
21300000,23.5706,0.467666,30.3892,60.3182
21305000,24.5325,0.32628,30.3731,60.3085
21310000,28.7892,0.236928,30.3828,60.2023
21315000,21.7584,4.84916e-21,30.4061,60.2984
21320000,24.5325,4.74918e-21,30.4335,60.2486
21325000,20.0855,0.236928,30.3905,60.3
21330000,21.7584,0.301194,30.4359,60.251
21335000,24.5325,0.140858,30.4214,60.3642
21340000,20.0855,0.140858,30.3955,60.3245
21345000,24.5325,4.27937e-21,30.4184,60.344
21350000,22.6464,4.19114e-21,30.4152,60.3255
21355000,22.6464,0.140858,30.4367,60.2618
21360000,25.5337,4.0201e-21,30.3988,60.2701
21365000,20.0855,3.93721e-21,30.437,60.1962
21370000,23.5706,0.382893,30.4515,60.2288
21375000,24.5325,0.146607,30.4356,60.1365
21380000,22.6464,3.69867e-21,30.3998,60.2747
21385000,27.6604,0.179066,30.4273,60.2825
21390000,17.8143,3.54772e-21,30.4375,60.3021
21395000,22.6464,3.47458e-21,30.4174,60.2456
21400000,23.5706,0.172045,30.4465,60.391
21405000,25.5337,0.527292,30.4051,60.2361
21410000,23.5706,3.26406e-21,30.4522,60.2664
21415000,25.5337,0.165299,30.3795,60.1768
21420000,26.5758,3.13085e-21,30.4325,60.3454
21425000,20.9052,0.278037,30.4264,60.2626
21430000,21.7584,3.00308e-21,30.4113,60.2608
21435000,26.5758,0.146607,30.4008,60.2539
21440000,24.5325,2.88052e-21,30.4535,60.2766
21445000,23.5706,0.431711,30.4332,60.2632
21450000,20.0855,0.313486,30.4045,60.2083
21455000,24.5325,2.706e-21,30.4121,60.2027
21460000,20.0855,0.267135,30.4188,60.1446
21465000,22.6464,2.59557e-21,30.45,60.2371
21470000,21.7584,0.313486,30.4243,60.1618
21475000,23.5706,0.449329,30.4588,60.1543
21480000,27.6604,0.120032,30.4564,60.2036
21485000,20.9052,2.38804e-21,30.4568,60.2262
21490000,24.5325,0.102284,30.4385,60.1707
21495000,25.5337,0.201897,30.4314,60.1517
21500000,25.5337,2.24335e-21,30.4244,60.1451
21505000,24.5325,2.1971e-21,30.4238,60.1599
21510000,20.9052,0.301194,30.4611,60.1951
21515000,26.5758,2.10744e-21,30.4731,60.2342
21520000,22.6464,0.313486,30.4597,60.1228
21525000,20.0855,0.140858,30.4484,60.2679
21530000,21.7584,1.97975e-21,30.4643,60.1949
21535000,24.5325,0.130029,30.4408,60.2054
21540000,19.298,0.618783,30.456,60.1726
21545000,20.9052,0.431711,30.4701,60.124
21550000,23.5706,1.82146e-21,30.4444,60.2057
21555000,23.5706,0.414783,30.4612,60.1282
21560000,29.9641,1.74713e-21,30.4925,60.1324
21565000,32.4597,0.278037,30.5022,60.0606
21570000,28.7892,0.256661,30.4649,60.1352
21575000,32.4597,0.246597,30.4352,60.1393
21580000,36.5982,1.60743e-21,30.4516,60.0862
21585000,33.7844,0.414783,30.4456,60.1888
21590000,38.0918,0.236928,30.4458,60.1653
21595000,36.5982,1.51004e-21,30.475,60.1732
21600000,32.4597,1.47891e-21,30.4667,60.1832
21605000,38.0918,1.44842e-21,30.497,60.1
21610000,36.5982,0.140858,30.4615,60.192
21615000,33.7844,1.38931e-21,30.4523,60.0906
21620000,31.187,1.36066e-21,30.4158,60.0776
21625000,29.9641,0.289384,30.5043,60.1699
21630000,33.7844,0.398519,30.4849,60.0443
21635000,32.4597,1.27823e-21,30.5056,60.0255
21640000,31.187,0.201897,30.4685,59.9974
21645000,35.1632,0.158817,30.4747,60.0784
21650000,33.7844,0.218712,30.4748,60.0972
21655000,32.4597,1.17602e-21,30.4627,60.0175
21660000,32.4597,1.15178e-21,30.4837,60.0708
21665000,33.7844,0.210136,30.4979,60.0864
21670000,36.5982,0.289384,30.4964,60.1135
21675000,33.7844,0.267135,30.5217,60.0367
21680000,31.187,0.313486,30.4775,60.0848
21685000,28.7892,0.140858,30.5037,60.1174
21690000,32.4597,1.01644e-21,30.5027,60.0813
21695000,31.187,9.95483e-22,30.4893,60.0067
21700000,28.7892,0.32628,30.4547,60.0961
21705000,31.187,0.618783,30.4555,60.1105
21710000,31.187,9.35169e-22,30.4984,60.0066
21715000,29.9641,0.398519,30.5014,60.035
21720000,28.7892,0.201897,30.4967,60.0778
21725000,31.187,0.339596,30.468,59.9912
21730000,28.7892,8.60397e-22,30.4862,59.9964
21735000,32.4597,8.42658e-22,30.4736,60.0969
21740000,31.187,0.236928,30.486,60.0139
21745000,33.7844,0.201897,30.5303,60.083
21750000,31.187,0.158817,30.4764,60.0055
21755000,29.9641,0.135335,30.4863,60.0037
21760000,27.6604,0.398519,30.5062,59.9937
21765000,29.9641,7.43643e-22,30.5046,60.0015
21770000,31.187,0.165299,30.5016,60.0497
21775000,28.7892,0.130029,30.4854,60.003
21780000,29.9641,6.98588e-22,30.5027,60.0709
21785000,28.7892,0.414783,30.4583,60.0026
21790000,25.5337,6.70078e-22,30.4851,59.9577
21795000,25.5337,0.267135,30.5318,59.9378
21800000,25.5337,6.42732e-22,30.4733,60.0034
21805000,33.7844,6.2948e-22,30.4891,59.9787
21810000,28.7892,6.16502e-22,30.5141,59.9963
21815000,28.7892,0.218712,30.5083,59.9796
21820000,31.187,5.91342e-22,30.5256,59.9902
21825000,31.187,0.135335,30.5217,59.9472
21830000,29.9641,0.367879,30.51,59.9329
21835000,27.6604,5.55514e-22,30.5102,59.8538
21840000,31.187,0.339596,30.5043,59.9146
21845000,27.6604,5.32843e-22,30.5213,59.9842
21850000,29.9641,0.246597,30.523,60.0541
21855000,28.7892,0.548812,30.5044,59.9388
21860000,28.7892,0.313486,30.5492,59.9988
21865000,27.6604,4.9024e-22,30.5035,59.9502
21870000,32.4597,0.210136,30.481,60.0036
21875000,26.5758,4.70233e-22,30.4898,59.9442
21880000,31.187,0.256661,30.5744,59.9171
21885000,31.187,0.227638,30.5393,60.0044
21890000,29.9641,0.135335,30.507,59.946
21895000,28.7892,0.353455,30.5346,59.8485
21900000,29.9641,0.158817,30.502,59.9824
21905000,28.7892,4.14979e-22,30.5376,59.9924
21910000,29.9641,4.06423e-22,30.5325,59.9506
21915000,28.7892,0.313486,30.5122,60.027
21920000,25.5337,0.353455,30.5359,59.9612
21925000,31.187,0.110803,30.5281,59.9437
21930000,31.187,0.227638,30.5509,59.9312
21935000,28.7892,0.165299,30.5208,59.9658
21940000,26.5758,0.165299,30.569,59.8118
21945000,32.4597,3.51272e-22,30.5689,59.9801
21950000,23.5706,0.179066,30.5065,59.9325
21955000,29.9641,0.146607,30.5623,59.9331
21960000,23.5706,0.382893,30.5342,59.8782
21965000,29.9641,0.172045,30.5272,59.9248
21970000,26.5758,0.236928,30.5126,59.8961
21975000,28.7892,3.09997e-22,30.5711,59.8954
21980000,24.5325,0.186374,30.5467,59.9182
21985000,27.6604,2.97345e-22,30.5578,59.9388
21990000,28.7892,0.313486,30.5385,59.9447
21995000,29.9641,2.85211e-22,30.5462,59.9359
22000000,26.5758,2.7933e-22,30.5539,59.8613
22005000,29.9641,2.73571e-22,30.5211,59.8772
22010000,28.7892,2.67931e-22,30.5595,59.8861
22015000,28.7892,0.146607,30.5791,59.9817
22020000,28.7892,0.135335,30.5191,59.8944
22025000,27.6604,0.102284,30.5672,59.8993
22030000,29.9641,0.236928,30.5509,59.8602
22035000,25.5337,2.41426e-22,30.5397,59.8693
22040000,25.5337,0.431711,30.5435,59.8133
22045000,21.7584,0.289384,30.565,59.8048
22050000,27.6604,0.179066,30.5476,59.8584
22055000,25.5337,0.339596,30.5722,59.8089
22060000,26.5758,2.17543e-22,30.5543,59.826
22065000,23.5706,0.755784,30.5846,59.8144
22070000,29.9641,0.102284,30.5768,59.8645
22075000,28.7892,0.19398,30.5526,59.8968
22080000,20.9052,0.246597,30.5454,59.8667
22085000,27.6604,1.96022e-22,30.5693,59.8014
22090000,25.5337,1.91981e-22,30.5897,59.8497
22095000,23.5706,1.88022e-22,30.5804,59.77
22100000,24.5325,1.84146e-22,30.5841,59.8636
22105000,19.298,0.339596,30.5752,59.8343
22110000,23.5706,0.367879,30.5974,59.9252
22115000,21.7584,1.72989e-22,30.5405,59.821
22120000,24.5325,0.115325,30.5704,59.8464
22125000,20.0855,0.179066,30.6132,59.7875
22130000,20.0855,1.62508e-22,30.5516,59.9092
22135000,19.298,1.59158e-22,30.5394,59.7807
22140000,25.5337,1.55876e-22,30.5343,59.8472
22145000,17.1158,0.414783,30.5824,59.8158
22150000,20.0855,0.32628,30.5748,59.7037
22155000,21.7584,0.755784,30.5646,59.8089
22160000,19.298,1.43413e-22,30.5476,59.8833
22165000,17.8143,0.32628,30.5647,59.8486
22170000,19.298,0.115325,30.5881,59.7964
22175000,17.1158,1.34724e-22,30.5336,59.6912
22180000,19.298,0.449329,30.5997,59.8161
22185000,17.1158,0.353455,30.6012,59.8129
22190000,15.1803,0.382893,30.5795,59.8335
22195000,19.298,0.486752,30.5643,59.8502
22200000,23.5706,1.21396e-22,30.6138,59.7879
22205000,18.5413,1.18893e-22,30.582,59.7832
22210000,22.6464,0.165299,30.5815,59.7391
22215000,17.1158,0.256661,30.5268,59.7542
22220000,17.8143,0.313486,30.6213,59.823
22225000,17.8143,0.256661,30.583,59.8199
22230000,14.0132,1.07132e-22,30.5743,59.771
22235000,19.298,1.04923e-22,30.5801,59.8413
22240000,20.9052,0.256661,30.5668,59.7622
22245000,12.9358,0.313486,30.6087,59.7844
22250000,18.5413,0.367879,30.5776,59.711
22255000,16.4446,0.201897,30.614,59.7656
22260000,20.0855,0.158817,30.5845,59.8859
22265000,11.9413,9.25943e-23,30.5792,59.7491
22270000,19.298,9.06852e-23,30.6272,59.7916
22275000,16.4446,8.88155e-23,30.5711,59.6745
22280000,17.1158,8.69843e-23,30.5783,59.635
22285000,17.1158,0.12493,30.5846,59.7636
22290000,14.5851,0.140858,30.6225,59.7343
22295000,12.9358,8.17142e-23,30.6152,59.7289
22300000,9.39333,8.00294e-23,30.5804,59.6509
22305000,10.591,0.210136,30.5864,59.7802
22310000,15.7998,7.67634e-23,30.5988,59.7446
22315000,11.0232,7.51807e-23,30.5758,59.7101
22320000,8.33114,7.36306e-23,30.6375,59.7137
22325000,15.1803,0.227638,30.6288,59.698
22330000,12.4286,0.32628,30.5958,59.7042
22335000,11.0232,0.172045,30.62,59.7995
22340000,14.5851,6.77434e-23,30.6101,59.7289
22345000,11.0232,6.63467e-23,30.5957,59.6973
22350000,14.5851,0.267135,30.6128,59.7323
22355000,11.9413,6.36391e-23,30.5866,59.7094
22360000,14.5851,0.431711,30.5893,59.6873
22365000,12.9358,0.130029,30.6203,59.6436
22370000,10.591,0.210136,30.6206,59.7822
22375000,11.0232,0.165299,30.6726,59.6109
22380000,11.9413,5.73436e-23,30.6202,59.7333
22385000,12.4286,5.61613e-23,30.5934,59.6958
22390000,10.591,5.50034e-23,30.6088,59.6226
22395000,12.4286,0.15259,30.635,59.6214
22400000,14.5851,5.27587e-23,30.6103,59.6087
22405000,9.02501,5.16709e-23,30.6127,59.6459
22410000,11.9413,5.06055e-23,30.6221,59.6243
22415000,11.0232,0.227638,30.5982,59.7758
22420000,12.4286,0.201897,30.6489,59.6892
22425000,10.591,0.115325,30.6367,59.6636
22430000,9.39333,0.218712,30.6468,59.6142
22435000,12.4286,4.55994e-23,30.6475,59.7009
22440000,8.67114,0.236928,30.6027,59.722
22445000,11.0232,4.37385e-23,30.6118,59.7044
22450000,12.4286,0.278037,30.6122,59.7093
22455000,15.1803,4.19535e-23,30.6039,59.7012
22460000,11.0232,0.301194,30.6234,59.6085
22465000,12.9358,0.19398,30.6206,59.6498
22470000,13.4637,0.278037,30.6165,59.6176
22475000,9.02501,0.267135,30.6291,59.6873
22480000,11.473,0.353455,30.627,59.6751
22485000,9.39333,0.135335,30.638,59.5739
22490000,6.82096,0.339596,30.6209,59.6285
22495000,9.39333,0.246597,30.6712,59.6301
22500000,8.33114,0.172045,30.69,59.5994
22505000,11.473,0.201897,30.6182,59.5288
22510000,6.04965,0.506617,30.6272,59.5722
22515000,10.1757,0.289384,30.6143,59.6283
22520000,14.5851,0.19398,30.6647,59.649
22525000,12.9358,0.227638,30.6435,59.5713
22530000,7.09933,0.146607,30.6382,59.5717
22535000,11.473,0.19398,30.6207,59.6902
22540000,8.33114,0.289384,30.6616,59.6178
22545000,6.5535,2.88342e-23,30.6547,59.6066
22550000,10.1757,0.353455,30.6689,59.5716
22555000,8.33114,0.246597,30.6345,59.6793
22560000,10.591,2.70872e-23,30.6635,59.5096
22565000,12.4286,0.102284,30.6355,59.5603
22570000,8.33114,0.278037,30.6448,59.6028
22575000,7.09933,0.146607,30.6336,59.6204
22580000,5.81244,0.256661,30.6533,59.6188
22585000,8.67114,0.227638,30.6624,59.5651
22590000,6.5535,2.39044e-23,30.6665,59.5521
22595000,11.9413,2.34115e-23,30.6523,59.5853
22600000,11.473,0.179066,30.68,59.5105
22605000,11.0232,2.24561e-23,30.6488,59.4722
22610000,9.39333,2.19931e-23,30.6559,59.6156
22615000,11.473,2.15396e-23,30.6898,59.5411
22620000,10.1757,0.339596,30.6546,59.5655
22625000,12.4286,2.06606e-23,30.68,59.4977
22630000,11.0232,2.02346e-23,30.6672,59.5204
22635000,5.58453,1.98174e-23,30.6887,59.7066
22640000,12.4286,0.106459,30.6401,59.5849
22645000,9.39333,1.90087e-23,30.6633,59.561
22650000,7.69061,1.86167e-23,30.6624,59.5546
22655000,9.02501,1.82329e-23,30.7071,59.5471
22660000,4.27468e-23,1.7857e-23,30.646,59.5694
22665000,8.00447,0.414783,30.6699,59.5402
22670000,9.77668,0.102284,30.656,59.5026
22675000,5.81244,0.467666,30.6972,59.492
22680000,9.77668,1.64292e-23,30.6554,59.4741
22685000,3.85181e-23,1.60905e-23,30.6694,59.4995
22690000,3.77239e-23,1.57587e-23,30.6611,59.4971
22695000,9.77668,0.102284,30.6857,59.5164
22700000,9.02501,0.367879,30.6525,59.4799
22705000,7.09933,0.165299,30.6723,59.4948
22710000,11.9413,1.44987e-23,30.6706,59.5762
22715000,10.1757,0.106459,30.6759,59.4383
22720000,6.29654,1.3907e-23,30.6753,59.4024
22725000,7.38906,1.36203e-23,30.6717,59.5169
22730000,9.39333,1.33395e-23,30.6613,59.3564
22735000,8.00447,0.571209,30.7063,59.4626
22740000,7.69061,1.27951e-23,30.6648,59.4631
22745000,2.99979e-23,0.236928,30.6848,59.4056
22750000,11.0232,0.449329,30.7017,59.5475
22755000,9.77668,0.172045,30.6897,59.4417
22760000,7.69061,1.1772e-23,30.6757,59.3686
22765000,5.58453,0.339596,30.6893,59.4015
22770000,8.33114,0.130029,30.7099,59.4905
22775000,10.1757,0.398519,30.7063,59.4667
22780000,10.591,0.218712,30.7129,59.4736
22785000,7.69061,0.15259,30.6881,59.4659
22790000,2.48691e-23,1.03888e-23,30.7061,59.4474
22795000,6.82096,1.01746e-23,30.6704,59.4701
22800000,11.0232,9.96482e-24,30.6839,59.4382
22805000,2.33624e-23,0.301194,30.6915,59.5529
22810000,6.82096,9.55815e-24,30.7142,59.4792
22815000,7.38906,0.218712,30.6804,59.4533
22820000,5.15517,0.227638,30.6712,59.5639
22825000,8.67114,8.97905e-24,30.6906,59.3997
22830000,2.10513e-23,0.246597,30.6916,59.4847
22835000,2.06172e-23,8.61261e-24,30.6879,59.376
22840000,11.0232,0.382893,30.6607,59.4604
22845000,7.38906,8.26113e-24,30.6588,59.4333
22850000,4.95303,0.301194,30.7203,59.4369
22855000,9.02501,0.382893,30.733,59.4536
22860000,7.09933,0.146607,30.6987,59.367
22865000,9.39333,7.6006e-24,30.7097,59.3925
22870000,1.78195e-23,7.4439e-24,30.6562,59.3665
22875000,7.69061,0.130029,30.7105,59.4054
22880000,6.5535,7.14011e-24,30.6923,59.3949
22885000,7.09933,0.32628,30.7159,59.3624
22890000,6.82096,6.84872e-24,30.6946,59.3803
22895000,1.60567e-23,0.289384,30.6989,59.3976
22900000,10.591,6.56922e-24,30.7279,59.4116
22905000,1.54014e-23,0.449329,30.6509,59.3708
22910000,6.29654,6.30112e-24,30.6957,59.3947
22915000,7.09933,0.15259,30.7154,59.385
22920000,8.00447,6.04397e-24,30.6979,59.4872
22925000,6.82096,0.210136,30.6988,59.3502
22930000,1.38779e-23,0.236928,30.7116,59.3986
22935000,7.38906,0.414783,30.6995,59.4319
22940000,1.33115e-23,0.32628,30.6934,59.3708
22945000,9.39333,5.44607e-24,30.6971,59.3775
22950000,8.67114,0.267135,30.7203,59.3217
22955000,11.0232,5.22381e-24,30.7228,59.3572
22960000,7.09933,0.353455,30.7385,59.4155
22965000,7.09933,5.01063e-24,30.7376,59.3128
22970000,6.82096,4.90732e-24,30.7212,59.3418
22975000,6.29654,4.80614e-24,30.7114,59.4359
22980000,1.12679e-23,0.201897,30.7307,59.3714
22985000,5.81244,0.179066,30.6852,59.2985
22990000,10.1757,4.51495e-24,30.7001,59.3599
22995000,8.67114,0.186374,30.7239,59.3628
23000000,8.00447,0.135335,30.7626,59.4136
23005000,8.67114,0.165299,30.715,59.3653
23010000,9.02501,0.210136,30.6992,59.3264
23015000,6.82096,4.06831e-24,30.7408,59.3524
23020000,7.69061,3.98443e-24,30.726,59.4376
23025000,8.33114,0.398519,30.7566,59.3044
23030000,6.82096,3.82182e-24,30.7207,59.355
23035000,8.00447,0.236928,30.7631,59.333
23040000,8.77548e-24,3.66585e-24,30.7454,59.2605
23045000,9.39333,0.165299,30.7215,59.2638
23050000,8.41734e-24,3.51625e-24,30.7265,59.3008
23055000,8.00447,3.44375e-24,30.7236,59.2454
23060000,10.591,3.37275e-24,30.7381,59.3466
23065000,6.82096,0.267135,30.7566,59.2672
23070000,6.04965,0.313486,30.7008,59.3524
23075000,5.36556,3.1684e-24,30.7342,59.295
23080000,8.00447,0.571209,30.8005,59.2366
23085000,6.82096,0.313486,30.7435,59.3711
23090000,7.12513e-24,2.97644e-24,30.7573,59.398
23095000,7.69061,0.313486,30.7769,59.2849
23100000,8.00447,2.85497e-24,30.7237,59.3021
23105000,6.69344e-24,0.278037,30.7853,59.2378
23110000,8.33114,2.73846e-24,30.72,59.3294
23115000,6.04965,0.278037,30.7447,59.3471
23120000,7.38906,0.12493,30.713,59.249
23125000,7.38906,0.236928,30.7727,59.2559
23130000,5.81244,2.5195e-24,30.7619,59.3778
23135000,10.591,2.46755e-24,30.752,59.2213
23140000,6.04965,0.339596,30.7461,59.3166
23145000,5.81244,2.36685e-24,30.7537,59.2659
23150000,10.591,2.31805e-24,30.7665,59.2448
23155000,8.33114,0.186374,30.7618,59.2669
23160000,6.5535,2.22345e-24,30.7738,59.311
23165000,7.69061,0.467666,30.7602,59.2059
23170000,7.69061,2.13271e-24,30.7693,59.1933
23175000,9.77668,2.08874e-24,30.7487,59.2952
23180000,7.38906,2.04567e-24,30.7753,59.3366
23185000,5.58453,0.398519,30.7797,59.2695
23190000,5.36556,0.218712,30.7801,59.1129
23195000,9.02501,0.218712,30.7561,59.3012
23200000,4.50548e-24,0.12493,30.7862,59.2287
23205000,8.33114,1.84331e-24,30.7637,59.2197
23210000,7.69061,1.8053e-24,30.7994,59.2404
23215000,6.82096,0.140858,30.8058,59.1861
23220000,7.38906,1.73163e-24,30.7213,59.2768
23225000,8.00447,0.201897,30.7351,59.1768
23230000,8.33114,0.110803,30.7536,59.2044
23235000,3.89409e-24,0.120032,30.7618,59.1325
23240000,5.36556,0.140858,30.759,59.2666
23245000,6.5535,0.110803,30.7528,59.2251
23250000,11.473,0.179066,30.7592,59.1529
23255000,3.58274e-24,1.49665e-24,30.7991,59.2037
23260000,6.82096,0.140858,30.7593,59.2591
23265000,6.29654,0.12493,30.7648,59.2401
23270000,7.38906,1.40597e-24,30.7908,59.1958
23275000,3.29628e-24,1.37698e-24,30.7597,59.147
23280000,6.04965,0.102284,30.776,59.2523
23285000,5.81244,1.32079e-24,30.7672,59.229
23290000,10.1757,0.172045,30.7747,59.1903
23295000,11.0232,1.26688e-24,30.7616,59.1906
23300000,7.09933,1.24076e-24,30.746,59.2693
23305000,6.5535,0.102284,30.7838,59.1751
23310000,7.38906,0.120032,30.8093,59.1368
23315000,9.39333,1.16559e-24,30.7702,59.0605
23320000,9.77668,1.14156e-24,30.7667,59.2147
23325000,8.33114,0.289384,30.7793,59.2309
23330000,8.33114,1.09497e-24,30.8072,59.1669
23335000,7.38906,1.07239e-24,30.7738,59.2026
23340000,6.82096,0.135335,30.7906,59.1453
23345000,5.36556,1.02863e-24,30.8076,59.2186
23350000,7.69061,1.00742e-24,30.7586,59.1098
23355000,7.38906,0.267135,30.7595,59.1602
23360000,5.15517,9.66308e-25,30.8183,59.1155
23365000,6.04965,9.46385e-25,30.7932,59.1704
23370000,2.21879e-24,0.267135,30.8223,59.0988
23375000,2.17304e-24,9.07763e-25,30.8268,59.304
23380000,2.12824e-24,0.367879,30.8154,59.2112
23385000,5.15517,0.506617,30.7987,59.1141
23390000,9.39333,0.227638,30.808,59.1206
23395000,1.99929e-24,8.35182e-25,30.8212,59.1478
23400000,6.82096,0.110803,30.8051,59.1562
23405000,5.81244,8.01098e-25,30.7761,59.1296
23410000,6.5535,7.84581e-25,30.8024,59.1685
23415000,6.82096,0.313486,30.7805,59.1314
23420000,1.80151e-24,0.289384,30.7986,59.1054
23425000,5.81244,0.201897,30.7904,59.1124
23430000,1.72799e-24,0.15259,30.8149,59.0509
23435000,8.67114,7.06966e-25,30.7658,59.0837
23440000,6.29654,0.227638,30.7844,59.1768
23445000,6.5535,6.78115e-25,30.7949,59.0802
23450000,1.58983e-24,6.64133e-25,30.8247,59.0667
23455000,1.55705e-24,6.5044e-25,30.7622,59.0232
23460000,7.38906,6.3703e-25,30.8107,59.223
23465000,8.67114,0.165299,30.8345,59.0477
23470000,6.82096,0.210136,30.7949,59.0911
23475000,1.43256e-24,0.236928,30.8383,58.9837
23480000,1.40302e-24,0.110803,30.7986,59.0616
23485000,6.29654,5.74012e-25,30.8309,59.0168
23490000,5.36556,0.227638,30.7877,59.0359
23495000,8.00447,0.179066,30.8082,59.0818
23500000,6.04965,0.267135,30.8029,59.1077
23505000,12.9358,0.398519,30.819,59.082
23510000,5.81244,0.506617,30.7971,59.1315
23515000,7.09933,5.06564e-25,30.8099,59.0952
23520000,1.18763e-24,0.256661,30.8404,59.1233
23525000,5.58453,4.8589e-25,30.8212,59.0898
23530000,8.00447,0.172045,30.8021,59.0043
23535000,6.29654,0.367879,30.8082,59.0511
23540000,8.00447,4.56452e-25,30.833,59.0439
23545000,1.07015e-24,4.47041e-25,30.8352,59.0881
23550000,1.04808e-24,0.12493,30.8081,59.1108
23555000,7.09933,4.28797e-25,30.798,59.0492
23560000,8.33114,4.19956e-25,30.7966,59.126
23565000,9.84581e-25,0.527292,30.8254,59.0835
23570000,12.4286,0.172045,30.8169,59.0587
23575000,8.00447,0.110803,30.8383,59.0409
23580000,5.81244,0.236928,30.8254,59.1489
23585000,7.09933,3.78412e-25,30.8053,59.021
23590000,9.77668,3.7061e-25,30.7868,59.0979
23595000,8.6889e-25,0.146607,30.8223,59.0511
23600000,6.29654,0.367879,30.8382,59.0747
23605000,8.3343e-25,3.48156e-25,30.8114,58.9594
23610000,8.16246e-25,3.40977e-25,30.8296,59.0057
23615000,6.04965,0.267135,30.8043,59.0531
23620000,6.5535,3.27062e-25,30.8603,58.9494
23625000,6.5535,0.32628,30.8092,59.0635
23630000,8.33114,3.13714e-25,30.8442,59.0267
23635000,7.35499e-25,0.267135,30.829,59
23640000,9.39333,0.186374,30.8072,59.092
23645000,7.05483e-25,2.94707e-25,30.8278,59.0457
23650000,9.02501,2.88631e-25,30.8335,58.9922
23655000,9.77668,0.278037,30.8,58.8908
23660000,5.58453,2.76852e-25,30.8623,59.0367
23665000,6.82096,0.618783,30.8531,58.9828
23670000,6.35693e-25,0.697676,30.8305,58.9781
23675000,6.22587e-25,0.449329,30.8402,58.9659
23680000,8.00447,0.186374,30.8543,58.9813
23685000,10.591,0.506617,30.8412,59.0024
23690000,5.84866e-25,0.431711,30.8533,59.0294
23695000,7.69061,2.39284e-25,30.8206,58.9965
23700000,7.09933,0.158817,30.8132,58.9404
23705000,6.82096,0.449329,30.8326,58.9142
23710000,5.81244,0.382893,30.87,58.9982
23715000,5.27008e-25,0.32628,30.8265,58.9976
23720000,6.5535,0.15259,30.8783,58.9478
23725000,6.04965,2.11167e-25,30.898,58.8783
23730000,4.95303,0.186374,30.8593,58.9266
23735000,5.81244,0.236928,30.9014,58.8676
23740000,5.81244,1.98373e-25,30.8595,58.9195
23745000,7.09933,0.594521,30.8665,59.0281
23750000,11.0232,1.90277e-25,30.8817,58.9916
23755000,5.36556,1.86354e-25,30.8185,58.9129
23760000,4.36905e-25,0.179066,30.8543,58.9912
23765000,9.39333,0.218712,30.858,58.971
23770000,9.02501,0.486752,30.836,58.9166
23775000,6.5535,0.165299,30.8532,58.8823
23780000,6.82096,0.267135,30.865,58.9636
23785000,9.02501,0.106459,30.8616,58.9164
23790000,6.82096,0.12493,30.8432,58.8961
23795000,6.5535,0.367879,30.8926,58.9309
23800000,5.81244,0.506617,30.886,58.9019
23805000,7.69061,1.51308e-25,30.8745,58.9186
23810000,3.54739e-25,0.15259,30.8786,58.9319
23815000,8.00447,0.449329,30.8515,58.9621
23820000,3.40262e-25,0.227638,30.8524,58.8651
23825000,5.15517,0.236928,30.8781,58.9244
23830000,3.26376e-25,0.201897,30.8466,58.9707
23835000,8.67114,0.130029,30.8583,58.9304
23840000,6.5535,1.30776e-25,30.807,58.8745
23845000,3.06602e-25,0.120032,30.9018,58.915
23850000,7.38906,1.25439e-25,30.9189,58.9076
23855000,5.81244,0.289384,30.8719,58.9928
23860000,9.02501,0.548812,30.874,58.9374
23865000,5.36556,0.367879,30.9004,58.8659
23870000,6.82096,1.15409e-25,30.8997,58.8335
23875000,6.82096,1.1303e-25,30.9107,58.9202
23880000,6.04965,1.10699e-25,30.9061,58.8393
23885000,2.59533e-25,1.08417e-25,30.8573,58.8695
23890000,7.09933,0.201897,30.9104,58.8938
23895000,2.48941e-25,0.15259,30.8542,58.8852
23900000,2.43808e-25,0.140858,30.8781,58.8726
23905000,7.69061,9.97483e-26,30.8984,58.8816
23910000,2.33859e-25,0.236928,30.8922,58.8449
23915000,2.29037e-25,0.548812,30.874,58.8431
23920000,5.58453,0.256661,30.8933,58.8279
23925000,2.1969e-25,0.227638,30.8721,58.8864
23930000,9.39333,8.98807e-26,30.8701,58.8421
23935000,8.33114,0.201897,30.8928,58.8373
23940000,2.06379e-25,0.130029,30.9062,58.8493
23945000,2.02124e-25,8.44351e-26,30.8656,58.8474
23950000,8.33114,0.289384,30.9166,58.829
23955000,1.93876e-25,8.09892e-26,30.9166,58.8276
23960000,6.5535,0.236928,30.9059,58.9461
23965000,1.85963e-25,0.256661,30.8994,58.8231
23970000,1.82129e-25,7.60824e-26,30.8883,58.8912
23975000,1.78374e-25,7.45137e-26,30.8831,58.7995
23980000,1.74696e-25,0.382893,30.9004,58.8725
23985000,6.29654,0.146607,30.8883,58.9135
23990000,1.67567e-25,6.99991e-26,30.888,58.8757
23995000,1.64112e-25,6.85559e-26,30.9171,58.8433
24000000,8.67114,0.267135,30.9187,58.7996
24005000,5.15517,0.414783,30.8915,58.8326
24010000,1.54169e-25,0.12493,30.8634,58.831
24015000,1.5099e-25,6.30745e-26,30.9072,58.7507
24020000,1.47877e-25,0.115325,30.9046,58.825
24025000,5.36556,6.05004e-26,30.9112,58.7577
24030000,6.5535,0.172045,30.919,58.8549
24035000,1.38918e-25,5.80313e-26,30.917,58.6946
24040000,8.33114,5.68349e-26,30.8995,58.8835
24045000,1.33249e-25,0.135335,30.9136,58.7889
24050000,1.30501e-25,5.45154e-26,30.8985,58.8124
24055000,7.38906,5.33914e-26,30.9303,58.8274
24060000,8.67114,5.22906e-26,30.9018,58.8312
24065000,11.0232,5.12125e-26,30.8904,58.7801
24070000,1.20067e-25,5.01566e-26,30.9264,58.7513
24075000,8.33114,0.15259,30.933,58.8184
24080000,1.15167e-25,0.115325,30.8874,58.8455
24085000,11.473,0.289384,30.8769,58.7163
24090000,7.38906,0.267135,30.8957,58.8138
24095000,1.08189e-25,4.51948e-26,30.8628,58.8029
24100000,9.39333,4.4263e-26,30.903,58.8133
24105000,1.03774e-25,0.267135,30.9117,58.7755
24110000,6.29654,0.106459,30.899,58.7814
24115000,5.81244,0.135335,30.9485,58.8182
24120000,6.04965,0.12493,30.9193,58.7698
24125000,9.39333,0.278037,30.8943,58.7903
24130000,5.58453,3.9062e-26,30.9064,58.7309
24135000,9.15803e-26,3.82566e-26,30.9525,58.7111
24140000,5.81244,3.74678e-26,30.9168,58.8146
24145000,8.00447,0.115325,30.9091,58.7992
24150000,6.29654,0.15259,30.9162,58.7679
24155000,8.4258e-26,3.51978e-26,30.9235,58.6824
24160000,8.33114,0.246597,30.9245,58.8006
24165000,5.15517,0.158817,30.8979,58.7992
24170000,7.9153e-26,0.227638,30.9126,58.6973
24175000,8.33114,3.23835e-26,30.8812,58.7785
24180000,5.58453,0.267135,30.9749,58.6929
24185000,7.38906,3.10619e-26,30.9396,58.6794
24190000,8.67114,0.130029,31.0124,58.6773
24195000,6.5535,2.97943e-26,30.9146,58.7298
24200000,6.82096,0.414783,30.9132,58.7626
24205000,6.84121e-26,2.85784e-26,30.9143,58.7627
24210000,6.04965,0.246597,30.9092,58.7136
24215000,8.33114,0.246597,30.904,58.6659
24220000,7.69061,0.110803,30.9439,58.6578
24225000,5.15517,2.62934e-26,30.9317,58.7562
24230000,5.36556,2.57512e-26,30.9272,58.6926
24235000,9.02501,0.414783,30.9743,58.7065
24240000,5.91287e-26,0.115325,30.943,58.7235
24245000,5.79096e-26,0.140858,30.9206,58.7022
24250000,7.69061,2.36923e-26,30.9114,58.6865
24255000,6.29654,0.289384,30.9486,58.634
24260000,5.4401e-26,0.301194,30.9355,58.7624
24265000,7.69061,2.22568e-26,30.9722,58.716
24270000,5.15517,2.1798e-26,30.9089,58.7107
24275000,5.1105e-26,0.140858,30.9437,58.5761
24280000,6.82096,0.186374,30.9692,58.711
24285000,4.90194e-26,2.04773e-26,30.9063,58.6157
24290000,6.04965,0.367879,30.9527,58.654
24295000,4.70189e-26,0.120032,30.9497,58.6684
24300000,6.04965,0.313486,30.9497,58.6206
24305000,8.33114,1.884e-26,30.9839,58.6729
24310000,4.41702e-26,0.12493,30.9228,58.6885
24315000,6.04965,0.15259,30.9413,58.693
24320000,7.38906,0.15259,30.9633,58.6395
24325000,4.1494e-26,0.267135,30.915,58.6757
24330000,11.473,1.69763e-26,30.9763,58.6363
24335000,3.98006e-26,0.256661,30.9845,58.6381
24340000,6.5535,0.201897,30.9564,58.6152
24345000,6.5535,0.382893,30.9576,58.6335
24350000,3.73892e-26,0.353455,30.9781,58.6544
24355000,11.473,1.52969e-26,30.9268,58.6537
24360000,3.58634e-26,1.49815e-26,30.9367,58.6839
24365000,3.51239e-26,1.46726e-26,30.9566,58.6286
24370000,5.36556,0.227638,30.9788,58.6659
24375000,3.36905e-26,0.467666,30.9448,58.6307
24380000,3.29959e-26,0.201897,30.9638,58.6198
24385000,5.36556,0.278037,30.9675,58.5344
24390000,3.16493e-26,0.201897,30.961,58.6173
24395000,3.09968e-26,0.165299,30.9654,58.6155
24400000,7.38906,1.26816e-26,30.9744,58.5872
24405000,2.97318e-26,1.24201e-26,30.9634,58.6062
24410000,6.5535,0.467666,30.9442,58.5809
24415000,5.36556,0.236928,30.9608,58.6326
24420000,2.79304e-26,1.16676e-26,30.9182,58.6188
24425000,9.02501,0.267135,30.9793,58.6225
24430000,2.67906e-26,0.19398,30.9687,58.6605
24435000,6.04965,0.382893,30.9708,58.7052
24440000,5.81244,0.313486,30.9639,58.5979
24445000,8.33114,0.15259,30.9628,58.6209
24450000,2.46485e-26,0.146607,30.9936,58.5416
24455000,4.95303,1.00843e-26,30.9561,58.7608
24460000,2.36426e-26,0.382893,30.962,58.6272
24465000,6.29654,0.467666,30.9668,58.5416
24470000,2.26777e-26,9.47335e-27,30.9563,58.5347
24475000,2.22102e-26,0.135335,30.9395,58.6524
24480000,8.00447,9.08674e-27,30.9621,58.6022
24485000,6.29654,0.256661,31.0159,58.571
24490000,2.08645e-26,0.140858,30.968,58.6145
24495000,8.67114,0.227638,31.0106,58.5974
24500000,2.0013e-26,8.36021e-27,31.0109,58.5305
24505000,1.96004e-26,0.289384,30.9933,58.5961
24510000,7.69061,8.01902e-27,30.9593,58.507
24515000,6.5535,0.186374,31.0152,58.6802
24520000,1.84129e-26,0.19398,31.0087,58.6026
24525000,6.5535,0.382893,31.0055,58.5719
24530000,1.76614e-26,0.431711,31.0014,58.5672
24535000,8.33114,7.22574e-27,30.9833,58.58
24540000,9.39333,0.227638,30.992,58.5621
24545000,1.65914e-26,0.301194,31.0016,58.4875
24550000,1.62493e-26,0.313486,31.0153,58.5093
24555000,7.09933,0.15259,31.0192,58.5376
24560000,1.55862e-26,6.51093e-27,30.9905,58.6192
24565000,7.38906,0.382893,30.9891,58.6413
24570000,5.81244,0.158817,30.9691,58.5933
24575000,1.46418e-26,6.11646e-27,31.0076,58.6072
24580000,5.58453,5.99035e-27,31.0236,58.5579
24585000,7.38906,0.130029,31.0183,58.5371
24590000,5.36556,5.74588e-27,30.9959,58.5307
24595000,1.34711e-26,0.15259,30.9747,58.5666
24600000,1.31934e-26,5.51139e-27,30.9742,58.4456
24605000,6.5535,0.289384,31.0053,58.4976
24610000,1.2655e-26,0.236928,31.0165,58.5319
24615000,5.15517,0.172045,30.9547,58.5253
24620000,1.21385e-26,5.07072e-27,30.985,58.4746
24625000,1.18882e-26,0.548812,30.9968,58.4424
24630000,9.77668,0.398519,31.0178,58.6612
24635000,1.14031e-26,0.135335,31.01,58.5153
24640000,1.1168e-26,0.15259,31.0215,58.466
24645000,1.09377e-26,0.172045,31.0221,58.399
24650000,1.07122e-26,4.4749e-27,30.9892,58.4788
24655000,5.81244,0.210136,31.005,58.4735
24660000,5.81244,0.146607,31.0149,58.5454
24665000,1.00632e-26,4.20378e-27,30.9825,58.4785
24670000,9.8557e-27,0.267135,30.9983,58.514
24675000,7.69061,4.03222e-27,31.0021,58.481
24680000,5.58453,3.94908e-27,31.018,58.5094
24685000,5.81244,3.86766e-27,31.0202,58.5268
24690000,5.58453,3.78792e-27,30.9902,58.4809
24695000,9.02501,0.301194,31.0188,58.5473
24700000,7.69061,0.12493,30.9975,58.5839
24705000,8.5183e-27,0.267135,31.0449,58.5846
24710000,8.34267e-27,0.353455,31.0093,58.5815
24715000,7.69061,0.289384,30.9936,58.4987
24720000,8.0022e-27,3.34283e-27,31.0053,58.5241
24725000,7.83721e-27,0.201897,30.9997,58.4539
24730000,8.67114,0.289384,31.0075,58.438
24735000,10.1757,3.14029e-27,31.0034,58.484
24740000,7.36238e-27,0.256661,31.0304,58.4547
24745000,7.38906,0.140858,31.037,58.4995
24750000,7.06192e-27,2.95003e-27,31.0091,58.5229
24755000,6.82096,0.449329,31.0058,58.5121
24760000,6.77372e-27,0.12493,30.9987,58.4491
24765000,6.63406e-27,0.267135,31.0132,58.4173
24770000,6.49728e-27,0.289384,30.9996,58.5413
24775000,5.81244,0.218712,31.0233,58.4519
24780000,4.95303,0.172045,31.0494,58.4547
24785000,6.10363e-27,0.172045,31.0168,58.4392
24790000,6.5535,2.49715e-27,31.0265,58.453
24795000,5.85453e-27,2.44566e-27,31.0326,58.4486
24800000,5.73383e-27,2.39524e-27,31.0276,58.4542
24805000,5.58453,0.246597,30.9928,58.4342
24810000,5.49983e-27,0.140858,31.0589,58.402
24815000,5.38643e-27,2.25012e-27,31.0641,58.4633
24820000,5.15517,2.20373e-27,31.0723,58.4184
24825000,7.69061,0.15259,31.0558,58.4047
24830000,5.06008e-27,2.11379e-27,30.9705,58.4501
24835000,4.95576e-27,0.146607,31.0413,58.424
24840000,5.15517,0.165299,31.0302,58.4475
24845000,4.75351e-27,1.98572e-27,31.034,58.415
24850000,5.81244,0.227638,31.0528,58.4979
24855000,7.69061,0.106459,31.0373,58.415
24860000,5.36556,0.367879,31.0442,58.4174
24865000,8.33114,0.278037,31.0473,58.4818
24870000,6.04965,1.78929e-27,31.0575,58.3954
24875000,9.39333,1.75239e-27,31.0293,58.4884
24880000,6.5535,0.353455,31.0496,58.4523
24885000,6.82096,1.68088e-27,31.0231,58.4475
24890000,3.9408e-27,1.64622e-27,31.0271,58.4492
24895000,6.5535,1.61228e-27,31.0159,58.4254
24900000,3.77997e-27,0.12493,31.0358,58.4294
24905000,3.70204e-27,1.54648e-27,31.0766,58.2916
24910000,6.04965,0.227638,31.0296,58.4009
24915000,3.55095e-27,1.48337e-27,31.0698,58.475
24920000,6.29654,1.45279e-27,31.0763,58.4179
24925000,5.15517,0.594521,31.0303,58.3927
24930000,7.09933,1.3935e-27,31.0428,58.284
24935000,5.58453,0.449329,31.0351,58.428
24940000,3.19968e-27,1.33663e-27,31.0716,58.4078
24945000,5.58453,1.30907e-27,31.0432,58.2981
24950000,3.0691e-27,0.414783,31.0245,58.291
24955000,6.82096,0.398519,31.0263,58.3776
24960000,2.94384e-27,0.289384,31.0633,58.397
24965000,2.88315e-27,0.256661,31.0381,58.3387
24970000,6.04965,1.17957e-27,31.0252,58.3943
24975000,2.76549e-27,0.313486,31.0748,58.3558
24980000,2.70847e-27,1.13143e-27,31.0881,58.3233
24985000,2.65262e-27,1.1081e-27,31.0726,58.394
24990000,2.59793e-27,1.08526e-27,31.1053,58.3424
24995000,6.5535,0.179066,31.061,58.4616
25000000,6.82096,0.19398,31.0622,58.3644
25005000,9.02501,1.0195e-27,31.0258,58.459
25010000,8.00447,0.256661,31.0594,58.3789
25015000,7.38906,9.77898e-28,31.0528,58.3685
25020000,6.82096,9.57736e-28,31.0904,58.4015
25025000,2.2454e-27,0.140858,31.0392,58.367
25030000,2.1991e-27,0.256661,31.0456,58.3785
25035000,2.15376e-27,8.99709e-28,31.0543,58.3747
25040000,2.10936e-27,0.267135,31.0989,58.3869
25045000,2.06587e-27,8.62992e-28,31.0456,58.2999
25050000,6.29654,8.45199e-28,31.085,58.2772
25055000,5.36556,8.27772e-28,31.0643,58.327
25060000,6.82096,0.313486,31.085,58.3343
25065000,1.90069e-27,7.93991e-28,31.0861,58.2574
25070000,1.8615e-27,0.186374,31.0616,58.3768
25075000,1.82312e-27,0.218712,31.1432,58.3406
25080000,1.78553e-27,0.227638,31.0389,58.2635
25085000,1.74872e-27,7.30507e-28,31.0646,58.3117
25090000,1.71266e-27,0.210136,31.0525,58.2507
25095000,1.67735e-27,7.00694e-28,31.0601,58.4409
25100000,8.67114,0.256661,31.0576,58.3253
25105000,6.29654,0.227638,31.0751,58.2947
25110000,6.82096,6.58241e-28,31.0762,58.3197
25115000,6.82096,0.158817,31.0952,58.2946
25120000,5.36556,0.115325,31.0615,58.3369
25125000,1.48026e-27,6.18361e-28,31.0931,58.3559
25130000,7.09933,0.19398,31.0683,58.3386
25135000,1.41985e-27,0.110803,31.0678,58.3779
25140000,1.39057e-27,5.80896e-28,31.0838,58.2159
25145000,1.3619e-27,5.68919e-28,31.0968,58.275
25150000,1.33382e-27,5.57189e-28,31.0651,58.2768
25155000,1.30632e-27,0.186374,31.072,58.295
25160000,1.27939e-27,5.3445e-28,31.0974,58.2571
25165000,1.25301e-27,5.23431e-28,31.0858,58.3475
25170000,6.82096,5.12639e-28,31.0726,58.2477
25175000,6.5535,0.289384,31.0767,58.1897
25180000,1.1771e-27,0.135335,31.095,58.3062
25185000,1.15283e-27,0.140858,31.1051,58.2162
25190000,1.12906e-27,0.172045,31.0979,58.2287
25195000,6.82096,0.146607,31.1127,58.2227
25200000,6.29654,4.52402e-28,31.1139,58.276
25205000,5.58453,4.43075e-28,31.0868,58.3426
25210000,8.33114,0.146607,31.1236,58.2631
25215000,5.81244,0.467666,31.1007,58.2071
25220000,7.09933,4.1623e-28,31.1004,58.3069
25225000,6.04965,0.486752,31.0964,58.2559
25230000,9.55726e-28,3.99244e-28,31.1005,58.2744
25235000,5.58453,0.140858,31.1209,58.3108
25240000,9.16723e-28,0.236928,31.0889,58.2262
25245000,8.97822e-28,0.449329,31.1095,58.3531
25250000,5.15517,3.67322e-28,31.0955,58.2076
25255000,8.61181e-28,0.210136,31.1032,58.2186
25260000,8.43426e-28,0.165299,31.0943,58.2276
25265000,8.26036e-28,0.179066,31.1055,58.1679
25270000,8.09005e-28,3.37952e-28,31.0961,58.2449
25275000,10.1757,3.30985e-28,31.0838,58.3255
25280000,7.75989e-28,0.278037,31.1212,58.2928
25285000,7.5999e-28,0.236928,31.1357,58.2255
25290000,7.4432e-28,0.210136,31.0652,58.155
25295000,7.38906,0.158817,31.091,58.1425
25300000,7.13944e-28,2.98242e-28,31.0933,58.2083
25305000,6.99224e-28,2.92093e-28,31.1304,58.2285
25310000,6.84808e-28,0.236928,31.1033,58.2113
25315000,6.70689e-28,0.227638,31.1173,58.191
25320000,7.09933,0.146607,31.1221,58.1938
25325000,6.04965,0.278037,31.125,58.0918
25330000,7.69061,0.246597,31.0889,58.1461
25335000,6.17063e-28,0.12493,31.1215,58.2041
25340000,6.5535,0.289384,31.1265,58.1141
25345000,8.33114,0.301194,31.1087,58.172
25350000,8.67114,0.218712,31.1229,58.1863
25355000,5.81244,0.256661,31.1173,58.2658
25360000,5.58453,2.32271e-28,31.1197,58.1833
25365000,5.44556e-28,2.27482e-28,31.1644,58.2392
25370000,5.33329e-28,0.210136,31.1071,58.2728
25375000,5.22333e-28,0.15259,31.1438,58.1378
25380000,5.81244,0.353455,31.138,58.1492
25385000,6.5535,0.210136,31.1214,58.1656
25390000,5.58453,0.140858,31.1102,58.085
25395000,4.80569e-28,0.15259,31.1627,58.1272
25400000,4.70661e-28,0.414783,31.1141,58.0933
25405000,10.591,1.92559e-28,31.1253,58.1845
25410000,6.04965,0.486752,31.1524,58.1497
25415000,4.42145e-28,0.158817,31.1367,58.0962
25420000,4.33029e-28,0.289384,31.124,58.2387
25425000,5.15517,1.77163e-28,31.1405,58.1489
25430000,7.09933,1.73511e-28,31.1392,58.151
25435000,6.04965,1.69933e-28,31.1026,58.2173
25440000,7.09933,0.140858,31.1574,58.1351
25445000,8.33114,1.62998e-28,31.1335,58.1581
25450000,3.82147e-28,0.256661,31.1097,58.1861
25455000,3.74268e-28,0.32628,31.162,58.1537
25460000,11.0232,1.53123e-28,31.128,57.9604
25465000,3.58994e-28,1.49965e-28,31.1398,58.1571
25470000,3.51592e-28,0.140858,31.1139,58.1333
25475000,10.1757,0.15259,31.1196,58.1483
25480000,6.82096,1.4088e-28,31.1568,58.1151
25485000,3.3029e-28,0.120032,31.1596,58.1116
25490000,3.2348e-28,1.3513e-28,31.1116,58.1677
25495000,3.16811e-28,1.32344e-28,31.0899,58.1252
25500000,3.10279e-28,0.12493,31.161,58.0786
25505000,3.03882e-28,1.26943e-28,31.1336,58.0182
25510000,6.82096,1.24326e-28,31.1211,58.0779
25515000,2.9148e-28,1.21762e-28,31.1503,58.0663
25520000,7.09933,1.19252e-28,31.1175,58.1904
25525000,11.473,0.246597,31.1538,58.1509
25530000,2.7382e-28,0.165299,31.14,58.0067
25535000,5.81244,1.12027e-28,31.1699,58.1089
25540000,5.81244,0.278037,31.1392,58.0391
25545000,6.82096,1.07455e-28,31.1317,58.0858
25550000,8.67114,0.382893,31.1333,58.1099
25555000,5.36556,0.218712,31.1522,57.9871
25560000,2.41645e-28,0.179066,31.122,58.2176
25565000,6.29654,9.88633e-29,31.1521,58.0568
25570000,2.31784e-28,0.353455,31.1695,58.1232
25575000,5.58453,0.130029,31.1703,58.0923
25580000,2.22325e-28,9.28735e-29,31.1687,58.1545
25585000,2.17741e-28,0.227638,31.1473,58.102
25590000,6.82096,0.210136,31.1687,58.1123
25595000,6.5535,0.353455,31.1079,58.1113
25600000,2.04548e-28,8.54477e-29,31.1065,58.0905
25605000,5.15517,8.3686e-29,31.1619,58.0819
25610000,1.96201e-28,8.19606e-29,31.133,58.1463
25615000,1.92156e-28,0.106459,31.174,58.114
25620000,1.88194e-28,0.353455,31.1651,58.0369
25625000,6.5535,7.69948e-29,31.135,58.1308
25630000,6.82096,7.54074e-29,31.1527,58.0255
25635000,1.76792e-28,7.38526e-29,31.1873,58.1528
25640000,6.5535,0.172045,31.1644,57.9806
25645000,6.29654,0.179066,31.1452,58.0403
25650000,6.5535,0.339596,31.1536,58.062
25655000,1.62656e-28,6.79477e-29,31.1435,58.048
25660000,1.59303e-28,0.431711,31.1255,58.0268
25665000,1.56018e-28,6.51747e-29,31.1845,58.0864
25670000,1.52801e-28,6.3831e-29,31.1454,58.0972
25675000,5.58453,0.172045,31.147,58.0918
25680000,8.33114,0.278037,31.1616,58.1401
25685000,1.43544e-28,5.99636e-29,31.139,58.0993
25690000,5.81244,0.353455,31.17,57.9855
25695000,6.82096,0.165299,31.1846,58.0008
25700000,1.34847e-28,0.227638,31.1643,58.0271
25705000,1.32066e-28,5.51692e-29,31.1611,58.0259
25710000,1.29343e-28,0.110803,31.162,58.0056
25715000,5.58453,5.29177e-29,31.183,57.9479
25720000,1.24065e-28,5.18267e-29,31.1464,58.0998
25725000,7.09933,0.102284,31.1959,58.0961
25730000,1.19002e-28,0.32628,31.1888,58.0377
25735000,6.5535,4.86867e-29,31.1691,57.9804
25740000,1.14145e-28,0.115325,31.1745,58.0406
25745000,1.11792e-28,0.414783,31.1293,58.0173
25750000,7.09933,4.57369e-29,31.1674,58.0509
25755000,10.591,4.47939e-29,31.1588,58.0717
25760000,6.5535,0.172045,31.1964,58.0386
25765000,1.02853e-28,4.29658e-29,31.2061,57.9057
25770000,1.00733e-28,4.208e-29,31.1776,58.0126
25775000,9.86559e-29,0.130029,31.1815,58.0307
25780000,9.66219e-29,0.130029,31.1652,57.9797
25785000,5.36556,3.95305e-29,31.1925,57.9798
25790000,9.26787e-29,3.87154e-29,31.1805,58.0171
25795000,7.69061,0.267135,31.152,58.0084
25800000,8.88964e-29,3.71354e-29,31.1116,58.0468
25805000,6.82096,3.63698e-29,31.2146,58.0895
25810000,8.52685e-29,0.210136,31.1686,58.011
25815000,8.35104e-29,0.32628,31.1476,57.9956
25820000,8.00447,0.353455,31.1963,57.9636
25825000,6.04965,0.135335,31.1986,57.9981
25830000,7.84508e-29,0.353455,31.1861,57.8398
25835000,7.68333e-29,0.353455,31.1955,57.9682
25840000,6.5535,3.14345e-29,31.1916,58.0349
25845000,7.36977e-29,3.07864e-29,31.185,57.9671
25850000,5.81244,3.01516e-29,31.1624,57.9569
25855000,7.06901e-29,0.179066,31.1566,57.9315
25860000,7.38906,0.165299,31.1852,58.1169
25865000,6.78052e-29,2.83248e-29,31.205,57.8727
25870000,5.81244,2.77408e-29,31.1731,57.9926
25875000,6.5038e-29,2.71689e-29,31.1469,57.9619
25880000,6.36971e-29,2.66087e-29,31.1943,57.9441
25885000,6.23838e-29,0.339596,31.1714,57.9444
25890000,8.00447,0.289384,31.2096,57.9422
25895000,5.98378e-29,2.49966e-29,31.1924,57.8968
25900000,5.81244,0.227638,31.1774,57.9508
25905000,5.36556,2.39764e-29,31.208,57.9864
25910000,5.62125e-29,2.34821e-29,31.2064,57.886
25915000,5.50535e-29,2.29979e-29,31.1954,57.9331
25920000,5.39184e-29,0.256661,31.1625,58.0349
25925000,5.28067e-29,0.227638,31.2062,57.8945
25930000,5.1718e-29,0.618783,31.1722,57.8953
25935000,6.04965,0.236928,31.1962,57.9318
25940000,4.96073e-29,2.07229e-29,31.2128,57.9898
25945000,4.85845e-29,0.289384,31.1946,57.9817
25950000,8.00447,0.236928,31.1972,57.8936
25955000,4.66018e-29,1.94673e-29,31.1913,57.8689
25960000,4.56409e-29,0.19398,31.213,57.9851
25965000,6.04965,1.86729e-29,31.1837,57.9743
25970000,6.04965,0.186374,31.1816,57.9828
25975000,7.09933,0.246597,31.2523,57.8914
25980000,4.19917e-29,0.571209,31.1968,57.8734
25985000,6.5535,0.246597,31.219,57.9417
25990000,4.0278e-29,0.246597,31.2251,57.8929
25995000,3.94475e-29,1.64787e-29,31.2025,57.9337
26000000,5.81244,1.6139e-29,31.1986,57.9847
26005000,3.78377e-29,0.236928,31.1793,57.8663
26010000,6.29654,1.54804e-29,31.1762,57.9066
26015000,5.36556,0.115325,31.1923,57.8525
26020000,3.55452e-29,1.48486e-29,31.2029,58.0245
26025000,3.48123e-29,1.45424e-29,31.2406,57.945
26030000,6.04965,0.267135,31.2122,57.9681
26035000,7.38906,1.3949e-29,31.2387,57.9578
26040000,3.27032e-29,1.36614e-29,31.1903,57.8746
26045000,3.20289e-29,1.33797e-29,31.204,57.9192
26050000,3.13685e-29,0.120032,31.1897,58.0156
26055000,3.07218e-29,0.165299,31.2127,57.8844
26060000,3.00884e-29,1.25691e-29,31.2103,57.8661
26065000,2.9468e-29,1.23099e-29,31.1949,57.9041
26070000,5.36556,1.20561e-29,31.209,57.8094
26075000,5.81244,0.130029,31.2236,57.8026
26080000,2.76826e-29,0.301194,31.1935,57.9899
26085000,5.81244,1.13257e-29,31.2429,57.8838
26090000,2.65529e-29,0.115325,31.2299,57.8544
26095000,2.60054e-29,0.278037,31.2365,57.8112
26100000,5.15517,0.218712,31.2096,57.8865
26105000,2.49441e-29,0.449329,31.2124,57.8783
26110000,2.44298e-29,1.02053e-29,31.2468,57.9111
26115000,2.39261e-29,0.367879,31.2276,57.8319
26120000,5.58453,9.78879e-30,31.2512,57.8364
26125000,2.29497e-29,0.146607,31.2017,57.8679
26130000,2.24765e-29,0.414783,31.2661,57.8738
26135000,2.20131e-29,9.19572e-30,31.203,57.915
26140000,6.5535,0.353455,31.2372,57.909
26145000,5.36556,8.82044e-30,31.2331,57.8713
26150000,5.81244,8.63858e-30,31.2278,57.806
26155000,2.0253e-29,8.46047e-30,31.2544,57.8683
26160000,1.98355e-29,8.28604e-30,31.2053,57.8311
26165000,1.94265e-29,0.301194,31.2038,57.8683
26170000,5.15517,7.94788e-30,31.2161,57.9038
26175000,1.86337e-29,7.78401e-30,31.241,57.8418
26180000,5.36556,0.115325,31.2432,57.8519
26185000,1.78732e-29,0.19398,31.2662,57.7939
26190000,6.82096,7.3124e-30,31.2739,57.8582
26195000,6.5535,0.313486,31.2223,57.9084
26200000,6.82096,7.01398e-30,31.2552,57.866
26205000,1.64442e-29,0.267135,31.2651,57.8473
26210000,1.61051e-29,0.236928,31.2279,57.8222
26215000,1.57731e-29,6.58902e-30,31.2445,57.7818
26220000,1.54479e-29,6.45317e-30,31.2608,57.8953
26225000,1.51294e-29,0.210136,31.2206,57.851
26230000,1.48174e-29,0.106459,31.1971,57.7548
26235000,1.45119e-29,0.267135,31.2843,57.8911
26240000,1.42127e-29,5.9372e-30,31.2355,57.7999
26245000,6.82096,0.398519,31.2218,57.7685
26250000,1.36327e-29,5.6949e-30,31.1957,57.8279
26255000,1.33516e-29,0.267135,31.2348,57.877
26260000,1.30763e-29,0.256661,31.2214,57.8581
26265000,1.28067e-29,0.486752,31.2681,57.8354
26270000,1.25427e-29,0.486752,31.2418,57.838
26275000,5.15517,5.13154e-30,31.2358,57.8181
26280000,1.20308e-29,5.02573e-30,31.2558,57.7504
26285000,1.17828e-29,0.301194,31.2266,57.8245
26290000,1.15398e-29,4.82063e-30,31.253,57.7896
26295000,1.13019e-29,0.106459,31.229,57.7751
26300000,1.10689e-29,4.6239e-30,31.2301,57.6915
26305000,8.33114,0.431711,31.2691,57.7619
26310000,4.95303,0.120032,31.2915,57.8051
26315000,1.03983e-29,0.106459,31.2466,57.8129
26320000,6.04965,4.25419e-30,31.2611,57.8485
26325000,9.9739e-30,0.32628,31.2507,57.6991
26330000,9.76826e-30,0.353455,31.281,57.7545
26335000,9.56686e-30,0.179066,31.2628,57.8411
26340000,9.36961e-30,3.91405e-30,31.2291,57.7961
26345000,9.17643e-30,0.367879,31.2476,57.8529
26350000,7.69061,0.506617,31.277,57.7688
26355000,8.80194e-30,0.12493,31.2544,57.8421
26360000,6.5535,0.227638,31.2728,57.7529
26365000,8.44272e-30,0.102284,31.24,57.7946
26370000,8.26865e-30,0.179066,31.2352,57.8489
26375000,8.09817e-30,3.38292e-30,31.268,57.8136
26380000,5.36556,3.31317e-30,31.2666,57.7826
26385000,7.76768e-30,3.24486e-30,31.2658,57.7605
26390000,8.33114,0.256661,31.2415,57.6559
26395000,5.81244,0.15259,31.2773,57.7709
26400000,7.29706e-30,0.218712,31.2789,57.7534
26405000,6.5535,0.218712,31.258,57.8149
26410000,6.04965,0.186374,31.2617,57.7877
26415000,6.85495e-30,0.256661,31.2887,57.7541
26420000,6.71362e-30,2.80454e-30,31.2911,57.6984
26425000,6.5752e-30,0.210136,31.2909,57.774
26430000,6.43963e-30,0.246597,31.3184,57.7588
26435000,6.29654,2.63462e-30,31.2532,57.7364
26440000,4.95303,2.5803e-30,31.2832,57.8314
26445000,6.04948e-30,0.339596,31.2706,57.6817
26450000,6.5535,0.246597,31.2778,57.6148
26455000,5.80259e-30,0.120032,31.2791,57.7246
26460000,5.68296e-30,2.37399e-30,31.2852,57.6836
26465000,5.81244,0.146607,31.2627,57.7638
26470000,6.04965,2.27711e-30,31.2581,57.732
26475000,5.33864e-30,2.23016e-30,31.2783,57.7038
26480000,5.22857e-30,2.18418e-30,31.2755,57.7649
26485000,5.12077e-30,2.13914e-30,31.2815,57.7584
26490000,5.01519e-30,0.218712,31.3178,57.7343
26495000,7.38906,0.301194,31.2801,57.7797
26500000,4.81052e-30,2.00954e-30,31.3025,57.6419
26505000,4.71134e-30,1.96811e-30,31.2482,57.7411
26510000,4.6142e-30,0.367879,31.2702,57.765
26515000,6.5535,0.15259,31.253,57.715
26520000,4.42589e-30,0.398519,31.2819,57.7388
26525000,4.33464e-30,0.367879,31.2942,57.7723
26530000,4.24527e-30,0.32628,31.2819,57.7477
26535000,6.82096,0.367879,31.2844,57.7093
26540000,4.07202e-30,1.70104e-30,31.2626,57.7064
26545000,6.29654,1.66597e-30,31.2934,57.5479
26550000,3.90584e-30,1.63162e-30,31.3192,57.7222
26555000,3.82531e-30,0.398519,31.2672,57.7225
26560000,3.74644e-30,1.56503e-30,31.2419,57.5935
26565000,3.66919e-30,0.165299,31.3105,57.6856
26570000,3.59354e-30,1.50116e-30,31.3007,57.6326
26575000,5.81244,1.47021e-30,31.3026,57.7311
26580000,5.58453,0.210136,31.3606,57.6126
26585000,7.69061,1.41021e-30,31.306,57.6984
26590000,3.30622e-30,1.38113e-30,31.317,57.6686
26595000,3.23805e-30,1.35266e-30,31.2908,57.6777
26600000,3.17129e-30,1.32477e-30,31.2622,57.6093
26605000,3.1059e-30,1.29746e-30,31.2928,57.6863
26610000,6.04965,1.2707e-30,31.2662,57.6522
26615000,5.58453,0.32628,31.288,57.7328
26620000,2.91773e-30,0.449329,31.2887,57.617
26625000,4.95303,0.130029,31.2611,57.5903
26630000,6.29654,1.1691e-30,31.3204,57.7598
26635000,2.74095e-30,0.186374,31.2638,57.5967
26640000,2.68444e-30,0.353455,31.3168,57.6483
26645000,2.62909e-30,0.179066,31.2932,57.7038
26650000,2.57489e-30,0.135335,31.2841,57.5934
26655000,5.15517,0.367879,31.3191,57.6451
26660000,2.4698e-30,0.289384,31.2803,57.6588
26665000,5.15517,0.172045,31.3192,57.6789
26670000,2.36901e-30,9.89626e-31,31.3206,57.6164
26675000,5.15517,0.398519,31.3111,57.6376
26680000,2.27233e-30,0.210136,31.2837,57.705
26685000,2.22548e-30,0.431711,31.3118,57.6878
26690000,8.67114,9.105e-31,31.2937,57.6435
26695000,2.13465e-30,8.91727e-31,31.3039,57.5891
26700000,2.09064e-30,8.73342e-31,31.3043,57.6216
26705000,2.04754e-30,0.398519,31.2833,57.6058
26710000,5.36556,0.32628,31.3061,57.6448
26715000,1.96398e-30,0.201897,31.2906,57.5889
26720000,8.33114,8.03513e-31,31.3118,57.6875
26725000,5.15517,7.86946e-31,31.3216,57.641
26730000,1.84499e-30,0.506617,31.3128,57.5882
26735000,1.80695e-30,0.32628,31.3002,57.5785
26740000,1.76969e-30,0.301194,31.2829,57.6472
26745000,6.04965,0.140858,31.3115,57.5704
26750000,4.95303,0.313486,31.3024,57.6804
26755000,7.69061,0.236928,31.2797,57.6945
26760000,1.62819e-30,0.449329,31.3563,57.6925
26765000,1.59462e-30,0.267135,31.2946,57.6138
26770000,6.5535,6.52402e-31,31.3506,57.5272
26775000,1.52955e-30,0.313486,31.3043,57.5482
26780000,5.36556,0.140858,31.3101,57.6002
26785000,1.46713e-30,6.12875e-31,31.3001,57.5556
26790000,1.43688e-30,6.00238e-31,31.2837,57.5649
26795000,5.81244,0.289384,31.3006,57.6047
26800000,5.15517,0.246597,31.3085,57.5077
26805000,1.34982e-30,0.278037,31.3108,57.5311
26810000,6.29654,5.52246e-31,31.2753,57.6221
26815000,5.36556,0.353455,31.293,57.6463
26820000,9.02501,5.29709e-31,31.3058,57.5857
26825000,6.82096,0.130029,31.31,57.6325
26830000,6.29654,0.218712,31.2963,57.7074
26835000,1.19121e-30,0.236928,31.2964,57.5382
26840000,6.5535,0.382893,31.3162,57.6062
26845000,1.1426e-30,0.289384,31.3062,57.6208
26850000,1.11904e-30,0.313486,31.3171,57.5568
26855000,1.09597e-30,4.57828e-31,31.3215,57.5281
26860000,1.07337e-30,4.48389e-31,31.311,57.5584
26865000,5.81244,0.172045,31.3467,57.5221
26870000,1.02957e-30,0.278037,31.319,57.584
26875000,1.00834e-30,0.186374,31.3207,57.5587
26880000,9.8755e-31,0.32628,31.294,57.5859
26885000,6.29654,4.04032e-31,31.3203,57.5362
26890000,9.47247e-31,3.95702e-31,31.3493,57.5574
26895000,9.27717e-31,0.236928,31.3391,57.5388
26900000,6.29654,0.201897,31.3126,57.5952
26905000,8.89857e-31,3.71727e-31,31.272,57.5758
26910000,6.5535,3.64063e-31,31.3221,57.5255
26915000,8.53541e-31,0.218712,31.3268,57.6223
26920000,7.09933,0.236928,31.3461,57.4885
26925000,6.5535,0.218712,31.3233,57.5282
26930000,8.01828e-31,3.34954e-31,31.3391,57.5362
26935000,8.67114,0.146607,31.3027,57.5368
26940000,7.69105e-31,0.227638,31.3159,57.554
26945000,9.39333,3.1466e-31,31.3335,57.531
26950000,7.37717e-31,0.172045,31.3246,57.5159
26955000,7.22507e-31,3.01819e-31,31.375,57.5773
26960000,7.0761e-31,0.431711,31.3177,57.6059
26965000,6.93021e-31,0.130029,31.3227,57.5086
26970000,6.78732e-31,2.83533e-31,31.3496,57.5357
26975000,6.64738e-31,2.77687e-31,31.349,57.4835
26980000,6.51033e-31,0.289384,31.3369,57.5403
26985000,6.3761e-31,2.66354e-31,31.3488,57.5563
26990000,6.29654,0.186374,31.3464,57.5186
26995000,6.11589e-31,2.55484e-31,31.318,57.5815
27000000,5.98979e-31,0.19398,31.3627,57.4828
27005000,5.8663e-31,0.267135,31.3251,57.5696
27010000,5.74535e-31,2.40005e-31,31.3497,57.495
27015000,5.62689e-31,2.35057e-31,31.375,57.5421
27020000,6.29654,0.135335,31.3199,57.5765
27025000,5.39725e-31,0.106459,31.3103,57.4887
27030000,5.28597e-31,2.20815e-31,31.347,57.5074
27035000,6.82096,0.339596,31.3787,57.4538
27040000,8.67114,0.158817,31.3527,57.5438
27045000,5.36556,2.07437e-31,31.3792,57.5715
27050000,4.86333e-31,2.0316e-31,31.3247,57.5637
27055000,4.76306e-31,1.98971e-31,31.3315,57.4842
27060000,4.66485e-31,0.431711,31.341,57.5121
27065000,4.56868e-31,1.90851e-31,31.3489,57.5225
27070000,4.47448e-31,1.86916e-31,31.3367,57.523
27075000,4.38223e-31,1.83062e-31,31.3094,57.4798
27080000,4.29187e-31,0.367879,31.3257,57.495
27085000,4.20338e-31,1.75591e-31,31.3528,57.5093
27090000,4.11672e-31,0.278037,31.3424,57.4521
27095000,4.03184e-31,0.313486,31.2989,57.6207
27100000,3.94871e-31,1.64953e-31,31.3112,57.4331
27105000,3.8673e-31,0.431711,31.3628,57.5122
27110000,5.58453,0.278037,31.3001,57.5126
27115000,3.70947e-31,0.301194,31.3156,57.5375
27120000,3.63299e-31,1.51764e-31,31.3626,57.5449
27125000,6.82096,1.48635e-31,31.3627,57.5542
27130000,5.36556,1.4557e-31,31.3707,57.3945
27135000,3.41288e-31,0.246597,31.3778,57.4374
27140000,3.34251e-31,0.106459,31.3528,57.5454
27145000,3.2736e-31,1.36751e-31,31.3469,57.4545
27150000,3.2061e-31,0.289384,31.3891,57.5826
27155000,4.95303,1.3117e-31,31.3698,57.4863
27160000,3.07526e-31,1.28465e-31,31.3857,57.4331
27165000,3.01186e-31,0.179066,31.3902,57.5515
27170000,5.15517,1.23223e-31,31.3381,57.4069
27175000,2.88894e-31,1.20682e-31,31.3879,57.511
27180000,6.04965,1.18194e-31,31.347,57.4885
27185000,2.77104e-31,1.15757e-31,31.339,57.3504
27190000,7.09933,0.19398,31.3655,57.4961
27195000,2.65795e-31,1.11033e-31,31.3616,57.5296
27200000,6.5535,1.08744e-31,31.3402,57.3954
27205000,2.54948e-31,1.06502e-31,31.3865,57.4875
27210000,2.49692e-31,0.398519,31.3504,57.4634
27215000,2.44544e-31,0.289384,31.3996,57.5003
27220000,5.36556,0.256661,31.3665,57.4366
27225000,2.34564e-31,0.172045,31.3588,57.4476
27230000,2.29727e-31,0.115325,31.3697,57.4688
27235000,2.24991e-31,0.486752,31.3595,57.5081
27240000,2.20352e-31,9.20495e-32,31.3603,57.477
27245000,6.04965,0.353455,31.359,57.474
27250000,2.11359e-31,8.82929e-32,31.3545,57.4689
27255000,6.29654,8.64725e-32,31.3295,57.4919
27260000,8.67114,8.46897e-32,31.3702,57.4435
27265000,7.09933,0.165299,31.366,57.4776
27270000,1.9446e-31,0.140858,31.3759,57.4495
27275000,1.90451e-31,0.449329,31.3809,57.4213
27280000,5.36556,0.256661,31.3553,57.4872
27285000,1.82678e-31,7.63118e-32,31.3955,57.3352
27290000,1.78912e-31,7.47384e-32,31.3856,57.4183
27295000,1.75223e-31,0.19398,31.4052,57.4966
27300000,8.33114,0.382893,31.3525,57.3795
27305000,6.82096,7.02102e-32,31.3753,57.4089
27310000,1.64607e-31,0.146607,31.3917,57.3369
27315000,1.61213e-31,0.313486,31.4125,57.402
27320000,1.57889e-31,0.339596,31.3979,57.4474
27325000,7.69061,0.179066,31.4226,57.4108
27330000,1.51446e-31,0.32628,31.3869,57.4489
27335000,1.48323e-31,0.130029,31.3787,57.4128
27340000,1.45265e-31,0.186374,31.4111,57.466
27345000,5.15517,5.94317e-32,31.3921,57.4429
27350000,5.58453,0.267135,31.4025,57.3282
27355000,1.36464e-31,0.135335,31.3788,57.3569
27360000,6.82096,5.58309e-32,31.3835,57.4618
27365000,5.15517,0.594521,31.3446,57.3493
27370000,1.28196e-31,0.135335,31.3823,57.2987
27375000,6.82096,0.431711,31.3773,57.4978
27380000,1.22964e-31,0.158817,31.4098,57.3772
27385000,5.15517,0.32628,31.3647,57.4307
27390000,1.17946e-31,0.339596,31.3903,57.3744
27395000,8.67114,0.431711,31.4177,57.3251
27400000,1.13133e-31,0.186374,31.3959,57.3964
27405000,1.108e-31,4.62854e-32,31.403,57.3171
27410000,1.08516e-31,0.431711,31.4113,57.3946
27415000,1.06278e-31,4.43965e-32,31.386,57.318
27420000,6.82096,0.146607,31.3901,57.3849
27425000,1.01941e-31,0.172045,31.4174,57.3524
27430000,9.98391e-32,0.227638,31.3825,57.3266
27435000,9.77807e-32,0.186374,31.4147,57.3537
27440000,9.57646e-32,0.313486,31.3846,57.2822
27445000,9.37902e-32,3.91798e-32,31.4232,57.4385
27450000,9.18564e-32,3.8372e-32,31.3833,57.3448
27455000,10.1757,0.246597,31.377,57.3887
27460000,4.95303,3.6806e-32,31.3939,57.3439
27465000,8.62911e-32,0.19398,31.4291,57.4148
27470000,5.36556,0.236928,31.4105,57.418
27475000,8.27696e-32,0.353455,31.3766,57.2793
27480000,8.1063e-32,3.38631e-32,31.3991,57.4398
27485000,5.36556,3.31649e-32,31.4133,57.3989
27490000,7.77548e-32,0.186374,31.3849,57.3697
27495000,5.58453,3.18115e-32,31.3884,57.4025
27500000,7.45816e-32,0.339596,31.4064,57.3483
27505000,7.30439e-32,3.05132e-32,31.386,57.4033
27510000,7.15379e-32,0.236928,31.4023,57.3652
27515000,9.02501,0.527292,31.3946,57.3208
27520000,6.82096,2.86645e-32,31.4071,57.2704
27525000,6.72036e-32,0.313486,31.4273,57.2917
27530000,6.5818e-32,0.313486,31.4069,57.3521
27535000,6.04965,2.69278e-32,31.4176,57.3362
27540000,6.31319e-32,0.548812,31.4289,57.3676
27545000,6.18303e-32,0.186374,31.4243,57.374
27550000,5.58453,0.594521,31.4161,57.3002
27555000,5.81244,2.47748e-32,31.3986,57.284
27560000,5.36556,0.339596,31.363,57.3226
27565000,5.68866e-32,0.179066,31.4053,57.356
27570000,5.57137e-32,0.227638,31.4393,57.3708
27575000,6.5535,0.115325,31.3846,57.273
27580000,5.344e-32,0.120032,31.41,57.2588
27585000,5.23382e-32,0.172045,31.4211,57.3409
27590000,7.09933,0.289384,31.4514,57.276
27595000,5.02023e-32,0.353455,31.4035,57.3514
27600000,4.91672e-32,2.0539e-32,31.4323,57.2732
27605000,7.09933,2.01156e-32,31.4231,57.2886
27610000,5.15517,0.527292,31.4771,57.3774
27615000,4.61883e-32,1.92946e-32,31.4384,57.223
27620000,4.5236e-32,0.301194,31.4243,57.2607
27625000,4.95303,0.201897,31.4378,57.2552
27630000,5.58453,0.130029,31.434,57.2823
27635000,4.24953e-32,1.77519e-32,31.3971,57.2349
27640000,4.16191e-32,0.110803,31.4175,57.251
27645000,5.81244,1.70275e-32,31.4516,57.3813
27650000,3.99206e-32,1.66764e-32,31.4277,57.31
27655000,3.90976e-32,0.467666,31.4339,57.2298
27660000,3.82915e-32,1.59958e-32,31.4229,57.2535
27665000,3.7502e-32,0.210136,31.4292,57.2301
27670000,3.67288e-32,1.5343e-32,31.424,57.2994
27675000,5.36556,0.246597,31.403,57.3252
27680000,3.52298e-32,0.367879,31.4123,57.2923
27685000,3.45035e-32,0.218712,31.4322,57.3907
27690000,3.37921e-32,0.146607,31.4237,57.2219
27695000,3.30954e-32,0.278037,31.4394,57.2791
27700000,3.2413e-32,1.35402e-32,31.4131,57.2669
27705000,3.17447e-32,0.571209,31.4376,57.2789
27710000,5.36556,0.267135,31.4471,57.231
27715000,7.38906,0.227638,31.3964,57.2926
27720000,2.98214e-32,1.24576e-32,31.4269,57.2245
27725000,5.81244,1.22007e-32,31.4001,57.2774
27730000,7.09933,0.32628,31.4016,57.2851
27735000,2.80146e-32,0.571209,31.4629,57.258
27740000,2.7437e-32,1.14615e-32,31.4128,57.2704
27745000,2.68713e-32,0.301194,31.4542,57.2756
27750000,6.04965,0.256661,31.4663,57.2218
27755000,6.04965,0.398519,31.4215,57.29
27760000,6.29654,0.218712,31.4209,57.2699
27765000,2.47228e-32,0.506617,31.454,57.1684
27770000,2.42131e-32,1.01147e-32,31.4154,57.3318
27775000,7.38906,9.90619e-33,31.4418,57.2776
27780000,2.32249e-32,9.70195e-33,31.3988,57.202
27785000,2.27461e-32,9.50192e-33,31.4451,57.3193
27790000,6.5535,0.382893,31.4407,57.2638
27795000,2.18178e-32,0.289384,31.4464,57.1433
27800000,2.1368e-32,8.92623e-33,31.4356,57.2985
27805000,5.58453,0.301194,31.4145,57.2435
27810000,4.95303,0.301194,31.4432,57.2281
27815000,2.00734e-32,0.179066,31.4421,57.355
27820000,1.96595e-32,0.19398,31.4483,57.2519
27825000,5.15517,0.15259,31.4325,57.265
27830000,1.88572e-32,7.87737e-33,31.4524,57.1783
27835000,1.84684e-32,0.102284,31.4637,57.202
27840000,1.80876e-32,0.201897,31.4584,57.2511
27845000,7.38906,7.4001e-33,31.4432,57.2569
27850000,1.73494e-32,0.172045,31.4454,57.2535
27855000,1.69917e-32,0.339596,31.4377,57.267
27860000,5.36556,0.246597,31.4315,57.251
27865000,1.62983e-32,6.80842e-33,31.4367,57.1526
27870000,8.67114,0.289384,31.4567,57.1925
27875000,6.5535,0.218712,31.4376,57.2414
27880000,1.53108e-32,0.186374,31.4348,57.3233
27885000,7.69061,6.26405e-33,31.4322,57.2311
27890000,5.15517,0.102284,31.4474,57.2736
27895000,1.43832e-32,0.289384,31.4265,57.3253
27900000,10.591,5.88453e-33,31.4195,57.1927
27905000,1.37962e-32,0.172045,31.4379,57.2628
27910000,5.58453,0.19398,31.4506,57.1798
27915000,1.32332e-32,0.431711,31.4287,57.1901
27920000,1.29603e-32,5.41403e-33,31.4358,57.1526
27925000,1.26931e-32,0.179066,31.4356,57.1642
27930000,1.24314e-32,5.19308e-33,31.4318,57.2248
27935000,5.81244,5.08601e-33,31.4391,57.2396
27940000,5.36556,0.158817,31.4175,57.132
27945000,1.16782e-32,0.165299,31.4504,57.1861
27950000,1.14375e-32,0.15259,31.4376,57.2936
27955000,1.12016e-32,0.227638,31.4973,57.2809
27960000,1.09707e-32,0.140858,31.4294,57.2361
27965000,1.07445e-32,0.246597,31.4392,57.2115
27970000,1.0523e-32,4.39585e-33,31.4705,57.2441
27975000,1.0306e-32,4.30521e-33,31.4847,57.0867
27980000,1.00935e-32,0.201897,31.4108,57.2585
27985000,9.88541e-33,0.414783,31.4867,57.0973
27990000,9.6816e-33,0.398519,31.4411,57.2136
27995000,9.48198e-33,0.15259,31.48,57.1823
28000000,6.82096,0.236928,31.4235,57.1526
28005000,9.09502e-33,0.140858,31.4688,57.2249
28010000,5.58453,3.721e-33,31.4537,57.2209
28015000,8.72385e-33,3.64429e-33,31.4573,57.2407
28020000,5.81244,3.56915e-33,31.434,57.0783
28025000,5.81244,0.120032,31.4703,57.193
28030000,8.1953e-33,0.158817,31.4822,57.1535
28035000,6.82096,3.3529e-33,31.4609,57.163
28040000,7.86084e-33,0.201897,31.49,57.1801
28045000,7.69877e-33,0.236928,31.4606,57.1565
28050000,5.81244,3.14976e-33,31.4801,57.2102
28055000,7.38458e-33,0.135335,31.4925,57.137
28060000,6.5535,3.02122e-33,31.4871,57.1215
28065000,6.29654,2.95893e-33,31.4992,57.1647
28070000,6.93717e-33,2.89792e-33,31.455,57.1432
28075000,6.79414e-33,0.278037,31.4857,57.1443
28080000,6.65406e-33,2.77966e-33,31.4682,57.1622
28085000,6.51687e-33,2.72234e-33,31.4469,57.1267
28090000,6.3825e-33,2.66622e-33,31.4542,57.091
28095000,8.67114,0.210136,31.4427,57.0701
28100000,6.12203e-33,2.55741e-33,31.4501,57.1099
28105000,5.99581e-33,2.50468e-33,31.4897,57.2024
28110000,5.87219e-33,2.45304e-33,31.4757,57.1854
28115000,5.81244,0.594521,31.4988,57.1518
28120000,5.63254e-33,0.301194,31.4838,57.2253
28125000,5.51641e-33,0.110803,31.4713,57.1548
28130000,5.40267e-33,2.2569e-33,31.4492,57.1743
28135000,5.29128e-33,0.106459,31.4839,57.1284
28140000,5.18219e-33,0.186374,31.4799,57.1778
28145000,5.07534e-33,0.382893,31.4163,57.134
28150000,6.82096,2.07645e-33,31.4707,57.1452
28155000,6.29654,2.03364e-33,31.4747,57.1723
28160000,6.5535,1.99171e-33,31.49,57.1848
28165000,4.66954e-33,1.95065e-33,31.4761,57.1643
28170000,5.36556,0.289384,31.508,57.1477
28175000,4.47897e-33,0.256661,31.4499,57.1714
28180000,4.38663e-33,0.267135,31.4773,57.109
28185000,4.29618e-33,0.172045,31.4856,57.1336
28190000,6.04965,0.267135,31.4602,57.0995
28195000,5.15517,1.72144e-33,31.4783,57.0527
28200000,4.03589e-33,0.267135,31.4886,57.0394
28205000,5.36556,1.65119e-33,31.4698,57.1358
28210000,3.87118e-33,0.140858,31.4665,57.1456
28215000,6.5535,0.278037,31.5145,57.1178
28220000,3.7132e-33,0.256661,31.4804,57.1304
28225000,3.63664e-33,1.51916e-33,31.4763,57.0616
28230000,3.56166e-33,1.48784e-33,31.4839,57.1225
28235000,3.48823e-33,0.210136,31.4692,57.1044
28240000,3.41631e-33,0.158817,31.4837,57.0937
28245000,3.34587e-33,0.301194,31.4745,57.104
28250000,6.29654,1.36888e-33,31.4906,57.093
28255000,3.20932e-33,1.34066e-33,31.4922,57.0818
28260000,3.14315e-33,1.31302e-33,31.4864,57.1532
28265000,5.36556,0.236928,31.5102,57.0548
28270000,6.04965,0.267135,31.4904,57.0934
28275000,7.09933,0.548812,31.516,57.0338
28280000,2.89184e-33,1.20803e-33,31.5191,57.0801
28285000,2.83222e-33,0.218712,31.4906,57.1766
28290000,2.77382e-33,0.218712,31.5176,57.1517
28295000,2.71663e-33,0.146607,31.4802,57.0376
28300000,2.66062e-33,1.11144e-33,31.4522,57.098
28305000,2.60577e-33,0.313486,31.4733,57.0325
28310000,7.09933,0.289384,31.5161,57.1678
28315000,2.49942e-33,0.486752,31.5081,57.031
28320000,2.44789e-33,0.201897,31.4638,57.1174
28325000,2.39742e-33,0.278037,31.483,57.0856
28330000,2.34799e-33,9.80846e-34,31.4938,57.0094
28335000,5.36556,9.60623e-34,31.5266,57.0204
28340000,5.36556,0.19398,31.5001,57.1652
28345000,2.20573e-33,0.120032,31.5169,57.0945
28350000,2.16026e-33,0.398519,31.4916,57.0816
28355000,2.11572e-33,0.382893,31.4848,57.0279
28360000,2.0721e-33,0.102284,31.5089,57.0387
28365000,2.02937e-33,0.32628,31.4814,57.0251
28370000,5.15517,0.110803,31.4826,57.1042
28375000,1.94655e-33,0.382893,31.511,56.9881
28380000,1.90642e-33,0.19398,31.4804,57.0164
28385000,1.86711e-33,0.210136,31.4858,57.0289
28390000,6.29654,0.158817,31.4834,57.0724
28395000,1.79092e-33,7.48134e-34,31.4728,57.0293
28400000,5.58453,0.267135,31.4621,57.0913
28405000,1.71783e-33,0.449329,31.5084,57.1299
28410000,7.38906,0.278037,31.5013,56.9322
28415000,1.64772e-33,6.88317e-34,31.4723,57.0367
28420000,1.61375e-33,0.527292,31.4916,57.1194
28425000,1.58048e-33,0.313486,31.5218,57.012
28430000,1.54789e-33,6.46614e-34,31.4917,56.997
28435000,5.36556,6.33282e-34,31.4774,57.0447
28440000,1.48472e-33,0.313486,31.5359,57.1113
28445000,1.45411e-33,6.07437e-34,31.467,57.0095
28450000,1.42413e-33,0.548812,31.5227,57.1881
28455000,1.39477e-33,5.82647e-34,31.4699,57.0187
28460000,1.36601e-33,0.289384,31.5135,57.0181
28465000,7.38906,5.58869e-34,31.5153,57.0063
28470000,1.31026e-33,5.47347e-34,31.5138,56.9187
28475000,1.28325e-33,5.36061e-34,31.5364,57.0582
28480000,4.95303,0.106459,31.5247,57.028
28485000,1.23088e-33,0.289384,31.4855,57.0921
28490000,5.81244,5.03583e-34,31.4897,56.9719
28495000,1.18064e-33,4.932e-34,31.5063,57.0395
28500000,1.1563e-33,0.467666,31.5214,56.9916
28505000,1.13246e-33,4.73073e-34,31.5447,57.05
28510000,1.10911e-33,4.63319e-34,31.5066,57.066
28515000,1.08625e-33,0.353455,31.4906,57.0397
28520000,1.06385e-33,4.44411e-34,31.5285,57.016
28525000,1.04191e-33,0.135335,31.5064,56.9679
28530000,1.02043e-33,0.120032,31.5025,56.9932
28535000,9.99394e-34,0.353455,31.563,57.0757
28540000,9.78788e-34,4.08877e-34,31.5308,56.9478
28545000,9.58608e-34,0.120032,31.5182,57.0929
28550000,9.38844e-34,0.353455,31.4972,57.0087
28555000,8.00447,0.110803,31.5122,56.9917
28560000,9.00529e-34,0.506617,31.5105,57.0001
28565000,8.81962e-34,3.68429e-34,31.5016,57.0079
28570000,8.63778e-34,0.353455,31.5178,57.1062
28575000,8.45969e-34,3.53394e-34,31.5276,56.9845
28580000,8.28527e-34,0.227638,31.5322,56.9986
28585000,8.11444e-34,0.135335,31.4762,57.0893
28590000,7.94714e-34,3.31982e-34,31.4926,57.0205
28595000,7.78329e-34,0.353455,31.5243,56.9899
28600000,7.62281e-34,0.186374,31.5131,56.9483
28605000,7.09933,0.19398,31.5011,56.9821
28610000,6.5535,3.05439e-34,31.4816,57.0377
28615000,5.36556,2.99141e-34,31.5396,56.8937
28620000,5.81244,2.92974e-34,31.5285,56.956
28625000,6.86873e-34,2.86933e-34,31.5277,56.9602
28630000,6.72711e-34,2.81017e-34,31.5229,57.0726
28635000,6.58841e-34,0.218712,31.511,56.9438
28640000,6.45257e-34,2.69549e-34,31.5293,56.9784
28645000,6.31953e-34,0.289384,31.5505,56.9825
28650000,6.18924e-34,0.506617,31.5124,56.9767
28655000,6.06163e-34,2.53218e-34,31.5435,56.8895
28660000,5.93665e-34,2.47997e-34,31.552,57.0313
28665000,6.04965,0.339596,31.5469,56.9977
28670000,5.69437e-34,0.110803,31.5253,57.0018
28675000,5.57697e-34,2.32971e-34,31.5268,56.9266
28680000,5.46198e-34,0.106459,31.5412,57.0741
28685000,6.5535,2.23464e-34,31.548,56.9822
28690000,6.04965,0.102284,31.551,57.0046
28695000,5.13106e-34,2.14344e-34,31.5668,56.9404
28700000,5.36556,2.09925e-34,31.5106,57.0029
28705000,4.92166e-34,2.05597e-34,31.5181,56.9766
28710000,4.82018e-34,2.01358e-34,31.5123,56.8774
28715000,4.7208e-34,0.467666,31.5482,56.9408
28720000,4.62347e-34,0.32628,31.5439,56.9922
28725000,4.52814e-34,0.548812,31.5227,57.0972
28730000,4.43478e-34,0.165299,31.5588,57.0286
28735000,4.34335e-34,1.81438e-34,31.538,56.9102
28740000,4.2538e-34,0.32628,31.5429,57.0085
28745000,4.16609e-34,0.353455,31.5504,56.9614
28750000,4.0802e-34,0.571209,31.5449,56.9216
28755000,6.82096,0.140858,31.5314,56.9323
28760000,3.91368e-34,0.353455,31.5777,56.8807
28765000,3.83299e-34,1.60119e-34,31.5465,56.8906
28770000,3.75396e-34,0.15259,31.5703,57.0115
28775000,3.67656e-34,1.53584e-34,31.5291,56.8852
28780000,6.29654,1.50418e-34,31.5441,56.9736
28785000,5.36556,0.106459,31.5303,56.9552
28790000,3.45381e-34,0.12493,31.4993,56.9952
28795000,5.36556,0.398519,31.5375,57.0061
28800000,3.31286e-34,0.313486,31.5165,56.9763
28805000,5.36556,1.35538e-34,31.5321,56.9936
28810000,3.17766e-34,0.449329,31.5686,56.9041
28815000,3.11214e-34,0.301194,31.5272,57.0109
28820000,3.04798e-34,1.27326e-34,31.5471,56.8993
28825000,5.81244,1.24701e-34,31.5454,56.9099
28830000,2.92359e-34,0.135335,31.5357,56.875
28835000,2.86331e-34,0.146607,31.5297,56.9197
28840000,6.5535,0.246597,31.5675,56.9935
28845000,2.74646e-34,0.289384,31.5505,56.9167
28850000,2.68983e-34,0.218712,31.5938,56.8407
28855000,2.63437e-34,0.210136,31.5625,56.948
28860000,2.58006e-34,1.07779e-34,31.5485,56.9215
28865000,2.52686e-34,0.431711,31.5732,56.8882
28870000,2.47476e-34,0.110803,31.5517,56.8759
28875000,2.42374e-34,1.01249e-34,31.5435,56.8655
28880000,2.37377e-34,9.91614e-35,31.5545,56.8524
28885000,2.32483e-34,0.146607,31.5514,56.8987
28890000,2.27689e-34,9.51146e-35,31.5315,56.8926
28895000,8.33114,0.15259,31.5463,56.9202
28900000,2.18397e-34,9.12329e-35,31.5652,56.9382
28905000,2.13894e-34,0.102284,31.564,56.8164
28910000,2.09484e-34,0.102284,31.5263,56.9727
28915000,2.05165e-34,0.236928,31.5678,56.9886
28920000,2.00935e-34,0.339596,31.5848,56.952
28925000,1.96792e-34,8.22077e-35,31.5527,56.9507
28930000,1.92735e-34,0.267135,31.5505,56.8395
28935000,1.88761e-34,0.135335,31.5971,56.7963
28940000,1.84869e-34,0.486752,31.5774,56.9164
28945000,1.81058e-34,0.382893,31.529,56.9636
28950000,1.77325e-34,0.210136,31.5837,56.9692
28955000,1.73669e-34,0.301194,31.5256,56.8312
28960000,5.81244,0.301194,31.5564,56.8555
28965000,1.66581e-34,0.19398,31.5627,57.0261
28970000,1.63147e-34,6.81526e-35,31.5238,56.9215
28975000,6.04965,6.67474e-35,31.508,56.8807
28980000,1.56488e-34,0.115325,31.5575,56.8878
28985000,6.29654,0.201897,31.5216,56.9043
28990000,1.50102e-34,0.398519,31.5427,56.9064
28995000,6.29654,0.210136,31.5617,56.9429
29000000,1.43976e-34,0.130029,31.57,56.9083
29005000,6.5535,0.110803,31.5578,56.934
29010000,7.09933,5.76899e-35,31.544,56.901
29015000,1.35253e-34,0.278037,31.5366,56.9731
29020000,7.69061,0.431711,31.5412,56.8772
29025000,1.29733e-34,0.218712,31.5401,56.8402
29030000,1.27059e-34,0.186374,31.546,56.9873
29035000,5.81244,0.431711,31.5409,56.9358
29040000,9.39333,5.09112e-35,31.5877,56.8993
29045000,1.19361e-34,0.158817,31.5596,56.9292
29050000,1.169e-34,4.88335e-35,31.538,56.8141
29055000,1.14489e-34,4.78266e-35,31.5577,56.967
29060000,1.12129e-34,4.68405e-35,31.5473,56.8551
29065000,1.09817e-34,0.201897,31.5762,56.9859
29070000,7.09933,0.227638,31.5331,56.8879
29075000,1.05335e-34,4.40026e-35,31.5288,56.8706
29080000,1.03164e-34,4.30954e-35,31.5573,56.8262
29085000,1.01037e-34,0.130029,31.5437,56.9114
29090000,9.89534e-35,4.13366e-35,31.5659,56.8559
29095000,5.15517,0.135335,31.571,56.8616
29100000,9.4915e-35,0.218712,31.5603,56.9129
29105000,5.81244,0.278037,31.5534,56.829
29110000,9.10415e-35,3.80315e-35,31.5931,56.7883
29115000,8.91644e-35,0.201897,31.582,56.9631
29120000,8.73261e-35,0.339596,31.5784,56.9567
29125000,8.55256e-35,0.227638,31.5783,56.8909
29130000,8.37622e-35,0.120032,31.5746,56.8622
29135000,8.20352e-35,3.42693e-35,31.581,56.8651
29140000,5.36556,3.35627e-35,31.5729,56.8684
29145000,7.86873e-35,0.19398,31.5459,56.8261
29150000,7.7065e-35,0.158817,31.5578,56.837
29155000,7.54761e-35,3.15292e-35,31.5752,56.8531
29160000,7.39199e-35,3.08792e-35,31.6058,56.9303
29165000,7.23958e-35,0.339596,31.5483,56.7752
29170000,7.09032e-35,2.9619e-35,31.5756,56.8114
29175000,6.94413e-35,0.289384,31.5446,56.8552
29180000,6.80096e-35,2.84102e-35,31.5736,56.9049
29185000,5.58453,0.382893,31.5959,56.9073
29190000,6.82096,2.72508e-35,31.588,56.8915
29195000,6.38891e-35,0.218712,31.5745,56.793
29200000,7.38906,2.61387e-35,31.5223,56.893
29205000,7.09933,0.201897,31.5908,56.8589
29210000,6.82096,2.50719e-35,31.579,56.8464
29215000,5.87808e-35,0.548812,31.5971,56.827
29220000,6.04965,2.40487e-35,31.5759,56.827
29225000,7.38906,2.35529e-35,31.5641,56.8437
29230000,5.52195e-35,0.218712,31.5486,56.7888
29235000,5.4081e-35,0.32628,31.5683,56.8651
29240000,8.00447,0.755784,31.5683,56.9148
29245000,5.18739e-35,0.289384,31.5872,56.8465
29250000,5.36556,0.301194,31.562,56.8595
29255000,4.97569e-35,0.210136,31.5875,56.8077
29260000,4.8731e-35,0.12493,31.5916,56.6993
29265000,4.77263e-35,0.431711,31.5763,56.8375
29270000,4.67423e-35,0.110803,31.5973,56.8287
29275000,6.04965,1.91235e-35,31.6,56.7964
29280000,4.48347e-35,0.267135,31.5718,56.8767
29285000,4.39103e-35,1.8343e-35,31.6249,56.8296
29290000,4.3005e-35,0.353455,31.5335,56.8505
29295000,4.21183e-35,0.227638,31.6046,56.8845
29300000,4.12499e-35,0.165299,31.5739,56.7978
29305000,4.03994e-35,0.210136,31.5227,56.7793
29310000,3.95665e-35,0.106459,31.5971,56.7897
29315000,3.87507e-35,0.353455,31.5885,56.7807
29320000,6.5535,1.58539e-35,31.6098,56.8329
29325000,3.71693e-35,0.256661,31.5917,56.8142
29330000,3.64029e-35,0.165299,31.5898,56.897
29335000,3.56524e-35,1.48934e-35,31.5909,56.8851
29340000,3.49173e-35,1.45863e-35,31.5798,56.6945
29345000,3.41974e-35,0.146607,31.5673,56.7003
29350000,3.34923e-35,1.3991e-35,31.5971,56.8403
29355000,3.28018e-35,1.37026e-35,31.5542,56.805
29360000,5.36556,0.367879,31.6121,56.7956
29365000,5.15517,1.31433e-35,31.6184,56.839
29370000,3.08144e-35,1.28724e-35,31.6143,56.7343
29375000,3.01791e-35,0.246597,31.568,56.7795
29380000,7.69061,1.2347e-35,31.6,56.8121
29385000,2.89475e-35,0.165299,31.5984,56.767
29390000,2.83506e-35,0.256661,31.6176,56.685
29395000,2.77661e-35,0.278037,31.5954,56.7627
29400000,5.36556,0.227638,31.5873,56.7262
29405000,2.66329e-35,0.102284,31.584,56.8141
29410000,2.60838e-35,0.339596,31.5796,56.787
29415000,2.5546e-35,0.146607,31.5757,56.7579
29420000,6.5535,0.106459,31.5958,56.8001
29425000,2.45035e-35,0.289384,31.5986,56.7831
29430000,5.81244,0.146607,31.598,56.7928
29435000,2.35035e-35,0.227638,31.6148,56.7378
29440000,2.30189e-35,0.467666,31.6135,56.8237
29445000,6.04965,0.467666,31.5755,56.7143
29450000,2.20795e-35,0.398519,31.6209,56.8959
29455000,5.15517,0.19398,31.6076,56.7735
29460000,2.11784e-35,0.467666,31.5994,56.8048
29465000,7.38906,0.158817,31.6194,56.8423
29470000,5.81244,0.201897,31.5956,56.8217
29475000,1.98953e-35,8.31102e-36,31.612,56.8236
29480000,1.94851e-35,0.19398,31.5868,56.7749
29485000,5.58453,0.431711,31.6074,56.7767
29490000,5.36556,0.227638,31.6559,56.8221
29495000,7.69061,0.256661,31.6107,56.668
29500000,1.79271e-35,0.313486,31.6052,56.8098
29505000,1.75575e-35,7.33445e-36,31.6452,56.8288
29510000,1.71955e-35,7.18323e-36,31.5974,56.6453
29515000,5.36556,7.03513e-36,31.6077,56.7414
29520000,1.64938e-35,6.89008e-36,31.6471,56.8169
29525000,1.61537e-35,0.172045,31.6094,56.7617
29530000,6.29654,6.60889e-36,31.6262,56.7053
29535000,7.38906,6.47263e-36,31.6138,56.7557
29540000,1.5175e-35,6.33918e-36,31.6306,56.7995
29545000,1.48621e-35,0.256661,31.6032,56.6524
29550000,6.82096,6.08047e-36,31.5998,56.7027
29555000,1.42556e-35,5.95511e-36,31.5951,56.8289
29560000,1.39617e-35,0.267135,31.6076,56.7733
29565000,1.36738e-35,5.71207e-36,31.6145,56.7859
29570000,1.33919e-35,5.5943e-36,31.6104,56.7156
29575000,1.31158e-35,0.431711,31.6009,56.7801
29580000,8.00447,0.467666,31.5927,56.7167
29585000,8.33114,0.382893,31.6327,56.6336
29590000,1.23211e-35,5.14701e-36,31.5737,56.675
29595000,1.20671e-35,5.04089e-36,31.6256,56.7711
29600000,1.18183e-35,0.110803,31.595,56.7648
29605000,1.15746e-35,0.32628,31.6394,56.7783
29610000,1.1336e-35,4.73548e-36,31.5826,56.5928
29615000,1.11023e-35,4.63784e-36,31.636,56.6921
29620000,7.09933,4.54222e-36,31.5842,56.7481
29625000,1.06492e-35,0.106459,31.63,56.6863
29630000,1.04296e-35,0.227638,31.594,56.7387
29635000,1.02146e-35,4.26702e-36,31.6058,56.7616
29640000,1.0004e-35,0.186374,31.631,56.7381
29645000,9.79771e-36,0.449329,31.6471,56.7353
29650000,7.69061,0.106459,31.5789,56.7768
29655000,8.00447,0.12493,31.6286,56.7244
29660000,9.2041e-36,0.486752,31.632,56.6783
29665000,5.81244,0.179066,31.5946,56.6357
29670000,5.58453,3.68799e-36,31.6242,56.7183
29675000,8.64645e-36,0.12493,31.6008,56.835
29680000,8.46818e-36,0.431711,31.6403,56.7852
29685000,8.29358e-36,3.46455e-36,31.622,56.7404
29690000,8.12259e-36,0.201897,31.622,56.8056
29695000,7.95512e-36,3.32316e-36,31.6318,56.7401
29700000,7.7911e-36,0.210136,31.627,56.6919
29705000,7.63047e-36,0.267135,31.6111,56.7479
29710000,7.47314e-36,3.12182e-36,31.6132,56.6627
29715000,8.33114,0.267135,31.6094,56.6437
29720000,8.00447,0.301194,31.6257,56.6544
29725000,7.02037e-36,0.15259,31.6628,56.7281
29730000,5.36556,0.32628,31.6331,56.7026
29735000,6.73386e-36,0.102284,31.6143,56.7403
29740000,6.59502e-36,2.75499e-36,31.6206,56.6262
29745000,6.45905e-36,2.69819e-36,31.6429,56.6349
29750000,6.32588e-36,0.313486,31.6393,56.693
29755000,10.1757,0.165299,31.6097,56.7201
29760000,5.36556,0.398519,31.5726,56.6986
29765000,5.94261e-36,0.431711,31.6317,56.6965
29770000,5.82009e-36,2.43127e-36,31.6334,56.6895
29775000,7.69061,0.278037,31.6623,56.7369
29780000,4.95303,2.33205e-36,31.5713,56.6145
29785000,7.09933,0.353455,31.5974,56.7335
29790000,6.5535,0.227638,31.6672,56.6786
29795000,4.95303,0.414783,31.6236,56.6619
29800000,5.13621e-36,2.14559e-36,31.5815,56.655
29805000,5.03031e-36,0.301194,31.592,56.6438
29810000,4.9266e-36,0.165299,31.6118,56.7331
29815000,4.82502e-36,0.15259,31.6627,56.7698
29820000,7.09933,0.218712,31.6298,56.6837
29825000,4.62811e-36,0.19398,31.639,56.6611
29830000,4.53269e-36,0.201897,31.6295,56.7119
29835000,4.43924e-36,1.85444e-36,31.6506,56.7246
29840000,4.34771e-36,0.210136,31.6093,56.6872
29845000,4.25807e-36,0.179066,31.6642,56.69
29850000,4.17028e-36,0.414783,31.6522,56.667
29855000,4.08429e-36,0.353455,31.6401,56.6523
29860000,4.00008e-36,0.236928,31.6235,56.655
29865000,3.91761e-36,0.382893,31.6275,56.7513
29870000,7.09933,0.398519,31.6311,56.5552
29875000,3.75773e-36,0.267135,31.6545,56.7496
29880000,5.81244,0.15259,31.6189,56.7522
29885000,3.60438e-36,0.398519,31.6679,56.6835
29890000,3.53006e-36,0.256661,31.6335,56.6399
29895000,5.36556,0.140858,31.6278,56.6805
29900000,3.386e-36,0.367879,31.6076,56.6519
29905000,6.04965,0.246597,31.6313,56.6291
29910000,3.24781e-36,1.35674e-36,31.6465,56.7099
29915000,3.18085e-36,0.165299,31.6234,56.5761
29920000,3.11527e-36,0.278037,31.682,56.7089
29925000,3.05104e-36,1.27454e-36,31.6066,56.6145
29930000,2.98813e-36,0.172045,31.6422,56.5995
29935000,2.92652e-36,1.22252e-36,31.6105,56.6576
29940000,5.81244,1.19732e-36,31.5859,56.6114
29945000,6.29654,1.17263e-36,31.6537,56.7466
29950000,2.74922e-36,0.414783,31.5976,56.6231
29955000,2.69253e-36,0.110803,31.6389,56.667
29960000,2.63702e-36,0.449329,31.6255,56.7118
29965000,2.58265e-36,1.07887e-36,31.6408,56.729
29970000,5.81244,0.289384,31.6157,56.6183
29975000,2.47725e-36,0.158817,31.6417,56.7221
29980000,2.42617e-36,0.414783,31.6399,56.6936
29985000,11.0232,0.398519,31.6512,56.6352
29990000,2.32716e-36,0.449329,31.6304,56.6543
29995000,5.81244,9.52101e-37,31.647,56.5532
30000000,2.23219e-36,9.3247e-37,31.6393,56.6429
30005000,2.18617e-36,9.13245e-37,31.6517,56.7005
30010000,5.36556,0.398519,31.6391,56.6705
30015000,5.58453,0.449329,31.619,56.6268
30020000,2.05371e-36,8.57914e-37,31.674,56.7415
30025000,2.01137e-36,0.172045,31.643,56.6083
30030000,5.36556,0.32628,31.6356,56.5975
30035000,1.92928e-36,0.755784,31.6564,56.5831
30040000,1.88951e-36,0.571209,31.6713,56.5719
30045000,6.04965,0.201897,31.6282,56.609
30050000,1.81239e-36,7.57107e-37,31.6407,56.6366
30055000,7.69061,0.382893,31.6181,56.5156
30060000,5.58453,7.26209e-37,31.6109,56.5822
30065000,1.70259e-36,0.398519,31.6359,56.5491
30070000,1.66748e-36,0.218712,31.641,56.6045
30075000,6.82096,0.256661,31.6344,56.6039
30080000,1.59943e-36,0.755784,31.6166,56.5568
30085000,5.81244,0.289384,31.6424,56.638
30090000,6.82096,6.40877e-37,31.659,56.606
30095000,1.50253e-36,0.339596,31.6308,56.6739
30100000,9.02501,0.267135,31.6563,56.6709
30105000,1.44121e-36,0.15259,31.6354,56.6727
30110000,1.41149e-36,0.256661,31.6614,56.6267
30115000,1.38239e-36,0.726149,31.6308,56.5579
30120000,5.36556,0.172045,31.6324,56.626
30125000,1.32598e-36,0.339596,31.6525,56.6083
30130000,6.82096,0.246597,31.6399,56.6693
30135000,1.27186e-36,0.115325,31.6486,56.6561
30140000,1.24564e-36,0.382893,31.6417,56.5463
30145000,1.21996e-36,0.449329,31.6259,56.6203
30150000,1.1948e-36,4.99115e-37,31.6385,56.5585
30155000,1.17017e-36,0.102284,31.6706,56.6324
30160000,9.39333,0.218712,31.6716,56.6082
30165000,1.12241e-36,0.301194,31.6306,56.5497
30170000,6.04965,4.59208e-37,31.6757,56.5628
30175000,1.07661e-36,0.186374,31.6685,56.5419
30180000,6.82096,0.467666,31.7083,56.6752
30185000,1.03267e-36,0.158817,31.6456,56.6434
30190000,1.01138e-36,0.186374,31.6267,56.6016
30195000,9.90527e-37,0.210136,31.6554,56.6407
30200000,9.70105e-37,0.367879,31.6314,56.5442
30205000,9.50103e-37,0.19398,31.6468,56.6237
30210000,9.30514e-37,0.15259,31.6417,56.5804
30215000,9.11329e-37,0.486752,31.6549,56.6267
30220000,8.9254e-37,0.313486,31.6442,56.5921
30225000,8.74137e-37,0.278037,31.6293,56.5746
30230000,8.56115e-37,0.165299,31.6424,56.6528
30235000,8.38463e-37,3.50258e-37,31.6324,56.6254
30240000,8.21176e-37,0.256661,31.6425,56.5943
30245000,8.04245e-37,3.35964e-37,31.6851,56.5654
30250000,7.87663e-37,3.29037e-37,31.6444,56.5721
30255000,7.71423e-37,3.22253e-37,31.6644,56.5373
30260000,7.55518e-37,0.467666,31.6926,56.5822
30265000,5.81244,0.158817,31.6578,56.5586
30270000,6.82096,0.353455,31.6522,56.6296
30275000,7.09744e-37,0.246597,31.6337,56.5385
30280000,6.9511e-37,2.90374e-37,31.6523,56.5526
30285000,6.5535,0.15259,31.6618,56.6025
30290000,6.66743e-37,0.431711,31.6758,56.516
30295000,6.52996e-37,0.644036,31.667,56.5913
30300000,5.15517,2.67157e-37,31.6963,56.587
30305000,6.26347e-37,2.61649e-37,31.6759,56.5473
30310000,5.81244,2.56254e-37,31.6812,56.5575
30315000,6.29654,0.278037,31.6723,56.5703
30320000,5.88398e-37,2.45797e-37,31.6542,56.5572
30325000,5.76267e-37,0.527292,31.6742,56.5649
30330000,6.29654,0.449329,31.6466,56.5076
30335000,6.82096,0.246597,31.6653,56.4631
30340000,6.29654,2.26144e-37,31.6535,56.6062
30345000,7.69061,0.571209,31.6897,56.5192
30350000,5.15517,2.16915e-37,31.6899,56.5675
30355000,6.04965,0.102284,31.6726,56.612
30360000,4.98068e-37,0.130029,31.6843,56.5985
30365000,4.87799e-37,0.172045,31.6758,56.5444
30370000,4.77742e-37,0.165299,31.6624,56.5361
30375000,4.67892e-37,0.201897,31.674,56.5409
30380000,4.58245e-37,1.91427e-37,31.6633,56.5161
30385000,4.48797e-37,0.267135,31.6575,56.5651
30390000,7.09933,0.106459,31.7017,56.6198
30395000,4.30481e-37,1.79829e-37,31.688,56.523
30400000,5.58453,1.76121e-37,31.678,56.6389
30405000,4.12913e-37,1.7249e-37,31.6626,56.5597
30410000,4.044e-37,1.68933e-37,31.6985,56.5777
30415000,3.96062e-37,0.110803,31.6624,56.5132
30420000,6.5535,0.278037,31.6864,56.578
30425000,5.81244,0.32628,31.6725,56.5495
30430000,3.72066e-37,0.301194,31.6577,56.5201
30435000,3.64395e-37,0.201897,31.7234,56.4677
30440000,3.56882e-37,0.102284,31.6308,56.5566
30445000,3.49524e-37,0.256661,31.6858,56.5408
30450000,3.42317e-37,0.267135,31.7021,56.5837
30455000,3.35259e-37,0.165299,31.6311,56.5109
30460000,3.28347e-37,0.339596,31.6569,56.4859
30465000,3.21577e-37,1.34335e-37,31.6778,56.5245
30470000,3.14947e-37,0.367879,31.6861,56.5513
30475000,3.08453e-37,1.28853e-37,31.7003,56.4664
30480000,5.15517,0.313486,31.6488,56.5342
30485000,6.5535,1.23594e-37,31.6921,56.5315
30490000,7.69061,1.21046e-37,31.6583,56.4969
30495000,2.83791e-37,0.256661,31.6966,56.4995
30500000,2.7794e-37,0.267135,31.6522,56.5603
30505000,2.72209e-37,0.449329,31.661,56.4356
30510000,2.66597e-37,0.158817,31.6491,56.485
30515000,2.611e-37,0.227638,31.6794,56.5367
30520000,2.55717e-37,1.06823e-37,31.6859,56.4831
30525000,2.50445e-37,1.0462e-37,31.7142,56.4899
30530000,2.45281e-37,0.256661,31.7006,56.4997
30535000,7.38906,0.726149,31.6712,56.4895
30540000,2.35271e-37,0.398519,31.6768,56.5352
30545000,5.15517,0.267135,31.6539,56.5924
30550000,2.25669e-37,0.165299,31.6995,56.5963
30555000,9.02501,0.267135,31.678,56.6228
30560000,5.15517,9.04235e-38,31.6681,56.4037
30565000,2.11997e-37,8.85592e-38,31.6394,56.4763
30570000,2.07626e-37,0.353455,31.6601,56.4735
30575000,2.03345e-37,8.4945e-38,31.6573,56.4954
30580000,1.99152e-37,8.31936e-38,31.6933,56.5336
30585000,1.95046e-37,0.246597,31.6886,56.5902
30590000,5.36556,7.97985e-38,31.6804,56.6196
30595000,1.87086e-37,0.382893,31.6573,56.5852
30600000,6.5535,7.65418e-38,31.6964,56.5491
30605000,1.79451e-37,0.339596,31.7286,56.5408
30610000,1.75751e-37,0.289384,31.682,56.5343
30615000,1.72128e-37,7.19044e-38,31.6805,56.4558
30620000,1.68579e-37,0.467666,31.7051,56.6212
30625000,1.65103e-37,0.506617,31.665,56.5881
30630000,1.61699e-37,0.15259,31.7034,56.5987
30635000,1.58365e-37,0.32628,31.6839,56.4913
30640000,1.551e-37,6.47913e-38,31.6913,56.4833
30645000,1.51902e-37,0.431711,31.6882,56.56
30650000,5.15517,0.201897,31.6931,56.5015
30655000,1.45703e-37,0.218712,31.654,56.5367
30660000,1.42699e-37,0.486752,31.6324,56.5453
30665000,1.39757e-37,0.367879,31.7211,56.5384
30670000,1.36875e-37,5.71781e-38,31.6891,56.3961
30675000,1.34053e-37,0.339596,31.7001,56.4961
30680000,1.31289e-37,0.367879,31.6996,56.5521
30685000,1.28583e-37,5.37138e-38,31.6975,56.5381
30690000,1.25931e-37,5.26064e-38,31.7177,56.5493
30695000,1.23335e-37,0.102284,31.6749,56.4695
30700000,1.20792e-37,0.140858,31.7349,56.587
30705000,1.18302e-37,0.289384,31.7159,56.5285
30710000,1.15863e-37,4.84002e-38,31.6918,56.5347
30715000,5.15517,4.74023e-38,31.6618,56.5497
30720000,7.09933,4.6425e-38,31.7039,56.4812
30725000,1.08843e-37,0.339596,31.7,56.3922
30730000,6.29654,4.45303e-38,31.7233,56.4636
30735000,1.04401e-37,4.36122e-38,31.6984,56.5251
30740000,1.02248e-37,4.2713e-38,31.7205,56.5491
30745000,1.0014e-37,0.313486,31.6791,56.534
30750000,9.80755e-38,0.289384,31.7079,56.4303
30755000,7.09933,0.19398,31.7184,56.5041
30760000,5.15517,3.92979e-38,31.7008,56.4433
30765000,9.21334e-38,0.486752,31.7214,56.4746
30770000,9.02338e-38,0.172045,31.7066,56.4516
30775000,6.29654,0.256661,31.6988,56.5574
30780000,8.65513e-38,0.398519,31.6986,56.4358
30785000,8.47668e-38,3.54103e-38,31.7172,56.5047
30790000,7.38906,0.32628,31.6932,56.5281
30795000,8.13074e-38,3.39652e-38,31.7261,56.5425
30800000,7.96311e-38,3.32649e-38,31.6796,56.5209
30805000,7.79892e-38,0.172045,31.7199,56.5328
30810000,7.63813e-38,0.467666,31.6883,56.4939
30815000,7.48065e-38,0.267135,31.6906,56.6408
30820000,5.15517,0.227638,31.6895,56.5383
30825000,7.17536e-38,0.431711,31.7195,56.5201
30830000,7.02742e-38,2.93562e-38,31.7027,56.5088
30835000,6.88253e-38,0.19398,31.7261,56.5909
30840000,6.74062e-38,2.81582e-38,31.7252,56.517
30845000,6.60165e-38,0.313486,31.713,56.549
30850000,6.29654,0.165299,31.7103,56.4523
30855000,6.33223e-38,0.339596,31.665,56.4292
30860000,6.20167e-38,0.398519,31.7103,56.5702
30865000,6.07381e-38,0.278037,31.7278,56.5159
30870000,5.94858e-38,0.449329,31.7138,56.4233
30875000,5.15517,0.12493,31.7113,56.4258
30880000,5.70581e-38,0.110803,31.6531,56.5028
30885000,5.58817e-38,2.33439e-38,31.7114,56.4392
30890000,5.47296e-38,2.28626e-38,31.7176,56.4563
30895000,5.36012e-38,0.110803,31.7304,56.5338
30900000,6.04965,0.301194,31.6898,56.5307
30905000,5.14137e-38,2.14775e-38,31.6986,56.4213
30910000,5.03536e-38,0.12493,31.7255,56.4575
30915000,4.95303,0.102284,31.7246,56.4241
30920000,4.82987e-38,2.01762e-38,31.7166,56.5089
30925000,4.73029e-38,0.246597,31.7033,56.532
30930000,4.63276e-38,0.158817,31.6878,56.46
30935000,4.53724e-38,0.140858,31.7343,56.5202
30940000,5.81244,0.339596,31.7146,56.4931
30945000,5.15517,0.431711,31.6942,56.4169
30950000,4.26234e-38,0.313486,31.6907,56.4892
30955000,4.17446e-38,1.74383e-38,31.7258,56.3591
30960000,4.08839e-38,0.179066,31.6935,56.3361
30965000,4.0041e-38,0.571209,31.7066,56.4423
30970000,3.92155e-38,1.63818e-38,31.742,56.4512
30975000,3.84069e-38,0.172045,31.7031,56.3777
30980000,3.7615e-38,1.57132e-38,31.7015,56.5295
30985000,6.5535,0.267135,31.7157,56.409
30990000,3.608e-38,1.5072e-38,31.6806,56.4083
30995000,3.53361e-38,1.47612e-38,31.7097,56.455
31000000,3.46075e-38,0.449329,31.7238,56.5186
31005000,8.67114,0.179066,31.7078,56.3961
31010000,5.58453,0.186374,31.7163,56.4973
31015000,3.25108e-38,1.3581e-38,31.7111,56.4642
31020000,5.58453,1.3301e-38,31.7224,56.4105
31025000,3.1184e-38,0.210136,31.7076,56.4631
31030000,6.82096,0.186374,31.7102,56.3664
31035000,5.36556,0.227638,31.7431,56.3861
31040000,6.29654,1.22375e-38,31.6965,56.479
31045000,2.86906e-38,0.289384,31.6728,56.3859
31050000,6.82096,1.17381e-38,31.689,56.4802
31055000,2.75198e-38,1.14961e-38,31.71,56.4566
31060000,2.69524e-38,1.1259e-38,31.718,56.364
31065000,2.63967e-38,1.10269e-38,31.699,56.4011
31070000,5.36556,0.256661,31.7164,56.4484
31075000,5.81244,0.367879,31.7088,56.3596
31080000,2.47974e-38,1.03588e-38,31.7082,56.451
31085000,2.42861e-38,0.398519,31.729,56.4874
31090000,7.38906,9.93606e-39,31.7352,56.4481
31095000,2.3295e-38,9.7312e-39,31.7063,56.5346
31100000,2.28147e-38,0.289384,31.6867,56.4954
31105000,5.36556,0.0982736,31.7175,56.5044
31110000,7.69061,9.14162e-39,31.7106,56.4091
31115000,2.14324e-38,0.339596,31.7022,56.5042
31120000,2.09905e-38,0.19398,31.707,56.4183
31125000,5.36556,0.135335,31.7195,56.4028
31130000,2.01339e-38,0.256661,31.708,56.4739
31135000,1.97188e-38,0.367879,31.7047,56.427
31140000,1.93122e-38,8.06745e-39,31.7118,56.4875
31145000,1.8914e-38,7.90112e-39,31.7316,56.54
31150000,1.85241e-38,0.110803,31.7301,56.4303
31155000,1.81421e-38,7.57867e-39,31.7452,56.4572
31160000,1.77681e-38,0.146607,31.6787,56.4327
31165000,1.74018e-38,7.26938e-39,31.7059,56.4009
31170000,5.15517,7.1195e-39,31.7368,56.3795
31175000,1.66916e-38,0.236928,31.7158,56.4533
31180000,4.95303,0.12493,31.7522,56.4606
31185000,1.60104e-38,0.382893,31.7167,56.4194
31190000,1.56803e-38,0.210136,31.734,56.4325
31195000,1.5357e-38,6.4152e-39,31.7059,56.3976
31200000,1.50404e-38,0.172045,31.7208,56.4201
31205000,8.67114,0.382893,31.7755,56.3845
31210000,5.36556,0.278037,31.7206,56.458
31215000,1.41291e-38,0.467666,31.728,56.3891
31220000,1.38378e-38,0.467666,31.7428,56.3761
31225000,6.04965,0.339596,31.722,56.4608
31230000,8.33114,0.301194,31.7031,56.3555
31235000,7.09933,0.382893,31.7152,56.4355
31240000,9.39333,5.31839e-39,31.7351,56.4169
31245000,1.24689e-38,5.20874e-39,31.7325,56.3853
31250000,7.09933,5.10134e-39,31.7332,56.4464
31255000,6.82096,4.99617e-39,31.7234,56.3677
31260000,8.67114,0.32628,31.6967,56.4164
31265000,1.14719e-38,0.301194,31.7319,56.4293
31270000,1.12354e-38,0.19398,31.681,56.4608
31275000,1.10038e-38,0.227638,31.7062,56.4182
31280000,1.07769e-38,0.102284,31.6939,56.3036
31285000,1.05547e-38,0.449329,31.7057,56.4152
31290000,5.81244,0.227638,31.7198,56.311
31295000,1.0124e-38,0.19398,31.7442,56.424
31300000,5.58453,4.14197e-39,31.7074,56.4239
31305000,9.71079e-39,0.102284,31.6976,56.4084
31310000,5.81244,0.19398,31.7584,56.4337
31315000,9.31449e-39,3.89102e-39,31.746,56.3671
31320000,9.12244e-39,0.106459,31.728,56.3547
31325000,8.93436e-39,0.110803,31.7322,56.3946
31330000,8.75015e-39,3.65527e-39,31.7768,56.3312
31335000,4.95303,0.527292,31.7273,56.3955
31340000,8.39305e-39,0.339596,31.729,56.3792
31345000,5.15517,3.43381e-39,31.7314,56.3101
31350000,8.05053e-39,0.353455,31.7788,56.3724
31355000,5.81244,0.165299,31.7681,56.4015
31360000,7.72198e-39,0.186374,31.7728,56.4458
31365000,7.56277e-39,3.15926e-39,31.7156,56.3619
31370000,7.40684e-39,0.486752,31.7554,56.462
31375000,7.25413e-39,3.03033e-39,31.7479,56.5167
31380000,7.10456e-39,2.96785e-39,31.7278,56.3866
31385000,6.95808e-39,0.506617,31.737,56.3237
31390000,5.15517,0.140858,31.7206,56.3907
31395000,6.67412e-39,2.78804e-39,31.7449,56.3836
31400000,6.53652e-39,0.32628,31.7327,56.3574
31405000,7.69061,0.15259,31.7275,56.4586
31410000,6.26976e-39,2.61912e-39,31.7284,56.3665
31415000,6.04965,0.201897,31.747,56.4084
31420000,6.01388e-39,0.165299,31.7251,56.3752
31425000,5.88989e-39,0.301194,31.702,56.3318
31430000,5.76845e-39,0.278037,31.7155,56.3916
31435000,5.64952e-39,0.210136,31.6991,56.3918
31440000,5.53304e-39,0.486752,31.7403,56.3729
31445000,5.41896e-39,2.26371e-39,31.7503,56.3786
31450000,5.30723e-39,0.186374,31.7218,56.4384
31455000,5.19781e-39,0.32628,31.7721,56.2617
31460000,5.09064e-39,2.12656e-39,31.7394,56.3248
31465000,4.98569e-39,0.246597,31.7579,56.3738
31470000,4.88289e-39,0.32628,31.7383,56.3068
31475000,4.78222e-39,1.99772e-39,31.7433,56.3487
31480000,4.68362e-39,0.15259,31.7417,56.3453
31485000,4.58705e-39,0.256661,31.7109,56.4329
31490000,4.49248e-39,0.15259,31.688,56.4218
31495000,6.82096,1.83799e-39,31.733,56.3908
31500000,11.473,0.267135,31.7379,56.4547
31505000,7.69061,1.76298e-39,31.7492,56.4006
31510000,4.13328e-39,0.278037,31.7075,56.3132
31515000,6.04965,0.115325,31.7351,56.3354
31520000,6.5535,1.65616e-39,31.712,56.4491
31525000,3.88286e-39,0.256661,31.7753,56.4675
31530000,3.8028e-39,0.158817,31.7562,56.3649
31535000,5.58453,0.339596,31.7423,56.3362
31540000,6.82096,0.289384,31.7356,56.4149
31545000,3.5724e-39,0.32628,31.7467,56.4156
31550000,6.82096,1.46156e-39,31.7231,56.3889
31555000,3.42661e-39,1.43143e-39,31.7499,56.3636
31560000,7.38906,1.40191e-39,31.7552,56.3753
31565000,3.28677e-39,1.37301e-39,31.7208,56.2742
31570000,3.219e-39,0.120032,31.7639,56.3973
31575000,3.15263e-39,0.339596,31.7286,56.3522
31580000,3.08763e-39,0.267135,31.7541,56.4027
31585000,3.02397e-39,0.313486,31.7073,56.3273
31590000,2.96162e-39,0.313486,31.7486,56.3412
31595000,2.90056e-39,0.571209,31.7575,56.3744
31600000,5.36556,0.210136,31.7501,56.3612
31605000,2.78219e-39,1.16223e-39,31.7472,56.4158
31610000,5.36556,0.382893,31.7448,56.4013
31615000,2.66864e-39,1.1148e-39,31.7244,56.3033
31620000,6.5535,1.09181e-39,31.732,56.3543
31625000,2.55974e-39,1.0693e-39,31.7312,56.361
31630000,2.50696e-39,0.246597,31.7568,56.3739
31635000,5.15517,0.594521,31.7089,56.3504
31640000,5.36556,0.218712,31.7215,56.2884
31645000,8.33114,9.83803e-40,31.7239,56.343
31650000,9.77668,0.431711,31.7531,56.3155
31655000,2.25896e-39,0.289384,31.7535,56.3131
31660000,2.21238e-39,0.12493,31.7675,56.3588
31665000,2.16677e-39,0.210136,31.7602,56.3408
31670000,2.1221e-39,0.367879,31.7012,56.3224
31675000,2.07834e-39,8.68203e-40,31.7681,56.4333
31680000,2.03549e-39,0.431711,31.7296,56.2653
31685000,8.67114,0.594521,31.7276,56.3197
31690000,1.95242e-39,0.431711,31.7164,56.4135
31695000,8.33114,7.98786e-40,31.7703,56.2561
31700000,1.87274e-39,0.140858,31.7399,56.3843
31705000,1.83413e-39,0.186374,31.7764,56.4085
31710000,1.79632e-39,0.339596,31.7819,56.3956
31715000,1.75928e-39,0.186374,31.7207,56.2799
31720000,8.67114,7.19766e-40,31.7781,56.3222
31725000,1.68748e-39,0.467666,31.7189,56.3124
31730000,4.95303,0.135335,31.7543,56.2574
31735000,1.61861e-39,0.382893,31.7075,56.394
31740000,1.58524e-39,6.62217e-40,31.7704,56.3481
31745000,6.5535,0.486752,31.728,56.2973
31750000,5.15517,0.398519,31.757,56.2953
31755000,1.4892e-39,0.172045,31.7186,56.4091
31760000,1.45849e-39,0.431711,31.7355,56.3532
31765000,1.42842e-39,0.278037,31.757,56.3766
31770000,7.09933,0.467666,31.7594,56.295
31775000,1.37013e-39,5.72355e-40,31.7196,56.3751
31780000,1.34188e-39,5.60554e-40,31.7524,56.335
31785000,1.31421e-39,5.48997e-40,31.7675,56.3002
31790000,1.28712e-39,5.37678e-40,31.7831,56.3711
31795000,7.38906,0.313486,31.7688,56.3564
31800000,1.23459e-39,0.172045,31.7565,56.3115
31805000,6.29654,0.278037,31.755,56.2636
31810000,1.1842e-39,0.201897,31.7306,56.3395
31815000,4.95303,0.313486,31.7579,56.2587
31820000,1.13588e-39,0.467666,31.7621,56.2102
31825000,1.11246e-39,4.64716e-40,31.7514,56.3364
31830000,1.08952e-39,0.449329,31.7558,56.2944
31835000,5.15517,0.186374,31.7422,56.2837
31840000,8.00447,0.179066,31.7649,56.2639
31845000,5.58453,0.12493,31.7349,56.4071
31850000,5.58453,4.18744e-40,31.7241,56.2586
31855000,7.69061,0.313486,31.7358,56.3317
31860000,9.61498e-40,4.01655e-40,31.8092,56.2346
31865000,6.29654,0.146607,31.7547,56.3501
31870000,9.22259e-40,3.85263e-40,31.7288,56.3995
31875000,9.03244e-40,0.467666,31.7482,56.3998
31880000,8.84621e-40,0.210136,31.7173,56.2548
31885000,9.02501,3.61921e-40,31.7863,56.3091
31890000,8.00447,3.54459e-40,31.7689,56.2297
31895000,5.36556,0.267135,31.7252,56.3092
31900000,8.67114,0.15259,31.7762,56.3876
31905000,7.9711e-40,3.32983e-40,31.7606,56.2657
31910000,7.80675e-40,0.367879,31.7283,56.3478
31915000,7.6458e-40,0.146607,31.774,56.2635
31920000,6.29654,3.12809e-40,31.7479,56.3013
31925000,7.33377e-40,0.301194,31.7524,56.4458
31930000,7.18256e-40,0.172045,31.8036,56.2739
31935000,7.03447e-40,0.467666,31.7838,56.3266
31940000,6.88944e-40,0.32628,31.7778,56.2933
31945000,6.74739e-40,0.467666,31.7784,56.2952
31950000,8.00447,0.527292,31.752,56.3888
31955000,5.36556,0.267135,31.7546,56.3628
31960000,6.04965,0.548812,31.7328,56.3343
31965000,6.2079e-40,2.59328e-40,31.7701,56.4004
31970000,6.04965,0.186374,31.8034,56.4168
31975000,5.95455e-40,0.130029,31.7714,56.3188
31980000,5.83178e-40,2.43616e-40,31.7594,56.3735
31985000,5.71154e-40,2.38593e-40,31.7628,56.3007
31990000,5.59378e-40,2.33674e-40,31.7825,56.3371
31995000,5.47845e-40,0.339596,31.7868,56.302
32000000,8.00447,0.367879,31.774,56.1676
32005000,5.25487e-40,0.210136,31.7561,56.272
32010000,5.14653e-40,0.398519,31.7736,56.2243
32015000,6.5535,0.398519,31.754,56.3165
32020000,5.81244,0.236928,31.7292,56.2629
32025000,4.83472e-40,0.165299,31.7433,56.3039
32030000,4.73504e-40,1.97801e-40,31.7554,56.3146
32035000,8.33114,0.382893,31.7793,56.2971
32040000,4.5418e-40,0.186374,31.771,56.2701
32045000,4.44815e-40,0.201897,31.7469,56.274
32050000,4.35644e-40,1.81985e-40,31.7587,56.2705
32055000,6.29654,0.431711,31.7601,56.2917
32060000,6.82096,0.431711,31.7765,56.3123
32065000,4.0925e-40,1.70959e-40,31.7857,56.2887
32070000,4.00812e-40,0.431711,31.7739,56.3169
32075000,9.02501,0.179066,31.7842,56.3677
32080000,3.84455e-40,0.158817,31.7569,56.2811
32085000,3.76528e-40,1.5729e-40,31.7848,56.3142
32090000,3.68765e-40,0.267135,31.7628,56.2346
32095000,3.61162e-40,0.506617,31.7457,56.2719
32100000,3.53715e-40,1.47761e-40,31.7507,56.3422
32105000,10.591,0.186374,31.7624,56.3219
32110000,3.3928e-40,1.4173e-40,31.7644,56.4202
32115000,3.32285e-40,0.353455,31.7543,56.376
32120000,3.25434e-40,1.35946e-40,31.8159,56.2938
32125000,5.58453,0.467666,31.7841,56.2165
32130000,5.36556,0.102284,31.7788,56.269
32135000,3.05717e-40,0.12493,31.767,56.306
32140000,2.99414e-40,0.158817,31.7227,56.3039
32145000,2.9324e-40,0.110803,31.795,56.2298
32150000,2.87194e-40,0.218712,31.7661,56.2936
32155000,2.81273e-40,0.353455,31.7428,56.2454
32160000,2.75474e-40,1.15076e-40,31.7681,56.3982
32165000,6.29654,0.267135,31.7682,56.2406
32170000,2.64232e-40,0.398519,31.7645,56.2705
32175000,6.04965,0.267135,31.7355,56.3103
32180000,2.53448e-40,1.05875e-40,31.8094,56.319
32185000,2.48223e-40,0.115325,31.7382,56.3057
32190000,6.04965,1.01554e-40,31.7585,56.3017
32195000,5.15517,9.94604e-41,31.753,56.304
32200000,2.33184e-40,0.467666,31.7709,56.2917
32205000,2.28376e-40,0.506617,31.7899,56.3178
32210000,5.81244,0.339596,31.7533,56.3146
32215000,2.19056e-40,0.289384,31.7724,56.3046
32220000,2.14539e-40,8.96213e-41,31.7418,56.2658
32225000,4.95303,0.130029,31.7603,56.1598
32230000,6.82096,8.59638e-41,31.7863,56.2693
32235000,2.01541e-40,0.339596,31.7582,56.3343
32240000,1.97386e-40,0.135335,31.7636,56.2003
32245000,5.15517,0.172045,31.7583,56.202
32250000,5.15517,0.256661,31.8242,56.2505
32255000,1.85427e-40,0.278037,31.7922,56.3525
32260000,6.5535,7.58628e-41,31.7759,56.2163
32265000,5.15517,0.313486,31.7529,56.2945
32270000,1.74192e-40,0.227638,31.7507,56.2764
32275000,1.70601e-40,0.210136,31.7591,56.3117
32280000,1.67083e-40,0.19398,31.782,56.1886
32285000,1.63638e-40,6.83581e-41,31.7603,56.3196
32290000,1.60265e-40,0.135335,31.7665,56.3192
32295000,1.5696e-40,0.120032,31.7721,56.312
32300000,1.53724e-40,6.42165e-41,31.7696,56.261
32305000,5.36556,0.256661,31.7676,56.2542
32310000,6.5535,0.102284,31.7985,56.3231
32315000,6.04965,0.15259,31.747,56.2886
32320000,1.41433e-40,0.218712,31.7598,56.2439
32325000,1.38517e-40,0.414783,31.7436,56.2567
32330000,1.35661e-40,5.66708e-41,31.7547,56.2367
32335000,1.32864e-40,5.55024e-41,31.7804,56.2089
32340000,1.30125e-40,0.382893,31.7496,56.3007
32345000,6.29654,0.367879,31.7529,56.3112
32350000,6.82096,5.21397e-41,31.7781,56.2692
32355000,1.22241e-40,0.140858,31.8249,56.2474
32360000,6.5535,5.00118e-41,31.8035,56.3219
32365000,1.17252e-40,0.278037,31.7727,56.3242
32370000,1.14835e-40,0.267135,31.7719,56.2482
32375000,1.12467e-40,0.210136,31.7865,56.2886
32380000,1.10148e-40,0.32628,31.7696,56.2786
32385000,1.07877e-40,4.50644e-41,31.7321,56.3054
32390000,1.05653e-40,4.41353e-41,31.82,56.2471
32395000,1.03475e-40,0.382893,31.7476,56.2602
32400000,5.58453,0.210136,31.7785,56.2295
32405000,9.92517e-41,0.353455,31.7459,56.2951
32410000,4.95303,0.278037,31.8011,56.2785
32415000,9.52012e-41,3.97692e-41,31.7712,56.293
32420000,7.09933,3.89492e-41,31.7942,56.219
32425000,5.36556,0.414783,31.7589,56.2681
32430000,8.94333e-41,0.140858,31.782,56.1894
32435000,8.75894e-41,3.65894e-41,31.7973,56.2492
32440000,8.33114,0.571209,31.8068,56.2532
32445000,8.40148e-41,0.146607,31.7922,56.2921
32450000,8.22826e-41,3.43726e-41,31.7949,56.3269
32455000,8.05861e-41,0.353455,31.7906,56.299
32460000,7.89246e-41,3.29698e-41,31.7568,56.2404
32465000,7.72973e-41,0.431711,31.7823,56.2436
32470000,7.57036e-41,0.339596,31.7711,56.2046
32475000,7.41428e-41,3.09723e-41,31.7626,56.2498
32480000,7.26141e-41,3.03337e-41,31.8072,56.1516
32485000,7.1117e-41,2.97083e-41,31.7886,56.207
32490000,6.96507e-41,0.186374,31.7908,56.3167
32495000,6.82147e-41,2.84959e-41,31.7694,56.2083
32500000,7.69061,2.79084e-41,31.7755,56.1812
32505000,6.54308e-41,0.19398,31.7506,56.3222
32510000,5.15517,0.278037,31.8048,56.2637
32515000,6.27605e-41,0.12493,31.7373,56.2969
32520000,6.14665e-41,2.56769e-41,31.7905,56.2751
32525000,6.01992e-41,2.51475e-41,31.7974,56.2457
32530000,5.81244,0.398519,31.7582,56.2621
32535000,6.29654,0.227638,31.8365,56.244
32540000,7.38906,2.36239e-41,31.7714,56.3011
32545000,5.5386e-41,0.301194,31.7481,56.2989
32550000,7.38906,0.15259,31.7484,56.232
32555000,5.31256e-41,0.414783,31.773,56.1771
32560000,5.20303e-41,0.110803,31.7948,56.2329
32565000,5.15517,0.201897,31.7672,56.1902
32570000,4.99069e-41,2.0848e-41,31.8229,56.2716
32575000,4.95303,2.04182e-41,31.7745,56.1945
32580000,4.78702e-41,0.301194,31.7956,56.3381
32585000,6.82096,0.210136,31.8004,56.1838
32590000,5.58453,1.91811e-41,31.7825,56.1227
32595000,4.49699e-41,0.210136,31.8251,56.2775
32600000,4.40427e-41,0.367879,31.799,56.2863
32605000,4.31346e-41,1.8019e-41,31.758,56.2185
32610000,4.22453e-41,1.76475e-41,31.7828,56.2811
32615000,4.13743e-41,1.72836e-41,31.7763,56.2203
32620000,4.05212e-41,1.69273e-41,31.7932,56.2321
32625000,3.96858e-41,1.65783e-41,31.7732,56.2194
32630000,3.88675e-41,0.382893,31.7543,56.1215
32635000,5.36556,0.527292,31.8003,56.2962
32640000,3.72813e-41,0.398519,31.7939,56.2478
32645000,6.5535,1.52527e-41,31.7792,56.2462
32650000,6.29654,1.49383e-41,31.7645,56.1817
32655000,3.50226e-41,0.594521,31.7719,56.1976
32660000,3.43005e-41,0.227638,31.7837,56.1952
32665000,3.35933e-41,1.40332e-41,31.7544,56.2149
32670000,3.29007e-41,0.12493,31.7605,56.2096
32675000,3.22223e-41,0.32628,31.7622,56.2873
32680000,3.1558e-41,1.3183e-41,31.7652,56.1737
32685000,3.09073e-41,0.135335,31.7765,56.1437
32690000,3.02701e-41,1.2645e-41,31.7736,56.306
32695000,5.81244,1.23843e-41,31.762,56.1357
32700000,2.90347e-41,0.12493,31.8192,56.2312
32705000,2.84361e-41,1.18788e-41,31.8082,56.2413
32710000,2.78498e-41,0.571209,31.7811,56.2048
32715000,2.72756e-41,1.13941e-41,31.7291,56.1901
32720000,7.09933,0.267135,31.7676,56.2948
32725000,2.61625e-41,1.09291e-41,31.7947,56.2962
32730000,2.56231e-41,0.210136,31.8014,56.3049
32735000,2.50948e-41,0.165299,31.7743,56.2524
32740000,2.45774e-41,0.140858,31.8018,56.189
32745000,2.40706e-41,1.00552e-41,31.7735,56.2271
32750000,8.00447,0.140858,31.7585,56.2054
32755000,2.30883e-41,0.15259,31.8055,56.2528
32760000,2.26123e-41,0.158817,31.8087,56.2308
32765000,6.29654,0.218712,31.7592,56.2508
32770000,5.58453,0.32628,31.7764,56.2603
32775000,2.12423e-41,8.87371e-42,31.8158,56.09
32780000,6.04965,8.69075e-42,31.8081,56.2931
32785000,2.03754e-41,0.367879,31.7942,56.2172
32790000,5.81244,8.33608e-42,31.79,56.1523
32795000,6.29654,0.414783,31.8004,56.1666
32800000,1.91409e-41,7.99588e-42,31.8223,56.1614
32805000,5.36556,0.201897,31.7857,56.2802
32810000,7.38906,0.289384,31.8076,56.3156
32815000,1.79812e-41,0.179066,31.8042,56.2783
32820000,8.00447,7.35656e-42,31.8131,56.1511
32825000,6.04965,0.313486,31.7868,56.1841
32830000,1.68918e-41,0.172045,31.818,56.2598
32835000,1.65435e-41,0.12493,31.8195,56.2669
32840000,5.81244,6.76836e-42,31.7849,56.2156
32845000,1.58683e-41,0.256661,31.7633,56.1837
32850000,7.09933,0.367879,31.7516,56.208
32855000,1.52207e-41,6.35829e-42,31.8029,56.2548
32860000,1.49069e-41,6.2272e-42,31.7599,56.2277
32865000,1.45996e-41,0.313486,31.8237,56.1816
32870000,1.42986e-41,0.548812,31.7974,56.2029
32875000,7.69061,0.218712,31.7764,56.1677
32880000,1.3715e-41,0.339596,31.7715,56.2618
32885000,7.69061,5.61117e-42,31.7895,56.1353
32890000,1.31553e-41,0.339596,31.7927,56.2513
32895000,1.28841e-41,5.38218e-42,31.7735,56.2748
32900000,1.26184e-41,5.27121e-42,31.7416,56.2497
32905000,5.81244,0.246597,31.7557,56.1772
32910000,1.21035e-41,0.135335,31.7761,56.1876
32915000,6.82096,4.95184e-42,31.7983,56.1945
32920000,1.16095e-41,0.278037,31.7707,56.1854
32925000,1.13702e-41,0.201897,31.8305,56.1728
32930000,7.09933,4.65182e-42,31.7724,56.1725
32935000,7.69061,4.55591e-42,31.799,56.1826
32940000,1.06813e-41,4.46198e-42,31.7668,56.1979
32945000,1.04611e-41,0.353455,31.7674,56.2943
32950000,1.02454e-41,4.27988e-42,31.7808,56.2288
32955000,5.81244,0.210136,31.8179,56.1786
32960000,9.82725e-42,4.10522e-42,31.7842,56.0943
32965000,9.62464e-42,0.353455,31.7852,56.1914
32970000,9.4262e-42,0.367879,31.7802,56.1242
32975000,9.23185e-42,0.313486,31.8138,56.145
32980000,9.04151e-42,0.186374,31.7807,56.2555
32985000,8.85509e-42,0.278037,31.7974,56.2201
32990000,8.67252e-42,3.62284e-42,31.7826,56.2286
32995000,7.09933,0.353455,31.794,56.2533
33000000,8.31859e-42,0.236928,31.8116,56.1776
33005000,8.14708e-42,0.353455,31.8173,56.2256
33010000,7.9791e-42,0.367879,31.7936,56.1097
33015000,6.04965,3.26445e-42,31.8061,56.2238
33020000,5.36556,0.246597,31.7795,56.2359
33025000,7.49567e-42,3.13123e-42,31.7823,56.1988
33030000,7.34113e-42,0.367879,31.7839,56.2463
33035000,6.04965,0.414783,31.7689,56.199
33040000,7.04153e-42,0.106459,31.8044,56.276
33045000,6.82096,0.227638,31.7842,56.2509
33050000,6.82096,0.278037,31.7952,56.3448
33055000,6.61491e-42,2.7633e-42,31.774,56.3097
33060000,6.47852e-42,2.70633e-42,31.7918,56.1863
33065000,5.58453,0.32628,31.7927,56.2594
33070000,6.21413e-42,0.218712,31.7671,56.2671
33075000,6.08601e-42,0.110803,31.7787,56.2025
33080000,5.36556,0.106459,31.7776,56.1595
33085000,5.83764e-42,0.106459,31.7771,56.1827
33090000,6.29654,0.449329,31.8036,56.1948
33095000,5.5994e-42,0.165299,31.771,56.2271
33100000,5.48395e-42,0.278037,31.7915,56.2184
33105000,5.37089e-42,0.367879,31.7935,56.1774
33110000,7.09933,0.106459,31.8144,56.1655
33115000,5.1517e-42,0.367879,31.8022,56.0725
33120000,5.04548e-42,0.146607,31.8232,56.2237
33125000,6.82096,0.246597,31.7967,56.2034
33130000,5.15517,2.02167e-42,31.7822,56.2282
33135000,7.69061,1.97999e-42,31.7625,56.3333
33140000,7.69061,0.218712,31.7783,56.1253
33145000,4.54636e-42,1.89919e-42,31.7429,56.2452
33150000,5.15517,0.301194,31.7809,56.2386
33155000,4.36082e-42,0.367879,31.8283,56.2663
33160000,4.27091e-42,1.78412e-42,31.7726,56.2767
33165000,5.15517,0.256661,31.7632,56.126
33170000,4.09661e-42,1.71131e-42,31.7922,56.2519
33175000,4.01215e-42,0.431711,31.8272,56.1777
33180000,3.92942e-42,1.64147e-42,31.794,56.2214
33185000,3.84841e-42,0.210136,31.8174,56.1805
33190000,3.76906e-42,0.382893,31.7987,56.1152
33195000,3.69135e-42,0.210136,31.8012,56.1548
33200000,7.38906,0.278037,31.796,56.2116
33205000,3.54071e-42,0.218712,31.8258,56.243
33210000,3.4677e-42,1.44859e-42,31.7933,56.2119
33215000,8.33114,0.146607,31.8168,56.2497
33220000,3.32619e-42,1.38948e-42,31.8186,56.1779
33225000,3.25761e-42,1.36083e-42,31.7858,56.2713
33230000,3.19044e-42,1.33277e-42,31.7977,56.1815
33235000,3.12466e-42,0.218712,31.7975,56.192
33240000,8.00447,1.27838e-42,31.7937,56.1223
33245000,9.39333,0.313486,31.8247,56.1152
33250000,2.93535e-42,1.22621e-42,31.8473,56.1666
33255000,2.87483e-42,0.289384,31.8008,56.1834
33260000,5.58453,0.165299,31.7861,56.2284
33265000,2.7575e-42,0.158817,31.807,56.2139
33270000,2.70065e-42,1.12817e-42,31.7919,56.1374
33275000,2.64497e-42,1.10491e-42,31.7822,56.1486
33280000,2.59044e-42,0.382893,31.8195,56.1874
33285000,2.53703e-42,0.506617,31.8263,56.2564
33290000,2.48472e-42,0.172045,31.7968,56.1412
33295000,2.43349e-42,1.01656e-42,31.7937,56.2005
33300000,8.33114,0.267135,31.8036,56.1625
33305000,2.33418e-42,0.467666,31.8115,56.281
33310000,2.28605e-42,0.210136,31.7592,56.209
33315000,2.23892e-42,0.278037,31.8104,56.2103
33320000,2.19276e-42,9.15998e-43,31.7514,56.121
33325000,2.14755e-42,0.431711,31.7726,56.1177
33330000,2.10327e-42,8.78616e-43,31.7997,56.1487
33335000,2.0599e-42,0.382893,31.817,56.1806
33340000,2.01743e-42,0.548812,31.7579,56.3016
33345000,1.97584e-42,0.486752,31.7782,56.222
33350000,7.69061,0.414783,31.7651,56.1821
33355000,1.8952e-42,7.91699e-43,31.8046,56.1396
33360000,6.04965,0.267135,31.7819,56.1074
33365000,1.81786e-42,0.120032,31.8073,56.2146
33370000,6.04965,7.43732e-43,31.8149,56.2803
33375000,6.29654,0.201897,31.7915,56.2004
33380000,5.58453,7.1338e-43,31.782,56.2017
33385000,4.95303,0.289384,31.8265,56.1898
33390000,1.63803e-42,0.289384,31.777,56.1408
33395000,1.60425e-42,6.70159e-43,31.8169,56.1576
33400000,1.57118e-42,0.186374,31.7827,56.152
33405000,1.53878e-42,0.15259,31.8338,56.1262
33410000,1.50706e-42,0.172045,31.7967,56.1905
33415000,1.47599e-42,0.110803,31.7628,56.2
33420000,1.44555e-42,6.03863e-43,31.8146,56.1262
33425000,6.82096,5.91413e-43,31.781,56.1793
33430000,5.81244,5.79219e-43,31.7602,56.2247
33435000,5.81244,0.32628,31.7946,56.1386
33440000,6.5535,0.102284,31.7878,56.1773
33445000,5.58453,0.165299,31.7873,56.0927
33450000,1.2757e-42,0.486752,31.8081,56.1442
33455000,5.15517,0.467666,31.7915,56.2817
33460000,1.22364e-42,5.11159e-43,31.8042,56.1489
33465000,1.19841e-42,0.382893,31.8189,56.1966
33470000,5.58453,0.301194,31.8061,56.1489
33475000,1.1495e-42,0.165299,31.8132,56.1946
33480000,1.1258e-42,0.414783,31.8146,56.1795
33485000,1.10259e-42,4.60593e-43,31.8272,56.2235
33490000,6.04965,0.110803,31.799,56.1483
33495000,1.05759e-42,0.158817,31.7971,56.1274
33500000,1.03578e-42,0.382893,31.8062,56.1302
33505000,1.01443e-42,0.382893,31.814,56.235
33510000,9.93514e-43,4.15029e-43,31.8134,56.1055
33515000,9.7303e-43,0.382893,31.7956,56.2578
33520000,9.52968e-43,0.449329,31.8336,56.1672
33525000,7.09933,0.135335,31.784,56.119
33530000,9.14077e-43,3.81845e-43,31.8564,56.093
33535000,8.95231e-43,0.382893,31.7928,56.2015
33540000,8.76773e-43,3.66262e-43,31.781,56.2151
33545000,8.58696e-43,0.135335,31.7884,56.2482
33550000,8.40991e-43,0.135335,31.8209,56.1541
33555000,8.23652e-43,0.158817,31.8254,56.1742
33560000,8.0667e-43,3.36977e-43,31.8319,56.1811
33565000,5.36556,3.30029e-43,31.8273,56.1186
33570000,7.73749e-43,0.431711,31.8104,56.1931
33575000,7.57796e-43,3.16561e-43,31.8126,56.1794
33580000,7.42172e-43,0.227638,31.8067,56.1366
33585000,7.2687e-43,3.03642e-43,31.83,56.1449
33590000,6.5535,0.236928,31.8,56.1797
33595000,6.97206e-43,2.9125e-43,31.7911,56.2153
33600000,5.58453,0.140858,31.8026,56.2888
33605000,6.68753e-43,0.267135,31.7681,56.2376
33610000,6.54965e-43,0.210136,31.7799,56.1115
33615000,6.41461e-43,0.172045,31.8329,56.2395
33620000,6.29654,0.467666,31.7768,56.135
33625000,6.15282e-43,2.57027e-43,31.7826,56.153
33630000,6.02597e-43,0.32628,31.7704,56.1226
33635000,5.90172e-43,2.46538e-43,31.7784,56.1994
33640000,5.78004e-43,0.278037,31.7794,56.22
33645000,5.66087e-43,0.115325,31.807,56.1945
33650000,8.67114,0.644036,31.8083,56.1854
33655000,5.42985e-43,0.102284,31.7966,56.2426
33660000,6.04965,2.22149e-43,31.8267,56.211
33665000,5.20825e-43,0.146607,31.7831,56.1467
33670000,5.10087e-43,0.201897,31.8258,56.1637
33675000,6.5535,2.0869e-43,31.7983,56.1728
33680000,4.95303,0.353455,31.8288,56.1746
33685000,4.79182e-43,2.00173e-43,31.8192,56.1734
33690000,4.69303e-43,0.644036,31.81,56.2217
33695000,4.59627e-43,0.146607,31.793,56.2163
33700000,4.5015e-43,1.88045e-43,31.748,56.1785
33705000,7.38906,0.246597,31.8016,56.1674
33710000,4.31779e-43,1.80371e-43,31.7728,56.1694
33715000,4.22877e-43,0.486752,31.8061,56.1937
33720000,7.38906,0.571209,31.7785,56.1076
33725000,4.05619e-43,0.527292,31.7949,56.1642
33730000,3.97256e-43,0.186374,31.8208,56.1888
33735000,5.36556,0.19398,31.8249,56.1339
33740000,3.81044e-43,0.165299,31.8025,56.1698
33745000,3.73188e-43,0.353455,31.7834,56.223
33750000,3.65493e-43,1.52681e-43,31.805,56.2104
33755000,6.5535,0.278037,31.8069,56.1785
33760000,5.58453,0.246597,31.8046,56.0997
33765000,3.43349e-43,0.158817,31.7902,56.2577
33770000,3.3627e-43,0.146607,31.8126,56.1472
33775000,6.29654,1.37577e-43,31.7918,56.2078
33780000,6.5535,0.165299,31.7521,56.2583
33785000,6.29654,0.289384,31.7916,56.224
33790000,3.09383e-43,1.29241e-43,31.7903,56.1693
33795000,3.03005e-43,0.218712,31.8141,56.2421
33800000,2.96757e-43,0.278037,31.8114,56.16
33805000,2.90639e-43,0.414783,31.8221,56.1895
33810000,2.84646e-43,0.12493,31.8034,56.2036
33815000,5.81244,1.16456e-43,31.8069,56.1763
33820000,5.81244,0.179066,31.8395,56.1518
33825000,6.82096,0.135335,31.8489,56.2319
33830000,2.61887e-43,0.527292,31.7953,56.2142
33835000,6.04965,1.07145e-43,31.7985,56.2339
33840000,2.512e-43,1.04936e-43,31.7632,56.1286
33845000,2.4602e-43,0.486752,31.8033,56.1834
33850000,2.40948e-43,1.00653e-43,31.8315,56.2125
33855000,2.3598e-43,0.210136,31.7923,56.1421
33860000,2.31115e-43,0.115325,31.7594,56.1845
33865000,2.2635e-43,0.339596,31.8097,56.1817
33870000,6.29654,0.179066,31.8044,56.2284
33875000,2.17112e-43,0.172045,31.804,56.1719
33880000,2.12636e-43,8.88262e-44,31.8083,56.2145
33885000,7.09933,0.414783,31.8019,56.1836
33890000,2.03958e-43,8.52011e-44,31.7749,56.2072
33895000,6.29654,8.34445e-44,31.801,56.1374
33900000,1.95634e-43,0.398519,31.8042,56.2536
33905000,1.91601e-43,8.00391e-44,31.8154,56.2345
33910000,7.09933,0.431711,31.799,56.1785
33915000,6.04965,0.548812,31.8057,56.248
33920000,1.79992e-43,7.51897e-44,31.8111,56.1362
33925000,1.76281e-43,0.301194,31.7939,56.1326
33930000,1.72647e-43,7.21212e-44,31.8473,56.1095
33935000,1.69087e-43,0.256661,31.7892,56.2425
33940000,1.65601e-43,0.382893,31.7864,56.2001
33945000,1.62187e-43,0.210136,31.8231,56.1441
33950000,1.58843e-43,0.236928,31.8409,56.1503
33955000,5.81244,0.353455,31.8045,56.1633
33960000,1.5236e-43,0.414783,31.7942,56.1645
33965000,1.49219e-43,0.256661,31.8052,56.2631
33970000,1.46142e-43,6.10493e-44,31.8061,56.0933
33975000,1.43129e-43,0.467666,31.8147,56.2226
33980000,1.40178e-43,5.85578e-44,31.817,56.0948
33985000,1.37288e-43,5.73505e-44,31.7932,56.2035
33990000,5.15517,0.186374,31.8196,56.2046
33995000,1.31685e-43,5.501e-44,31.8123,56.2068
34000000,1.2897e-43,0.339596,31.814,56.1626
34005000,7.09933,0.19398,31.8599,56.1809
34010000,1.23707e-43,5.16771e-44,31.7856,56.2679
34015000,7.38906,0.201897,31.7763,56.085
34020000,6.5535,4.95681e-44,31.8193,56.1613
34025000,5.81244,0.313486,31.804,56.108
34030000,6.04965,0.146607,31.7824,56.1797
34035000,5.58453,0.301194,31.8096,56.1584
34040000,1.09171e-43,4.56049e-44,31.7882,56.1189
34045000,1.0692e-43,0.172045,31.8083,56.2485
34050000,1.04716e-43,0.146607,31.7874,56.1411
34055000,1.02557e-43,4.28418e-44,31.8157,56.1073
34060000,1.00442e-43,4.19585e-44,31.8373,56.2219
34065000,9.83712e-44,4.10934e-44,31.8004,56.2698
34070000,9.6343e-44,4.02462e-44,31.8142,56.232
34075000,6.5535,3.94164e-44,31.7817,56.1437
34080000,5.36556,0.256661,31.7784,56.1829
34085000,9.05059e-44,3.78078e-44,31.7962,56.2025
34090000,5.36556,3.70283e-44,31.7653,56.1729
34095000,8.68123e-44,0.726149,31.8181,56.2174
34100000,8.50224e-44,0.267135,31.7997,56.1591
34105000,8.32694e-44,3.47848e-44,31.8344,56.1742
34110000,8.15526e-44,3.40676e-44,31.8024,56.1707
34115000,7.98712e-44,0.32628,31.8167,56.1719
34120000,7.82244e-44,0.210136,31.8053,56.2177
34125000,7.66116e-44,0.210136,31.7775,56.1595
34130000,7.5032e-44,3.13437e-44,31.8396,56.2121
34135000,7.3485e-44,3.06975e-44,31.8286,56.0937
34140000,7.19699e-44,0.527292,31.7943,56.0818
34145000,7.0486e-44,0.186374,31.8249,56.1473
34150000,6.04965,0.548812,31.7714,56.2485
34155000,6.76095e-44,2.82431e-44,31.8048,56.1113
34160000,6.62155e-44,0.120032,31.7969,56.2578
34165000,6.48503e-44,0.398519,31.8147,56.2621
34170000,6.35132e-44,2.65319e-44,31.7892,56.2214
34175000,6.22037e-44,0.289384,31.777,56.171
34180000,7.38906,0.12493,31.7883,56.1995
34185000,5.96651e-44,0.146607,31.7843,56.1765
34190000,6.5535,2.44105e-44,31.8158,56.259
34195000,5.72302e-44,0.449329,31.7967,56.1719
34200000,5.15517,2.34143e-44,31.8178,56.2219
34205000,5.48946e-44,0.301194,31.8008,56.1768
34210000,5.37628e-44,0.339596,31.8391,56.2274
34215000,6.5535,0.414783,31.8154,56.0988
34220000,5.58453,0.140858,31.8389,56.1985
34225000,5.05055e-44,0.19398,31.8004,56.1454
34230000,7.38906,2.06631e-44,31.82,56.1272
34235000,4.84443e-44,0.414783,31.8067,56.1458
34240000,4.74455e-44,0.19398,31.823,56.1586
34245000,4.64673e-44,0.414783,31.7729,56.2185
34250000,5.58453,0.120032,31.7988,56.2736
34255000,7.09933,0.165299,31.8124,56.1298
34260000,4.3652e-44,1.82351e-44,31.804,56.1704
34265000,6.82096,1.78591e-44,31.798,56.1026
34270000,5.58453,0.289384,31.8012,56.1108
34275000,4.10072e-44,0.32628,31.8201,56.228
34280000,4.01617e-44,0.227638,31.8359,56.1264
34285000,3.93337e-44,1.64312e-44,31.7847,56.1901
34290000,3.85227e-44,0.301194,31.8135,56.1591
34295000,3.77285e-44,0.110803,31.8092,56.1875
34300000,3.69506e-44,0.339596,31.7897,56.0915
34305000,6.29654,0.289384,31.8114,56.315
34310000,5.36556,0.146607,31.7921,56.16
34315000,3.47119e-44,0.106459,31.7933,56.1895
34320000,6.5535,0.210136,31.7766,56.1378
34325000,3.32952e-44,0.110803,31.845,56.1462
34330000,3.26088e-44,0.120032,31.8028,56.1479
34335000,3.19365e-44,0.267135,31.7651,56.124
34340000,3.1278e-44,0.236928,31.8721,56.2532
34345000,5.15517,1.27966e-44,31.7975,56.1759
34350000,3.00015e-44,0.146607,31.7914,56.1439
34355000,8.67114,0.449329,31.7917,56.1253
34360000,2.87771e-44,0.353455,31.8511,56.0836
34365000,5.58453,1.17735e-44,31.782,56.1904
34370000,7.69061,0.201897,31.8085,56.0711
34375000,2.70336e-44,1.1293e-44,31.7998,56.14
34380000,2.64762e-44,0.172045,31.8311,56.1871
34385000,2.59304e-44,0.210136,31.7612,56.1554
34390000,6.82096,0.218712,31.7809,56.2003
34395000,5.15517,0.130029,31.8149,56.1818
34400000,2.43593e-44,0.32628,31.7999,56.0534
34405000,2.38571e-44,0.414783,31.796,56.1922
34410000,6.04965,0.210136,31.7925,56.0526
34415000,2.28835e-44,0.102284,31.8012,56.182
34420000,2.24117e-44,0.130029,31.8553,56.1817
34425000,2.19496e-44,9.16918e-45,31.8003,56.1595
34430000,2.1497e-44,0.278037,31.7868,56.1696
34435000,2.10538e-44,8.79498e-45,31.8137,56.1969
34440000,2.06197e-44,0.548812,31.7952,56.2342
34445000,8.67114,8.43605e-45,31.8219,56.167
34450000,1.97782e-44,8.26212e-45,31.7977,56.1696
34455000,7.38906,8.09177e-45,31.8201,56.1245
34460000,1.89711e-44,0.19398,31.7566,56.2571
34465000,1.85799e-44,0.313486,31.8071,56.3153
34470000,5.81244,0.140858,31.8142,56.1372
34475000,7.38906,7.44479e-45,31.7849,56.2059
34480000,8.67114,0.140858,31.8245,56.1938
34485000,1.70944e-44,0.210136,31.8382,56.212
34490000,1.67419e-44,0.19398,31.7807,56.1573
34495000,1.63967e-44,0.449329,31.7593,56.062
34500000,1.60587e-44,0.218712,31.7579,56.2967
34505000,1.57276e-44,0.301194,31.8126,56.2091
34510000,1.54033e-44,0.339596,31.7772,56.2044
34515000,7.69061,0.527292,31.7977,56.2722
34520000,nan,0.110803,31.805,56.241
34525000,nan,6.0447e-45,31.7814,56.1702
34530000,nan,0.339596,31.8216,56.2032
34535000,nan,0.506617,31.7793,56.1643
34540000,nan,0.644036,31.7755,56.3397
34545000,nan,0.201897,31.7758,56.1369
34550000,nan,0.278037,31.8008,56.0728
34555000,nan,0.110803,31.816,56.1915
34560000,nan,0.179066,31.7986,56.1791
34565000,nan,0.339596,31.7455,56.2385
34570000,nan,0.256661,31.8,56.1468
34575000,nan,0.367879,31.795,56.1444
34580000,nan,0.449329,31.802,56.2009
34585000,1.12693e-44,4.70761e-45,31.7903,56.1513
34590000,1.10369e-44,0.172045,31.7848,56.1587
34595000,1.08094e-44,0.382893,31.8081,56.1183
34600000,5.58453,0.367879,31.805,56.1757
34605000,1.03682e-44,4.33121e-45,31.8061,56.2404
34610000,1.01545e-44,0.527292,31.7969,56.1246
34615000,5.36556,0.301194,31.8306,56.2179
34620000,9.74007e-45,0.15259,31.7921,56.103
34625000,6.29654,0.172045,31.7837,56.2041
34630000,9.34257e-45,0.246597,31.8089,56.1635
34635000,9.14995e-45,0.218712,31.7819,56.1853
34640000,8.96129e-45,0.301194,31.7841,56.2076
34645000,8.77653e-45,0.353455,31.7995,56.1811
34650000,8.67114,3.5907e-45,31.838,56.0611
34655000,8.41836e-45,3.51667e-45,31.7927,56.1888
34660000,7.09933,0.267135,31.7974,56.1906
34665000,8.0748e-45,0.135335,31.8295,56.215
34670000,7.09933,0.267135,31.79,56.244
34675000,7.74526e-45,3.23549e-45,31.7849,56.2135
34680000,7.58557e-45,3.16878e-45,31.7987,56.2061
34685000,7.42917e-45,0.15259,31.8302,56.1216
34690000,10.1757,0.179066,31.8398,56.1399
34695000,7.12599e-45,0.140858,31.8205,56.1568
34700000,6.29654,0.201897,31.7942,56.2143
34705000,5.58453,2.85531e-45,31.8213,56.2932
34710000,6.69424e-45,0.172045,31.8011,56.2075
34715000,6.55622e-45,2.73879e-45,31.8108,56.1671
34720000,6.42105e-45,2.68232e-45,31.8127,56.2277
34725000,5.81244,0.165299,31.8134,56.2222
34730000,7.38906,2.57285e-45,31.7954,56.1598
34735000,6.03202e-45,2.5198e-45,31.8358,56.1748
34740000,5.90765e-45,0.289384,31.7985,56.197
34745000,6.82096,0.12493,31.8124,56.138
34750000,5.66656e-45,0.246597,31.8114,56.2287
34755000,5.54972e-45,0.449329,31.8021,56.1902
34760000,5.4353e-45,0.382893,31.818,56.1413
34765000,5.58453,2.22372e-45,31.8034,56.1452
34770000,5.21348e-45,0.115325,31.7771,56.1713
34775000,5.10599e-45,0.289384,31.8444,56.1902
34780000,5.00072e-45,2.08899e-45,31.7838,56.1507
34785000,4.89761e-45,0.146607,31.7962,56.167
34790000,4.79664e-45,2.00374e-45,31.781,56.2751
34795000,7.69061,0.236928,31.7934,56.1757
34800000,4.60088e-45,0.246597,31.8028,56.1288
34805000,4.50602e-45,0.398519,31.79,56.2168
34810000,4.41312e-45,0.67032,31.799,56.2044
34815000,4.32213e-45,0.130029,31.8168,56.2296
34820000,4.23302e-45,0.130029,31.8202,56.2574
34825000,5.36556,1.73183e-45,31.8001,56.2132
34830000,4.06026e-45,1.69613e-45,31.7663,56.1457
34835000,5.36556,0.339596,31.8023,56.2098
34840000,3.89456e-45,0.120032,31.769,56.2486
34845000,3.81427e-45,1.59336e-45,31.8359,56.218
34850000,3.73562e-45,1.56051e-45,31.8167,56.2044
34855000,6.5535,0.353455,31.8227,56.1563
34860000,3.58317e-45,0.227638,31.817,56.1762
34865000,3.50929e-45,1.46597e-45,31.7978,56.2606
34870000,3.43694e-45,0.278037,31.7964,56.2236
34875000,3.36608e-45,0.186374,31.7982,56.1853
34880000,6.5535,1.37715e-45,31.8047,56.2045
34885000,10.591,0.644036,31.7822,56.1775
34890000,5.36556,0.246597,31.8249,56.1904
34895000,5.36556,0.289384,31.7849,56.2491
34900000,3.03309e-45,0.246597,31.7825,56.1323
34905000,2.97055e-45,1.24091e-45,31.8219,56.1437
34910000,2.90931e-45,0.201897,31.8282,56.1231
34915000,5.15517,1.19027e-45,31.8106,56.1337
34920000,2.79058e-45,1.16573e-45,31.82,56.1816
34925000,2.73304e-45,0.15259,31.8032,56.2086
34930000,6.5535,0.135335,31.8189,56.1051
34935000,2.6215e-45,1.0951e-45,31.7643,56.1468
34940000,6.82096,0.15259,31.776,56.1978
34945000,2.51452e-45,0.186374,31.7941,56.09
34950000,5.36556,0.246597,31.7651,56.093
34955000,6.29654,0.414783,31.8352,56.151
34960000,6.5535,0.120032,31.8083,56.1952
34965000,5.58453,0.32628,31.7665,56.1984
34970000,6.5535,0.218712,31.8137,56.1457
34975000,2.21905e-45,0.818731,31.8596,56.2019
34980000,2.1733e-45,9.07872e-46,31.8185,56.1448
34985000,2.12849e-45,0.165299,31.7721,56.1811
34990000,2.08461e-45,0.32628,31.786,56.128
34995000,2.04163e-45,0.146607,31.7865,56.1025
35000000,5.58453,8.35282e-46,31.7931,56.3051
35005000,7.09933,0.431711,31.8255,56.1388
35010000,1.91793e-45,8.01194e-46,31.7966,56.0919
35015000,7.09933,0.19398,31.781,56.192
35020000,1.83966e-45,0.382893,31.7933,56.1968
35025000,9.02501,7.52652e-46,31.8267,56.107
35030000,5.58453,0.527292,31.7801,56.2563
35035000,1.7282e-45,7.21936e-46,31.7895,56.1965
35040000,1.69257e-45,0.110803,31.7836,56.1737
35045000,1.65767e-45,6.92474e-46,31.7614,56.2711
35050000,1.6235e-45,6.78196e-46,31.8189,56.2708
35055000,1.59002e-45,0.339596,31.798,56.1898
35060000,1.55724e-45,6.50519e-46,31.7749,56.271
35065000,1.52513e-45,0.158817,31.8152,56.1812
35070000,1.49369e-45,0.135335,31.8077,56.1971
35075000,1.46289e-45,0.301194,31.7904,56.2143
35080000,1.43273e-45,5.98506e-46,31.7908,56.1618
35085000,1.40319e-45,0.19398,31.7533,56.3029
35090000,5.81244,5.74081e-46,31.8102,56.1999
35095000,1.34592e-45,5.62244e-46,31.8206,56.192
35100000,7.69061,0.120032,31.7547,56.2473
35105000,1.291e-45,0.19398,31.8429,56.2712
35110000,1.26438e-45,5.2818e-46,31.8035,56.1811
35115000,1.23831e-45,0.449329,31.7889,56.2719
35120000,6.82096,5.06624e-46,31.8111,56.2283
35125000,6.82096,4.96179e-46,31.8038,56.2036
35130000,1.16329e-45,0.32628,31.8277,56.1972
35135000,1.1393e-45,0.414783,31.8013,56.1096
35140000,1.11581e-45,0.256661,31.7758,56.2481
35145000,1.09281e-45,4.56507e-46,31.7798,56.0841
35150000,1.07027e-45,0.67032,31.7569,56.1731
35155000,1.04821e-45,0.506617,31.8154,56.2243
35160000,1.0266e-45,4.28848e-46,31.8045,56.2489
35165000,6.04965,4.20006e-46,31.7881,56.2168
35170000,9.847e-46,0.367879,31.7993,56.2204
35175000,5.58453,4.02866e-46,31.7651,56.1269
35180000,9.44514e-46,3.9456e-46,31.7929,56.2014
35185000,9.2504e-46,0.313486,31.8371,56.1243
35190000,9.05967e-46,0.267135,31.7758,56.1844
35195000,8.87288e-46,0.267135,31.8149,56.2535
35200000,8.68994e-46,0.19398,31.7948,56.1418
35205000,8.51078e-46,0.486752,31.7956,56.1842
35210000,4.95303,0.158817,31.8214,56.1669
35215000,8.16345e-46,0.313486,31.7831,56.2492
35220000,7.99513e-46,0.278037,31.8094,56.1873
35225000,7.83029e-46,3.27101e-46,31.7867,56.1812
35230000,8.00447,0.227638,31.7785,56.1819
35235000,7.51073e-46,0.278037,31.7625,56.2166
35240000,7.35588e-46,0.120032,31.8046,56.1604
35245000,5.81244,3.00948e-46,31.806,56.1057
35250000,7.05568e-46,0.15259,31.7991,56.2131
35255000,6.91021e-46,0.301194,31.7765,56.1434
35260000,6.76774e-46,0.106459,31.7751,56.1896
35265000,6.6282e-46,2.76885e-46,31.7822,56.3106
35270000,5.58453,0.201897,31.7699,56.2987
35275000,6.3577e-46,0.289384,31.7924,56.1807
35280000,7.09933,0.146607,31.7796,56.2201
35285000,6.09824e-46,0.467666,31.8199,56.1995
35290000,4.95303,0.313486,31.818,56.1365
35295000,6.82096,0.115325,31.7687,56.2564
35300000,5.72876e-46,0.367879,31.8083,56.1325
35305000,5.61065e-46,0.398519,31.7881,56.2655
35310000,5.49497e-46,0.301194,31.7934,56.1475
35315000,5.38168e-46,2.24813e-46,31.8085,56.1749
35320000,6.04965,0.644036,31.7728,56.1866
35325000,6.82096,2.15638e-46,31.8049,56.1991
35330000,5.05562e-46,2.11192e-46,31.7793,56.1409
35335000,4.95138e-46,0.15259,31.7982,56.1547
35340000,4.84929e-46,0.278037,31.8215,56.1666
35345000,4.74931e-46,1.98397e-46,31.7688,56.1912
35350000,4.95303,0.179066,31.7764,56.2294
35355000,5.36556,1.903e-46,31.7996,56.2092
35360000,4.46157e-46,0.278037,31.794,56.2372
35365000,4.36958e-46,1.82534e-46,31.7948,56.18
35370000,4.27949e-46,1.78771e-46,31.7954,56.3107
35375000,4.19125e-46,1.75085e-46,31.8148,56.2139
35380000,4.10484e-46,0.186374,31.7862,56.17
35385000,4.02021e-46,0.382893,31.7894,56.2032
35390000,5.58453,0.278037,31.7706,56.1785
35395000,5.58453,0.618783,31.7927,56.2067
35400000,3.77663e-46,0.313486,31.8027,56.2116
35405000,3.69877e-46,1.54512e-46,31.8034,56.1928
35410000,3.62251e-46,0.339596,31.8234,56.1766
35415000,3.54782e-46,0.140858,31.7821,56.156
35420000,3.47467e-46,0.32628,31.8285,56.3054
35425000,5.81244,1.42158e-46,31.8091,56.2608
35430000,3.33287e-46,0.278037,31.7724,56.2287
35435000,3.26415e-46,0.313486,31.8055,56.0905
35440000,8.33114,0.210136,31.79,56.2377
35445000,3.13094e-46,0.267135,31.8153,56.117
35450000,3.06639e-46,1.28095e-46,31.7812,56.2021
35455000,3.00316e-46,0.256661,31.7694,56.2313
35460000,2.94125e-46,0.367879,31.796,56.3065
35465000,2.8806e-46,0.210136,31.792,56.2083
35470000,5.36556,0.367879,31.7966,56.2582
35475000,5.81244,1.15423e-46,31.7675,56.2733
35480000,2.70608e-46,1.13043e-46,31.8035,56.2972
35485000,5.36556,0.301194,31.8114,56.1818
35490000,2.59564e-46,0.227638,31.7664,56.2348
35495000,7.09933,1.06194e-46,31.7905,56.1672
35500000,2.48971e-46,1.04005e-46,31.8045,56.2073
35505000,6.04965,0.431711,31.7948,56.2988
35510000,2.3881e-46,9.97603e-47,31.8007,56.2633
35515000,2.33887e-46,9.77034e-47,31.7964,56.2226
35520000,2.29064e-46,0.218712,31.766,56.2232
35525000,2.24342e-46,0.289384,31.7818,56.2944
35530000,2.19716e-46,9.17839e-47,31.7628,56.1802
35535000,2.15186e-46,0.15259,31.8013,56.1296
35540000,2.10749e-46,0.246597,31.7825,56.1191
35545000,2.06404e-46,0.236928,31.7905,56.214
35550000,2.02149e-46,0.594521,31.7747,56.2
35555000,1.97981e-46,0.102284,31.7551,56.1893
35560000,1.93899e-46,0.236928,31.7795,56.2175
35565000,1.89901e-46,7.9329e-47,31.7927,56.2614
35570000,5.15517,0.102284,31.7834,56.2731
35575000,1.82151e-46,7.60915e-47,31.7891,56.2581
35580000,1.78396e-46,0.210136,31.7958,56.258
35585000,1.74717e-46,0.120032,31.7906,56.2623
35590000,6.82096,0.15259,31.7947,56.1962
35595000,6.04965,0.236928,31.8047,56.2165
35600000,5.58453,0.571209,31.8204,56.2204
35605000,1.60748e-46,6.71505e-47,31.8141,56.2365
35610000,1.57434e-46,6.5766e-47,31.7494,56.219
35615000,1.54188e-46,0.449329,31.8061,56.1859
35620000,1.51009e-46,0.339596,31.8229,56.2943
35625000,1.47895e-46,6.17815e-47,31.7765,56.2137
35630000,1.44846e-46,0.353455,31.7929,56.2001
35635000,1.41859e-46,5.92601e-47,31.7651,56.2067
35640000,1.38935e-46,0.236928,31.7982,56.2688
35645000,8.67114,0.301194,31.7603,56.2411
35650000,7.69061,0.301194,31.7968,56.2121
35655000,6.5535,5.45219e-47,31.7626,56.2509
35660000,1.27826e-46,5.33978e-47,31.785,56.2159
35665000,1.25191e-46,0.313486,31.7465,56.1978
35670000,5.81244,0.201897,31.7843,56.1855
35675000,1.20081e-46,0.15259,31.7763,56.2706
35680000,5.81244,0.158817,31.8038,56.224
35685000,6.5535,0.398519,31.7826,56.2821
35690000,1.12806e-46,0.227638,31.7976,56.1856
35695000,1.1048e-46,0.414783,31.8105,56.1737
35700000,8.33114,0.130029,31.7537,56.2529
35705000,8.67114,4.42684e-47,31.7864,56.2109
35710000,1.03787e-46,0.236928,31.7586,56.175
35715000,1.01647e-46,0.313486,31.7824,56.1671
35720000,9.9551e-47,0.431711,31.7762,56.2509
35725000,9.74985e-47,0.15259,31.7431,56.2197
35730000,9.54883e-47,3.98891e-47,31.7871,56.1945
35735000,6.82096,0.467666,31.8208,56.209
35740000,7.69061,3.82612e-47,31.7895,56.295
35745000,5.15517,0.414783,31.8147,56.2282
35750000,5.81244,3.66998e-47,31.8022,56.178
35755000,8.60421e-47,0.218712,31.7784,56.2675
35760000,5.36556,3.5202e-47,31.8093,56.1516
35765000,7.38906,3.44762e-47,31.7696,56.1761
35770000,8.08291e-47,0.236928,31.7732,56.1994
35775000,7.91625e-47,0.179066,31.7794,56.3286
35780000,7.75304e-47,3.23874e-47,31.8099,56.2258
35785000,7.59319e-47,0.256661,31.7761,56.2484
35790000,7.43663e-47,0.313486,31.7695,56.2252
35795000,7.28331e-47,0.594521,31.7477,56.1848
35800000,7.13314e-47,0.256661,31.7844,56.2466
35805000,6.98607e-47,0.313486,31.7603,56.2073
35810000,6.84203e-47,0.289384,31.7989,56.2995
35815000,6.04965,2.79925e-47,31.7909,56.2626
35820000,5.81244,2.74154e-47,31.7971,56.2735
35825000,7.09933,2.68501e-47,31.7878,56.259
35830000,6.29497e-47,0.367879,31.8085,56.2725
35835000,5.36556,2.57543e-47,31.793,56.2439
35840000,6.03807e-47,0.218712,31.7539,56.3043
35845000,9.77668,0.32628,31.8067,56.3167
35850000,5.79166e-47,0.313486,31.7836,56.2081
35855000,5.67224e-47,0.110803,31.7872,56.2451
35860000,5.5553e-47,0.165299,31.7739,56.3075
35865000,5.44076e-47,0.571209,31.738,56.2066
35870000,5.36556,0.201897,31.7611,56.1754
35875000,5.21872e-47,0.130029,31.7715,56.2237
35880000,5.11112e-47,0.32628,31.7642,56.1981
35885000,5.00574e-47,2.09109e-47,31.796,56.2429
35890000,5.81244,2.04798e-47,31.8085,56.2753
35895000,4.80145e-47,0.313486,31.7742,56.2009
35900000,6.04965,1.9644e-47,31.7851,56.2241
35905000,4.6055e-47,0.256661,31.7757,56.3218
35910000,7.09933,0.146607,31.7654,56.2627
35915000,8.33114,1.84538e-47,31.7712,56.2196
35920000,4.32647e-47,1.80733e-47,31.7411,56.2437
35925000,4.23727e-47,1.77007e-47,31.7816,56.3298
35930000,7.09933,0.278037,31.7958,56.2247
35935000,4.06434e-47,1.69783e-47,31.783,56.2493
35940000,6.82096,0.367879,31.7612,56.1686
35945000,3.89847e-47,1.62854e-47,31.7611,56.2275
35950000,3.81809e-47,1.59496e-47,31.7866,56.2218
35955000,3.73937e-47,0.449329,31.7965,56.2888
35960000,8.33114,0.201897,31.7714,56.2214
35965000,3.58677e-47,1.49833e-47,31.7726,56.2787
35970000,3.51282e-47,0.301194,31.7682,56.2732
35975000,3.44039e-47,0.140858,31.7688,56.2713
35980000,3.36946e-47,0.218712,31.7326,56.2238
35985000,3.29999e-47,0.367879,31.7995,56.3301
35990000,3.23195e-47,0.449329,31.762,56.1951
35995000,6.82096,0.140858,31.7603,56.1504
