step,co,stel_co,twa_co,proj_co,no2,stel_no2,twa_no2,proj_no2,model_ok,x0,x1,x2,x3,x4,x5,x6,x7,rule_co,lp_co,rule_no2,lp_no2
0,nan,nan,0,nan,nan,nan,0,nan,0,0,0,0,0,0,0,0.52047,0.5061417,0,0,0,0
1,nan,nan,0,nan,nan,nan,0,nan,0,0,0,0,0,0,0,0.5076523,0.5127031,0,0,0,0
2,nan,nan,0,nan,nan,nan,0,nan,0,0,0,0,0,0,0,0.5429007,0.5170519,0,0,0,0
3,nan,nan,0,nan,nan,nan,0,nan,0,0,0,0,0,0,0,0.5455711,0.4992371,0,0,0,0
4,nan,nan,0,nan,nan,nan,0,nan,0,0,0,0,0,0,0,0.5359577,0.4990845,0,0,0,0
5,nan,nan,0,nan,nan,nan,0,nan,0,0,0,0,0,0,0,0.5260776,0.506218,0,0,0,0
6,nan,nan,0,nan,nan,nan,0,nan,0,0,0,0,0,0,0,0.520203,0.5120546,0,0,0,0
7,nan,nan,0,nan,nan,nan,0,nan,0,0,0,0,0,0,0,0.52047,0.5153354,0,0,0,0
8,nan,nan,0,nan,nan,nan,0,nan,0,0,0,0,0,0,0,0.5135273,0.5170139,0,0,0,0
9,nan,nan,0,nan,nan,nan,0,nan,0,0,0,0,0,0,0,0.5145952,0.5188831,0,0,0,0
10,nan,nan,0,nan,nan,nan,0,nan,0,0,0,0,0,0,0,0.5260776,0.5173191,0,0,0,0
11,nan,nan,0,nan,nan,nan,0,nan,0,0,0,0,0,0,0,0.5300831,0.512665,0,0,0,0
12,nan,nan,0,nan,nan,nan,0,nan,0,0,0,0,0,0,0,0.5300831,0.512665,0,0,0,0
13,nan,nan,0,nan,nan,nan,0,nan,0,0,0,0,0,0,0,0.5300831,0.512665,0,0,0,0
14,nan,nan,0,nan,nan,nan,0,nan,0,0,0,0,0,0,0,0.5300831,0.512665,0,0,0,0
15,nan,nan,0,nan,nan,nan,0,nan,0,0,0,0,0,0,0,0.5300831,0.512665,0,0,0,0
16,nan,nan,0,nan,nan,nan,0,nan,0,0,0,0,0,0,0,0.5300831,0.512665,0,0,0,0
17,nan,nan,0,nan,nan,nan,0,nan,0,0,0,0,0,0,0,0.5300831,0.512665,0,0,0,0
18,nan,nan,0,nan,nan,nan,0,nan,0,0,0,0,0,0,0,0.5300831,0.512665,0,0,0,0
19,nan,nan,0,nan,nan,nan,0,nan,0,0,0,0,0,0,0,0.5300831,0.512665,0,0,0,0
20,nan,nan,0,nan,nan,nan,0,nan,0,0,0,0,0,0,0,0.5300831,0.512665,0,0,0,0
21,nan,nan,0,nan,nan,nan,0,nan,0,0,0,0,0,0,0,0.6539863,0.4052414,0,0,0,0
22,nan,nan,0,nan,nan,nan,0,nan,0,0,0,0,0,0,0,0.6203402,0.4194325,0,0,0,0
23,nan,nan,0,nan,nan,nan,0,nan,0,0,0,0,0,0,0,0.5933698,0.4425117,0,0,0,0
24,nan,nan,0,nan,nan,nan,0,nan,0,0,0,0,0,0,0,0.5904325,0.4583809,0,0,0,0
25,nan,nan,0,nan,nan,nan,0,nan,0,0,0,0,0,0,0,0.6059204,0.4559013,0,0,0,0
26,nan,nan,0,nan,nan,nan,0,nan,0,0,0,0,0,0,0,0.6232777,0.447509,0,0,0,0
27,nan,nan,0,nan,nan,nan,0,nan,0,0,0,0,0,0,0,0.6302204,0.4370947,0,0,0,0
28,nan,nan,0,nan,nan,nan,0,nan,0,0,0,0,0,0,0,0.6328907,0.4300373,0,0,0,0
29,nan,nan,0,nan,nan,nan,0,nan,0,0,0,0,0,0,0,0.6387655,0.4252308,0,0,0,0
30,nan,nan,0,nan,nan,nan,0,nan,0,0,0,0,0,0,0,0.6486458,0.4256123,0,0,0,0
31,nan,nan,0,nan,nan,nan,0,nan,0,0,0,0,0,0,0,0.6486458,0.4256123,0,0,0,0
32,nan,nan,0,nan,nan,nan,0,nan,0,0,0,0,0,0,0,0.6486458,0.4256123,0,0,0,0
33,nan,nan,0,nan,nan,nan,0,nan,0,0,0,0,0,0,0,0.6486458,0.4256123,0,0,0,0
34,nan,nan,0,nan,nan,nan,0,nan,0,0,0,0,0,0,0,0.6486458,0.4256123,0,0,0,0
35,nan,nan,0,nan,nan,nan,0,nan,0,0,0,0,0,0,0,0.6486458,0.4256123,0,0,0,0
36,nan,nan,0,nan,nan,nan,0,nan,0,0,0,0,0,0,0,0.6486458,0.4256123,0,0,0,0
37,nan,nan,0,nan,nan,nan,0,nan,0,0,0,0,0,0,0,0.6486458,0.4256123,0,0,0,0
38,nan,nan,0,nan,nan,nan,0,nan,0,0,0,0,0,0,0,0.6486458,0.4256123,0,0,0,0
39,nan,nan,0,nan,nan,nan,0,nan,0,0,0,0,0,0,0,0.6486458,0.4256123,0,0,0,0
40,nan,nan,0,nan,nan,nan,0,nan,0,0,0,0,0,0,0,0.6486458,0.4256123,0,0,0,0
41,nan,nan,0,nan,nan,nan,0,nan,0,0,0,0,0,0,0,0.6486458,0.4256123,0,0,0,0
42,nan,nan,0,nan,nan,nan,0,nan,0,0,0,0,0,0,0,0.6486458,0.4256123,0,0,0,0
43,nan,nan,0,nan,nan,nan,0,nan,0,0,0,0,0,0,0,0.6486458,0.4256123,0,0,0,0
44,nan,nan,0,nan,nan,nan,0,nan,0,0,0,0,0,0,0,0.6486458,0.4256123,0,0,0,0
45,nan,nan,0,nan,nan,nan,0,nan,0,0,0,0,0,0,0,0.6486458,0.4256123,0,0,0,0
46,nan,nan,0,nan,nan,nan,0,nan,0,0,0,0,0,0,0,0.6486458,0.4256123,0,0,0,0
47,nan,nan,0,nan,nan,nan,0,nan,0,0,0,0,0,0,0,0.6486458,0.4256123,0,0,0,0
48,nan,nan,0,nan,nan,nan,0,nan,0,0,0,0,0,0,0,0.6486458,0.4256123,0,0,0,0
49,nan,nan,0,nan,nan,nan,0,nan,0,0,0,0,0,0,0,0.6486458,0.4256123,0,0,0,0
50,nan,nan,0,nan,nan,nan,0,nan,0,0,0,0,0,0,0,0.6486458,0.4256123,0,0,0,0
51,nan,nan,0,nan,nan,nan,0,nan,0,0,0,0,0,0,0,0.6486458,0.4256123,0,0,0,0
52,nan,nan,0,nan,nan,nan,0,nan,0,0,0,0,0,0,0,0.6486458,0.4256123,0,0,0,0
53,nan,nan,0,nan,nan,nan,0,nan,0,0,0,0,0,0,0,0.6486458,0.4256123,0,0,0,0
54,nan,nan,0,nan,nan,nan,0,nan,0,0,0,0,0,0,0,0.6486458,0.4256123,0,0,0,0
55,nan,nan,0,nan,nan,nan,0,nan,0,0,0,0,0,0,0,0.6486458,0.4256123,0,0,0,0
56,nan,nan,0,nan,nan,nan,0,nan,0,0,0,0,0,0,0,0.6486458,0.4256123,0,0,0,0
57,nan,nan,0,nan,nan,nan,0,nan,0,0,0,0,0,0,0,0.6486458,0.4256123,0,0,0,0
58,nan,nan,0,nan,nan,nan,0,nan,0,0,0,0,0,0,0,0.6486458,0.4256123,0,0,0,0
59,nan,nan,0,nan,nan,nan,0,nan,0,0,0,0,0,0,0,0.6486458,0.4256123,0,0,0,0
60,nan,nan,0,nan,nan,nan,0,nan,0,0,0,0,0,0,0,0.6486458,0.4256123,0,0,0,0
61,nan,nan,0,nan,nan,nan,0,nan,0,0,0,0,0,0,0,0.6486458,0.4256123,0,0,0,0
62,nan,nan,0,nan,nan,nan,0,nan,0,0,0,0,0,0,0,0.6486458,0.4256123,0,0,0,0
63,nan,nan,0,nan,nan,nan,0,nan,0,0,0,0,0,0,0,0.6486458,0.4256123,0,0,0,0
64,nan,nan,0,nan,nan,nan,0,nan,0,0,0,0,0,0,0,0.6486458,0.4256123,0,0,0,0
65,nan,nan,0,nan,nan,nan,0,nan,0,0,0,0,0,0,0,0.6486458,0.4256123,0,0,0,0
66,nan,nan,0,nan,nan,nan,0,nan,0,0,0,0,0,0,0,0.6486458,0.4256123,0,0,0,0
67,nan,nan,0,nan,nan,nan,0,nan,0,0,0,0,0,0,0,0.6486458,0.4256123,0,0,0,0
68,nan,nan,0,nan,nan,nan,0,nan,0,0,0,0,0,0,0,0.6486458,0.4256123,0,0,0,0
69,nan,nan,0,nan,nan,nan,0,nan,0,0,0,0,0,0,0,0.6486458,0.4256123,0,0,0,0
70,nan,nan,0,nan,nan,nan,0,nan,0,0,0,0,0,0,0,0.6486458,0.4256123,0,0,0,0
71,nan,nan,0,nan,nan,nan,0,nan,0,0,0,0,0,0,0,0.6486458,0.4256123,0,0,0,0
72,nan,nan,0,nan,nan,nan,0,nan,0,0,0,0,0,0,0,0.6486458,0.4256123,0,0,0,0
73,nan,nan,0,nan,nan,nan,0,nan,0,0,0,0,0,0,0,0.6486458,0.4256123,0,0,0,0
74,nan,nan,0,nan,nan,nan,0,nan,0,0,0,0,0,0,0,0.6486458,0.4256123,0,0,0,0
75,nan,nan,0,nan,nan,nan,0,nan,0,0,0,0,0,0,0,0.6486458,0.4256123,0,0,0,0
76,nan,nan,0,nan,nan,nan,0,nan,0,0,0,0,0,0,0,0.6486458,0.4256123,0,0,0,0
77,nan,nan,0,nan,nan,nan,0,nan,0,0,0,0,0,0,0,0.6486458,0.4256123,0,0,0,0
78,nan,nan,0,nan,nan,nan,0,nan,0,0,0,0,0,0,0,0.6486458,0.4256123,0,0,0,0
79,nan,nan,0,nan,nan,nan,0,nan,0,0,0,0,0,0,0,0.6486458,0.4256123,0,0,0,0
80,nan,nan,0,nan,nan,nan,0,nan,0,0,0,0,0,0,0,0.6486458,0.4256123,0,0,0,0
81,nan,nan,0,nan,nan,nan,0,nan,0,0,0,0,0,0,0,0.6486458,0.4256123,0,0,0,0
82,nan,nan,0,nan,nan,nan,0,nan,0,0,0,0,0,0,0,0.6486458,0.4256123,0,0,0,0
83,nan,nan,0,nan,nan,nan,0,nan,0,0,0,0,0,0,0,0.6486458,0.4256123,0,0,0,0
84,nan,nan,0,nan,nan,nan,0,nan,0,0,0,0,0,0,0,0.6486458,0.4256123,0,0,0,0
85,nan,nan,0,nan,nan,nan,0,nan,0,0,0,0,0,0,0,0.6486458,0.4256123,0,0,0,0
86,nan,nan,0,nan,nan,nan,0,nan,0,0,0,0,0,0,0,0.6486458,0.4256123,0,0,0,0
87,nan,nan,0,nan,nan,nan,0,nan,0,0,0,0,0,0,0,0.6486458,0.4256123,0,0,0,0
88,nan,nan,0,nan,nan,nan,0,nan,0,0,0,0,0,0,0,0.6486458,0.4256123,0,0,0,0
89,nan,nan,0,nan,nan,nan,0,nan,0,0,0,0,0,0,0,0.6486458,0.4256123,0,0,0,0
90,nan,nan,0,nan,nan,nan,0,nan,0,0,0,0,0,0,0,0.6486458,0.4256123,0,0,0,0
91,nan,nan,0,nan,nan,nan,0,nan,0,0,0,0,0,0,0,0.6486458,0.4256123,0,0,0,0
92,nan,nan,0,nan,nan,nan,0,nan,0,0,0,0,0,0,0,0.6486458,0.4256123,0,0,0,0
93,nan,nan,0,nan,nan,nan,0,nan,0,0,0,0,0,0,0,0.6486458,0.4256123,0,0,0,0
94,nan,nan,0,nan,nan,nan,0,nan,0,0,0,0,0,0,0,0.6486458,0.4256123,0,0,0,0
95,nan,nan,0,nan,nan,nan,0,nan,0,0,0,0,0,0,0,0.6486458,0.4256123,0,0,0,0
96,nan,nan,0,nan,nan,nan,0,nan,0,0,0,0,0,0,0,0.6486458,0.4256123,0,0,0,0
97,nan,nan,0,nan,nan,nan,0,nan,0,0,0,0,0,0,0,0.6486458,0.4256123,0,0,0,0
98,nan,nan,0,nan,nan,nan,0,nan,0,0,0,0,0,0,0,0.6486458,0.4256123,0,0,0,0
99,nan,nan,0,nan,nan,nan,0,nan,0,0,0,0,0,0,0,0.6486458,0.4256123,0,0,0,0
100,nan,nan,0,nan,nan,nan,0,nan,0,0,0,0,0,0,0,0.6486458,0.4256123,0,0,0,0
101,nan,nan,0,nan,nan,nan,0,nan,0,0,0,0,0,0,0,0.6486458,0.4256123,0,0,0,0
102,nan,nan,0,nan,nan,nan,0,nan,0,0,0,0,0,0,0,0.6486458,0.4256123,0,0,0,0
103,nan,nan,0,nan,nan,nan,0,nan,0,0,0,0,0,0,0,0.6486458,0.4256123,0,0,0,0
104,nan,nan,0,nan,nan,nan,0,nan,0,0,0,0,0,0,0,0.6486458,0.4256123,0,0,0,0
105,nan,nan,0,nan,nan,nan,0,nan,0,0,0,0,0,0,0,0.6486458,0.4256123,0,0,0,0
106,nan,nan,0,nan,nan,nan,0,nan,0,0,0,0,0,0,0,0.6486458,0.4256123,0,0,0,0
107,nan,nan,0,nan,nan,nan,0,nan,0,0,0,0,0,0,0,0.6486458,0.4256123,0,0,0,0
108,nan,nan,0,nan,nan,nan,0,nan,0,0,0,0,0,0,0,0.6486458,0.4256123,0,0,0,0
109,nan,nan,0,nan,nan,nan,0,nan,0,0,0,0,0,0,0,0.6486458,0.4256123,0,0,0,0
110,nan,nan,0,nan,nan,nan,0,nan,0,0,0,0,0,0,0,0.6486458,0.4256123,0,0,0,0
111,nan,nan,0,nan,nan,nan,0,nan,0,0,0,0,0,0,0,0.6486458,0.4256123,0,0,0,0
112,nan,nan,0,nan,nan,nan,0,nan,0,0,0,0,0,0,0,0.6486458,0.4256123,0,0,0,0
113,nan,nan,0,nan,nan,nan,0,nan,0,0,0,0,0,0,0,0.6486458,0.4256123,0,0,0,0
114,nan,nan,0,nan,nan,nan,0,nan,0,0,0,0,0,0,0,0.6486458,0.4256123,0,0,0,0
115,nan,nan,0,nan,nan,nan,0,nan,0,0,0,0,0,0,0,0.6486458,0.4256123,0,0,0,0
116,nan,nan,0,nan,nan,nan,0,nan,0,0,0,0,0,0,0,0.6486458,0.4256123,0,0,0,0
117,nan,nan,0,nan,nan,nan,0,nan,0,0,0,0,0,0,0,0.6486458,0.4256123,0,0,0,0
118,nan,nan,0,nan,nan,nan,0,nan,0,0,0,0,0,0,0,0.6486458,0.4256123,0,0,0,0
119,nan,nan,0,nan,nan,nan,0,nan,0,0,0,0,0,0,0,0.6486458,0.4256123,0,0,0,0
120,nan,nan,0,nan,nan,nan,0,nan,0,0,0,0,0,0,0,0.6486458,0.4256123,0,0,0,0
121,nan,nan,0,nan,nan,nan,0,nan,0,0,0,0,0,0,0,0.6486458,0.4256123,0,0,0,0
122,nan,nan,0,nan,nan,nan,0,nan,0,0,0,0,0,0,0,0.6486458,0.4256123,0,0,0,0
123,nan,nan,0,nan,nan,nan,0,nan,0,0,0,0,0,0,0,0.6486458,0.4256123,0,0,0,0
124,nan,nan,0,nan,nan,nan,0,nan,0,0,0,0,0,0,0,0.6486458,0.4256123,0,0,0,0
125,nan,nan,0,nan,nan,nan,0,nan,0,0,0,0,0,0,0,0.6486458,0.4256123,0,0,0,0
126,nan,nan,0,nan,nan,nan,0,nan,0,0,0,0,0,0,0,0.6486458,0.4256123,0,0,0,0
127,nan,nan,0,nan,nan,nan,0,nan,0,0,0,0,0,0,0,0.6486458,0.4256123,0,0,0,0
128,nan,nan,0,nan,nan,nan,0,nan,0,0,0,0,0,0,0,0.6486458,0.4256123,0,0,0,0
129,nan,nan,0,nan,nan,nan,0,nan,0,0,0,0,0,0,0,0.6486458,0.4256123,0,0,0,0
130,nan,nan,0,nan,nan,nan,0,nan,0,0,0,0,0,0,0,0.6486458,0.4256123,0,0,0,0
131,nan,nan,0,nan,nan,nan,0,nan,0,0,0,0,0,0,0,0.6486458,0.4256123,0,0,0,0
132,nan,nan,0,nan,nan,nan,0,nan,0,0,0,0,0,0,0,0.6486458,0.4256123,0,0,0,0
133,nan,nan,0,nan,nan,nan,0,nan,0,0,0,0,0,0,0,0.6486458,0.4256123,0,0,0,0
134,nan,nan,0,nan,nan,nan,0,nan,0,0,0,0,0,0,0,0.6486458,0.4256123,0,0,0,0
135,nan,nan,0,nan,nan,nan,0,nan,0,0,0,0,0,0,0,0.6486458,0.4256123,0,0,0,0
136,nan,nan,0,nan,nan,nan,0,nan,0,0,0,0,0,0,0,0.6486458,0.4256123,0,0,0,0
137,nan,nan,0,nan,nan,nan,0,nan,0,0,0,0,0,0,0,0.6486458,0.4256123,0,0,0,0
138,nan,nan,0,nan,nan,nan,0,nan,0,0,0,0,0,0,0,0.6486458,0.4256123,0,0,0,0
139,nan,nan,0,nan,nan,nan,0,nan,0,0,0,0,0,0,0,0.6486458,0.4256123,0,0,0,0
140,nan,nan,0,nan,nan,nan,0,nan,0,0,0,0,0,0,0,0.6486458,0.4256123,0,0,0,0
141,nan,nan,0,nan,nan,nan,0,nan,0,0,0,0,0,0,0,0.6486458,0.4256123,0,0,0,0
142,nan,nan,0,nan,nan,nan,0,nan,0,0,0,0,0,0,0,0.6486458,0.4256123,0,0,0,0
143,nan,nan,0,nan,nan,nan,0,nan,0,0,0,0,0,0,0,0.6486458,0.4256123,0,0,0,0
144,nan,nan,0,nan,nan,nan,0,nan,0,0,0,0,0,0,0,0.6486458,0.4256123,0,0,0,0
145,nan,nan,0,nan,nan,nan,0,nan,0,0,0,0,0,0,0,0.6486458,0.4256123,0,0,0,0
146,nan,nan,0,nan,nan,nan,0,nan,0,0,0,0,0,0,0,0.6486458,0.4256123,0,0,0,0
147,nan,nan,0,nan,nan,nan,0,nan,0,0,0,0,0,0,0,0.6486458,0.4256123,0,0,0,0
148,nan,nan,0,nan,nan,nan,0,nan,0,0,0,0,0,0,0,0.6486458,0.4256123,0,0,0,0
149,nan,nan,0,nan,nan,nan,0,nan,0,0,0,0,0,0,0,0.6486458,0.4256123,0,0,0,0
150,nan,nan,0,nan,nan,nan,0,nan,0,0,0,0,0,0,0,0.6486458,0.4256123,0,0,0,0
151,nan,nan,0,nan,nan,nan,0,nan,0,0,0,0,0,0,0,0.6486458,0.4256123,0,0,0,0
152,nan,nan,0,nan,nan,nan,0,nan,0,0,0,0,0,0,0,0.6486458,0.4256123,0,0,0,0
153,nan,nan,0,nan,nan,nan,0,nan,0,0,0,0,0,0,0,0.6486458,0.4256123,0,0,0,0
154,nan,nan,0,nan,nan,nan,0,nan,0,0,0,0,0,0,0,0.6486458,0.4256123,0,0,0,0
155,nan,nan,0,nan,nan,nan,0,nan,0,0,0,0,0,0,0,0.6486458,0.4256123,0,0,0,0
156,nan,nan,0,nan,nan,nan,0,nan,0,0,0,0,0,0,0,0.6486458,0.4256123,0,0,0,0
157,nan,nan,0,nan,nan,nan,0,nan,0,0,0,0,0,0,0,0.6486458,0.4256123,0,0,0,0
158,nan,nan,0,nan,nan,nan,0,nan,0,0,0,0,0,0,0,0.6486458,0.4256123,0,0,0,0
159,nan,nan,0,nan,nan,nan,0,nan,0,0,0,0,0,0,0,0.6486458,0.4256123,0,0,0,0
160,nan,nan,0,nan,nan,nan,0,nan,0,0,0,0,0,0,0,0.6486458,0.4256123,0,0,0,0
161,nan,nan,0,nan,nan,nan,0,nan,0,0,0,0,0,0,0,0.6486458,0.4256123,0,0,0,0
162,nan,nan,0,nan,nan,nan,0,nan,0,0,0,0,0,0,0,0.6486458,0.4256123,0,0,0,0
163,nan,nan,0,nan,nan,nan,0,nan,0,0,0,0,0,0,0,0.6486458,0.4256123,0,0,0,0
164,nan,nan,0,nan,nan,nan,0,nan,0,0,0,0,0,0,0,0.4985733,0.5535591,0,0,0,0
165,nan,nan,0,nan,nan,nan,0,nan,0,0,0,0,0,0,0,0.495903,0.5450142,0,0,0,0
166,nan,nan,0,nan,nan,nan,0,nan,0,0,0,0,0,0,0,0.5089874,0.5395972,0,0,0,0
167,nan,nan,0,nan,nan,nan,0,nan,0,0,0,0,0,0,0,0.5231403,0.5289921,0,0,0,0
168,nan,nan,0,nan,nan,nan,0,nan,0,0,0,0,0,0,0,0.5343558,0.5170139,0,0,0,0
169,nan,nan,0,nan,nan,nan,0,nan,0,0,0,0,0,0,0,0.5426338,0.507782,0,0,0,0
170,nan,nan,0,nan,nan,nan,0,nan,0,0,0,0,0,0,0,0.5412987,0.498703,0,0,0,0
171,nan,nan,0,nan,nan,nan,0,nan,0,0,0,0,0,0,0,0.497505,0.4977875,0,0,0,0
172,nan,nan,0,nan,nan,nan,0,nan,0,0,0,0,0,0,0,0.4694666,0.521706,0,0,0,0
173,nan,nan,0,nan,nan,nan,0,nan,0,0,0,0,0,0,0,0.5314184,0.5266269,0,0,0,0
174,nan,nan,0,nan,nan,nan,0,nan,0,0,0,0,0,0,0,0.5583885,0.5084686,0,0,0,0
175,nan,nan,0,nan,nan,nan,0,nan,0,0,0,0,0,0,0,0.5583885,0.5084686,0,0,0,0
176,nan,nan,0,nan,nan,nan,0,nan,0,0,0,0,0,0,0,0.5583885,0.5084686,0,0,0,0
177,nan,nan,0,nan,nan,nan,0,nan,0,0,0,0,0,0,0,0.5583885,0.5084686,0,0,0,0
178,nan,nan,0,nan,nan,nan,0,nan,0,0,0,0,0,0,0,0.5583885,0.5084686,0,0,0,0
179,nan,nan,0,nan,nan,nan,0,nan,0,0,0,0,0,0,0,0.5583885,0.5084686,0,0,0,0
180,nan,nan,0,nan,nan,nan,0,nan,0,0,0,0,0,0,0,0.5583885,0.5084686,0,0,0,0
181,nan,nan,0,nan,nan,nan,0,nan,0,0,0,0,0,0,0,0.5583885,0.5084686,0,0,0,0
182,nan,nan,0,nan,nan,nan,0,nan,0,0,0,0,0,0,0,0.5583885,0.5084686,0,0,0,0
183,nan,nan,0,nan,nan,nan,0,nan,0,0,0,0,0,0,0,0.5583885,0.5084686,0,0,0,0
184,nan,nan,0,nan,nan,nan,0,nan,0,0,0,0,0,0,0,0.5583885,0.5084686,0,0,0,0
185,nan,nan,0,nan,nan,nan,0,nan,0,0,0,0,0,0,0,0.5583885,0.5084686,0,0,0,0
186,nan,nan,0,nan,nan,nan,0,nan,0,0,0,0,0,0,0,0.5583885,0.5084686,0,0,0,0
187,nan,nan,0,nan,nan,nan,0,nan,0,0,0,0,0,0,0,0.5583885,0.5084686,0,0,0,0
188,nan,nan,0,nan,nan,nan,0,nan,0,0,0,0,0,0,0,0.5583885,0.5084686,0,0,0,0
189,nan,nan,0,nan,nan,nan,0,nan,0,0,0,0,0,0,0,0.5583885,0.5084686,0,0,0,0
190,nan,nan,0,nan,nan,nan,0,nan,0,0,0,0,0,0,0,0.5583885,0.5084686,0,0,0,0
191,nan,nan,0,nan,nan,nan,0,nan,0,0,0,0,0,0,0,0.5583885,0.5084686,0,0,0,0
192,nan,nan,0,nan,nan,nan,0,nan,0,0,0,0,0,0,0,0.5583885,0.5084686,0,0,0,0
193,nan,nan,0,nan,nan,nan,0,nan,0,0,0,0,0,0,0,0.5583885,0.5084686,0,0,0,0
194,nan,nan,0,nan,nan,nan,0,nan,0,0,0,0,0,0,0,0.5583885,0.5084686,0,0,0,0
195,nan,nan,0,nan,nan,nan,0,nan,0,0,0,0,0,0,0,0.5583885,0.5084686,0,0,0,0
196,nan,nan,0,nan,nan,nan,0,nan,0,0,0,0,0,0,0,0.5583885,0.5084686,0,0,0,0
197,nan,nan,0,nan,nan,nan,0,nan,0,0,0,0,0,0,0,0.5583885,0.5084686,0,0,0,0
198,nan,nan,0,nan,nan,nan,0,nan,0,0,0,0,0,0,0,0.5583885,0.5084686,0,0,0,0
199,nan,nan,0,nan,nan,nan,0,nan,0,0,0,0,0,0,0,0.5583885,0.5084686,0,0,0,0
200,nan,nan,0,nan,nan,nan,0,nan,0,0,0,0,0,0,0,0.5583885,0.5084686,0,0,0,0
201,nan,nan,0,nan,nan,nan,0,nan,0,0,0,0,0,0,0,0.5583885,0.5084686,0,0,0,0
202,nan,nan,0,nan,nan,nan,0,nan,0,0,0,0,0,0,0,0.5583885,0.5084686,0,0,0,0
203,nan,nan,0,nan,nan,nan,0,nan,0,0,0,0,0,0,0,0.5583885,0.5084686,0,0,0,0
204,nan,nan,0,nan,nan,nan,0,nan,0,0,0,0,0,0,0,0.5583885,0.5084686,0,0,0,0
205,nan,nan,0,nan,nan,nan,0,nan,0,0,0,0,0,0,0,0.5583885,0.5084686,0,0,0,0
206,nan,nan,0,nan,nan,nan,0,nan,0,0,0,0,0,0,0,0.5583885,0.5084686,0,0,0,0
207,nan,nan,0,nan,nan,nan,0,nan,0,0,0,0,0,0,0,0.5583885,0.5084686,0,0,0,0
208,nan,nan,0,nan,nan,nan,0,nan,0,0,0,0,0,0,0,0.5583885,0.5084686,0,0,0,0
209,nan,nan,0,nan,nan,nan,0,nan,0,0,0,0,0,0,0,0.5583885,0.5084686,0,0,0,0
210,nan,nan,0,nan,nan,nan,0,nan,0,0,0,0,0,0,0,0.5583885,0.5084686,0,0,0,0
211,nan,nan,0,nan,nan,nan,0,nan,0,0,0,0,0,0,0,0.5583885,0.5084686,0,0,0,0
212,nan,nan,0,nan,nan,nan,0,nan,0,0,0,0,0,0,0,0.5583885,0.5084686,0,0,0,0
213,nan,nan,0,nan,nan,nan,0,nan,0,0,0,0,0,0,0,0.5583885,0.5084686,0,0,0,0
214,nan,nan,0,nan,nan,nan,0,nan,0,0,0,0,0,0,0,0.5583885,0.5084686,0,0,0,0
215,nan,nan,0,nan,nan,nan,0,nan,0,0,0,0,0,0,0,0.5583885,0.5084686,0,0,0,0
216,nan,nan,0,nan,nan,nan,0,nan,0,0,0,0,0,0,0,0.5583885,0.5084686,0,0,0,0
217,nan,nan,0,nan,nan,nan,0,nan,0,0,0,0,0,0,0,0.5583885,0.5084686,0,0,0,0
218,nan,nan,0,nan,nan,nan,0,nan,0,0,0,0,0,0,0,0.5583885,0.5084686,0,0,0,0
219,nan,nan,0,nan,nan,nan,0,nan,0,0,0,0,0,0,0,0.5583885,0.5084686,0,0,0,0
220,nan,nan,0,nan,nan,nan,0,nan,0,0,0,0,0,0,0,0.5583885,0.5084686,0,0,0,0
221,nan,nan,0,nan,nan,nan,0,nan,0,0,0,0,0,0,0,0.5583885,0.5084686,0,0,0,0
222,nan,nan,0,nan,nan,nan,0,nan,0,0,0,0,0,0,0,0.5583885,0.5084686,0,0,0,0
223,nan,nan,0,nan,nan,nan,0,nan,0,0,0,0,0,0,0,0.5583885,0.5084686,0,0,0,0
224,nan,nan,0,nan,nan,nan,0,nan,0,0,0,0,0,0,0,0.5583885,0.5084686,0,0,0,0
225,nan,nan,0,nan,nan,nan,0,nan,0,0,0,0,0,0,0,0.5583885,0.5084686,0,0,0,0
226,nan,nan,0,nan,nan,nan,0,nan,0,0,0,0,0,0,0,0.5583885,0.5084686,0,0,0,0
227,nan,nan,0,nan,nan,nan,0,nan,0,0,0,0,0,0,0,0.5583885,0.5084686,0,0,0,0
228,nan,nan,0,nan,nan,nan,0,nan,0,0,0,0,0,0,0,0.5583885,0.5084686,0,0,0,0
229,nan,nan,0,nan,nan,nan,0,nan,0,0,0,0,0,0,0,0.5583885,0.5084686,0,0,0,0
230,nan,nan,0,nan,nan,nan,0,nan,0,0,0,0,0,0,0,0.5583885,0.5084686,0,0,0,0
231,nan,nan,0,nan,nan,nan,0,nan,0,0,0,0,0,0,0,0.5583885,0.5084686,0,0,0,0
232,nan,nan,0,nan,nan,nan,0,nan,0,0,0,0,0,0,0,0.5583885,0.5084686,0,0,0,0
233,nan,nan,0,nan,nan,nan,0,nan,0,0,0,0,0,0,0,0.5583885,0.5084686,0,0,0,0
234,nan,nan,0,nan,nan,nan,0,nan,0,0,0,0,0,0,0,0.5583885,0.5084686,0,0,0,0
235,nan,nan,0,nan,nan,nan,0,nan,0,0,0,0,0,0,0,0.5583885,0.5084686,0,0,0,0
236,nan,nan,0,nan,nan,nan,0,nan,0,0,0,0,0,0,0,0.5583885,0.5084686,0,0,0,0
237,nan,nan,0,nan,nan,nan,0,nan,0,0,0,0,0,0,0,0.5583885,0.5084686,0,0,0,0
238,nan,nan,0,nan,nan,nan,0,nan,0,0,0,0,0,0,0,0.5583885,0.5084686,0,0,0,0
239,nan,nan,0,nan,nan,nan,0,nan,0,0,0,0,0,0,0,0.5583885,0.5084686,0,0,0,0
240,nan,nan,0,nan,nan,nan,0,nan,0,0,0,0,0,0,0,0.5583885,0.5084686,0,0,0,0
241,nan,nan,0,nan,nan,nan,0,nan,0,0,0,0,0,0,0,0.5583885,0.5084686,0,0,0,0
242,nan,nan,0,nan,nan,nan,0,nan,0,0,0,0,0,0,0,0.5583885,0.5084686,0,0,0,0
243,nan,nan,0,nan,nan,nan,0,nan,0,0,0,0,0,0,0,0.5583885,0.5084686,0,0,0,0
244,nan,nan,0,nan,nan,nan,0,nan,0,0,0,0,0,0,0,0.5583885,0.5084686,0,0,0,0
245,nan,nan,0,nan,nan,nan,0,nan,0,0,0,0,0,0,0,0.5583885,0.5084686,0,0,0,0
246,nan,nan,0,nan,nan,nan,0,nan,0,0,0,0,0,0,0,0.5583885,0.5084686,0,0,0,0
247,nan,nan,0,nan,nan,nan,0,nan,0,0,0,0,0,0,0,0.5583885,0.5084686,0,0,0,0
248,nan,nan,0,nan,nan,nan,0,nan,0,0,0,0,0,0,0,0.5583885,0.5084686,0,0,0,0
249,nan,nan,0,nan,nan,nan,0,nan,0,0,0,0,0,0,0,0.5583885,0.5084686,0,0,0,0
250,nan,nan,0,nan,nan,nan,0,nan,0,0,0,0,0,0,0,0.5583885,0.5084686,0,0,0,0
251,nan,nan,0,nan,nan,nan,0,nan,0,0,0,0,0,0,0,0.5583885,0.5084686,0,0,0,0
252,nan,nan,0,nan,nan,nan,0,nan,0,0,0,0,0,0,0,0.5583885,0.5084686,0,0,0,0
253,nan,nan,0,nan,nan,nan,0,nan,0,0,0,0,0,0,0,0.5583885,0.5084686,0,0,0,0
254,nan,nan,0,nan,nan,nan,0,nan,0,0,0,0,0,0,0,0.5583885,0.5084686,0,0,0,0
255,nan,nan,0,nan,nan,nan,0,nan,0,0,0,0,0,0,0,0.5583885,0.5084686,0,0,0,0
256,nan,nan,0,nan,nan,nan,0,nan,0,0,0,0,0,0,0,0.5583885,0.5084686,0,0,0,0
257,nan,nan,0,nan,nan,nan,0,nan,0,0,0,0,0,0,0,0.5583885,0.5084686,0,0,0,0
258,nan,nan,0,nan,nan,nan,0,nan,0,0,0,0,0,0,0,0.5583885,0.5084686,0,0,0,0
259,nan,nan,0,nan,nan,nan,0,nan,0,0,0,0,0,0,0,0.5583885,0.5084686,0,0,0,0
260,nan,nan,0,nan,nan,nan,0,nan,0,0,0,0,0,0,0,0.5583885,0.5084686,0,0,0,0
261,nan,nan,0,nan,nan,nan,0,nan,0,0,0,0,0,0,0,0.5583885,0.5084686,0,0,0,0
262,nan,nan,0,nan,nan,nan,0,nan,0,0,0,0,0,0,0,0.5583885,0.5084686,0,0,0,0
263,nan,nan,0,nan,nan,nan,0,nan,0,0,0,0,0,0,0,0.5583885,0.5084686,0,0,0,0
264,nan,nan,0,nan,nan,nan,0,nan,0,0,0,0,0,0,0,0.5583885,0.5084686,0,0,0,0
265,nan,nan,0,nan,nan,nan,0,nan,0,0,0,0,0,0,0,0.5583885,0.5084686,0,0,0,0
266,nan,nan,0,nan,nan,nan,0,nan,0,0,0,0,0,0,0,0.5583885,0.5084686,0,0,0,0
267,nan,nan,0,nan,nan,nan,0,nan,0,0,0,0,0,0,0,0.5583885,0.5084686,0,0,0,0
268,nan,nan,0,nan,nan,nan,0,nan,0,0,0,0,0,0,0,0.5583885,0.5084686,0,0,0,0
269,nan,nan,0,nan,nan,nan,0,nan,0,0,0,0,0,0,0,0.5583885,0.5084686,0,0,0,0
270,nan,nan,0,nan,nan,nan,0,nan,0,0,0,0,0,0,0,0.5583885,0.5084686,0,0,0,0
271,nan,nan,0,nan,nan,nan,0,nan,0,0,0,0,0,0,0,0.5583885,0.5084686,0,0,0,0
272,nan,nan,0,nan,nan,nan,0,nan,0,0,0,0,0,0,0,0.5583885,0.5084686,0,0,0,0
273,nan,nan,0,nan,nan,nan,0,nan,0,0,0,0,0,0,0,0.5583885,0.5084686,0,0,0,0
274,nan,nan,0,nan,nan,nan,0,nan,0,0,0,0,0,0,0,0.5583885,0.5084686,0,0,0,0
275,nan,nan,0,nan,nan,nan,0,nan,0,0,0,0,0,0,0,0.5583885,0.5084686,0,0,0,0
276,nan,nan,0,nan,nan,nan,0,nan,0,0,0,0,0,0,0,0.5583885,0.5084686,0,0,0,0
277,nan,nan,0,nan,nan,nan,0,nan,0,0,0,0,0,0,0,0.5583885,0.5084686,0,0,0,0
278,nan,nan,0,nan,nan,nan,0,nan,0,0,0,0,0,0,0,0.5583885,0.5084686,0,0,0,0
279,nan,nan,0,nan,nan,nan,0,nan,0,0,0,0,0,0,0,0.5583885,0.5084686,0,0,0,0
280,nan,nan,0,nan,nan,nan,0,nan,0,0,0,0,0,0,0,0.5583885,0.5084686,0,0,0,0
281,nan,nan,0,nan,nan,nan,0,nan,0,0,0,0,0,0,0,0.5583885,0.5084686,0,0,0,0
282,nan,nan,0,nan,nan,nan,0,nan,0,0,0,0,0,0,0,0.5583885,0.5084686,0,0,0,0
283,nan,nan,0,nan,nan,nan,0,nan,0,0,0,0,0,0,0,0.5583885,0.5084686,0,0,0,0
284,nan,nan,0,nan,nan,nan,0,nan,0,0,0,0,0,0,0,0.5583885,0.5084686,0,0,0,0
285,nan,nan,0,nan,nan,nan,0,nan,0,0,0,0,0,0,0,0.5583885,0.5084686,0,0,0,0
286,nan,nan,0,nan,nan,nan,0,nan,0,0,0,0,0,0,0,0.5583885,0.5084686,0,0,0,0
287,nan,nan,0,nan,nan,nan,0,nan,0,0,0,0,0,0,0,0.5583885,0.5084686,0,0,0,0
288,nan,nan,0,nan,nan,nan,0,nan,0,0,0,0,0,0,0,0.5583885,0.5084686,0,0,0,0
289,nan,nan,0,nan,nan,nan,0,nan,0,0,0,0,0,0,0,0.5583885,0.5084686,0,0,0,0
290,nan,nan,0,nan,nan,nan,0,nan,0,0,0,0,0,0,0,0.5583885,0.5084686,0,0,0,0
291,nan,nan,0,nan,nan,nan,0,nan,0,0,0,0,0,0,0,0.5583885,0.5084686,0,0,0,0
292,nan,nan,0,nan,nan,nan,0,nan,0,0,0,0,0,0,0,0.5583885,0.5084686,0,0,0,0
293,nan,nan,0,nan,nan,nan,0,nan,0,0,0,0,0,0,0,0.5583885,0.5084686,0,0,0,0
294,nan,nan,0,nan,nan,nan,0,nan,0,0,0,0,0,0,0,0.5583885,0.5084686,0,0,0,0
295,nan,nan,0,nan,nan,nan,0,nan,0,0,0,0,0,0,0,0.5583885,0.5084686,0,0,0,0
296,nan,nan,0,nan,nan,nan,0,nan,0,0,0,0,0,0,0,0.5583885,0.5084686,0,0,0,0
297,nan,nan,0,nan,nan,nan,0,nan,0,0,0,0,0,0,0,0.5583885,0.5084686,0,0,0,0
298,nan,nan,0,nan,nan,nan,0,nan,0,0,0,0,0,0,0,0.5583885,0.5084686,0,0,0,0
299,nan,nan,0,nan,nan,nan,0,nan,0,0,0,0,0,0,0,0.5583885,0.5084686,0,0,0,0
300,nan,nan,0,nan,nan,nan,0,nan,0,0,0,0,0,0,0,0.5583885,0.5084686,0,0,0,0
301,nan,nan,0,nan,nan,nan,0,nan,0,0,0,0,0,0,0,0.5583885,0.5084686,0,0,0,0
302,nan,nan,0,nan,nan,nan,0,nan,0,0,0,0,0,0,0,0.5583885,0.5084686,0,0,0,0
303,nan,nan,0,nan,nan,nan,0,nan,0,0,0,0,0,0,0,0.5583885,0.5084686,0,0,0,0
304,nan,nan,0,nan,nan,nan,0,nan,0,0,0,0,0,0,0,0.5583885,0.5084686,0,0,0,0
305,nan,nan,0,nan,nan,nan,0,nan,0,0,0,0,0,0,0,0.5583885,0.5084686,0,0,0,0
306,nan,nan,0,nan,nan,nan,0,nan,0,0,0,0,0,0,0,0.5583885,0.5084686,0,0,0,0
307,nan,nan,0,nan,nan,nan,0,nan,0,0,0,0,0,0,0,0.5583885,0.5084686,0,0,0,0
308,nan,nan,0,nan,nan,nan,0,nan,0,0,0,0,0,0,0,0.5583885,0.5084686,0,0,0,0
309,nan,nan,0,nan,nan,nan,0,nan,0,0,0,0,0,0,0,0.5583885,0.5084686,0,0,0,0
310,nan,nan,0,nan,nan,nan,0,nan,0,0,0,0,0,0,0,0.5583885,0.5084686,0,0,0,0
311,nan,nan,0,nan,nan,nan,0,nan,0,0,0,0,0,0,0,0.5583885,0.5084686,0,0,0,0
312,nan,nan,0,nan,nan,nan,0,nan,0,0,0,0,0,0,0,0.5583885,0.5084686,0,0,0,0
313,nan,nan,0,nan,nan,nan,0,nan,0,0,0,0,0,0,0,0.5583885,0.5084686,0,0,0,0
314,nan,nan,0,nan,nan,nan,0,nan,0,0,0,0,0,0,0,0.5583885,0.5084686,0,0,0,0
315,nan,nan,0,nan,nan,nan,0,nan,0,0,0,0,0,0,0,0.5583885,0.5084686,0,0,0,0
316,nan,nan,0,nan,nan,nan,0,nan,0,0,0,0,0,0,0,0.5583885,0.5084686,0,0,0,0
317,nan,nan,0,nan,nan,nan,0,nan,0,0,0,0,0,0,0,0.5583885,0.5084686,0,0,0,0
318,nan,nan,0,nan,nan,nan,0,nan,0,0,0,0,0,0,0,0.5583885,0.5084686,0,0,0,0
319,nan,nan,0,nan,nan,nan,0,nan,0,0,0,0,0,0,0,0.5583885,0.5084686,0,0,0,0
320,nan,nan,0,nan,nan,nan,0,nan,0,0,0,0,0,0,0,0.5583885,0.5084686,0,0,0,0
321,nan,nan,0,nan,nan,nan,0,nan,0,0,0,0,0,0,0,0.5583885,0.5084686,0,0,0,0
322,nan,nan,0,nan,nan,nan,0,nan,0,0,0,0,0,0,0,0.5583885,0.5084686,0,0,0,0
323,nan,nan,0,nan,nan,nan,0,nan,0,0,0,0,0,0,0,0.5583885,0.5084686,0,0,0,0
324,nan,nan,0,nan,nan,nan,0,nan,0,0,0,0,0,0,0,0.5583885,0.5084686,0,0,0,0
325,nan,nan,0,nan,nan,nan,0,nan,0,0,0,0,0,0,0,0.5583885,0.5084686,0,0,0,0
326,nan,nan,0,nan,nan,nan,0,nan,0,0,0,0,0,0,0,0.5583885,0.5084686,0,0,0,0
327,nan,nan,0,nan,nan,nan,0,nan,0,0,0,0,0,0,0,0.5583885,0.5084686,0,0,0,0
328,nan,nan,0,nan,nan,nan,0,nan,0,0,0,0,0,0,0,0.5583885,0.5084686,0,0,0,0
329,nan,nan,0,nan,nan,nan,0,nan,0,0,0,0,0,0,0,0.5583885,0.5084686,0,0,0,0
330,nan,nan,0,nan,nan,nan,0,nan,0,0,0,0,0,0,0,0.5583885,0.5084686,0,0,0,0
331,nan,nan,0,nan,nan,nan,0,nan,0,0,0,0,0,0,0,0.5583885,0.5084686,0,0,0,0
332,nan,nan,0,nan,nan,nan,0,nan,0,0,0,0,0,0,0,0.5583885,0.5084686,0,0,0,0
333,nan,nan,0,nan,nan,nan,0,nan,0,0,0,0,0,0,0,0.5583885,0.5084686,0,0,0,0
334,nan,nan,0,nan,nan,nan,0,nan,0,0,0,0,0,0,0,0.5583885,0.5084686,0,0,0,0
335,nan,nan,0,nan,nan,nan,0,nan,0,0,0,0,0,0,0,0.5583885,0.5084686,0,0,0,0
336,nan,nan,0,nan,nan,nan,0,nan,0,0,0,0,0,0,0,0.5583885,0.5084686,0,0,0,0
337,nan,nan,0,nan,nan,nan,0,nan,0,0,0,0,0,0,0,0.5583885,0.5084686,0,0,0,0
338,nan,nan,0,nan,nan,nan,0,nan,0,0,0,0,0,0,0,0.5583885,0.5084686,0,0,0,0
339,nan,nan,0,nan,nan,nan,0,nan,0,0,0,0,0,0,0,0.5583885,0.5084686,0,0,0,0
340,nan,nan,0,nan,nan,nan,0,nan,0,0,0,0,0,0,0,0.5583885,0.5084686,0,0,0,0
341,nan,nan,0,nan,nan,nan,0,nan,0,0,0,0,0,0,0,0.5583885,0.5084686,0,0,0,0
342,nan,nan,0,nan,nan,nan,0,nan,0,0,0,0,0,0,0,0.5583885,0.5084686,0,0,0,0
343,nan,nan,0,nan,nan,nan,0,nan,0,0,0,0,0,0,0,0.5583885,0.5084686,0,0,0,0
344,nan,nan,0,nan,nan,nan,0,nan,0,0,0,0,0,0,0,0.5583885,0.5084686,0,0,0,0
345,nan,nan,0,nan,nan,nan,0,nan,0,0,0,0,0,0,0,0.5583885,0.5084686,0,0,0,0
346,nan,nan,0,nan,nan,nan,0,nan,0,0,0,0,0,0,0,0.5583885,0.5084686,0,0,0,0
347,nan,nan,0,nan,nan,nan,0,nan,0,0,0,0,0,0,0,0.5583885,0.5084686,0,0,0,0
348,nan,nan,0,nan,nan,nan,0,nan,0,0,0,0,0,0,0,0.5583885,0.5084686,0,0,0,0
349,nan,nan,0,nan,nan,nan,0,nan,0,0,0,0,0,0,0,0.5583885,0.5084686,0,0,0,0
350,nan,nan,0,nan,nan,nan,0,nan,0,0,0,0,0,0,0,0.5583885,0.5084686,0,0,0,0
351,nan,nan,0,nan,nan,nan,0,nan,0,0,0,0,0,0,0,0.5583885,0.5084686,0,0,0,0
352,nan,nan,0,nan,nan,nan,0,nan,0,0,0,0,0,0,0,0.5583885,0.5084686,0,0,0,0
353,nan,nan,0,nan,nan,nan,0,nan,0,0,0,0,0,0,0,0.5583885,0.5084686,0,0,0,0
354,nan,nan,0,nan,nan,nan,0,nan,0,0,0,0,0,0,0,0.5583885,0.5084686,0,0,0,0
355,nan,nan,0,nan,nan,nan,0,nan,0,0,0,0,0,0,0,0.5583885,0.5084686,0,0,0,0
356,nan,nan,0,nan,nan,nan,0,nan,0,0,0,0,0,0,0,0.5583885,0.5084686,0,0,0,0
357,nan,nan,0,nan,nan,nan,0,nan,0,0,0,0,0,0,0,0.5583885,0.5084686,0,0,0,0
358,nan,nan,0,nan,nan,nan,0,nan,0,0,0,0,0,0,0,0.5583885,0.5084686,0,0,0,0
359,nan,nan,0,nan,nan,nan,0,nan,0,0,0,0,0,0,0,0.5583885,0.5084686,0,0,0,0
360,nan,nan,0,nan,nan,nan,0,nan,0,0,0,0,0,0,0,0.5583885,0.5084686,0,0,0,0
361,nan,nan,0,nan,nan,nan,0,nan,0,0,0,0,0,0,0,0.5583885,0.5084686,0,0,0,0
362,nan,nan,0,nan,nan,nan,0,nan,0,0,0,0,0,0,0,0.5583885,0.5084686,0,0,0,0
363,nan,nan,0,nan,nan,nan,0,nan,0,0,0,0,0,0,0,0.5583885,0.5084686,0,0,0,0
364,nan,nan,0,nan,nan,nan,0,nan,0,0,0,0,0,0,0,0.5583885,0.5084686,0,0,0,0
365,nan,nan,0,nan,nan,nan,0,nan,0,0,0,0,0,0,0,0.5583885,0.5084686,0,0,0,0
366,nan,nan,0,nan,nan,nan,0,nan,0,0,0,0,0,0,0,0.5583885,0.5084686,0,0,0,0
367,nan,nan,0,nan,nan,nan,0,nan,0,0,0,0,0,0,0,0.5583885,0.5084686,0,0,0,0
368,nan,nan,0,nan,nan,nan,0,nan,0,0,0,0,0,0,0,0.5583885,0.5084686,0,0,0,0
369,nan,nan,0,nan,nan,nan,0,nan,0,0,0,0,0,0,0,0.5583885,0.5084686,0,0,0,0
370,nan,nan,0,nan,nan,nan,0,nan,0,0,0,0,0,0,0,0.5583885,0.5084686,0,0,0,0
371,nan,nan,0,nan,nan,nan,0,nan,0,0,0,0,0,0,0,0.5583885,0.5084686,0,0,0,0
372,nan,nan,0,nan,nan,nan,0,nan,0,0,0,0,0,0,0,0.5583885,0.5084686,0,0,0,0
373,nan,nan,0,nan,nan,nan,0,nan,0,0,0,0,0,0,0,0.5583885,0.5084686,0,0,0,0
374,nan,nan,0,nan,nan,nan,0,nan,0,0,0,0,0,0,0,0.5583885,0.5084686,0,0,0,0
375,nan,nan,0,nan,nan,nan,0,nan,0,0,0,0,0,0,0,0.5583885,0.5084686,0,0,0,0
376,nan,nan,0,nan,nan,nan,0,nan,0,0,0,0,0,0,0,0.5583885,0.5084686,0,0,0,0
377,nan,nan,0,nan,nan,nan,0,nan,0,0,0,0,0,0,0,0.5583885,0.5084686,0,0,0,0
378,nan,nan,0,nan,nan,nan,0,nan,0,0,0,0,0,0,0,0.5583885,0.5084686,0,0,0,0
379,nan,nan,0,nan,nan,nan,0,nan,0,0,0,0,0,0,0,0.5583885,0.5084686,0,0,0,0
380,nan,nan,0,nan,nan,nan,0,nan,0,0,0,0,0,0,0,0.5583885,0.5084686,0,0,0,0
381,nan,nan,0,nan,nan,nan,0,nan,0,0,0,0,0,0,0,0.5583885,0.5084686,0,0,0,0
382,nan,nan,0,nan,nan,nan,0,nan,0,0,0,0,0,0,0,0.5583885,0.5084686,0,0,0,0
383,nan,nan,0,nan,nan,nan,0,nan,0,0,0,0,0,0,0,0.5583885,0.5084686,0,0,0,0
384,nan,nan,0,nan,nan,nan,0,nan,0,0,0,0,0,0,0,0.5583885,0.5084686,0,0,0,0
385,nan,nan,0,nan,nan,nan,0,nan,0,0,0,0,0,0,0,0.5583885,0.5084686,0,0,0,0
386,nan,nan,0,nan,nan,nan,0,nan,0,0,0,0,0,0,0,0.5583885,0.5084686,0,0,0,0
387,nan,nan,0,nan,nan,nan,0,nan,0,0,0,0,0,0,0,0.5583885,0.5084686,0,0,0,0
388,nan,nan,0,nan,nan,nan,0,nan,0,0,0,0,0,0,0,0.5583885,0.5084686,0,0,0,0
389,nan,nan,0,nan,nan,nan,0,nan,0,0,0,0,0,0,0,0.5583885,0.5084686,0,0,0,0
390,nan,nan,0,nan,nan,nan,0,nan,0,0,0,0,0,0,0,0.5583885,0.5084686,0,0,0,0
391,nan,nan,0,nan,nan,nan,0,nan,0,0,0,0,0,0,0,0.5583885,0.5084686,0,0,0,0
392,nan,nan,0,nan,nan,nan,0,nan,0,0,0,0,0,0,0,0.5583885,0.5084686,0,0,0,0
393,nan,nan,0,nan,nan,nan,0,nan,0,0,0,0,0,0,0,0.5583885,0.5084686,0,0,0,0
394,nan,nan,0,nan,nan,nan,0,nan,0,0,0,0,0,0,0,0.5583885,0.5084686,0,0,0,0
395,nan,nan,0,nan,nan,nan,0,nan,0,0,0,0,0,0,0,0.5583885,0.5084686,0,0,0,0
396,nan,nan,0,nan,nan,nan,0,nan,0,0,0,0,0,0,0,0.5583885,0.5084686,0,0,0,0
397,nan,nan,0,nan,nan,nan,0,nan,0,0,0,0,0,0,0,0.5583885,0.5084686,0,0,0,0
398,nan,nan,0,nan,nan,nan,0,nan,0,0,0,0,0,0,0,0.5583885,0.5084686,0,0,0,0
399,nan,nan,0,nan,nan,nan,0,nan,0,0,0,0,0,0,0,0.5583885,0.5084686,0,0,0,0
400,nan,nan,0,nan,nan,nan,0,nan,0,0,0,0,0,0,0,0.5583885,0.5084686,0,0,0,0
401,nan,nan,0,nan,nan,nan,0,nan,0,0,0,0,0,0,0,0.5583885,0.5084686,0,0,0,0
402,nan,nan,0,nan,nan,nan,0,nan,0,0,0,0,0,0,0,0.5583885,0.5084686,0,0,0,0
403,nan,nan,0,nan,nan,nan,0,nan,0,0,0,0,0,0,0,0.5583885,0.5084686,0,0,0,0
404,nan,nan,0,nan,nan,nan,0,nan,0,0,0,0,0,0,0,0.5583885,0.5084686,0,0,0,0
405,nan,nan,0,nan,nan,nan,0,nan,0,0,0,0,0,0,0,0.5583885,0.5084686,0,0,0,0
406,nan,nan,0,nan,nan,nan,0,nan,0,0,0,0,0,0,0,0.5583885,0.5084686,0,0,0,0
407,nan,nan,0,nan,nan,nan,0,nan,0,0,0,0,0,0,0,0.5583885,0.5084686,0,0,0,0
408,nan,nan,0,nan,nan,nan,0,nan,0,0,0,0,0,0,0,0.5583885,0.5084686,0,0,0,0
409,nan,nan,0,nan,nan,nan,0,nan,0,0,0,0,0,0,0,0.5583885,0.5084686,0,0,0,0
410,nan,nan,0,nan,nan,nan,0,nan,0,0,0,0,0,0,0,0.5583885,0.5084686,0,0,0,0
411,nan,nan,0,nan,nan,nan,0,nan,0,0,0,0,0,0,0,0.5583885,0.5084686,0,0,0,0
412,nan,nan,0,nan,nan,nan,0,nan,0,0,0,0,0,0,0,0.5583885,0.5084686,0,0,0,0
413,nan,nan,0,nan,nan,nan,0,nan,0,0,0,0,0,0,0,0.5583885,0.5084686,0,0,0,0
414,nan,nan,0,nan,nan,nan,0,nan,0,0,0,0,0,0,0,0.5583885,0.5084686,0,0,0,0
415,nan,nan,0,nan,nan,nan,0,nan,0,0,0,0,0,0,0,0.5583885,0.5084686,0,0,0,0
416,nan,nan,0,nan,nan,nan,0,nan,0,0,0,0,0,0,0,0.5583885,0.5084686,0,0,0,0
417,nan,nan,0,nan,nan,nan,0,nan,0,0,0,0,0,0,0,0.5583885,0.5084686,0,0,0,0
418,nan,nan,0,nan,nan,nan,0,nan,0,0,0,0,0,0,0,0.5583885,0.5084686,0,0,0,0
419,nan,nan,0,nan,nan,nan,0,nan,0,0,0,0,0,0,0,0.5583885,0.5084686,0,0,0,0
420,nan,nan,0,nan,nan,nan,0,nan,0,0,0,0,0,0,0,0.5583885,0.5084686,0,0,0,0
421,nan,nan,0,nan,nan,nan,0,nan,0,0,0,0,0,0,0,0.5583885,0.5084686,0,0,0,0
422,nan,nan,0,nan,nan,nan,0,nan,0,0,0,0,0,0,0,0.5583885,0.5084686,0,0,0,0
423,nan,nan,0,nan,nan,nan,0,nan,0,0,0,0,0,0,0,0.5583885,0.5084686,0,0,0,0
424,nan,nan,0,nan,nan,nan,0,nan,0,0,0,0,0,0,0,0.5583885,0.5084686,0,0,0,0
425,nan,nan,0,nan,nan,nan,0,nan,0,0,0,0,0,0,0,0.5583885,0.5084686,0,0,0,0
426,nan,nan,0,nan,nan,nan,0,nan,0,0,0,0,0,0,0,0.5583885,0.5084686,0,0,0,0
427,nan,nan,0,nan,nan,nan,0,nan,0,0,0,0,0,0,0,0.5583885,0.5084686,0,0,0,0
428,nan,nan,0,nan,nan,nan,0,nan,0,0,0,0,0,0,0,0.5583885,0.5084686,0,0,0,0
429,nan,nan,0,nan,nan,nan,0,nan,0,0,0,0,0,0,0,0.5583885,0.5084686,0,0,0,0
430,nan,nan,0,nan,nan,nan,0,nan,0,0,0,0,0,0,0,0.5583885,0.5084686,0,0,0,0
431,nan,nan,0,nan,nan,nan,0,nan,0,0,0,0,0,0,0,0.5583885,0.5084686,0,0,0,0
432,nan,nan,0,nan,nan,nan,0,nan,0,0,0,0,0,0,0,0.5583885,0.5084686,0,0,0,0
433,nan,nan,0,nan,nan,nan,0,nan,0,0,0,0,0,0,0,0.5583885,0.5084686,0,0,0,0
434,nan,nan,0,nan,nan,nan,0,nan,0,0,0,0,0,0,0,0.5583885,0.5084686,0,0,0,0
435,nan,nan,0,nan,nan,nan,0,nan,0,0,0,0,0,0,0,0.5583885,0.5084686,0,0,0,0
436,nan,nan,0,nan,nan,nan,0,nan,0,0,0,0,0,0,0,0.5583885,0.5084686,0,0,0,0
437,nan,nan,0,nan,nan,nan,0,nan,0,0,0,0,0,0,0,0.5583885,0.5084686,0,0,0,0
438,nan,nan,0,nan,nan,nan,0,nan,0,0,0,0,0,0,0,0.5583885,0.5084686,0,0,0,0
439,nan,nan,0,nan,nan,nan,0,nan,0,0,0,0,0,0,0,0.5583885,0.5084686,0,0,0,0
440,nan,nan,0,nan,nan,nan,0,nan,0,0,0,0,0,0,0,0.5583885,0.5084686,0,0,0,0
441,nan,nan,0,nan,nan,nan,0,nan,0,0,0,0,0,0,0,0.5583885,0.5084686,0,0,0,0
442,nan,nan,0,nan,nan,nan,0,nan,0,0,0,0,0,0,0,0.5583885,0.5084686,0,0,0,0
443,nan,nan,0,nan,nan,nan,0,nan,0,0,0,0,0,0,0,0.5583885,0.5084686,0,0,0,0
444,nan,nan,0,nan,nan,nan,0,nan,0,0,0,0,0,0,0,0.5583885,0.5084686,0,0,0,0
445,nan,nan,0,nan,nan,nan,0,nan,0,0,0,0,0,0,0,0.5583885,0.5084686,0,0,0,0
446,nan,nan,0,nan,nan,nan,0,nan,0,0,0,0,0,0,0,0.5583885,0.5084686,0,0,0,0
447,nan,nan,0,nan,nan,nan,0,nan,0,0,0,0,0,0,0,0.5583885,0.5084686,0,0,0,0
448,nan,nan,0,nan,nan,nan,0,nan,0,0,0,0,0,0,0,0.5583885,0.5084686,0,0,0,0
449,nan,nan,0,nan,nan,nan,0,nan,0,0,0,0,0,0,0,0.5583885,0.5084686,0,0,0,0
450,nan,nan,0,nan,nan,nan,0,nan,0,0,0,0,0,0,0,0.5583885,0.5084686,0,0,0,0
451,nan,nan,0,nan,nan,nan,0,nan,0,0,0,0,0,0,0,0.5583885,0.5084686,0,0,0,0
452,nan,nan,0,nan,nan,nan,0,nan,0,0,0,0,0,0,0,0.5583885,0.5084686,0,0,0,0
453,nan,nan,0,nan,nan,nan,0,nan,0,0,0,0,0,0,0,0.5583885,0.5084686,0,0,0,0
454,nan,nan,0,nan,nan,nan,0,nan,0,0,0,0,0,0,0,0.5583885,0.5084686,0,0,0,0
455,nan,nan,0,nan,nan,nan,0,nan,0,0,0,0,0,0,0,0.5583885,0.5084686,0,0,0,0
456,nan,nan,0,nan,nan,nan,0,nan,0,0,0,0,0,0,0,0.5583885,0.5084686,0,0,0,0
457,nan,nan,0,nan,nan,nan,0,nan,0,0,0,0,0,0,0,0.5583885,0.5084686,0,0,0,0
458,nan,nan,0,nan,nan,nan,0,nan,0,0,0,0,0,0,0,0.5583885,0.5084686,0,0,0,0
459,nan,nan,0,nan,nan,nan,0,nan,0,0,0,0,0,0,0,0.5583885,0.5084686,0,0,0,0
460,nan,nan,0,nan,nan,nan,0,nan,0,0,0,0,0,0,0,0.5583885,0.5084686,0,0,0,0
461,nan,nan,0,nan,nan,nan,0,nan,0,0,0,0,0,0,0,0.5583885,0.5084686,0,0,0,0
462,nan,nan,0,nan,nan,nan,0,nan,0,0,0,0,0,0,0,0.5583885,0.5084686,0,0,0,0
463,nan,nan,0,nan,nan,nan,0,nan,0,0,0,0,0,0,0,0.5583885,0.5084686,0,0,0,0
464,nan,nan,0,nan,nan,nan,0,nan,0,0,0,0,0,0,0,0.5583885,0.5084686,0,0,0,0
465,nan,nan,0,nan,nan,nan,0,nan,0,0,0,0,0,0,0,0.5583885,0.5084686,0,0,0,0
466,nan,nan,0,nan,nan,nan,0,nan,0,0,0,0,0,0,0,0.5583885,0.5084686,0,0,0,0
467,nan,nan,0,nan,nan,nan,0,nan,0,0,0,0,0,0,0,0.5583885,0.5084686,0,0,0,0
468,nan,nan,0,nan,nan,nan,0,nan,0,0,0,0,0,0,0,0.5583885,0.5084686,0,0,0,0
469,nan,nan,0,nan,nan,nan,0,nan,0,0,0,0,0,0,0,0.5583885,0.5084686,0,0,0,0
470,nan,nan,0,nan,nan,nan,0,nan,0,0,0,0,0,0,0,0.5583885,0.5084686,0,0,0,0
471,nan,nan,0,nan,nan,nan,0,nan,0,0,0,0,0,0,0,0.5583885,0.5084686,0,0,0,0
472,nan,nan,0,nan,nan,nan,0,nan,0,0,0,0,0,0,0,0.5583885,0.5084686,0,0,0,0
473,nan,nan,0,nan,nan,nan,0,nan,0,0,0,0,0,0,0,0.5583885,0.5084686,0,0,0,0
474,nan,nan,0,nan,nan,nan,0,nan,0,0,0,0,0,0,0,0.5583885,0.5084686,0,0,0,0
475,nan,nan,0,nan,nan,nan,0,nan,0,0,0,0,0,0,0,0.5583885,0.5084686,0,0,0,0
476,nan,nan,0,nan,nan,nan,0,nan,0,0,0,0,0,0,0,0.5583885,0.5084686,0,0,0,0
477,nan,nan,0,nan,nan,nan,0,nan,0,0,0,0,0,0,0,0.5583885,0.5084686,0,0,0,0
478,nan,nan,0,nan,nan,nan,0,nan,0,0,0,0,0,0,0,0.5583885,0.5084686,0,0,0,0
479,nan,nan,0,nan,nan,nan,0,nan,0,0,0,0,0,0,0,0.5583885,0.5084686,0,0,0,0
480,nan,nan,0,nan,nan,nan,0,nan,0,0,0,0,0,0,0,0.5583885,0.5084686,0,0,0,0
481,nan,nan,0,nan,nan,nan,0,nan,0,0,0,0,0,0,0,0.5583885,0.5084686,0,0,0,0
482,nan,nan,0,nan,nan,nan,0,nan,0,0,0,0,0,0,0,0.5583885,0.5084686,0,0,0,0
483,nan,nan,0,nan,nan,nan,0,nan,0,0,0,0,0,0,0,0.5583885,0.5084686,0,0,0,0
484,nan,nan,0,nan,nan,nan,0,nan,0,0,0,0,0,0,0,0.5583885,0.5084686,0,0,0,0
485,nan,nan,0,nan,nan,nan,0,nan,0,0,0,0,0,0,0,0.5583885,0.5084686,0,0,0,0
486,nan,nan,0,nan,nan,nan,0,nan,0,0,0,0,0,0,0,0.5583885,0.5084686,0,0,0,0
487,nan,nan,0,nan,nan,nan,0,nan,0,0,0,0,0,0,0,0.5583885,0.5084686,0,0,0,0
488,nan,nan,0,nan,nan,nan,0,nan,0,0,0,0,0,0,0,0.5583885,0.5084686,0,0,0,0
489,nan,nan,0,nan,nan,nan,0,nan,0,0,0,0,0,0,0,0.5583885,0.5084686,0,0,0,0
490,nan,nan,0,nan,nan,nan,0,nan,0,0,0,0,0,0,0,0.5583885,0.5084686,0,0,0,0
491,nan,nan,0,nan,nan,nan,0,nan,0,0,0,0,0,0,0,0.5583885,0.5084686,0,0,0,0
492,nan,nan,0,nan,nan,nan,0,nan,0,0,0,0,0,0,0,0.5583885,0.5084686,0,0,0,0
493,nan,nan,0,nan,nan,nan,0,nan,0,0,0,0,0,0,0,0.5583885,0.5084686,0,0,0,0
494,nan,nan,0,nan,nan,nan,0,nan,0,0,0,0,0,0,0,0.5583885,0.5084686,0,0,0,0
495,nan,nan,0,nan,nan,nan,0,nan,0,0,0,0,0,0,0,0.5583885,0.5084686,0,0,0,0
496,nan,nan,0,nan,nan,nan,0,nan,0,0,0,0,0,0,0,0.5583885,0.5084686,0,0,0,0
497,nan,nan,0,nan,nan,nan,0,nan,0,0,0,0,0,0,0,0.5583885,0.5084686,0,0,0,0
498,nan,nan,0,nan,nan,nan,0,nan,0,0,0,0,0,0,0,0.5583885,0.5084686,0,0,0,0
499,nan,nan,0,nan,nan,nan,0,nan,0,0,0,0,0,0,0,0.5583885,0.5084686,0,0,0,0
500,nan,nan,0,nan,nan,nan,0,nan,0,0,0,0,0,0,0,0.5583885,0.5084686,0,0,0,0
501,nan,nan,0,nan,nan,nan,0,nan,0,0,0,0,0,0,0,0.5583885,0.5084686,0,0,0,0
502,nan,nan,0,nan,nan,nan,0,nan,0,0,0,0,0,0,0,0.5583885,0.5084686,0,0,0,0
503,nan,nan,0,nan,nan,nan,0,nan,0,0,0,0,0,0,0,0.5583885,0.5084686,0,0,0,0
504,nan,nan,0,nan,nan,nan,0,nan,0,0,0,0,0,0,0,0.5583885,0.5084686,0,0,0,0
505,nan,nan,0,nan,nan,nan,0,nan,0,0,0,0,0,0,0,0.5583885,0.5084686,0,0,0,0
506,nan,nan,0,nan,nan,nan,0,nan,0,0,0,0,0,0,0,0.5583885,0.5084686,0,0,0,0
507,nan,nan,0,nan,nan,nan,0,nan,0,0,0,0,0,0,0,0.5583885,0.5084686,0,0,0,0
508,nan,nan,0,nan,nan,nan,0,nan,0,0,0,0,0,0,0,0.5583885,0.5084686,0,0,0,0
509,nan,nan,0,nan,nan,nan,0,nan,0,0,0,0,0,0,0,0.5583885,0.5084686,0,0,0,0
510,nan,nan,0,nan,nan,nan,0,nan,0,0,0,0,0,0,0,0.5583885,0.5084686,0,0,0,0
511,nan,nan,0,nan,nan,nan,0,nan,0,0,0,0,0,0,0,0.5583885,0.5084686,0,0,0,0
512,nan,nan,0,nan,nan,nan,0,nan,0,0,0,0,0,0,0,0.5583885,0.5084686,0,0,0,0
513,nan,nan,0,nan,nan,nan,0,nan,0,0,0,0,0,0,0,0.5583885,0.5084686,0,0,0,0
514,nan,nan,0,nan,nan,nan,0,nan,0,0,0,0,0,0,0,0.5583885,0.5084686,0,0,0,0
515,nan,nan,0,nan,nan,nan,0,nan,0,0,0,0,0,0,0,0.5583885,0.5084686,0,0,0,0
516,nan,nan,0,nan,nan,nan,0,nan,0,0,0,0,0,0,0,0.5583885,0.5084686,0,0,0,0
517,nan,nan,0,nan,nan,nan,0,nan,0,0,0,0,0,0,0,0.5583885,0.5084686,0,0,0,0
518,nan,nan,0,nan,nan,nan,0,nan,0,0,0,0,0,0,0,0.5583885,0.5084686,0,0,0,0
519,nan,nan,0,nan,nan,nan,0,nan,0,0,0,0,0,0,0,0.5583885,0.5084686,0,0,0,0
520,nan,nan,0,nan,nan,nan,0,nan,0,0,0,0,0,0,0,0.5583885,0.5084686,0,0,0,0
521,nan,nan,0,nan,nan,nan,0,nan,0,0,0,0,0,0,0,0.5583885,0.5084686,0,0,0,0
522,nan,nan,0,nan,nan,nan,0,nan,0,0,0,0,0,0,0,0.5583885,0.5084686,0,0,0,0
523,nan,nan,0,nan,nan,nan,0,nan,0,0,0,0,0,0,0,0.5583885,0.5084686,0,0,0,0
524,nan,nan,0,nan,nan,nan,0,nan,0,0,0,0,0,0,0,0.5583885,0.5084686,0,0,0,0
525,nan,nan,0,nan,nan,nan,0,nan,0,0,0,0,0,0,0,0.5583885,0.5084686,0,0,0,0
526,nan,nan,0,nan,nan,nan,0,nan,0,0,0,0,0,0,0,0.5583885,0.5084686,0,0,0,0
527,nan,nan,0,nan,nan,nan,0,nan,0,0,0,0,0,0,0,0.5583885,0.5084686,0,0,0,0
528,nan,nan,0,nan,nan,nan,0,nan,0,0,0,0,0,0,0,0.5583885,0.5084686,0,0,0,0
529,nan,nan,0,nan,nan,nan,0,nan,0,0,0,0,0,0,0,0.5583885,0.5084686,0,0,0,0
530,nan,nan,0,nan,nan,nan,0,nan,0,0,0,0,0,0,0,0.5583885,0.5084686,0,0,0,0
531,nan,nan,0,nan,nan,nan,0,nan,0,0,0,0,0,0,0,0.5583885,0.5084686,0,0,0,0
532,nan,nan,0,nan,nan,nan,0,nan,0,0,0,0,0,0,0,0.5583885,0.5084686,0,0,0,0
533,nan,nan,0,nan,nan,nan,0,nan,0,0,0,0,0,0,0,0.5583885,0.5084686,0,0,0,0
534,nan,nan,0,nan,nan,nan,0,nan,0,0,0,0,0,0,0,0.5583885,0.5084686,0,0,0,0
535,nan,nan,0,nan,nan,nan,0,nan,0,0,0,0,0,0,0,0.5583885,0.5084686,0,0,0,0
536,nan,nan,0,nan,nan,nan,0,nan,0,0,0,0,0,0,0,0.5583885,0.5084686,0,0,0,0
537,nan,nan,0,nan,nan,nan,0,nan,0,0,0,0,0,0,0,0.5583885,0.5084686,0,0,0,0
538,nan,nan,0,nan,nan,nan,0,nan,0,0,0,0,0,0,0,0.5583885,0.5084686,0,0,0,0
539,nan,nan,0,nan,nan,nan,0,nan,0,0,0,0,0,0,0,0.5583885,0.5084686,0,0,0,0
540,nan,nan,0,nan,nan,nan,0,nan,0,0,0,0,0,0,0,0.5583885,0.5084686,0,0,0,0
541,nan,nan,0,nan,nan,nan,0,nan,0,0,0,0,0,0,0,0.5583885,0.5084686,0,0,0,0
542,nan,nan,0,nan,nan,nan,0,nan,0,0,0,0,0,0,0,0.5583885,0.5084686,0,0,0,0
543,nan,nan,0,nan,nan,nan,0,nan,0,0,0,0,0,0,0,0.5583885,0.5084686,0,0,0,0
544,nan,nan,0,nan,nan,nan,0,nan,0,0,0,0,0,0,0,0.5583885,0.5084686,0,0,0,0
545,nan,nan,0,nan,nan,nan,0,nan,0,0,0,0,0,0,0,0.5583885,0.5084686,0,0,0,0
546,nan,nan,0,nan,nan,nan,0,nan,0,0,0,0,0,0,0,0.5583885,0.5084686,0,0,0,0
547,nan,nan,0,nan,nan,nan,0,nan,0,0,0,0,0,0,0,0.5583885,0.5084686,0,0,0,0
548,nan,nan,0,nan,nan,nan,0,nan,0,0,0,0,0,0,0,0.5583885,0.5084686,0,0,0,0
549,nan,nan,0,nan,nan,nan,0,nan,0,0,0,0,0,0,0,0.5583885,0.5084686,0,0,0,0
550,nan,nan,0,nan,nan,nan,0,nan,0,0,0,0,0,0,0,0.5583885,0.5084686,0,0,0,0
551,nan,nan,0,nan,nan,nan,0,nan,0,0,0,0,0,0,0,0.5583885,0.5084686,0,0,0,0
552,nan,nan,0,nan,nan,nan,0,nan,0,0,0,0,0,0,0,0.5583885,0.5084686,0,0,0,0
553,nan,nan,0,nan,nan,nan,0,nan,0,0,0,0,0,0,0,0.5583885,0.5084686,0,0,0,0
554,nan,nan,0,nan,nan,nan,0,nan,0,0,0,0,0,0,0,0.5583885,0.5084686,0,0,0,0
555,nan,nan,0,nan,nan,nan,0,nan,0,0,0,0,0,0,0,0.5583885,0.5084686,0,0,0,0
556,nan,nan,0,nan,nan,nan,0,nan,0,0,0,0,0,0,0,0.5583885,0.5084686,0,0,0,0
557,nan,nan,0,nan,nan,nan,0,nan,0,0,0,0,0,0,0,0.5583885,0.5084686,0,0,0,0
558,nan,nan,0,nan,nan,nan,0,nan,0,0,0,0,0,0,0,0.5583885,0.5084686,0,0,0,0
559,nan,nan,0,nan,nan,nan,0,nan,0,0,0,0,0,0,0,0.5583885,0.5084686,0,0,0,0
560,nan,nan,0,nan,nan,nan,0,nan,0,0,0,0,0,0,0,0.5583885,0.5084686,0,0,0,0
561,nan,nan,0,nan,nan,nan,0,nan,0,0,0,0,0,0,0,0.5583885,0.5084686,0,0,0,0
562,nan,nan,0,nan,nan,nan,0,nan,0,0,0,0,0,0,0,0.5583885,0.5084686,0,0,0,0
563,nan,nan,0,nan,nan,nan,0,nan,0,0,0,0,0,0,0,0.5583885,0.5084686,0,0,0,0
564,nan,nan,0,nan,nan,nan,0,nan,0,0,0,0,0,0,0,0.5583885,0.5084686,0,0,0,0
565,nan,nan,0,nan,nan,nan,0,nan,0,0,0,0,0,0,0,0.5583885,0.5084686,0,0,0,0
566,nan,nan,0,nan,nan,nan,0,nan,0,0,0,0,0,0,0,0.5583885,0.5084686,0,0,0,0
567,nan,nan,0,nan,nan,nan,0,nan,0,0,0,0,0,0,0,0.5583885,0.5084686,0,0,0,0
568,nan,nan,0,nan,nan,nan,0,nan,0,0,0,0,0,0,0,0.5583885,0.5084686,0,0,0,0
569,nan,nan,0,nan,nan,nan,0,nan,0,0,0,0,0,0,0,0.5583885,0.5084686,0,0,0,0
570,nan,nan,0,nan,nan,nan,0,nan,0,0,0,0,0,0,0,0.5583885,0.5084686,0,0,0,0
571,nan,nan,0,nan,nan,nan,0,nan,0,0,0,0,0,0,0,0.5583885,0.5084686,0,0,0,0
572,nan,nan,0,nan,nan,nan,0,nan,0,0,0,0,0,0,0,0.5583885,0.5084686,0,0,0,0
573,nan,nan,0,nan,nan,nan,0,nan,0,0,0,0,0,0,0,0.5583885,0.5084686,0,0,0,0
574,nan,nan,0,nan,nan,nan,0,nan,0,0,0,0,0,0,0,0.5583885,0.5084686,0,0,0,0
575,nan,nan,0,nan,nan,nan,0,nan,0,0,0,0,0,0,0,0.5583885,0.5084686,0,0,0,0
576,nan,nan,0,nan,nan,nan,0,nan,0,0,0,0,0,0,0,0.5583885,0.5084686,0,0,0,0
577,nan,nan,0,nan,nan,nan,0,nan,0,0,0,0,0,0,0,0.5583885,0.5084686,0,0,0,0
578,nan,nan,0,nan,nan,nan,0,nan,0,0,0,0,0,0,0,0.5583885,0.5084686,0,0,0,0
579,nan,nan,0,nan,nan,nan,0,nan,0,0,0,0,0,0,0,0.5583885,0.5084686,0,0,0,0
580,nan,nan,0,nan,nan,nan,0,nan,0,0,0,0,0,0,0,0.5583885,0.5084686,0,0,0,0
581,nan,nan,0,nan,nan,nan,0,nan,0,0,0,0,0,0,0,0.5583885,0.5084686,0,0,0,0
582,nan,nan,0,nan,nan,nan,0,nan,0,0,0,0,0,0,0,0.5583885,0.5084686,0,0,0,0
583,nan,nan,0,nan,nan,nan,0,nan,0,0,0,0,0,0,0,0.5583885,0.5084686,0,0,0,0
584,nan,nan,0,nan,nan,nan,0,nan,0,0,0,0,0,0,0,0.5583885,0.5084686,0,0,0,0
585,nan,nan,0,nan,nan,nan,0,nan,0,0,0,0,0,0,0,0.5583885,0.5084686,0,0,0,0
586,nan,nan,0,nan,nan,nan,0,nan,0,0,0,0,0,0,0,0.5583885,0.5084686,0,0,0,0
587,nan,nan,0,nan,nan,nan,0,nan,0,0,0,0,0,0,0,0.5583885,0.5084686,0,0,0,0
588,nan,nan,0,nan,nan,nan,0,nan,0,0,0,0,0,0,0,0.5583885,0.5084686,0,0,0,0
589,nan,nan,0,nan,nan,nan,0,nan,0,0,0,0,0,0,0,0.5583885,0.5084686,0,0,0,0
590,nan,nan,0,nan,nan,nan,0,nan,0,0,0,0,0,0,0,0.5583885,0.5084686,0,0,0,0
591,nan,nan,0,nan,nan,nan,0,nan,0,0,0,0,0,0,0,0.5583885,0.5084686,0,0,0,0
592,nan,nan,0,nan,nan,nan,0,nan,0,0,0,0,0,0,0,0.5583885,0.5084686,0,0,0,0
593,nan,nan,0,nan,nan,nan,0,nan,0,0,0,0,0,0,0,0.5583885,0.5084686,0,0,0,0
594,nan,nan,0,nan,nan,nan,0,nan,0,0,0,0,0,0,0,0.5583885,0.5084686,0,0,0,0
595,nan,nan,0,nan,nan,nan,0,nan,0,0,0,0,0,0,0,0.5583885,0.5084686,0,0,0,0
596,nan,nan,0,nan,nan,nan,0,nan,0,0,0,0,0,0,0,0.5583885,0.5084686,0,0,0,0
597,nan,nan,0,nan,nan,nan,0,nan,0,0,0,0,0,0,0,0.5583885,0.5084686,0,0,0,0
598,nan,nan,0,nan,nan,nan,0,nan,0,0,0,0,0,0,0,0.5583885,0.5084686,0,0,0,0
599,nan,nan,0,nan,nan,nan,0,nan,0,0,0,0,0,0,0,0.5583885,0.5084686,0,0,0,0
600,nan,nan,0,nan,nan,nan,0,nan,0,0,0,0,0,0,0,0.5583885,0.5084686,0,0,0,0
601,nan,nan,0,nan,nan,nan,0,nan,0,0,0,0,0,0,0,0.5583885,0.5084686,0,0,0,0
602,nan,nan,0,nan,nan,nan,0,nan,0,0,0,0,0,0,0,0.5583885,0.5084686,0,0,0,0
603,nan,nan,0,nan,nan,nan,0,nan,0,0,0,0,0,0,0,0.5583885,0.5084686,0,0,0,0
604,nan,nan,0,nan,nan,nan,0,nan,0,0,0,0,0,0,0,0.5583885,0.5084686,0,0,0,0
605,nan,nan,0,nan,nan,nan,0,nan,0,0,0,0,0,0,0,0.5583885,0.5084686,0,0,0,0
606,nan,nan,0,nan,nan,nan,0,nan,0,0,0,0,0,0,0,0.5583885,0.5084686,0,0,0,0
607,nan,nan,0,nan,nan,nan,0,nan,0,0,0,0,0,0,0,0.5583885,0.5084686,0,0,0,0
608,nan,nan,0,nan,nan,nan,0,nan,0,0,0,0,0,0,0,0.5583885,0.5084686,0,0,0,0
609,nan,nan,0,nan,nan,nan,0,nan,0,0,0,0,0,0,0,0.5583885,0.5084686,0,0,0,0
610,nan,nan,0,nan,nan,nan,0,nan,0,0,0,0,0,0,0,0.5583885,0.5084686,0,0,0,0
611,nan,nan,0,nan,nan,nan,0,nan,0,0,0,0,0,0,0,0.5583885,0.5084686,0,0,0,0
612,nan,nan,0,nan,nan,nan,0,nan,0,0,0,0,0,0,0,0.5583885,0.5084686,0,0,0,0
613,nan,nan,0,nan,nan,nan,0,nan,0,0,0,0,0,0,0,0.5583885,0.5084686,0,0,0,0
614,nan,nan,0,nan,nan,nan,0,nan,0,0,0,0,0,0,0,0.5583885,0.5084686,0,0,0,0
615,nan,nan,0,nan,nan,nan,0,nan,0,0,0,0,0,0,0,0.5583885,0.5084686,0,0,0,0
616,nan,nan,0,nan,nan,nan,0,nan,0,0,0,0,0,0,0,0.5583885,0.5084686,0,0,0,0
617,nan,nan,0,nan,nan,nan,0,nan,0,0,0,0,0,0,0,0.5583885,0.5084686,0,0,0,0
618,nan,nan,0,nan,nan,nan,0,nan,0,0,0,0,0,0,0,0.5583885,0.5084686,0,0,0,0
619,nan,nan,0,nan,nan,nan,0,nan,0,0,0,0,0,0,0,0.5583885,0.5084686,0,0,0,0
620,nan,nan,0,nan,nan,nan,0,nan,0,0,0,0,0,0,0,0.5583885,0.5084686,0,0,0,0
621,nan,nan,0,nan,nan,nan,0,nan,0,0,0,0,0,0,0,0.5583885,0.5084686,0,0,0,0
622,nan,nan,0,nan,nan,nan,0,nan,0,0,0,0,0,0,0,0.5583885,0.5084686,0,0,0,0
623,nan,nan,0,nan,nan,nan,0,nan,0,0,0,0,0,0,0,0.5583885,0.5084686,0,0,0,0
624,nan,nan,0,nan,nan,nan,0,nan,0,0,0,0,0,0,0,0.5583885,0.5084686,0,0,0,0
625,nan,nan,0,nan,nan,nan,0,nan,0,0,0,0,0,0,0,0.5583885,0.5084686,0,0,0,0
626,18.04252,nan,0.006264765,nan,0.6837456,nan,0.0002374117,nan,0,0.6009732,0.1746059,0,0,0,0,0.5583885,0.5084686,0,0,0,0
627,18.76867,nan,0.01278166,nan,0.6241589,nan,0.0004541335,nan,0,0.6206203,0.1602025,0,0,0,0,0.5583885,0.5084686,0,0,0,0
628,14.88228,nan,0.01794912,nan,0.6523194,nan,0.0006806333,nan,0,0.5122063,0.1670274,0,0,0,0,0.5583885,0.5084686,0,0,0,0
629,16.4624,nan,0.02366523,nan,0.6837456,nan,0.000918045,nan,0,0.5572723,0.1746059,0,0,0,0,0.5583885,0.5084686,0,0,0,0
630,15.41851,nan,0.02901888,nan,0.6523194,nan,0.001144545,nan,0,0.5276584,0.1670274,0,0,0,0,0.5583885,0.5084686,0,0,0,0
631,15.88417,16.57643,0.03453422,nan,0.7854589,0.6802913,0.001417274,nan,0,0.5409438,0.1988647,0.5604706,0.1737748,0,0,0.5583885,0.5084686,0,0,0,0
632,12.72952,16.02687,0.03895419,nan,0.7503153,0.6902948,0.0016778,nan,0,0.448451,0.1905289,0.5449905,0.1761802,0,0,0.5583885,0.5084686,0,0,0,0
633,13.95329,15.76767,0.04379909,nan,0.6837456,0.6894761,0.001915211,nan,0,0.4850388,0.1746059,0.5376314,0.1759835,0,0,0.5583885,0.5084686,0,0,0,0
634,8.498055,14.95994,0.0467498,nan,0.7151718,0.6923312,0.002163535,nan,0,0.3142731,0.1821447,0.5144544,0.1766694,0,0,0.5583885,0.5084686,0,0,0,0
635,14.88228,14.95217,0.05191726,nan,0.6523194,0.68833,0.002390035,nan,0,0.5122063,0.1670274,0.5142297,0.1757081,0,0,0.5583885,0.5084686,0,0,0,0
636,13.02431,14.77691,0.05643959,nan,0.7151718,0.6907702,0.002638358,nan,0,0.4573499,0.1821447,0.5091505,0.1762944,0,0,0.5583885,0.5084686,0,0,0,0
637,13.95329,14.70828,0.06128448,nan,0.7188892,0.6931134,0.002887973,nan,0,0.4850388,0.1830339,0.5071565,0.1768573,0,0,0.5583885,0.5084686,0,0,0,0
638,12.72952,14.55606,0.06570445,nan,0.6523194,0.6899754,0.003114472,nan,0,0.448451,0.1670274,0.5027245,0.1761035,0,0,0.5583885,0.5084686,0,0,0,0
639,9.844934,14.21955,0.06912283,nan,0.7854589,0.6967957,0.003387201,nan,0,0.3583509,0.1988647,0.4928778,0.1777413,0,0,0.5583885,0.5084686,0,0,0,0
640,14.88228,14.26374,0.07429029,nan,0.6523194,0.6938306,0.003613701,nan,0,0.5122063,0.1670274,0.4941745,0.1770295,0,0,0.5583885,0.5084686,0,0,0,0
641,12.72952,14.16785,0.07871026,nan,0.6523194,0.6912361,0.003840201,nan,0,0.448451,0.1670274,0.4913588,0.1764064,0,0,0.5583885,0.5084686,0,0,0,0
642,15.88417,14.26881,0.0842256,nan,0.5454279,0.6826592,0.004029585,nan,0,0.5409438,0.1409483,0.4943232,0.1743446,0,0,0.5583885,0.5084686,0,0,0,0
643,13.92956,14.24996,0.08906225,nan,0.6523194,0.6809736,0.004256085,nan,0,0.4843379,0.1670274,0.4937703,0.173939,0,0,0.5583885,0.5084686,0,0,0,0
644,14.88228,14.28324,0.09422971,nan,0.7151718,0.6827735,0.004504409,nan,0,0.5122063,0.1821447,0.4947465,0.1743721,0,0,0.5583885,0.5084686,0,0,0,0
645,14.88228,14.31319,0.09939716,nan,0.7151718,0.6843935,0.004752732,nan,0,0.5122063,0.1821447,0.4956245,0.1747617,0,0,0.5583885,0.5084686,0,0,0,0
646,10.57676,14.13527,0.1030696,nan,0.6523194,0.6828661,0.004979232,nan,0,0.3817476,0.1670274,0.4904009,0.1743943,0,0,0.5583885,0.5084686,0,0,0,0
647,11.43462,14.01251,0.10704,nan,0.7854589,0.6875294,0.005251961,nan,0,0.4086994,0.1988647,0.4867859,0.1755157,0,0,0.5583885,0.5084686,0,0,0,0
648,10.57676,13.86313,0.1107125,nan,0.7854589,0.6917872,0.00552469,nan,0,0.3817476,0.1988647,0.4823745,0.1765388,0,0,0.5583885,0.5084686,0,0,0,0
649,12.72952,13.8159,0.1151325,nan,0.7503153,0.6942259,0.005785216,nan,0,0.448451,0.1905289,0.4809768,0.1771244,0,0,0.5583885,0.5084686,0,0,0,0
650,10.57676,13.68633,0.1188049,nan,0.7854589,0.6978752,0.006057945,nan,0,0.3817476,0.1988647,0.477136,0.1780003,0,0,0.5583885,0.5084686,0,0,0,0
651,14.88228,13.73233,0.1239724,nan,0.6523194,0.6961231,0.006284444,nan,0,0.5122063,0.1670274,0.4785007,0.1775798,0,0,0.5583885,0.5084686,0,0,0,0
652,12.72952,13.69519,0.1283924,nan,0.6654434,0.6949868,0.006515501,nan,0,0.448451,0.1701971,0.4773989,0.1773071,0,0,0.5583885,0.5084686,0,0,0,0
653,14.88228,13.73758,0.1335598,nan,0.7151718,0.6957077,0.006763825,nan,0,0.5122063,0.1821447,0.4786566,0.1774801,0,0,0.5583885,0.5084686,0,0,0,0
654,14.40592,13.76063,0.1385619,nan,0.7188892,0.696507,0.007013439,nan,0,0.4983394,0.1830339,0.4793398,0.177672,0,0,0.5583885,0.5084686,0,0,0,0
655,10.57676,13.6545,0.1422344,13.22411,0.7151718,0.6971292,0.007261763,0.7048713,0,0.3817476,0.1821447,0.4761909,0.1778213,0.46335,0.1796781,0.5583885,0.5084686,0,0,0,0
656,14.88228,13.69411,0.1474018,13.66739,0.6523194,0.6956837,0.007488262,0.6897289,0,0.5122063,0.1670274,0.4773668,0.1774744,0.4765736,0.1760443,0.5583885,0.5084686,0,0,0,0
657,14.90687,13.732,0.1525778,13.62721,0.6523194,0.6943286,0.007714762,0.6900418,0,0.5129185,0.1670274,0.4784911,0.177149,0.4753801,0.1761194,0.5583885,0.5084686,0,0,0,0
658,12.25316,13.68719,0.1568324,13.54507,0.7503153,0.6960252,0.007975288,0.7005608,0,0.4339545,0.1905289,0.4771616,0.1775563,0.4729368,0.1786446,0.5583885,0.5084686,0,0,0,0
659,9.152535,13.55382,0.1600104,12.82721,0.7854589,0.6986556,0.008248017,0.7095007,0,0.3358598,0.1988647,0.4731972,0.1781875,0.4514062,0.1807872,0.5583885,0.5084686,0,0,0,0
660,10.57676,13.46876,0.1636828,12.34795,0.6302998,0.6967025,0.008466871,0.6994127,0,0.3817476,0.1616936,0.4706632,0.1777189,0.4368509,0.1783692,0.5583885,0.5084686,0,0,0,0
661,11.43462,13.41226,0.1676532,12.39383,0.7151718,0.6972156,0.008715195,0.6986318,0,0.4086994,0.1821447,0.4689775,0.177842,0.4382506,0.1781818,0.5583885,0.5084686,0,0,0,0
662,9.844934,13.31584,0.1710716,11.80208,0.6523194,0.6960022,0.008941695,0.6975429,0,0.3583509,0.1670274,0.4660964,0.1775508,0.4200915,0.1779206,0.5583885,0.5084686,0,0,0,0
663,10.57676,13.24376,0.1747441,11.28344,0.7188892,0.6966045,0.009191309,0.7053301,0,0.3817476,0.1830339,0.4639388,0.1776954,0.4039859,0.179788,0.5583885,0.5084686,0,0,0,0
664,9.152535,13.13886,0.177922,10.94619,0.7188892,0.6971759,0.009440923,0.7018796,0,0.3358598,0.1830339,0.4607928,0.1778325,0.3934161,0.1789609,0.5583885,0.5084686,0,0,0,0
665,9.152535,13.0392,0.1811,10.88253,0.6523194,0.6960545,0.009667423,0.6870863,0,0.3358598,0.1670274,0.4577978,0.1775634,0.391412,0.1754092,0.5583885,0.5084686,0,0,0,0
666,10.57676,12.97914,0.1847725,10.85533,0.7503153,0.6973779,0.009927949,0.7008118,0,0.3817476,0.1905289,0.4559898,0.177881,0.3905551,0.1787048,0.5583885,0.5084686,0,0,0,0
667,8.936864,12.88289,0.1878755,10.52207,0.7188892,0.6978901,0.01017756,0.7012249,0,0.3287819,0.1830339,0.4530878,0.1780039,0.3800122,0.1788039,0.5583885,0.5084686,0,0,0,0
668,13.02431,12.88618,0.1923979,10.87861,0.6523194,0.6968303,0.01040406,0.7012249,0,0.4573499,0.1670274,0.4531871,0.1777496,0.3912884,0.1788039,0.5583885,0.5084686,0,0,0,0
669,10.21085,12.82538,0.1959433,10.84202,0.6523194,0.6958187,0.01063056,0.6923489,0,0.3700967,0.1670274,0.4513509,0.1775068,0.3901352,0.1766737,0.5583885,0.5084686,0,0,0,0
670,9.152535,12.74376,0.1991213,10.77835,0.7854589,0.6978107,0.01090329,0.7012249,0,0.3358598,0.1988647,0.4488823,0.1779848,0.3881266,0.1788039,0.5583885,0.5084686,0,0,0,0
671,8.825295,12.65858,0.2021856,10.69861,0.8716696,0.7015902,0.01120595,0.7280343,0,0.3251068,0.2191115,0.4463014,0.1788915,0.3856068,0.185219,0.5583885,0.5084686,0,0,0,0
672,8.224754,12.56424,0.2050414,10.35217,0.7854589,0.7033747,0.01147868,0.7346062,0,0.3051623,0.1988647,0.4434378,0.1793193,0.3746079,0.1867872,0.5583885,0.5084686,0,0,0,0
673,8.498055,12.47953,0.2079921,10.24307,0.6523194,0.702311,0.01170518,0.7272096,0,0.3142731,0.1670274,0.4408616,0.1790643,0.3711264,0.1850221,0.5583885,0.5084686,0,0,0,0
674,10.21085,12.43323,0.2115376,9.878555,0.7151718,0.7025735,0.01195351,0.7341931,0,0.3700967,0.1821447,0.4394515,0.1791272,0.3594342,0.1866887,0.5583885,0.5084686,0,0,0,0
675,9.864646,12.38186,0.2149628,9.784337,0.5504124,0.6995302,0.01214462,0.7210395,0,0.3589861,0.142175,0.4378854,0.1783974,0.3563965,0.183548,0.5583885,0.5084686,0,0,0,0
676,14.88228,12.43089,0.2201303,10.46881,0.6523194,0.6986045,0.01237112,0.7062462,0,0.5122063,0.1670274,0.4393801,0.1781753,0.3783204,0.1800076,0.5583885,0.5084686,0,0,0,0
677,14.88228,12.47803,0.2252977,11.18012,0.6523194,0.6977144,0.01259762,0.6803946,0,0.5122063,0.1670274,0.4408159,0.1779617,0.400756,0.1737997,0.5583885,0.5084686,0,0,0,0
678,13.95329,12.50586,0.2301426,11.85414,0.6837456,0.6974509,0.01283503,0.667963,0,0.4850388,0.1746059,0.4416629,0.1778985,0.4216984,0.1708049,0.5583885,0.5084686,0,0,0,0
679,12.72952,12.51,0.2345626,12.3243,0.6241589,0.6960936,0.01305176,0.6634323,0,0.448451,0.1602025,0.4417889,0.1775728,0.4361289,0.1697119,0.5583885,0.5084686,0,0,0,0
680,10.21085,12.4682,0.238108,12.32024,0.6907287,0.6959961,0.01329159,0.6596639,0,0.3700967,0.1762845,0.4405167,0.1775493,0.4360047,0.1688021,0.5583885,0.5084686,0,0,0,0
681,12.25316,12.46436,0.2423626,12.55642,0.6654434,0.6954505,0.01352265,0.6725909,0,0.4339545,0.1701971,0.4403998,0.1774184,0.4432001,0.1719205,0.5583885,0.5084686,0,0,0,0
682,16.96335,12.54329,0.2482526,12.83469,0.6837456,0.6952451,0.01376006,0.6762861,0,0.5712707,0.1746059,0.4428011,0.1773691,0.4516321,0.1728106,0.5583885,0.5084686,0,0,0,0
683,12.72952,12.5465,0.2526726,12.57157,0.311401,0.6886271,0.01386819,0.6339199,0,0.448451,0.08214983,0.4428988,0.1757795,0.4436606,0.1625718,0.5583885,0.5084686,0,0,0,0
684,16.4624,12.61287,0.2583887,12.87321,0.5454279,0.6862,0.01405757,0.6166239,0,0.5572723,0.1409483,0.4449148,0.1751961,0.4527956,0.1583709,0.5583885,0.5084686,0,0,0,0
685,8.403541,12.54272,0.2613066,12.3684,0.7188892,0.6867449,0.01430718,0.6271908,0,0.3111289,0.1830339,0.4427837,0.1753271,0.437475,0.1609389,0.5583885,0.5084686,0,0,0,0
686,0,12.3371,0.2613066,11.0685,0.975418,0.6914772,0.01464587,0.6624129,0,0,0.2431062,0.4365196,0.1764643,0.3972585,0.1694658,0.5583885,0.5084686,0,0,0,0
687,0,12.13811,0.2613066,9.541411,1.086604,0.6978502,0.01502316,0.714034,0,0,0.2683857,0.4304315,0.1779943,0.3485347,0.1818725,0.5583885,0.5084686,0,0,0,0
688,0,11.94545,0.2613066,7.520448,1.152285,0.7050635,0.01542326,0.7705602,0,0,0.2831135,0.4245121,0.1797241,0.2814149,0.1953367,0.5583885,0.5084686,0,0,0,0
689,0,11.7588,0.2613066,6.004363,1.118156,0.711518,0.01581151,0.8638963,0,0,0.2754795,0.4187544,0.1812703,0.22893,0.2172975,0.5583885,0.5084686,0,0,0,0
690,0,11.57789,0.2613066,4.057688,1.332068,0.721065,0.01627404,0.9590982,0,0,0.3226743,0.4131519,0.1835541,0.1586117,0.2393582,0.5583885,0.5084686,0,0,0,0
691,0,11.40247,0.2613066,2.996909,1.086604,0.7266034,0.01665133,1.004082,0,0,0.2683857,0.4076983,0.1848773,0.1188006,0.2496659,0.5583885,0.5084686,0,0,0,0
692,0,11.23228,0.2613066,2.887521,0.8160161,0.727938,0.01693467,0.98819,0,0,0.2060737,0.4023877,0.185196,0.114632,0.2460327,0.5583885,0.5084686,0,0,0,0
693,0,11.0671,0.2613066,2.770002,1.057386,0.7327828,0.01730182,0.9887046,0,0,0.2617854,0.3972145,0.1863523,0.1101401,0.2461505,0.5583885,0.5084686,0,0,0,0
694,0,10.90671,0.2613066,2.668307,1.459525,0.7433153,0.0178086,1.031072,0,0,0.350078,0.3921735,0.1888628,0.1062418,0.2558151,0.5583885,0.5084686,0,0,0,0
695,0,10.7509,0.2613066,2.566612,1.415868,0.7529232,0.01830022,1.072635,0,0,0.34075,0.3872596,0.1911492,0.1023329,0.2652338,0.5583885,0.5084686,0,0,0,0
696,0,10.59948,0.2613066,2.449093,1.37221,0.7616455,0.01877668,1.084005,0,0,0.3313613,0.382468,0.1932216,0.09780253,0.2677997,0.5583885,0.5084686,0,0,0,0
697,0,10.45226,0.2613066,2.349794,1.229407,0.7681422,0.01920356,1.105544,0,0,0.3002171,0.3777942,0.1947633,0.09396344,0.2726482,0.5583885,0.5084686,0,0,0,0
698,0,10.30908,0.2613066,2.205079,1.229407,0.7744609,0.01963043,1.157889,0,0,0.3002171,0.3732339,0.1962613,0.08835012,0.2843631,0.5583885,0.5084686,0,0,0,0
699,0,10.16977,0.2613066,2.091626,1.37221,0.7825386,0.02010689,1.200868,0,0,0.3313613,0.3687829,0.1981739,0.08393405,0.2939115,0.5583885,0.5084686,0,0,0,0
700,0,10.03417,0.2613066,1.989931,1.295088,0.7893726,0.02055658,1.18826,0,0,0.3146251,0.3644375,0.19979,0.07996415,0.291117,0.5583885,0.5084686,0,0,0,0
701,0,9.902145,0.2613066,1.891872,1.304617,0.7961521,0.02100957,1.180709,0,0,0.3167035,0.3601937,0.2013915,0.07612583,0.2894408,0.5583885,0.5084686,0,0,0,0
702,0,9.773546,0.2613066,1.800486,1.415868,0.8042004,0.02150119,1.192564,0,0,0.34075,0.3560482,0.2032904,0.07253949,0.2920717,0.5583885,0.5084686,0,0,0,0
703,0,9.648244,0.2613066,1.706063,1.37221,0.8114826,0.02197765,1.21643,0,0,0.3313613,0.3519974,0.2050064,0.06882457,0.2973533,0.5583885,0.5084686,0,0,0,0
704,0,9.526114,0.2613066,1.592609,1.37221,0.8185804,0.02245411,1.239598,0,0,0.3313613,0.3480383,0.206677,0.06434823,0.302462,0.5583885,0.5084686,0,0,0,0
705,0,9.407038,0.2613066,1.483002,1.415868,0.8260465,0.02294574,1.254065,0,0,0.34075,0.3441676,0.2084322,0.06001043,0.3056429,0.5583885,0.5084686,0,0,0,0
706,0,9.290902,0.2613066,1.317643,1.37221,0.8327892,0.0234222,1.270633,0,0,0.3313613,0.3403825,0.2100155,0.05344143,0.3092772,0.5583885,0.5084686,0,0,0,0
707,0,9.177598,0.2613066,1.152285,1.332068,0.838878,0.02388472,1.281235,0,0,0.3226743,0.3366801,0.2114438,0.04684239,0.3115983,0.5583885,0.5084686,0,0,0,0
708,0,9.067025,0.2613066,0.9972481,1.332068,0.8448201,0.02434724,1.279128,0,0,0.3226743,0.3330577,0.2128362,0.04062773,0.3111373,0.5583885,0.5084686,0,0,0,0
709,0,8.959084,0.2613066,0.855809,1.332068,0.8506206,0.02480977,1.282533,0,0,0.3226743,0.3295127,0.2141943,0.03493468,0.3118822,0.5583885,0.5084686,0,0,0,0
710,0,8.853683,0.2613066,0.7423552,1.332068,0.8562847,0.02527229,1.285199,0,0,0.3226743,0.3260428,0.2155191,0.03035178,0.312465,0.5583885,0.5084686,0,0,0,0
711,0,8.750733,0.2613066,0.606209,1.332068,0.8618171,0.02573482,1.283295,0,0,0.3226743,0.3226455,0.2168119,0.02483293,0.3120487,0.5583885,0.5084686,0,0,0,0
712,0,8.65015,0.2613066,0.4177273,1.304617,0.8669067,0.02618781,1.282683,0,0,0.3167035,0.3193185,0.2180003,0.0171576,0.3119149,0.4344853,0.4845119,0,0,0,0
713,0,8.551853,0.2613066,0.2762882,1.415868,0.8731449,0.02667943,1.304266,0,0,0.34075,0.3160597,0.2194555,0.011371,0.316627,0.4259403,0.4883268,0,0,0,0
714,0,8.455765,0.2613066,0.09337268,1.37221,0.8787524,0.02715589,1.317913,0,0,0.3313613,0.312867,0.2207623,0.003852907,0.3195985,0.4272755,0.4923706,0,0,0,0
715,0,8.361812,0.2613066,0,1.463443,0.885249,0.02766403,1.340783,0,0,0.3509121,0.3097385,0.2222749,0,0.3245647,0.4302128,0.4912643,0,0,0,0
716,0,8.161339,0.2613066,0,1.37221,0.8928986,0.02814049,1.349652,0,0,0.3313613,0.3030401,0.2240539,0,0.326486,0.4315479,0.4913025,0,0,0,0
717,0,7.952798,0.2613066,0,1.041099,0.8975312,0.02850198,1.316816,0,0,0.258093,0.2960389,0.2251302,0,0.31936,0.4358204,0.4920654,0,0,0,0
718,0,7.78744,0.2613066,0,1.220817,0.9038479,0.02892588,1.308267,0,0,0.2983221,0.2904632,0.2265964,0,0.3174988,0.4427635,0.4912643,0,0,0,0
719,226.2184,10.11806,0.3398547,27.64892,0.009387872,0.896355,0.02892914,1.139672,0,2.902829,0.002546209,0.3671274,0.224857,0.8414638,0.2802968,0.4625238,0.4848171,0,0,0,0
720,226.2184,12.46028,0.4184027,55.29784,0.009387872,0.8892113,0.0289324,0.9735504,0,2.902829,0.002546209,0.4402756,0.2231967,1.369458,0.2426778,0.4625238,0.4848171,0,0,0,0
721,19.73144,12.50303,0.4252539,57.70946,0.4133081,0.8850763,0.02907591,0.8493877,0,0.6462641,0.1080487,0.4415768,0.2222347,1.407518,0.2139057,0.4902952,0.4921799,0,1,0,0
722,19.2026,12.57495,0.4319215,60.05644,1.161879,0.8896492,0.02947934,0.8298604,0,0.6322349,0.2852522,0.4437633,0.2232985,1.443618,0.209328,0.4820173,0.4719234,0,1,0,0
723,16.4624,12.60283,0.4376376,62.06851,2.141909,0.9058511,0.03022306,0.9642228,0,0.5572723,0.4885451,0.44461,0.2270611,1.473863,0.2405362,0.4523765,0.4669262,0,1,0,0
724,14.40592,12.66848,0.4426397,63.82924,2.228532,0.9226662,0.03099685,1.084736,0,0.4983394,0.5052087,0.4466016,0.2309558,1.49982,0.2679645,0.4371555,0.4760433,0,1,0,0
725,10.57676,12.62064,0.4463122,39.98657,3.447687,0.9537258,0.03219397,1.489345,0,0.3817476,0.7213544,0.4451504,0.2381222,1.101125,0.3564148,0.4454338,0.4847408,0,1,0,0
726,14.88228,12.64128,0.4514796,16.67014,3.696896,0.9868561,0.03347761,1.924898,0,0.5122063,0.7618139,0.4457768,0.2457273,0.5630937,0.4459339,0.4497063,0.4811932,0,1,0,0
727,13.95329,12.64128,0.4563245,16.18316,3.066228,1.012938,0.03454227,2.240076,0,0.4850388,0.6571392,0.4457768,0.2516864,0.5494099,0.5074148,0.4537117,0.4832531,0,1,0,0
728,12.72952,12.64128,0.4607445,15.60536,2.917236,1.038103,0.0355552,2.453869,0,0.448451,0.6312605,0.4457768,0.2574129,0.533004,0.5476757,0.4593195,0.4827953,0,1,0,0
729,12.25316,12.66804,0.464999,15.27382,4.074895,1.074653,0.0369701,2.698675,0,0.4339545,0.8210953,0.4465883,0.2656896,0.5235051,0.5924378,0.4510414,0.4771877,0,1,0,0
730,9.864646,12.61229,0.4684243,14.87884,4.342143,1.115651,0.03847779,2.967377,0,0.3589861,0.8615848,0.444897,0.2749175,0.5121066,0.6400214,0.456649,0.47467,0,1,0,0
731,9.864646,12.58046,0.4718495,14.90932,4.634623,1.159899,0.04008703,3.136259,0,0.3589861,0.9046323,0.4439304,0.284811,0.5129895,0.6691445,0.4483711,0.4751659,0,1,0,0
732,9.498735,12.50951,0.4751477,14.41669,7.394322,1.235997,0.0426545,3.613511,0,0.3471492,1.257821,0.4417738,0.3016692,0.4986545,0.7484022,0.4374228,0.4777981,0,1,0,0
733,8.403541,12.44811,0.4780656,13.89342,5.550664,1.290423,0.04458182,3.935987,0,0.3111289,1.031701,0.4399047,0.3136066,0.4832703,0.7995926,0.4302128,0.4819942,0,1,0,1
734,10.21085,12.3962,0.481611,13.72703,4.877175,1.336668,0.04627528,4.192702,0,0.3700967,0.9393821,0.4383229,0.3236724,0.4783435,0.839084,0.440093,0.4874876,0,1,0,1
735,9.498735,12.33638,0.4849092,13.52652,4.074895,1.373998,0.04769017,4.222247,0,0.3471492,0.8210953,0.4364977,0.331747,0.4723845,0.8435603,0.4537117,0.4865721,0,1,0,1
736,9.864646,12.32847,0.4883344,13.63613,3.912664,1.410224,0.04904874,4.202754,0,0.3589861,0.7959506,0.4362561,0.3395398,0.475645,0.8406085,0.4537117,0.4775692,0,1,0,1
737,9.864646,12.31103,0.4917596,13.74573,5.550664,1.463171,0.05097605,4.35141,0,0.3589861,1.031701,0.4357234,0.3508542,0.4788983,0.8629686,0.4440987,0.4753948,0,1,0,1
738,8.862474,12.29198,0.4948369,13.77351,6.243616,1.523817,0.05314397,4.278126,0,0.3263325,1.120897,0.4351414,0.3637059,0.4797215,0.851989,0.4315479,0.4813076,0,1,0,1
739,7.880013,12.2381,0.497573,13.8029,6.273279,1.585183,0.0553222,4.413319,0,0.2935874,1.124595,0.4334937,0.3765947,0.480592,0.8721795,0.4315479,0.4854275,0,1,0,1
740,8.224754,12.21196,0.5004288,13.67361,8.858016,1.674878,0.0583979,4.939257,0,0.3051623,1.415086,0.432694,0.3952286,0.4767583,0.9481435,0.4275425,0.4900818,0,1,0,1
741,9.844934,12.15599,0.5038472,13.82146,7.355963,1.749363,0.06095205,5.370752,0,0.3583509,1.25346,0.4309795,0.4105218,0.4811416,1.007612,0.4205998,0.4913406,0,1,0,1
742,8.498055,12.10898,0.5067979,13.76404,6.473449,1.813897,0.06319978,5.712715,0,0.3142731,1.149303,0.4295379,0.423642,0.4794409,1.053059,0.4160603,0.4938965,0,1,0,1
743,8.516274,12.03824,0.5097549,13.70885,7.716031,1.891684,0.06587895,6.023313,0,0.3148784,1.293886,0.4273662,0.4392998,0.4778042,1.093133,0.4147251,0.498703,0,1,0,1
744,7.313776,11.95944,0.5122944,13.61803,7.355963,1.965429,0.06843311,6.213393,0,0.2743716,1.25346,0.4249429,0.4539887,0.4751073,1.117119,0.4091171,0.5019455,0,1,0,1
745,8.189034,11.93291,0.5151378,13.74336,7.09474,2.036313,0.07089656,6.367237,1,0.3039673,1.223405,0.4241262,0.4679681,0.4788278,1.136245,0.4107193,0.5004578,0,1,0,1
746,8.189034,11.85854,0.5179813,13.83038,9.898764,2.139052,0.07433363,6.577615,1,0.3039673,1.51732,0.4218342,0.4879922,0.4814056,1.161996,0.4147251,0.5032806,0,1,0,1
747,8.498055,11.78733,0.520932,13.77515,8.858016,2.230226,0.07740933,6.831364,1,0.3142731,1.415086,0.4196362,0.5055326,0.47977,1.192456,0.4160603,0.5028992,0,1,0,1
748,8.825295,11.74925,0.5239963,13.90957,7.716031,2.307623,0.08008851,7.041598,1,0.3251068,1.293886,0.4184591,0.5202569,0.4837473,1.217214,0.4176624,0.5040436,0,1,0,1
749,7.880013,11.73511,0.5267324,11.41289,9.898764,2.408882,0.08352558,7.394006,1,0.2935874,1.51732,0.4180219,0.5392967,0.4080228,1.257785,0.4205998,0.5018311,0,1,0,1
750,7.880013,11.70514,0.5294685,9.049822,9.898764,2.511865,0.08696265,7.786421,1,0.2935874,1.51732,0.417095,0.5584063,0.3324933,1.301659,0.4205998,0.5018311,0,1,0,1
751,7.880013,11.66565,0.5322047,8.883804,9.898764,2.613905,0.09039972,8.203373,1,0.2935874,1.51732,0.4158723,0.5770945,0.3270353,1.346858,0.4205998,0.5018311,0,1,0,1
752,7.880013,11.64381,0.5349408,8.723662,9.898764,2.716643,0.09383679,8.30045,1,0.2935874,1.51732,0.415196,0.5956692,0.3217508,1.357182,0.4205998,0.5018311,0,1,0,1
753,7.880013,11.61385,0.5376769,8.559631,10,2.819766,0.09730901,8.514649,1,0.2935874,1.526888,0.4142672,0.614076,0.3163178,1.379702,0.4008392,0.5067902,0,1,0,1
754,7.950037,11.60049,0.5404373,8.390648,6.504839,2.884055,0.09956764,8.427587,1,0.295946,1.15314,0.4138529,0.6254333,0.3106994,1.370591,0.4246052,0.5190738,0,0,0,1
755,9.864646,11.6084,0.5438625,8.60325,4.634623,2.928303,0.1011769,7.85587,1,0.3589861,0.9046323,0.4140983,0.6331986,0.3177646,1.309286,0.4427635,0.5130464,0,0,0,1
756,14.45684,11.65151,0.5488823,9.329281,4.496165,2.969923,0.102738,7.264462,1,0.4998281,0.884414,0.4154345,0.6404649,0.3416344,1.243003,0.4526436,0.5013351,0,0,0,1
757,15.41851,11.72353,0.5542359,10.18317,4.367375,3.010462,0.1042545,6.664321,1,0.5276584,0.8653495,0.417664,0.6475073,0.3692117,1.172476,0.4721369,0.4915314,0,0,0,1
758,44.86467,12.07731,0.5698139,14.64964,3.184342,3.038595,0.1053602,5.921242,1,1.192149,0.6773299,0.4285662,0.6523746,0.5054507,1.080086,0.4873577,0.4891661,0,0,0,1
759,10.21085,12.07731,0.5733594,14.88592,5.247192,3.08965,0.1071821,5.406177,1,0.3700967,0.9908319,0.4285662,0.6611655,0.5123119,1.012387,0.4790798,0.4706646,0,0,0,1
760,8.189034,12.06661,0.5762028,14.89386,7.716031,3.166656,0.1098613,5.578242,1,0.3039673,1.293886,0.4282374,0.6743245,0.5125419,1.035358,0.4595863,0.4649044,0,0,0,1
761,11.69017,12.09844,0.5802619,15.11698,8.807397,3.254831,0.1129194,6.088248,1,0.4166315,1.409924,0.4292146,0.6892461,0.5189899,1.101372,0.4510414,0.4702068,0,0,0,1
762,8.224754,12.09844,0.5831177,14.41037,10,3.357215,0.1163916,6.728737,1,0.3051623,1.526888,0.4292146,0.7063807,0.4984697,1.180214,0.4430305,0.4760815,0,0,0,1
763,8.516274,12.09864,0.5860747,13.64471,9.898764,3.459953,0.1198287,7.391648,1,0.3148784,1.51732,0.4292208,0.7233726,0.4759,1.257517,0.4358204,0.4834057,0,0,0,1
764,7.880013,12.07274,0.5888109,9.509405,10,3.563118,0.1233009,8.205864,1,0.2935874,1.526888,0.4284258,0.740236,0.3474957,1.347124,0.4275425,0.4882507,0,0,0,1
765,8.189034,12.05413,0.5916543,9.270207,10,3.668113,0.1267732,8.799788,1,0.3039673,1.526888,0.4278541,0.7571985,0.3397069,1.409146,0.4203327,0.4918365,0,0,0,1
766,8.516274,11.98339,0.5946113,9.291585,8.497947,3.755287,0.1297238,8.937615,1,0.3148784,1.377959,0.4256799,0.7711319,0.3404047,1.423166,0.4315479,0.5008392,0,0,0,1
767,10.21085,11.93149,0.5981567,9.131063,5.807004,3.812561,0.1317401,8.607086,1,0.3700967,1.065343,0.4240823,0.7802137,0.3351566,1.389314,0.4497063,0.4978256,0,0,0,1
768,13.95329,11.93149,0.6030016,9.824132,4.203685,3.851671,0.1331998,7.940385,1,0.4850388,0.8407497,0.4240823,0.7863825,0.3576803,1.318514,0.4721371,0.4839018,0,0,0,1
769,13.02431,11.93476,0.607524,10.38218,3.447687,3.883044,0.1343969,7.192203,1,0.4573499,0.7213544,0.4241832,0.7913119,0.3755639,1.234692,0.4833523,0.4709316,0,0,0,1
770,16.4624,12.00423,0.6132401,11.42731,2.68477,3.9052,0.1353291,6.310808,1,0.5572723,0.5899321,0.4263206,0.7947831,0.4084718,1.12926,0.4977722,0.4589912,0,0,0,1
771,13.92956,12.02285,0.6180767,12.11053,2.68477,3.927637,0.1362613,5.446103,1,0.4843379,0.5899321,0.4268932,0.7982897,0.4295856,1.01775,0.5119249,0.448043,0,0,0,1
772,15.98604,12.01199,0.6236274,13.02371,2.535777,3.948215,0.1371418,4.739888,1,0.5438339,0.5628076,0.4265594,0.8014984,0.4573317,0.9198163,0.5231403,0.4384298,0,0,0,1
773,14.40592,12.03062,0.6286295,13.55527,2.386785,3.971275,0.1379705,4.30065,1,0.4983394,0.5351632,0.4271319,0.8050855,0.4732403,0.8553724,0.5343558,0.4311817,0,0,0,1
774,13.95329,12.00274,0.6334744,13.62904,2.386785,3.991734,0.1387993,4.043559,1,0.4850388,0.5351632,0.426275,0.8082607,0.4754344,0.8162725,0.5541161,0.4200428,0,0,0,1
775,12.25316,12.04551,0.637729,13.58851,2.621045,4.012869,0.1397094,3.902002,1,0.4339545,0.5783931,0.4275896,0.8115335,0.4742295,0.7942826,0.5706722,0.4035629,0,0,0,1
776,14.90687,12.21115,0.6429049,13.49032,2.19611,4.026433,0.1404719,3.762121,1,0.5129185,0.4989942,0.432669,0.8136298,0.4713059,0.7722187,0.5834896,0.3907456,0,0,0,1
777,17.54339,12.40607,0.6489964,13.99236,2.261418,4.039486,0.1412571,3.641787,1,0.5873113,0.5114847,0.4386239,0.8156445,0.4861915,0.7529641,0.6000458,0.3803692,0,0,0,1
778,13.02431,12.55079,0.6535187,13.70993,2.13605,4.050417,0.1419988,3.535373,1,0.4573499,0.4874112,0.443029,0.8173293,0.4778364,0.7357202,0.6085907,0.3726635,0,0,0,1
779,17.57127,12.74602,0.6596199,14.16932,2.985716,4.071167,0.1430355,3.525109,1,0.588078,0.6432125,0.4489508,0.8205225,0.4914021,0.734046,0.6032501,0.3659115,0,0,0,1
780,16.4624,12.92894,0.665336,14.54347,2.13605,4.080101,0.1437772,3.410997,1,0.5572723,0.4874112,0.4544769,0.821895,0.5023572,0.7153008,0.6088578,0.3623255,0,0,0,1
781,13.95329,13.08398,0.6701809,14.79985,2.13605,4.091761,0.1445189,3.270857,1,0.4850388,0.4874112,0.4591443,0.8236846,0.5098165,0.6919416,0.6176701,0.3546196,0,0,0,1
782,13.47694,13.23372,0.6748604,14.70316,2.386785,4.109214,0.1453476,3.208576,1,0.470907,0.5351632,0.463638,0.826359,0.5070078,0.6814378,0.6101929,0.3549629,0,0,0,1
783,15.38322,13.40464,0.6802018,14.54651,2.261418,4.122592,0.1461328,3.122592,1,0.5266466,0.5114847,0.4687502,0.8284056,0.502446,0.6668094,0.6117952,0.3555351,0,0,0,1
784,7.441138,13.48732,0.6827855,13.9205,2.261418,4.131502,0.146918,3.089373,1,0.2787161,0.5114847,0.4712167,0.829767,0.4840705,0.6611179,0.6203403,0.3514534,0,0,0,1
785,14.88228,13.65268,0.6879529,13.67748,2.19611,4.140172,0.1476806,2.974544,1,0.5122063,0.4989942,0.4761369,0.8310905,0.4768732,0.6412694,0.6203403,0.3470665,0,0,0,1
786,14.40592,13.81275,0.692955,13.44841,2.080689,4.148044,0.148403,2.941554,1,0.4983394,0.4766512,0.4808837,0.8322912,0.4700565,0.6355161,0.6272831,0.3443199,0,0,0,1
787,14.40592,13.97281,0.6979571,13.48745,2.261418,4.15951,0.1491883,2.932084,1,0.4983394,0.5114847,0.4856149,0.8340384,0.4712206,0.6338604,0.641436,0.37953,0,0,0,1
788,14.40592,14.13288,0.7029591,13.25224,2.13605,4.169584,0.1499299,2.892577,1,0.4983394,0.4874112,0.4903307,0.8355716,0.4641929,0.6269323,0.6441063,0.3716717,0,0,0,1
789,15.38322,14.3038,0.7083005,13.30972,2.19611,4.178739,0.1506925,2.85142,1,0.5266466,0.4989942,0.4953494,0.8369635,0.4659132,0.6196792,0.6427711,0.3468376,0,0,0,1
790,10.6587,14.42223,0.7120014,13.69466,2.19611,4.18875,0.151455,2.782831,1,0.3843437,0.4989942,0.4988166,0.8384841,0.4773833,0.6075102,0.6539863,0.3302433,0,0,0,1
791,12.25316,14.55838,0.716256,13.40879,2.13605,4.197988,0.1521967,2.702032,1,0.4339545,0.4874112,0.5027921,0.8398859,0.4688741,0.593042,0.6579918,0.3217747,0,0,0,1
792,12.72952,14.69982,0.720676,13.27258,2.261418,4.207383,0.1529819,2.636128,1,0.448451,0.5114847,0.5069107,0.84131,0.4648018,0.5811328,0.6665369,0.3162434,0,0,0,1
793,14.88228,14.86518,0.7258434,13.39624,2.080689,4.215255,0.1537044,2.52918,1,0.5122063,0.4766512,0.5117108,0.8425022,0.4684994,0.5615946,0.6790875,0.3103685,0,0,0,1
794,14.90687,15.03081,0.7310194,13.52998,1.961179,4.221799,0.1543853,2.42043,1,0.5129185,0.4531462,0.516503,0.8434926,0.4724875,0.5414521,0.6846952,0.3020523,0,0,0,1
795,14.40592,15.19088,0.7360215,13.49047,2.080689,4.229186,0.1551078,2.319613,1,0.4983394,0.4766512,0.5211191,0.8446097,0.4713103,0.5225245,0.690303,0.2984284,0,0,0,1
796,12.36361,15.32825,0.7403144,13.72265,2.13605,4.237673,0.1558495,2.242252,1,0.4373286,0.4874112,0.5250689,0.8458921,0.4782137,0.5078303,0.690303,0.2955292,0,0,0,1
797,16.4624,15.51117,0.7460305,14.2598,2.016541,4.245278,0.1565497,2.186857,1,0.5572723,0.4640823,0.5303115,0.8470403,0.4940591,0.4972156,0.6975128,0.2922485,0,0,0,1
798,14.88228,15.67652,0.751198,14.50932,2.025327,4.252981,0.1572529,2.13642,1,0.5122063,0.4658103,0.5350346,0.8482023,0.5013608,0.4874828,0.7017853,0.2869839,0,0,0,1
799,14.40592,15.83659,0.7562,14.47174,1.961179,4.259971,0.1579339,2.106625,1,0.4983394,0.4531462,0.5395918,0.849256,0.5002636,0.481702,0.7044556,0.2834362,0,0,0,1
800,12.72952,15.97803,0.76062,14.18834,2.025327,4.267674,0.1586371,2.106425,1,0.448451,0.4658103,0.5436068,0.8504162,0.491961,0.4816632,0.7057907,0.2827496,0,0,0,1
801,14.88228,16.14339,0.7657875,14.25185,1.961179,4.274664,0.1593181,2.085106,1,0.5122063,0.4531462,0.5482866,0.8514682,0.4938259,0.4775127,0.708728,0.2811474,0,0,0,1
802,14.88228,16.30875,0.7709549,14.51944,1.961179,4.28196,0.159999,2.059292,1,0.5122063,0.4531462,0.5529513,0.8525653,0.5016562,0.4724709,0.7073929,0.2811092,0,0,0,1
803,14.88228,16.4741,0.7761224,14.34917,2.080689,4.289346,0.1607215,2.063018,1,0.5122063,0.4766512,0.557601,0.8536754,0.4966784,0.4731998,0.7116655,0.2765698,0,0,0,1
804,13.47694,16.62385,0.7808019,14.18772,2.985716,4.307274,0.1617582,2.176383,1,0.470907,0.6432125,0.5617986,0.856366,0.4919429,0.4951999,0.7159382,0.2735561,0,0,0,1
805,12.72952,16.76529,0.7852218,14.00675,2.080689,4.314133,0.1624807,2.183658,1,0.448451,0.4766512,0.5657523,0.857394,0.486616,0.4966003,0.7116655,0.2723354,0,0,0,1
806,14.88228,16.93065,0.7903893,14.24567,2.025327,4.321389,0.1631839,2.18176,1,0.5122063,0.4658103,0.570361,0.8584809,0.4936445,0.4962351,0.7132679,0.2716106,0,0,0,1
807,14.88228,17.096,0.7955568,14.2161,2.13605,4.333556,0.1639256,2.199797,1,0.5122063,0.4874112,0.574955,0.8603013,0.4927765,0.4997023,0.7175404,0.2713055,0,0,0,1
808,14.88228,17.26136,0.8007242,14.23675,2.016541,4.342397,0.1646258,2.204621,1,0.5122063,0.4640823,0.5795344,0.8616228,0.4933826,0.5006281,0.7159382,0.2691311,0,0,0,1
809,13.95329,14.90286,0.8055691,14.09333,1.897032,4.363371,0.1652845,2.172118,1,0.4850388,0.4403701,0.5128025,0.8647528,0.4891669,0.4943782,0.7188755,0.2708477,0,0,0,1
810,14.88228,12.55468,0.8107366,14.23192,2.025327,4.38577,0.1659877,2.064178,1,0.5122063,0.4658103,0.4431474,0.868088,0.4932409,0.4734265,0.7271534,0.2679104,0,0,0,1
811,17.04244,12.5248,0.8166541,14.74546,1.897032,4.402256,0.1666464,2.041116,1,0.5734684,0.4403701,0.4422391,0.8705378,0.5082371,0.4689103,0.7343632,0.265202,0,0,0,1
812,16.4624,12.49436,0.8223702,14.9542,1.961179,4.411137,0.1673274,2.029259,1,0.5572723,0.4531462,0.4413129,0.8718558,0.5142884,0.466583,0.7370337,0.2587929,0,0,0,0
813,16.96335,12.49992,0.8282602,15.20299,1.961179,4.409129,0.1680083,2.006493,1,0.5712707,0.4531462,0.4414822,0.8715579,0.5214677,0.4621036,0.7399712,0.2560081,0,0,0,0
814,15.38322,12.51078,0.8336016,15.34689,1.777807,4.404121,0.1686256,1.974594,1,0.5266466,0.4163193,0.4418126,0.8708147,0.5256041,0.4558037,0.739971,0.2560081,0,0,0,0
815,14.88228,12.55862,0.8387691,15.45011,1.772295,4.385505,0.169241,1.956025,1,0.5122063,0.4151978,0.4432671,0.8680486,0.5285638,0.4521238,0.7527885,0.256237,0,0,0,0
816,14.88228,12.55862,0.8439366,15.45541,1.772295,4.364121,0.1698564,1.924484,1,0.5122063,0.4151978,0.4432671,0.8648646,0.5287154,0.4458515,0.7527885,0.256237,0,0,0,0
817,14.88228,12.56894,0.849104,15.22068,1.772295,4.349744,0.1704718,1.905189,1,0.5122063,0.4151978,0.4435807,0.86272,0.5219769,0.4420011,0.7527885,0.256237,0,0,0,0
818,14.88228,12.59286,0.8542715,15.0504,1.772295,4.337022,0.1710872,1.880161,1,0.5122063,0.4151978,0.4443073,0.8608196,0.5170689,0.4369909,0.7527885,0.256237,0,0,0,0
819,19.2026,12.67008,0.860939,15.34165,2.386785,4.318266,0.1719159,1.929569,1,0.6322349,0.5351632,0.4466502,0.8580132,0.5254536,0.4468645,0.7693447,0.2956055,0,0,0,0
820,14.45424,12.72108,0.8659579,15.2806,0.948516,4.280559,0.1722452,1.823563,1,0.4997522,0.2369226,0.4481954,0.8523547,0.5237001,0.425597,0.7736171,0.290341,0,0,0,0
821,16.4624,12.79438,0.871674,15.50294,1.606629,4.246914,0.1728031,1.799273,1,0.5572723,0.3810718,0.4504139,0.8472871,0.5300762,0.4206794,0.7693447,0.2557032,0,0,0,0
822,15.38322,12.85977,0.8770154,15.58809,1.845363,4.185259,0.1734439,1.802769,1,0.5266466,0.4299963,0.4523896,0.8379541,0.5325105,0.4213881,0.8190125,0.4001679,0,0,0,0
823,18.04252,12.96687,0.8832801,15.97434,1.463443,4.139846,0.173952,1.761594,1,0.6009732,0.3509121,0.4556201,0.8310407,0.5435022,0.4130176,0.8003204,0.355192,0,0,0,0
824,13.47694,13.00316,0.8879596,15.8023,1.606629,4.103506,0.1745098,1.739247,1,0.470907,0.3810718,0.4567131,0.8254848,0.5386168,0.4084542,0.7947128,0.2576486,0,0,0,0
825,16.4624,13.08053,0.8936757,15.52068,1.559053,4.075552,0.1750512,1.641481,1,0.5572723,0.3711207,0.4590407,0.8211964,0.5305839,0.3883184,0.7947128,0.2315937,0,0,0,0
826,15.38322,13.14185,0.8990171,15.65746,1.606629,4.04993,0.175609,1.708722,1,0.5266466,0.3810718,0.4608826,0.8172544,0.5344908,0.4021975,0.7864345,0.2239643,0,0,0,0
827,14.88228,13.1976,0.9041846,15.46433,1.834664,4.008641,0.1762461,1.732038,1,0.5122063,0.4278388,0.4625553,0.8108793,0.528971,0.4069791,0.7752193,0.223621,0,0,0,0
828,16.4624,13.28204,0.9099007,15.60179,1.777807,3.959021,0.1768634,1.721782,1,0.5572723,0.4163193,0.4650851,0.8031804,0.5329021,0.4048777,0.7581291,0.2318607,0,0,0,0
829,16.96335,13.38297,0.9157908,15.5103,1.772295,3.90901,0.1774788,1.754,1,0.5712707,0.4151978,0.4681029,0.7953791,0.5302868,0.4114685,0.7624018,0.2344166,0,0,0,0
830,12.72952,13.43302,0.9202107,15.42726,1.658581,3.829016,0.1780546,1.755698,1,0.448451,0.3918608,0.4695973,0.7828124,0.5279089,0.411815,0.7594643,0.2351414,0,0,0,0
831,14.45424,13.48424,0.9252296,15.19937,1.777807,3.767037,0.1786719,1.777966,1,0.4997522,0.4163193,0.4711246,0.7729997,0.5213636,0.4163518,0.7597315,0.2469673,0,0,0,0
832,15.98604,13.56744,0.9307803,15.27861,1.772295,3.714802,0.1792873,1.794275,1,0.5438339,0.4151978,0.4736025,0.7646777,0.523643,0.4196653,0.7314259,0.2528801,0,0,0,0
833,15.38322,13.64374,0.9361217,15.33984,1.715438,3.648128,0.179883,1.776969,1,0.5266466,0.4035765,0.4758711,0.7539852,0.5254017,0.416149,0.7300907,0.2605095,0,0,0,0
834,14.88228,13.72783,0.9412891,15.17989,1.897032,3.587474,0.1805417,1.77812,1,0.5122063,0.4403701,0.4783674,0.7441886,0.5208026,0.4163831,0.7415733,0.2566948,0,0,0,0
835,14.88228,13.8022,0.9464566,14.97258,1.715438,3.527704,0.1811373,1.767744,1,0.5122063,0.4035765,0.4805713,0.7344694,0.5148199,0.414271,0.7442436,0.2526512,0,0,0,0
836,16.4624,13.89413,0.9521727,15.4049,1.61591,3.435672,0.1816984,1.758454,1,0.5572723,0.3830053,0.483291,0.7193748,0.5272681,0.4123773,0.7482491,0.250248,0,0,0,0
837,15.38322,13.97063,0.9575141,15.51368,1.715438,3.35631,0.182294,1.746851,1,0.5266466,0.4035765,0.4855504,0.7062302,0.5303836,0.4100086,0.7541237,0.2442589,0,0,0,0
838,15.53342,14.04516,0.9629076,15.47063,1.834664,3.290961,0.182931,1.75176,1,0.530948,0.4278388,0.4877483,0.6953161,0.5291513,0.4110112,0.756794,0.2404442,0,0,0,0
839,15.53342,14.1302,0.9683012,15.50487,1.834664,3.20136,0.1835681,1.764314,1,0.530948,0.4278388,0.4902519,0.6802158,0.5301315,0.413572,0.756794,0.2404442,0,0,0,0
840,15.53342,14.21524,0.9736947,15.58446,1.834664,3.111759,0.1842051,1.755266,1,0.530948,0.4278388,0.4927511,0.6649559,0.5324069,0.4117268,0.756794,0.2404442,0,0,0,0
841,15.53342,14.30028,0.9790883,15.64004,1.834664,3.022158,0.1848422,1.76782,1,0.530948,0.4278388,0.495246,0.6495328,0.5339938,0.4142864,0.756794,0.2404442,0,0,0,0
842,14.88228,14.37808,0.9842557,15.44691,1.772295,2.931864,0.1854575,1.783097,1,0.5122063,0.4151978,0.4975249,0.6338218,0.5284721,0.4173951,0.7495842,0.3092621,0,0,0,0
843,14.30964,14.44952,0.9892244,15.29814,1.841954,2.841219,0.1860971,1.79583,1,0.4955205,0.4293093,0.4996142,0.6178758,0.5242041,0.4199809,0.7386358,0.2941559,0,0,0,0
844,13.23046,14.50819,0.9938183,15.01834,1.658581,2.787372,0.186673,1.77494,1,0.4635404,0.3918608,0.5013278,0.608319,0.5161427,0.4157361,0.7370337,0.2700466,0,0,0,0
845,16.96335,14.58707,0.9997083,15.20034,1.658581,2.754304,0.1872489,1.754112,1,0.5712707,0.3918608,0.5036283,0.6024187,0.5213915,0.4114914,0.7429085,0.2580299,0,0,0,0
846,18.04252,14.62691,1.005973,15.51424,1.658581,2.722776,0.1878248,1.733284,1,0.6009732,0.3918608,0.504789,0.5967704,0.5303996,0.4072342,0.739971,0.2513161,0,0,0,0
847,15.38322,14.62651,1.011314,15.50312,1.658581,2.692678,0.1884007,1.712456,1,0.5266466,0.3918608,0.5047776,0.5913577,0.5300814,0.4029643,0.7469139,0.2475395,0,0,0,0
848,14.88228,14.29338,1.016482,15.50312,1.772295,2.676989,0.1890161,1.712456,1,0.5122063,0.4151978,0.4950437,0.5885281,0.5300814,0.4029643,0.7442436,0.2447166,0,0,0,0
849,15.38322,14.35085,1.021823,15.57997,1.834664,2.639072,0.1896531,1.705511,1,0.5266466,0.4278388,0.4967276,0.5816667,0.5322787,0.4015378,0.7455788,0.24506,0,0,0,0
850,22.07819,14.50517,1.029489,16.64776,1.438273,2.569319,0.1901525,1.686474,1,0.706925,0.3455448,0.5012397,0.5689585,0.5624679,0.3976202,0.7607994,0.2409782,0,0,0,0
851,16.4624,14.5582,1.035206,16.5921,1.897316,2.49254,0.1908113,1.71623,1,0.5572723,0.4404269,0.5027868,0.5548396,0.5609097,0.403739,0.7640041,0.2368963,0,0,0,0
852,16.96335,14.65529,1.041096,16.48975,1.834664,2.401814,0.1914483,1.735676,1,0.5712707,0.4278388,0.5056153,0.5379758,0.5580401,0.4077237,0.7594643,0.2337681,0,0,0,0
853,12.25316,14.69681,1.04535,16.07764,1.897032,2.312906,0.192107,1.766988,1,0.4339545,0.4403701,0.5068232,0.5212566,0.5464277,0.4141169,0.756794,0.2325474,0,0,0,0
854,15.88417,14.78575,1.050865,16.21571,1.897032,2.222873,0.1927657,1.784074,1,0.5409438,0.4403701,0.509407,0.5041259,0.5503286,0.4175937,0.7469139,0.2343403,0,0,0,0
855,15.88417,14.87125,1.056381,16.26494,1.897032,2.13284,0.1934244,1.79476,1,0.5409438,0.4403701,0.5118868,0.4867894,0.5517172,0.4197637,0.7469139,0.2343403,0,0,0,0
856,15.88417,14.95311,1.061896,15.58229,1.897032,2.059497,0.1940831,1.848959,1,0.5409438,0.4403701,0.514257,0.472511,0.5323448,0.4307208,0.7469139,0.2343403,0,0,0,0
857,15.88417,15.01615,1.067411,15.52917,1.897032,2.016052,0.1947418,1.849621,1,0.5409438,0.4403701,0.5160795,0.4639862,0.5308266,0.430854,0.7469139,0.2343403,0,0,0,0
858,14.40592,15.02118,1.072414,15.22216,2.290901,1.994799,0.1955372,1.906015,1,0.4983394,0.5170884,0.5162248,0.4597974,0.5220196,0.442166,0.7415733,0.3770123,0,0,0,0
859,14.40592,15.03653,1.077416,15.43294,1.897032,1.97757,0.1961959,1.907401,1,0.4983394,0.4403701,0.5166683,0.4563926,0.5280719,0.4424429,0.7330281,0.3138399,0,0,0,0
860,17.04244,15.04298,1.083333,15.60956,2.921568,1.980201,0.1972104,2.035271,1,0.5734684,0.6320195,0.5168544,0.4569131,0.5331238,0.4677636,0.7356985,0.2720303,0,0,0,0
861,16.11346,15.06724,1.088928,15.65347,1.777807,1.970124,0.1978277,2.022024,1,0.5474407,0.4163193,0.5175549,0.4549187,0.5343771,0.4651609,0.7442436,0.2573433,0,0,0,0
862,12.72952,15.03106,1.093348,15.26677,5.897898,2.00748,0.1998755,2.512405,1,0.448451,1.077085,0.5165102,0.4622982,0.5233026,0.5585058,0.7399712,0.279736,0,0,0,0
863,16.4624,15.05391,1.099064,15.34301,1.897032,2.002039,0.2005342,2.514423,1,0.5572723,0.4403701,0.51717,0.4612255,0.5254927,0.5588777,0.738369,0.2869841,0,0,0,0
864,13.47694,15.04862,1.103744,15.22417,1.897032,1.996597,0.2011929,2.470659,1,0.470907,0.4403701,0.5170172,0.4601521,0.5220774,0.5507905,0.7485161,0.2586786,0,0,0,0
865,15.38322,15.08339,1.109085,15.33833,1.658581,1.985903,0.2017688,2.443533,1,0.5266466,0.3918608,0.518021,0.4580404,0.5253583,0.5457549,0.7554588,0.2469673,0,0,0,0
866,18.04252,15.11823,1.11535,15.46701,2.014233,1.983882,0.2024682,2.347144,1,0.6009732,0.463628,0.519026,0.4576409,0.5290477,0.527718,0.7511864,0.2406731,0,0,0,0
867,13.92956,15.07808,1.120186,15.2082,1.897032,1.979833,0.2031269,2.362409,1,0.4843379,0.4403701,0.5178677,0.4568404,0.5216177,0.5305895,0.7495842,0.2371252,0,0,0,0
868,13.95329,15.0884,1.125031,15.32662,1.897032,1.977178,0.2037856,1.918561,1,0.4850388,0.4403701,0.5181656,0.456315,0.5250221,0.4446706,0.7498512,0.2384987,0,0,0,0
869,12.36361,15.03054,1.129324,14.83598,1.961179,1.965794,0.2044666,1.927094,1,0.4373286,0.4531462,0.5164952,0.4540609,0.5108643,0.4463716,0.7498512,0.2376974,0,0,0,0
870,13.95329,15.00266,1.134169,14.87135,1.897032,1.963138,0.2051252,1.927787,1,0.4850388,0.4403701,0.5156897,0.4535346,0.5118896,0.4465097,0.7469139,0.2396431,0,0,0,0
871,16.4624,15.03054,1.139885,15.00158,1.715438,1.958465,0.2057209,1.93278,1,0.5572723,0.4035765,0.5164952,0.4526078,0.5156584,0.4475039,0.7525215,0.2415123,0,0,0,0
872,12.66975,15.02157,1.144284,14.38002,1.834664,1.95233,0.2063579,1.913521,1,0.4466401,0.4278388,0.5162361,0.4513904,0.4975816,0.443665,0.7541237,0.2366291,0,0,0,0
873,14.88228,15.01601,1.149452,14.49224,1.961179,1.948994,0.2070389,1.921973,1,0.5122063,0.4531462,0.5160753,0.450728,0.5008621,0.445351,0.7511864,0.2356373,0,0,0,0
874,16.4624,15.11624,1.155168,14.80694,1.715438,1.942928,0.2076345,1.902428,1,0.5572723,0.4035765,0.5189685,0.4495226,0.510022,0.4414491,0.7554588,0.2369343,0,0,0,0
875,15.88417,15.12737,1.160683,15.18612,1.772295,1.938218,0.2082499,1.882704,1,0.5409438,0.4151978,0.5192895,0.4485861,0.5209821,0.4375009,0.7554588,0.2340351,0,0,0,0
876,15.98604,15.14493,1.166234,15.38913,1.777807,1.934853,0.2088672,1.870782,1,0.5438339,0.4163193,0.5197955,0.4479165,0.5268161,0.435109,0.7581291,0.2331959,0,0,0,0
877,15.38322,15.15579,1.171575,15.26923,3.041077,1.943516,0.2099231,2.033436,1,0.5266466,0.6528032,0.5201085,0.4496395,0.5233731,0.4674033,0.7594643,0.2558556,0,0,0,0
878,19.68754,15.21447,1.178411,16.10237,0.8160161,1.928849,0.2102065,1.909628,1,0.6451048,0.2060737,0.5217983,0.4467212,0.5471272,0.4428877,0.7581291,0.3173494,0,0,0,0
879,14.40592,15.20362,1.183413,16.03858,1.61591,1.922402,0.2107675,1.868834,1,0.4983394,0.3830053,0.5214858,0.4454366,0.5453224,0.4347179,0.7610666,0.310216,0,0,0,0
880,14.88228,15.25054,1.188581,15.78306,1.715438,1.917062,0.2113632,1.871913,1,0.5122063,0.4035765,0.522836,0.4443715,0.5380694,0.4353363,0.7610666,0.257229,0,0,0,0
881,18.62256,15.32132,1.195047,16.11133,1.663486,1.911811,0.2119408,1.857225,1,0.6166887,0.3928751,0.5248698,0.4433236,0.5473805,0.4323846,0.7594643,0.2405968,0,0,0,0
882,15.98604,15.3575,1.200598,16.10047,1.834664,1.907069,0.2125778,1.863543,1,0.5438339,0.4278388,0.5259085,0.4423766,0.5470734,0.4336548,0.7653393,0.2327763,0,0,0,0
883,14.88228,15.3575,1.205765,16.07402,1.772295,1.903642,0.2131932,1.721181,1,0.5122063,0.4151978,0.5259085,0.4416919,0.5463253,0.4047545,0.772015,0.2287327,0,0,0,0
884,16.96335,15.38035,1.211655,15.78332,1.772295,1.901544,0.2138086,1.826048,1,0.5712707,0.4151978,0.5265641,0.4412724,0.5380769,0.4260992,0.7765545,0.2250706,0,0,0,0
885,15.38322,15.39121,1.216997,15.88635,1.606629,1.896276,0.2143664,1.82179,1,0.5266466,0.3810718,0.5268756,0.4402189,0.5410056,0.4252387,0.7706798,0.222591,0,0,0,0
886,11.88209,15.38586,1.221122,15.50853,1.658581,1.890971,0.2149423,1.812823,1,0.4225604,0.3918608,0.5267221,0.4391571,0.530236,0.4234248,0.7805599,0.2202259,0,0,0,0
887,12.01741,15.33647,1.225295,14.73166,2.076601,1.891639,0.2156634,1.86072,1,0.4267258,0.4758534,0.5253049,0.4392907,0.507836,0.4330875,0.7709469,0.2189289,0,0,0,0
888,14.88228,15.33647,1.230463,14.61431,1.772295,1.888827,0.2162788,1.848028,1,0.5122063,0.4151978,0.5253049,0.4387277,0.5044221,0.4305333,0.7666744,0.2192341,0,0,0,0
889,15.98604,15.35403,1.236013,14.7545,1.777807,1.88679,0.2168961,1.847316,1,0.5438339,0.4163193,0.5258089,0.4383196,0.5084999,0.4303898,0.7680095,0.221561,0,0,0,0
890,16.4624,15.3955,1.241729,14.6924,1.663486,1.882769,0.2174737,1.821247,1,0.5572723,0.3928751,0.5269987,0.4375139,0.5066949,0.4251288,0.7706798,0.2233158,0,0,0,0
891,12.72952,15.37158,1.246149,14.35994,3.406986,1.898834,0.2186566,2.039389,1,0.448451,0.7146374,0.5263126,0.4407305,0.496994,0.4685716,0.7666744,0.222591,0,0,0,0
892,14.40592,15.36629,1.251151,14.65899,1.658581,1.895471,0.2192325,1.992285,1,0.4983394,0.3918608,0.5261608,0.4400579,0.5057231,0.4593011,0.7666744,0.2233921,0,0,0,0
893,15.38322,15.37186,1.256493,15.02098,1.715438,1.891413,0.2198282,1.950138,1,0.5266466,0.4035765,0.5263205,0.4392456,0.5162191,0.4509553,0.7693447,0.2235065,0,0,0,0
894,12.96127,15.36613,1.260993,14.80181,1.715438,1.877299,0.2204238,1.941803,1,0.4554514,0.4035765,0.5261561,0.436417,0.5098732,0.449299,0.7693447,0.2229725,0,0,0,0
895,16.96335,15.41317,1.266883,14.92796,1.834664,1.874565,0.2210608,1.950077,1,0.5712707,0.4278388,0.5275052,0.4358685,0.513529,0.4509431,0.7693447,0.2216755,0,0,0,0
896,15.38322,15.41873,1.272225,14.7785,1.834664,1.872447,0.2216979,1.967102,1,0.5266466,0.4278388,0.5276647,0.4354433,0.5091966,0.4543201,0.7706798,0.2209888,0,0,0,0
897,16.96335,15.44186,1.278115,15.28263,1.715438,1.867773,0.2222935,1.777134,1,0.5712707,0.4035765,0.5283273,0.4345049,0.5237585,0.4161825,0.7736171,0.2224384,0,0,0,0
898,14.88228,15.44186,1.283282,15.34588,1.715438,1.864428,0.2228892,1.781434,1,0.5122063,0.4035765,0.5283273,0.4338327,0.5255752,0.417057,0.7752193,0.2220188,0,0,0,0
899,14.88228,15.45218,1.28845,15.31821,1.658581,1.861778,0.223465,1.771754,1,0.5122063,0.3918608,0.528623,0.4333002,0.5247806,0.4150877,0.7832302,0.2206837,0,0,0,0
900,14.88228,15.45218,1.293617,15.54198,1.658581,1.857703,0.2240409,1.762788,1,0.5122063,0.3918608,0.528623,0.4324807,0.5311928,0.4132609,0.7832302,0.2206837,0,0,0,0
901,14.88228,15.42818,1.298785,15.29319,1.658581,1.855054,0.2246168,1.742591,1,0.5122063,0.3918608,0.5279354,0.4319477,0.5240619,0.4091381,0.7832302,0.2206837,0,0,0,0
902,14.88228,15.41062,1.303952,15.26211,1.658581,1.851692,0.2251927,1.72107,1,0.5122063,0.3918608,0.5274321,0.431271,0.5231686,0.4047318,0.7832302,0.2206837,0,0,0,0
903,19.2026,15.4355,1.31062,15.55892,1.658581,1.84833,0.2257686,1.71139,1,0.6322349,0.3918608,0.5281453,0.4305939,0.5316772,0.4027455,0.7554588,0.250515,0,0,0,0
904,16.4624,15.44749,1.316336,15.73449,1.715438,1.847637,0.2263643,1.71139,1,0.5572723,0.4035765,0.5284888,0.4304544,0.5366867,0.4027455,0.7525215,0.2635614,0,0,0,0
905,16.96335,15.47062,1.322226,15.97771,1.777807,1.847698,0.2269816,1.724699,1,0.5712707,0.4163193,0.529151,0.4304667,0.5435978,0.4054757,0.7554588,0.2606241,0,0,0,0
906,14.40592,15.46532,1.327228,15.90723,1.897032,1.849084,0.2276403,1.752518,1,0.4983394,0.4403701,0.5289994,0.4307458,0.5415984,0.411166,0.7637369,0.2410545,0,0,0,0
907,18.04252,15.50044,1.333493,16.28791,1.658581,1.84782,0.2282162,1.737157,1,0.6009732,0.3918608,0.5300046,0.4304914,0.5523644,0.4080267,0.7640041,0.234798,0,0,0,0
908,18.07222,15.53588,1.339768,16.6244,1.715438,1.847189,0.2288118,1.753468,1,0.601782,0.4035765,0.5310184,0.4303641,0.5618142,0.4113599,0.7637369,0.242733,0,0,0,0
909,18.07222,15.52332,1.346043,16.53954,1.715438,1.839729,0.2294074,1.760891,1,0.601782,0.4035765,0.5306593,0.4288607,0.5594369,0.4128743,0.7637369,0.242733,0,0,0,0
910,16.96335,15.5512,1.351933,16.61833,1.663486,1.847673,0.229985,1.754542,1,0.5712707,0.3928751,0.5314565,0.4304618,0.5616441,0.411579,0.7610666,0.2372396,0,0,0,0
911,18.04252,15.56876,1.358198,16.73179,1.715438,1.848882,0.2305807,1.748189,1,0.6009732,0.4035765,0.5319583,0.4307053,0.564817,0.410282,0.7624018,0.2325855,0,0,0,0
912,15.38322,15.56876,1.363539,16.83368,1.834664,1.848763,0.2312177,1.741259,1,0.5266466,0.4278388,0.5319583,0.4306813,0.5676603,0.4088657,0.7666744,0.2296863,0,0,0,0
913,16.96335,15.55677,1.369429,16.7369,1.897032,1.853581,0.2318764,1.76914,1,0.5712707,0.4403701,0.5316156,0.4316513,0.5649596,0.4145552,0.765072,0.2285419,0,0,0,0
914,18.04252,15.60749,1.375694,16.74559,1.715438,1.85479,0.232472,1.768508,1,0.6009732,0.4035765,0.5330648,0.4318946,0.5652023,0.4144265,0.7607994,0.227512,0,0,0,0
915,14.45424,15.58518,1.380713,16.33327,1.834664,1.857852,0.2331091,1.784289,1,0.4997522,0.4278388,0.5324275,0.4325107,0.5536417,0.4176373,0.7581291,0.2296863,0,0,0,0
916,11.80053,15.54537,1.38481,15.75871,2.025327,1.862505,0.2338123,1.828568,1,0.4200439,0.4658103,0.5312899,0.4334462,0.5373765,0.4266083,0.7455788,0.233234,0,0,0,0
917,14.88228,15.54537,1.389978,15.43941,1.777807,1.861873,0.2344296,1.832178,1,0.5122063,0.4163193,0.5312899,0.4333192,0.5282571,0.4273372,0.7413061,0.2401009,0,0,0,0
918,14.90687,15.52809,1.395154,15.38675,2.080689,1.865238,0.2351521,1.862941,1,0.5129185,0.4766512,0.5307957,0.4339955,0.5267478,0.4335339,0.7300907,0.2457466,0,0,0,0
919,16.4624,15.52252,1.40087,15.33638,1.961179,1.867337,0.235833,1.872106,1,0.5572723,0.4531462,0.5306365,0.4344172,0.5253025,0.4353749,0.723148,0.2526894,0,0,0,0
920,19.1866,15.59427,1.407532,15.49377,1.961179,1.870699,0.236514,1.902718,1,0.631808,0.4531462,0.5326871,0.4350924,0.5298139,0.4415072,0.7218128,0.2571144,0,0,0,0
921,17.54339,15.62859,1.413623,15.8905,1.61591,1.8689,0.2370751,1.858511,1,0.5873113,0.3830053,0.5336672,0.4347312,0.5411234,0.4326433,0.7244831,0.2853819,0,0,0,0
922,16.4624,15.63389,1.419339,16.43133,1.897032,1.870286,0.2377338,1.846906,1,0.5572723,0.4403701,0.5338182,0.4350095,0.5563997,0.4303072,0.7191426,0.2966736,0,0,0,0
923,18.04252,15.66343,1.425604,16.81202,1.898811,1.872324,0.2383931,1.862388,1,0.6009732,0.440726,0.5346613,0.4354186,0.5670563,0.4334228,0.7146031,0.2898069,0,0,0,0
924,16.4624,15.68099,1.43132,17.02376,1.961179,1.873036,0.239074,1.85184,1,0.5572723,0.4531462,0.535162,0.4355617,0.5729496,0.4313008,0.723148,0.2727169,0,0,0,0
925,16.4624,15.69855,1.437036,17.01819,1.715438,1.873036,0.2396697,1.823211,1,0.5572723,0.4035765,0.5356625,0.4355617,0.572795,0.4255258,0.7287556,0.2611582,0,0,0,0
926,16.4624,15.69855,1.442752,16.72749,1.777807,1.874835,0.240287,1.802204,1,0.5572723,0.4163193,0.5356625,0.4359227,0.564697,0.4212736,0.7413063,0.2534523,0,0,0,0
927,15.38322,15.69855,1.448094,16.46992,1.897032,1.876853,0.2409457,1.835458,1,0.5266466,0.4403701,0.5356625,0.4363275,0.5574834,0.427999,0.7455788,0.2482262,0,0,0,0
928,15.98604,15.70358,1.453644,16.42925,1.777807,1.876221,0.241563,1.822903,1,0.5438339,0.4163193,0.5358059,0.4362008,0.5563414,0.4254637,0.7511864,0.2433052,0,0,0,0
929,14.88228,15.69634,1.458812,16.07812,1.634621,1.873999,0.2421305,1.793283,1,0.5122063,0.386895,0.5355996,0.4357548,0.5464412,0.419464,0.7581291,0.2389565,0,0,0,0
930,14.88228,15.68911,1.463979,15.90255,1.897032,1.874692,0.2427892,1.788805,1,0.5122063,0.4403701,0.5353934,0.4358939,0.5414655,0.4185548,0.7597315,0.2339588,0,0,0,0
931,15.38322,15.68744,1.469321,15.7882,1.777807,1.87406,0.2434065,1.797059,1,0.5266466,0.4163193,0.5353459,0.4357671,0.5382158,0.4202303,0.7666744,0.2323948,0,0,0,0
932,17.04244,15.71144,1.475238,15.87666,1.897032,1.875446,0.2440652,1.812956,1,0.5734684,0.4403701,0.5360299,0.4360452,0.5407303,0.4234516,0.7624018,0.2321659,0,0,0,0
933,13.95329,15.70748,1.480083,15.65945,1.715438,1.87404,0.2446609,1.793411,1,0.4850388,0.4035765,0.5359171,0.4357631,0.5345476,0.4194899,0.7637369,0.2323948,0,0,0,0
934,18.04252,15.76095,1.486348,15.9055,1.772295,1.875303,0.2452762,1.79343,1,0.6009732,0.4151978,0.5374401,0.4360166,0.5415494,0.4194939,0.7640041,0.23167,0,0,0,0
935,14.88228,15.73783,1.491515,15.88238,1.715438,1.875935,0.2458719,1.801717,1,0.5122063,0.4035765,0.5367816,0.4361434,0.5408929,0.4211748,0.7680095,0.2278934,0,0,0,0
936,16.4624,15.72027,1.497231,16.0808,1.834664,1.877892,0.2465089,1.794094,1,0.5572723,0.4278388,0.5362815,0.4365359,0.5465171,0.4196286,0.7693447,0.227512,0,0,0,0
937,18.04252,15.74982,1.503496,16.37628,1.961179,1.881254,0.2471899,1.817831,1,0.6009732,0.4531462,0.5371231,0.4372102,0.554852,0.424438,0.7693447,0.2269398,0,0,0,0
938,16.4624,15.76737,1.509212,16.29394,1.777807,1.881315,0.2478072,1.805277,1,0.5572723,0.4163193,0.5376229,0.4372225,0.5525343,0.4218963,0.7778896,0.2259098,0,0,0,0
939,16.96335,15.78493,1.515102,16.61607,1.658581,1.879359,0.2483831,1.798327,1,0.5712707,0.3918608,0.5381226,0.4368301,0.561581,0.4204875,0.7736171,0.2242695,0,0,0,0
940,15.38322,15.71054,1.520444,16.30304,1.834664,1.883763,0.2490201,1.807159,1,0.5266466,0.4278388,0.5360043,0.4377131,0.5527905,0.4222777,0.7749523,0.2243458,0,0,0,0
941,15.38322,15.69855,1.525785,16.32915,1.841954,1.883148,0.2496597,1.822622,1,0.5266466,0.4293093,0.5356626,0.4375898,0.5535258,0.4254068,0.7693447,0.2248035,0,0,0,0
942,15.38322,15.68099,1.531127,16.20924,1.772295,1.882455,0.250275,1.814999,1,0.5266466,0.4151978,0.5351621,0.4374509,0.5501461,0.4238651,0.7752193,0.2241169,0,0,0,0
943,13.23046,15.69185,1.535721,15.63309,1.777807,1.88113,0.2508923,1.7933,1,0.4635404,0.4163193,0.5354717,0.4371853,0.5337956,0.4194674,0.772015,0.2222095,0,0,0,0
944,16.96335,15.70384,1.541611,15.67676,1.897032,1.88113,0.251551,1.808565,1,0.5712707,0.4403701,0.5358135,0.4371853,0.5350414,0.4225625,0.7752193,0.2241169,0,0,0,0
945,16.4624,15.71027,1.547327,15.64341,1.834664,1.880437,0.2521881,1.82813,1,0.5572723,0.4278388,0.5359966,0.4370464,0.5340902,0.4265197,0.7680095,0.2255665,0,0,0,0
946,13.23046,15.68078,1.551921,15.42011,1.897032,1.880437,0.2528468,1.833634,1,0.4635404,0.4403701,0.5351561,0.4370464,0.5277041,0.427631,0.7653393,0.2288471,0,0,0,0
947,14.88228,15.66965,1.557088,15.36444,1.897032,1.880437,0.2535055,1.841078,1,0.5122063,0.4403701,0.5348386,0.4370464,0.5261078,0.4291327,0.7653393,0.2312504,0,0,0,0
948,17.04244,15.69894,1.563006,15.57253,1.961179,1.876774,0.2541864,1.860738,1,0.5734684,0.4531462,0.5356739,0.4363116,0.5320661,0.4330909,0.7640041,0.2308689,0,0,0,0
949,18.86115,15.74845,1.569555,16.22482,1.834664,1.876081,0.2548235,1.865649,1,0.6231035,0.4278388,0.5370842,0.4361726,0.5505855,0.4340782,0.7666744,0.2302586,0,0,0,0
950,18.04252,15.75956,1.575819,16.33201,1.658581,1.862047,0.2553993,1.835793,1,0.6009732,0.3918608,0.5374005,0.4333543,0.5536064,0.4280666,0.7693447,0.2301441,0,0,0,0
951,16.96335,15.769,1.581709,16.38123,1.834664,1.862679,0.2560364,1.838223,1,0.5712707,0.4278388,0.5376694,0.4334813,0.5549912,0.4285569,0.7680095,0.2271686,0,0,0,0
952,16.96335,15.81605,1.587599,16.80156,2.8592,1.828916,0.2570292,1.955822,1,0.5712707,0.621053,0.5390077,0.4266785,0.5667645,0.4520834,0.7752193,0.2270542,0,0,0,0
953,14.40592,15.7932,1.592601,16.70822,2.080689,1.830957,0.2577516,1.978249,1,0.4983394,0.4766512,0.5383578,0.4270905,0.5641585,0.4565269,0.7653393,0.2269779,0,0,0,0
954,16.4624,15.82637,1.598318,16.64377,2.080689,1.832997,0.2584741,1.992855,1,0.5572723,0.4766512,0.5393012,0.4275025,0.5623563,0.4594136,0.7581291,0.2317844,0,0,0,0
955,14.88228,15.8208,1.603485,16.18412,2.016541,1.836974,0.2591743,2.01641,1,0.5122063,0.4640823,0.539143,0.4283051,0.549437,0.4640564,0.756794,0.2344166,0,0,0,0
956,16.4624,15.80324,1.609201,16.00855,1.961179,1.836385,0.2598552,2.052069,1,0.5572723,0.4531462,0.5386437,0.4281861,0.5444717,0.4710571,0.7594643,0.2353702,0,0,0,0
957,18.04252,15.84894,1.615466,16.15801,1.961179,1.837098,0.2605362,2.066839,1,0.6009732,0.4531462,0.539943,0.4283299,0.5486996,0.4739468,0.7554588,0.2361332,0,0,0,0
958,18.04252,15.89438,1.621731,16.30077,2.080689,1.839138,0.2612587,1.983703,1,0.6009732,0.4766512,0.5412337,0.4287415,0.5527265,0.4576056,0.7581291,0.2372015,0,0,0,0
959,14.88228,15.92237,1.626898,16.35369,1.961179,1.839138,0.2619396,1.974053,1,0.5122063,0.4531462,0.542028,0.4287415,0.5542167,0.4556966,0.756794,0.23785,0,0,0,0
960,16.96335,15.95581,1.632788,16.43248,1.961179,1.839851,0.2626206,1.961487,1,0.5712707,0.4531462,0.5429768,0.4288853,0.5564319,0.4532072,0.7525215,0.2378883,0,0,0,0
961,14.88228,15.93825,1.637956,16.42691,2.016541,1.843197,0.2633208,1.964139,1,0.5122063,0.4640823,0.5424789,0.4295598,0.5562755,0.4537331,0.7482491,0.2402153,0,0,0,0
962,16.96335,15.98596,1.643846,16.48169,1.961179,1.844602,0.2640017,1.964852,1,0.5712707,0.4531462,0.5438316,0.4298431,0.557814,0.4538743,0.7511864,0.2409019,0,0,0,0
963,14.88228,15.98596,1.649013,16.14088,2.025327,1.845315,0.264705,1.975423,1,0.5122063,0.4658103,0.5438316,0.4299867,0.5482157,0.4559678,0.7482491,0.2405205,0,0,0,0
964,14.40592,15.96311,1.654015,15.6964,2.13605,1.849989,0.2654467,1.985616,1,0.4983394,0.4874112,0.5431838,0.4309281,0.5356014,0.4579836,0.7455788,0.2403679,0,0,0,0
965,14.88228,15.95198,1.659183,15.6964,2.13605,1.85403,0.2661884,2.009719,1,0.5122063,0.4874112,0.5428681,0.4317417,0.5356014,0.4627393,0.7356983,0.2442589,0,0,0,0
966,17.54339,15.96928,1.665274,15.77286,2.016541,1.856683,0.2668885,2.017892,1,0.5873113,0.4640823,0.5433588,0.4322755,0.5377792,0.4643481,0.7373007,0.2451363,0,0,0,0
967,14.40592,15.95842,1.670276,15.67953,2.13605,1.846627,0.2676302,2.033113,1,0.4983394,0.4874112,0.5430509,0.430251,0.5351203,0.4673399,0.7330281,0.2472343,0,0,0,0
968,14.88228,15.90503,1.675444,15.43074,2.13605,1.861294,0.2683719,2.056524,1,0.5122063,0.4874112,0.541536,0.4332028,0.5280088,0.4719293,0.7287556,0.2522697,0,0,0,0
969,12.72952,15.8864,1.679864,15.1445,2.13605,1.867074,0.2691136,2.074132,1,0.448451,0.4874112,0.5410072,0.4343643,0.5197832,0.4753715,0.7316929,0.2542534,0,0,0,0
970,15.88417,15.89754,1.685379,15.31432,2.13605,1.871747,0.2698553,2.077481,1,0.5409438,0.4874112,0.5413232,0.4353029,0.5246689,0.4760252,0.7274204,0.2555885,0,0,0,0
971,17.04244,15.87998,1.691296,15.57277,2.386785,1.879784,0.270684,2.111394,1,0.5734684,0.5351632,0.5408247,0.4369154,0.532073,0.4826288,0.7188755,0.2598228,0,0,0,0
972,185.4504,17.76292,1.755689,36.11875,6.068025,1.926821,0.272791,2.609289,1,2.657941,1.098811,0.593336,0.4463172,1.024634,0.5762543,0.7015182,0.2754253,0,0,0,0
973,12.72952,17.739,1.760109,35.92691,2.19611,1.93153,0.2735535,2.62061,1,0.448451,0.4989942,0.5926808,0.4472551,1.020733,0.5783141,0.6975128,0.2857252,0,0,0,0
974,15.38322,17.72144,1.76545,35.96502,2.080689,1.934957,0.274276,2.616499,1,0.5266466,0.4766512,0.5921996,0.4479372,1.021509,0.5775666,0.7073929,0.2786678,0,0,0,0
975,16.4624,17.73343,1.771166,36.37978,1.961179,1.938896,0.2749569,2.598475,1,0.5572723,0.4531462,0.5925282,0.4487209,1.029926,0.5742841,0.7071258,0.2760357,0,0,0,0
976,16.4624,17.78432,1.776883,36.47994,2.206056,1.944979,0.2757229,2.609687,1,0.5572723,0.5009034,0.5939221,0.4499303,1.031952,0.5763268,0.708728,0.2737087,0,0,0,0
977,13.95329,17.80583,1.781727,36.12638,2.080689,1.945025,0.2764454,2.577717,1,0.4850388,0.4766512,0.5945109,0.4499393,1.024789,0.5704945,0.7100632,0.2730221,0,0,0,0
978,16.4624,17.82339,1.787444,17.34349,2.016541,1.947738,0.2771456,2.128167,1,0.5572723,0.4640823,0.5949912,0.4504786,0.5818033,0.4858839,0.708728,0.2723736,0,0,0,0
979,16.4624,17.82868,1.79316,17.7316,2.080689,1.951104,0.277868,2.118076,1,0.5572723,0.4766512,0.595136,0.451147,0.592478,0.4839265,0.7116655,0.2714962,0,0,0,0
980,14.40592,17.80583,1.798162,17.5826,2.080689,1.955739,0.2785905,2.122766,1,0.4983394,0.4766512,0.5945109,0.4520671,0.5883893,0.4848366,0.7100632,0.2711529,0,0,0,0
981,16.4624,17.84731,1.803878,17.57704,2.917236,1.950298,0.2796034,2.241023,1,0.5572723,0.6312605,0.5956454,0.4509869,0.5882364,0.5075958,0.7073929,0.2707714,0,0,0,0
982,15.98604,17.86487,1.809429,17.51325,2.261418,1.956996,0.2803886,2.240533,1,0.5438339,0.5114847,0.5961254,0.4523164,0.5864822,0.5075021,0.7071258,0.2713055,0,0,0,0
983,14.88228,17.8593,1.814596,17.62176,2.261418,1.963062,0.2811739,2.262622,1,0.5122063,0.5114847,0.5959732,0.4535196,0.5894651,0.511714,0.6975128,0.2749676,0,0,0,0
984,14.88228,17.88065,1.819763,17.42864,2.386785,1.970522,0.2820026,2.307161,1,0.5122063,0.5351632,0.5965565,0.4549975,0.584152,0.5201695,0.6932403,0.2775997,0,0,0,0
985,15.98604,17.86979,1.825314,17.38797,2.13605,1.97387,0.2827443,2.31464,1,0.5438339,0.4874112,0.5962598,0.4556606,0.5830308,0.5215845,0.6961777,0.2792782,0,0,0,0
986,14.88228,17.86422,1.830482,17.42334,2.19611,1.977887,0.2835068,2.330075,1,0.5122063,0.4989942,0.5961077,0.4564553,0.5840061,0.5245004,0.6945755,0.2789349,0,0,0,0
987,15.38322,17.84666,1.835823,17.27389,2.321478,1.98462,0.2843129,2.267883,1,0.5266466,0.5228769,0.5956277,0.4577869,0.5798806,0.5127154,0.7001831,0.2782864,0,0,0,0
988,16.4624,17.86422,1.841539,17.30926,2.13605,1.989294,0.2850546,2.254569,1,0.5572723,0.4874112,0.5961077,0.4587103,0.5808581,0.5101798,0.6945755,0.2771038,0,0,0,0
989,15.38322,17.86979,1.846881,17.37049,2.41041,1.997647,0.2858915,2.276115,1,0.5266466,0.5395821,0.5962598,0.4603594,0.5825484,0.5142808,0.6929733,0.2796597,0,0,0,0
990,14.40592,17.86449,1.851883,17.28914,2.321478,2.005013,0.2866976,2.272862,1,0.4983394,0.5228769,0.5961151,0.4618119,0.5803022,0.5136623,0.6889679,0.2826351,0,0,0,0
991,9.864646,17.80874,1.855308,16.55323,2.19611,2.010985,0.2874601,2.28153,1,0.3589861,0.4989942,0.5945904,0.4629886,0.5598207,0.5153097,0.6862974,0.2861067,0,0,0,0
992,16.96335,17.83187,1.861198,16.78447,2.13605,2.016291,0.2882018,2.2768,1,0.5712707,0.4874112,0.595223,0.464033,0.5662876,0.514411,0.6889679,0.2850002,0,0,0,0
993,16.4624,17.80142,1.866914,16.92193,2.19611,2.022263,0.2889644,2.264768,1,0.5572723,0.4989942,0.59439,0.465208,0.5701185,0.5121225,0.690303,0.2858395,0,0,0,0
994,16.4624,17.80142,1.87263,16.94478,2.140748,2.026989,0.2897077,2.265342,1,0.5572723,0.4883206,0.59439,0.4661369,0.5707542,0.5122318,0.6945755,0.2845425,0,0,0,0
995,15.38322,17.78386,1.877972,16.95035,2.25617,2.032304,0.2904911,2.249539,1,0.5266466,0.510485,0.5939094,0.467181,0.5709091,0.5092208,0.6929733,0.2838177,0,0,0,0
996,12.72952,17.76523,1.882391,16.71059,2.13605,2.03496,0.2912328,2.230264,1,0.448451,0.4874112,0.5933995,0.4677024,0.5642247,0.5055398,0.6959106,0.2826733,0,0,0,0
997,14.88228,17.73012,1.887559,17.2734,2.025327,2.039035,0.291936,2.210057,1,0.5122063,0.4658103,0.5924375,0.4685021,0.5798671,0.5016708,0.7041885,0.2808804,0,0,0,0
998,11.80053,17.66044,1.891656,16.66551,2.13605,2.043708,0.2926777,2.210057,1,0.4200439,0.4874112,0.5905266,0.4694187,0.5629644,0.5016708,0.7057907,0.2801174,0,0,0,0
999,12.66975,17.60041,1.896056,16.24344,3.101137,2.059105,0.2937545,2.321339,1,0.4466401,0.6631361,0.5888786,0.4724343,0.5511109,0.5228508,0.7044556,0.2753872,0,0,0,0
1000,16.4624,17.59484,1.901772,16.24987,2.386785,2.067142,0.2945832,2.351462,1,0.5572723,0.5351632,0.5887256,0.4740059,0.5512921,0.528531,0.7044556,0.2758831,0,0,0,0
1001,14.88228,17.55973,1.906939,16.1702,2.261418,2.073208,0.2953684,2.350653,1,0.5122063,0.5114847,0.5877606,0.475191,0.5490441,0.5283785,0.6988479,0.2768749,0,0,0,0
1002,14.88228,17.55416,1.912107,14.5142,2.261418,2.07795,0.2961536,2.322287,1,0.5122063,0.5114847,0.5876076,0.4761167,0.5015032,0.5230297,0.7015182,0.2770275,0,0,0,0
1003,14.88228,17.53104,1.917274,14.53812,2.19611,2.081273,0.2969162,2.341263,1,0.5122063,0.4989942,0.5869716,0.4767651,0.5022011,0.5266101,0.7015182,0.2765316,0,0,0,0
1004,14.88228,17.49593,1.922442,14.87497,2.19611,2.086614,0.2976787,2.349218,1,0.5122063,0.4989942,0.5860054,0.4778065,0.5119945,0.5281086,0.7044556,0.2758831,0,0,0,0
1005,17.54339,17.53025,1.928533,15.42849,2.140748,2.090015,0.298422,2.244504,1,0.5873113,0.4883206,0.5869499,0.4784693,0.5279444,0.5082602,0.7057907,0.2761501,0,0,0,0
1006,16.96335,17.58761,1.934423,15.48972,2.13605,2.091245,0.2991637,2.215866,1,0.5712707,0.4874112,0.588527,0.478709,0.5296979,0.5027842,0.708728,0.2756161,0,0,0,0
1007,18.04252,17.62273,1.940688,15.8863,2.261418,2.096618,0.2999489,2.217875,1,0.6009732,0.5114847,0.5894915,0.4797554,0.5410041,0.5031688,0.7028534,0.2749676,0,0,0,0
1008,16.4624,17.64001,1.946404,16.06186,2.080689,2.096618,0.3006714,2.198506,1,0.5572723,0.4766512,0.5899661,0.4797554,0.5459813,0.4994544,0.7001831,0.275082,0,0,0,0
1009,15.98604,17.63472,1.951955,16.17921,2.13605,2.098561,0.3014131,2.192448,1,0.5438339,0.4874112,0.5898208,0.4801336,0.5492985,0.4982906,0.6975128,0.2788586,0,0,0,0
1010,16.4624,17.60445,1.957671,16.37763,2.261418,2.101897,0.3021983,2.201713,1,0.5572723,0.5114847,0.5889896,0.4807827,0.5548901,0.50007,0.6860304,0.2813763,0,0,0,0
1011,16.4624,17.59244,1.963387,16.25752,2.386785,2.110462,0.303027,2.223156,1,0.5572723,0.5351632,0.5886596,0.4824479,0.5515079,0.5041801,0.6876326,0.286717,0,0,0,0
1012,16.4624,17.59244,1.969103,16.20715,2.261418,2.114511,0.3038122,2.237086,1,0.5572723,0.5114847,0.5886596,0.4832344,0.5500872,0.5068437,0.6916382,0.2853817,0,0,0,0
1013,17.04244,17.58133,1.97502,16.12004,2.07954,2.116519,0.3045343,2.214856,1,0.5734684,0.4764271,0.5883542,0.4836243,0.5476266,0.5025907,0.6945755,0.2816052,0,0,0,0
1014,14.88228,17.56377,1.980188,15.94447,2.386785,2.121248,0.3053631,2.248867,1,0.5122063,0.5351632,0.5878717,0.4845421,0.5426551,0.5090927,0.6988479,0.2810329,0,0,0,0
1015,15.38322,17.55178,1.985529,15.87079,2.19611,2.126589,0.3061256,2.256208,1,0.5266466,0.4989942,0.587542,0.4855779,0.5405636,0.5104923,0.7041885,0.277943,0,0,0,0
1016,14.40592,17.52893,1.990531,15.637,2.261418,2.131963,0.3069108,2.256933,1,0.4983394,0.5114847,0.5869136,0.4866194,0.5339071,0.5106305,0.7015182,0.2777523,0,0,0,0
1017,16.4624,17.54092,1.996247,15.64899,2.386785,2.137404,0.3077395,2.257659,1,0.5572723,0.5351632,0.5872434,0.4876733,0.5342492,0.5107688,0.7073929,0.2760357,0,0,0,0
1018,14.45424,17.5239,2.001266,15.40355,3.229928,2.153539,0.3088611,2.377425,1,0.4997522,0.6850474,0.5867752,0.4907936,0.5272294,0.5334088,0.7001831,0.2740521,0,0,0,0
1019,14.88228,17.5239,2.006434,15.15796,2.386785,2.161896,0.3096898,2.411301,1,0.5122063,0.5351632,0.5867752,0.4924072,0.520171,0.5397485,0.708728,0.275082,0,0,0,0
1020,16.96335,17.54702,2.012324,15.41761,2.13605,2.164552,0.3104315,2.381382,1,0.5712707,0.4874112,0.5874112,0.4929196,0.5276325,0.5341506,0.7073929,0.2728695,0,0,0,0
1021,16.4624,17.55901,2.01804,15.61082,2.19611,2.1692,0.311194,2.381382,1,0.5572723,0.4989942,0.587741,0.4938158,0.5331599,0.5341506,0.7001831,0.2756542,0,0,0,0
1022,18.04252,17.57013,2.024305,16.02688,2.261418,2.173249,0.3119792,2.382775,1,0.6009732,0.5114847,0.5880464,0.4945961,0.544991,0.5344117,0.6988479,0.2789349,0,0,0,0
1023,14.88228,17.58045,2.029472,15.83376,3.03535,2.187914,0.3130332,2.464162,1,0.5122063,0.6518139,0.5883301,0.4974191,0.5395113,0.549586,0.7028534,0.2789349,0,0,0,0
1024,16.96335,17.56846,2.035362,16.11811,2.321478,2.194016,0.3138392,2.365231,1,0.5712707,0.5228769,0.5880005,0.498592,0.5475723,0.5311199,0.7028534,0.2759975,0,0,0,0
1025,11.59057,17.53188,2.039387,15.71023,2.261418,2.200083,0.3146245,2.35136,1,0.4135453,0.5114847,0.5869948,0.4997571,0.5359954,0.5285116,0.708728,0.2750439,0,0,0,0
1026,16.96335,17.53745,2.045277,15.75727,2.13605,2.203431,0.3153661,2.35136,1,0.5712707,0.4874112,0.587148,0.5003999,0.5373353,0.5285116,0.7159382,0.2710003,0,0,0,0
1027,14.88228,17.50233,2.050444,15.5817,2.261418,2.206767,0.3161514,2.36124,1,0.5122063,0.5114847,0.5861818,0.5010399,0.5323281,0.5303698,0.7116655,0.2701992,0,0,0,0
1028,16.4624,17.50233,2.05616,15.45793,2.321478,2.212808,0.3169574,2.369973,1,0.5572723,0.5228769,0.5861818,0.5021982,0.5287877,0.5320104,0.7073929,0.2710003,0,0,0,0
1029,18.04252,17.51433,2.062425,15.86877,2.13605,2.218113,0.3176991,2.259328,1,0.6009732,0.4874112,0.5865118,0.5032146,0.5405062,0.5110867,0.7073929,0.2723354,0,0,0,0
1030,18.04252,17.54387,2.06869,16.00623,2.386785,2.224248,0.3185279,2.266584,1,0.6009732,0.5351632,0.5873246,0.504389,0.544406,0.5124683,0.7015182,0.2727169,0,0,0,0
1031,14.40592,17.53301,2.073692,16.31375,2.261418,2.228909,0.3193131,2.266584,1,0.4983394,0.5114847,0.5870259,0.5052807,0.5530924,0.5124683,0.7015182,0.2757305,0,0,0,0
1032,16.4624,17.54501,2.079408,16.27565,2.321478,2.235011,0.3201191,2.287855,1,0.5572723,0.5228769,0.5873557,0.5064473,0.5520189,0.5165104,0.7001831,0.2766842,0,0,0,0
1033,18.04252,17.59847,2.085673,16.6619,2.19611,2.239659,0.3208817,2.280598,1,0.6009732,0.4989942,0.5888253,0.5073352,0.5628635,0.5151327,0.7071258,0.2784008,0,0,0,0
1034,16.4624,17.59291,2.091389,16.67946,2.13605,2.242314,0.3216234,2.259328,1,0.5572723,0.4874112,0.5886725,0.5078423,0.5633545,0.5110867,0.7116655,0.2751965,0,0,0,0
1035,16.4624,17.59291,2.097105,16.49188,2.386785,2.248449,0.3224521,2.289921,1,0.5572723,0.5351632,0.5886725,0.509013,0.5580999,0.5169024,0.708728,0.2745098,0,0,0,0
1036,17.04244,17.63526,2.103023,16.38164,2.25617,2.25244,0.3232355,2.276743,1,0.5734684,0.510485,0.5898357,0.509774,0.5550027,0.5144002,0.7057907,0.2757305,0,0,0,0
1037,16.4624,17.65282,2.108739,16.59258,2.321478,2.257156,0.3240416,2.284083,1,0.5572723,0.5228769,0.5903176,0.5106729,0.5609231,0.5157946,0.7057907,0.2756542,0,0,0,0
1038,15.88417,17.63995,2.114254,16.52191,2.19611,2.259766,0.3248041,2.271436,1,0.5409438,0.4989942,0.5899644,0.5111701,0.5589423,0.5133913,0.7103304,0.2754253,0,0,0,0
1039,17.04244,17.61974,2.120171,16.42252,2.261418,2.264508,0.3255893,2.280086,1,0.5734684,0.5114847,0.5894095,0.512073,0.5561522,0.5150353,0.7218128,0.2718395,0,0,0,0
1040,16.96335,17.60775,2.126062,16.48375,2.206056,2.270591,0.3263553,2.287249,1,0.5712707,0.5009034,0.5890802,0.5132305,0.5578718,0.5163954,0.7159382,0.268063,0,0,0,0
1041,11.54105,17.5475,2.130069,15.88225,2.261418,2.275332,0.3271405,2.271926,1,0.4120081,0.5114847,0.5874245,0.5141321,0.5408893,0.5134845,0.7162052,0.268063,0,0,0,0
1042,15.38322,17.52995,2.13541,15.6859,2.13605,2.267297,0.3278822,2.257187,1,0.5266466,0.4874112,0.5869415,0.512604,0.5353021,0.5106788,0.7218128,0.2681393,0,0,0,0
1043,13.59753,17.52096,2.140132,15.32931,2.140748,2.267965,0.3286255,2.237786,1,0.4744977,0.4883206,0.5866944,0.512731,0.5250993,0.5069774,0.7287556,0.2645535,0,0,0,0
1044,18.04252,17.53852,2.146396,15.60424,2.261418,2.269973,0.3294107,2.243649,1,0.6009732,0.5114847,0.5871774,0.513113,0.5329719,0.5080971,0.7260853,0.2620737,0,0,0,0
1045,18.62256,17.58008,2.152863,15.8158,2.19611,2.271968,0.3301733,2.236393,1,0.6166887,0.4989942,0.58832,0.5134925,0.5390008,0.5067113,0.7175404,0.2647823,0,0,0,0
1046,15.98604,17.57479,2.158413,15.72477,2.917236,2.282591,0.3311862,2.3227,1,0.5438339,0.6312605,0.5881745,0.5155112,0.5364097,0.5231078,0.7132679,0.2655834,0,0,0,0
1047,16.4624,17.55723,2.164129,16.27159,2.13605,2.284534,0.3319279,2.305984,1,0.5572723,0.4874112,0.5876919,0.5158801,0.5519043,0.5199467,0.7159382,0.2688259,0,0,0,0
1048,16.96335,17.54524,2.170019,16.47503,2.19611,2.285816,0.3326904,2.30117,1,0.5712707,0.4989942,0.5873622,0.5161235,0.557627,0.5190351,0.7258183,0.266766,0,0,0,0
1049,16.4624,17.5628,2.175736,16.81091,2.13605,2.287759,0.3334321,2.297862,1,0.5572723,0.4874112,0.5878449,0.5164923,0.5670254,0.5184083,0.7287556,0.2616539,0,0,0,0
1050,16.96335,17.5628,2.181626,16.691,2.080689,2.289087,0.3341546,2.277166,1,0.5712707,0.4766512,0.5878449,0.5167443,0.5636771,0.5144807,0.7244831,0.2614632,0,0,0,0
1051,16.4624,17.58035,2.187342,16.45098,2.261418,2.291808,0.3349398,2.285148,1,0.5572723,0.5114847,0.5883275,0.5172604,0.5569517,0.5159968,0.7274204,0.2615776,0,0,0,0
1052,16.4624,17.57479,2.193058,16.48635,2.321478,2.295811,0.3357459,2.21962,1,0.5572723,0.5228769,0.5881745,0.5180196,0.5579448,0.5035031,0.7244831,0.2606621,0,0,0,0
1053,16.4624,17.59234,2.198774,16.50391,2.19611,2.297709,0.3365084,2.216969,1,0.5572723,0.4989942,0.588657,0.5183792,0.5584375,0.5029953,0.7247502,0.2625315,0,0,0,0
1054,19.2026,17.64564,2.205441,16.7776,2.13605,2.297709,0.3372501,2.208235,1,0.6322349,0.4874112,0.5901206,0.5183792,0.566096,0.5013214,0.7244831,0.2637905,0,0,0,0
1055,17.54339,17.67521,2.211533,16.96385,2.261418,2.299102,0.3380353,2.222165,1,0.5873113,0.5114847,0.5909319,0.5186432,0.5712847,0.5039904,0.7244831,0.2630657,0,0,0,0
1056,18.04252,17.68075,2.217798,17.09575,2.19611,2.301097,0.3387978,2.235657,1,0.6009732,0.4989942,0.5910841,0.5190212,0.5749479,0.5065707,0.7244831,0.2629892,0,0,0,0
1057,16.4624,17.7036,2.223514,17.11331,2.261418,2.30249,0.339583,2.235657,1,0.5572723,0.5114847,0.5917107,0.5192851,0.5754348,0.5065707,0.7274204,0.2613106,0,0,0,0
1058,18.62256,17.74516,2.22998,17.37733,2.13605,2.30249,0.3403247,2.212993,1,0.6166887,0.4874112,0.5928497,0.5192851,0.5827371,0.5022336,0.7244831,0.2590981,0,0,0,0
1059,17.04244,17.79308,2.235897,17.43066,2.13605,2.30249,0.3410664,2.20632,1,0.5734684,0.4874112,0.5941619,0.5192851,0.5842079,0.5009541,0.7287556,0.2601662,0,0,0,0
1060,18.62256,17.82351,2.242364,17.37266,2.19611,2.303158,0.341829,2.210875,1,0.6166887,0.4989942,0.5949945,0.5194115,0.5826084,0.5018275,0.7330281,0.2566185,0,0,0,0
1061,16.56608,17.81822,2.248116,17.28807,2.19611,2.301039,0.3425915,2.202893,1,0.5601808,0.4989942,0.5948496,0.5190102,0.5802727,0.5002965,0.7300907,0.2573433,0,0,0,0
1062,18.04252,15.95813,2.254381,17.30563,2.025327,2.25612,0.3432947,2.180626,1,0.6009732,0.4658103,0.5430426,0.5104756,0.5807578,0.4960169,0.7303578,0.2576103,0,0,0,0
1063,16.4624,15.99961,2.260097,17.28807,2.19611,2.25612,0.3440573,2.17337,1,0.5572723,0.4989942,0.5442183,0.5104756,0.5802727,0.4946195,0.7258183,0.2588692,0,0,0,0
1064,18.62256,16.0356,2.266563,17.31207,2.386785,2.259521,0.344886,2.204015,1,0.6166887,0.5351632,0.5452378,0.5111235,0.5809358,0.5005119,0.7218128,0.2610817,0,0,0,0
1065,16.96335,16.04116,2.272453,17.30885,2.13605,2.261464,0.3456277,2.201229,1,0.5712707,0.4874112,0.5453954,0.5114936,0.5808468,0.4999772,0.723148,0.2632183,0,0,0,0
1066,16.4624,16.04116,2.278169,17.06239,2.321478,2.262747,0.3464338,2.215885,1,0.5572723,0.5228769,0.5453954,0.5117378,0.5740222,0.5027876,0.7191426,0.2637524,0,0,0,0
1067,18.04252,16.0866,2.284434,17.24399,2.076601,2.262701,0.3471548,2.199885,1,0.6009732,0.4758534,0.5466812,0.5117291,0.5790541,0.4997191,0.7175404,0.2665371,0,0,0,0
1068,16.96335,16.09217,2.290324,17.13608,2.321478,2.266089,0.3479609,2.234184,1,0.5712707,0.5228769,0.5468386,0.5123741,0.5760661,0.5062892,0.7218128,0.2668423,0,0,0,0
1069,17.04244,16.09861,2.296241,17.20053,2.261418,2.268097,0.3487461,2.24144,1,0.5734684,0.5114847,0.5470209,0.5127562,0.5778512,0.5076753,0.7218128,0.2655071,0,0,0,0
1070,16.4624,16.12146,2.301957,16.95494,2.261418,2.270106,0.3495313,2.228125,1,0.5572723,0.5114847,0.547667,0.5131382,0.5710369,0.5051309,0.7244831,0.2645916,0,0,0,0
1071,16.96335,16.12703,2.307847,17.01519,2.13605,2.261426,0.350273,2.226732,1,0.5712707,0.4874112,0.5478243,0.5114863,0.5727116,0.5048644,0.7287556,0.2627605,0,0,0,0
1072,18.04252,16.14988,2.314112,17.22031,2.13605,2.260033,0.3510147,2.206129,1,0.6009732,0.4874112,0.54847,0.511221,0.5783987,0.5009175,0.7300907,0.2615395,0,0,0,0
1073,19.2026,16.19788,2.32078,17.41148,2.13605,2.25864,0.3517564,2.212683,1,0.6322349,0.4874112,0.5498255,0.5109556,0.5836792,0.5021741,0.7373007,0.2606239,0,0,0,0
1074,19.2026,16.24588,2.327447,17.67318,2.080689,2.255239,0.3524788,2.18392,1,0.6322349,0.4766512,0.5511798,0.5103076,0.5908763,0.4966508,0.7413063,0.2558556,0,0,0,0
1075,18.04252,16.26873,2.333712,17.77785,2.13605,2.255239,0.3532205,2.169323,1,0.6009732,0.4874112,0.551824,0.5103076,0.593745,0.4938396,0.7469139,0.2553215,0,0,0,0
1076,19.2026,16.31674,2.34038,18.11806,1.797788,2.250813,0.3538447,2.105371,1,0.6322349,0.4203781,0.5531763,0.5094638,0.6030295,0.4814582,0.7482491,0.2523079,0,0,0,0
1077,16.96335,16.33429,2.34627,18.12363,2.13605,2.248753,0.3545864,2.105371,1,0.5712707,0.4874112,0.5536706,0.5090709,0.6031809,0.4814582,0.7554588,0.2493324,0,0,0,0
1078,16.4624,16.33429,2.351986,17.94249,2.016541,2.247425,0.3552866,2.090097,1,0.5572723,0.4640823,0.5536706,0.5088176,0.5982456,0.4784853,0.765072,0.2456703,0,0,0,0
1079,18.62256,16.37029,2.358452,17.90205,2.016541,2.243048,0.3559868,2.07549,1,0.6166887,0.4640823,0.5546835,0.5079824,0.5971412,0.4756366,0.7680095,0.2421608,0,0,0,0
1080,16.96335,16.3987,2.364342,17.65324,2.19611,2.241655,0.3567493,2.089597,1,0.5712707,0.4989942,0.5554826,0.5077165,0.5903292,0.478388,0.7653393,0.2393379,0,0,0,0
1081,18.04252,16.48957,2.370607,17.6708,2.13605,2.240988,0.357491,2.088204,1,0.6009732,0.4874112,0.558035,0.507589,0.5908109,0.4781165,0.756794,0.2388802,0,0,0,0
1082,17.54339,16.49601,2.376698,17.49845,2.13605,2.240988,0.3582327,2.123728,1,0.5873113,0.4874112,0.5582159,0.507589,0.5860749,0.4850232,0.7581291,0.2410545,0,0,0,0
1083,18.62256,16.52002,2.383164,17.70681,2.25617,2.241655,0.3590161,2.137742,1,0.6166887,0.510485,0.5588893,0.5077165,0.5917985,0.4877387,0.7495842,0.2429619,0,0,0,0
1084,19.2026,16.55046,2.389832,18.01128,2.19611,2.242271,0.3597786,2.158362,1,0.6322349,0.4989942,0.559743,0.5078339,0.6001217,0.491725,0.7498512,0.2448311,0,0,0,0
1085,19.73144,16.59878,2.396683,18.1588,2.261418,2.242329,0.3605638,2.18557,1,0.6462641,0.5114847,0.5610967,0.507845,0.6041372,0.4969682,0.7498512,0.2471199,0,0,0,0
1086,18.62256,16.66425,2.403149,18.3496,2.19611,2.242996,0.3613264,2.18557,1,0.6166887,0.4989942,0.5629292,0.5079724,0.6093143,0.4969682,0.7527885,0.2470818,0,0,0,0
1087,20.12126,16.72246,2.410136,18.62122,2.080689,2.243611,0.3620488,2.177411,1,0.6565189,0.4766512,0.5645565,0.5080898,0.6166525,0.4953979,0.7511864,0.2459373,0,0,0,0
1088,18.62256,16.79827,2.416602,18.74113,2.19611,2.244279,0.3628114,2.184751,1,0.6166887,0.4989942,0.5666726,0.5082172,0.6198801,0.4968107,0.7525215,0.2470818,0,0,0,0
1089,19.2026,16.87085,2.42327,18.82958,2.261418,2.234948,0.3635966,2.186728,1,0.6322349,0.5114847,0.5686962,0.5064353,0.6222564,0.4971908,0.7581291,0.2463188,0,0,0,0
1090,19.2026,16.9013,2.429937,18.83603,2.19611,2.23283,0.3643591,2.186728,1,0.6322349,0.4989942,0.5695441,0.5060304,0.6224294,0.4971908,0.7607994,0.241703,0,0,0,0
1091,19.2026,16.9493,2.436605,18.80656,2.13605,2.231437,0.3651008,2.172131,1,0.6322349,0.4874112,0.5708801,0.5057641,0.6216384,0.4943807,0.7541237,0.2400246,0,0,0,0
1092,18.62256,16.99086,2.443071,18.81301,2.13605,2.230044,0.3658425,2.166687,1,0.6166887,0.4874112,0.5720356,0.5054978,0.6218114,0.4933314,0.7637369,0.2408638,0,0,0,0
1093,19.2026,17.03887,2.449739,18.74138,2.19611,2.230044,0.366605,2.179512,1,0.6322349,0.4989942,0.5733692,0.5054978,0.6198869,0.4958024,0.7693447,0.2382698,0,0,0,0
1094,15.88417,17.05,2.455254,18.40669,2.25617,2.230711,0.3673884,2.184734,1,0.5409438,0.510485,0.5736783,0.5056254,0.6108598,0.4968074,0.772015,0.2341877,0,0,0,0
1095,19.73144,17.07431,2.462105,18.4962,2.13605,2.230659,0.3681301,2.170804,1,0.6462641,0.4874112,0.574353,0.5056154,0.6132797,0.4941251,0.7749523,0.2330433,0,0,0,0
1096,19.73144,17.10507,2.468956,18.59129,2.13605,2.230659,0.3688718,2.162071,1,0.6462641,0.4874112,0.5752063,0.5056154,0.6158456,0.4924408,0.7861677,0.2287327,0,0,0,0
1097,20.12126,17.12816,2.475943,18.71646,2.140748,2.229318,0.3696151,2.163306,1,0.6565189,0.4883206,0.5758467,0.505359,0.6192166,0.4926791,0.7944458,0.2231251,0,0,0,0
1098,18.62256,17.15216,2.482409,18.73489,2.080689,2.229318,0.3703376,2.154479,1,0.6166887,0.4766512,0.5765119,0.505359,0.6197124,0.4909751,0.7917755,0.2203022,0,0,0,0
1099,19.73144,17.19378,2.48926,18.82353,1.841954,2.226051,0.3709771,2.110467,1,0.6462641,0.4293093,0.5776645,0.504734,0.6220939,0.4824489,0.7877699,0.2182423,0,0,0,0
1100,18.62256,17.21778,2.495726,19.1518,2.13605,2.224658,0.3717188,2.095728,1,0.6166887,0.4874112,0.5783288,0.5044674,0.6308798,0.4795821,0.7891051,0.2167545,0,0,0,0
1101,18.62256,17.24178,2.502193,19.04702,2.321478,2.223932,0.3725249,2.118391,1,0.6166887,0.5228769,0.5789929,0.5043285,0.6280814,0.4839877,0.7891051,0.2199207,0,0,0,0
1102,19.2026,17.27223,2.50886,19.00115,2.13605,2.222539,0.3732666,2.118391,1,0.6322349,0.4874112,0.5798348,0.5040619,0.6268546,0.4839877,0.7861677,0.2192722,0,0,0,0
1103,17.54339,17.2778,2.514952,18.69629,2.13605,2.223167,0.3740083,2.117869,1,0.5873113,0.4874112,0.5799887,0.5041821,0.618674,0.4838863,0.7864345,0.2213322,0,0,0,0
1104,20.12126,17.33601,2.521938,18.87302,2.080689,2.219766,0.3747307,2.117869,1,0.6565189,0.4766512,0.5815968,0.503531,0.6234219,0.4838863,0.7821621,0.2211033,0,0,0,0
1105,19.2026,17.37844,2.528606,18.82715,2.080689,2.218483,0.3754532,2.14378,1,0.6322349,0.4766512,0.582768,0.5032854,0.6221911,0.4889071,0.7834972,0.2222095,0,0,0,0
1106,19.2026,17.43174,2.535273,18.8916,2.13605,2.21709,0.3761949,2.147539,1,0.6322349,0.4874112,0.5842376,0.5030186,0.6239201,0.489634,0.7904404,0.22076,0,0,0,0
1107,18.62256,17.45574,2.541739,18.91003,1.961179,2.212361,0.3768758,2.105562,1,0.6166887,0.4531462,0.5848989,0.5021125,0.6244143,0.4814955,0.7976502,0.2166782,0,0,0,0
1108,13.54131,17.4456,2.546441,18.24854,2.025327,2.198977,0.3775791,2.093357,1,0.4728248,0.4658103,0.5846195,0.4995448,0.6065747,0.4791205,0.8005875,0.2131304,0,0,0,0
1109,19.1514,17.49303,2.553091,18.43309,1.713988,2.191501,0.3781742,2.0431,1,0.6308692,0.4032789,0.5859258,0.4981087,0.6115738,0.4692994,0.7973831,0.2114899,0,0,0,0
1110,17.04244,17.49391,2.559009,18.09187,2.13605,2.191501,0.3789159,2.048584,1,0.5734684,0.4874112,0.58595,0.4981087,0.602317,0.4703743,0.796048,0.2150379,0,0,0,0
1111,19.2026,17.52436,2.565676,18.10476,2.080689,2.190219,0.3796384,2.047969,1,0.6322349,0.4766512,0.5867879,0.4978622,0.6026677,0.4702538,0.8003204,0.2221332,0,0,0,0
1112,19.54122,17.54101,2.572461,18.16459,2.080689,2.188211,0.3803608,2.041202,1,0.6412336,0.4766512,0.5872459,0.4974761,0.6042946,0.4689273,0.7949797,0.2300297,0,0,0,0
1113,17.54339,17.57058,2.578553,18.03269,2.13605,2.178219,0.3811025,2.059298,1,0.5873113,0.4874112,0.5880589,0.4955534,0.6007052,0.4724721,0.7891051,0.2301823,0,0,0,0
1114,19.2026,17.59546,2.58522,18.66172,2.080689,2.175543,0.381825,2.064167,1,0.6322349,0.4766512,0.5887426,0.4950382,0.6177434,0.4734243,0.796048,0.2261005,0,0,0,0
1115,18.62256,17.67359,2.591686,18.59064,2.080689,2.173535,0.3825474,2.102903,1,0.6166887,0.4766512,0.5908877,0.4946513,0.6158282,0.4809783,0.8005875,0.2178989,0,0,0,0
1116,19.2026,17.69847,2.598354,18.8371,2.141909,2.1736,0.3832911,2.102952,1,0.6322349,0.4885451,0.59157,0.4946639,0.6224583,0.4809878,0.8035248,0.2144276,0,0,0,0
1117,20.12126,17.75669,2.605341,18.93918,2.13605,2.172207,0.3840328,2.109718,1,0.6565189,0.4874112,0.5931653,0.4943955,0.6251953,0.4823033,0.8003204,0.2137409,0,0,0,0
1118,19.2026,17.78713,2.612008,18.908,2.13605,2.170147,0.3847745,2.115202,1,0.6322349,0.4874112,0.593999,0.4939984,0.6243598,0.4833685,0.7931107,0.2169834,0,0,0,0
1119,20.12126,17.81023,2.618995,19.20463,2.080689,2.169532,0.385497,2.107043,1,0.6565189,0.4766512,0.5946311,0.4938798,0.632289,0.4817833,0.796048,0.2156101,0,0,0,0
1120,19.2026,17.82312,2.625662,19.20463,2.025327,2.165516,0.3862002,2.098994,1,0.6322349,0.4658103,0.5949838,0.4931054,0.632289,0.4802178,0.8048599,0.2133593,0,0,0,0
1121,19.73144,17.88229,2.632514,19.33372,2.080689,2.163507,0.3869227,2.098379,1,0.6462641,0.4766512,0.5966015,0.492718,0.6357259,0.4800981,0.8093994,0.2110321,0,0,0,0
1122,19.2026,17.91274,2.639181,19.34016,2.080689,2.160832,0.3876451,2.090961,1,0.6322349,0.4766512,0.5974332,0.4922018,0.6358973,0.4786538,0.8003204,0.2131687,0,0,0,0
1123,19.2026,17.92563,2.645849,19.23809,1.897032,2.157509,0.3883038,2.061081,1,0.6322349,0.4403701,0.5977852,0.4915603,0.6331806,0.4728208,0.8019226,0.2124056,0,0,0,0
1124,19.2026,17.95607,2.652516,19.27496,1.954173,2.155488,0.3889824,2.037517,1,0.6322349,0.4517562,0.5986162,0.4911701,0.6341625,0.4682042,0.8032578,0.2117571,0,0,0,0
1125,20.12126,17.99673,2.659503,19.27929,2.13605,2.152702,0.389724,2.043668,1,0.6565189,0.4874112,0.5997251,0.4906319,0.6342778,0.4694108,0.8032578,0.2111465,0,0,0,0
1126,21.03992,18.04114,2.666808,19.49798,2.13605,2.151368,0.3904657,2.05597,1,0.6804008,0.4874112,0.6009356,0.4903741,0.6400875,0.4718209,0.7976502,0.2124435,0,0,0,0
1127,17.54339,18.05316,2.6729,19.22622,2.13605,2.149307,0.3912074,2.06207,1,0.5873113,0.4874112,0.6012628,0.4899759,0.6328642,0.4730142,0.7989853,0.2127871,0,0,0,0
1128,19.2026,18.09003,2.679567,19.23266,2.13605,2.14864,0.3919491,2.068836,1,0.6322349,0.4874112,0.6022667,0.4898469,0.633036,0.474337,0.8003204,0.214275,0,0,0,0
1129,19.2026,18.11403,2.686235,19.22679,2.13605,2.147247,0.3926908,2.098661,1,0.6322349,0.4874112,0.6029198,0.4895776,0.6328794,0.4801531,0.8003204,0.214275,0,0,0,0
1130,19.2026,18.13891,2.692902,19.23323,2.13605,2.146469,0.3934325,2.11887,1,0.6322349,0.4874112,0.6035966,0.4894272,0.6330511,0.4840806,0.8003204,0.214275,0,0,0,0
1131,19.2026,18.22404,2.69957,19.1376,2.13605,2.145076,0.3941742,2.11681,1,0.6322349,0.4874112,0.6059095,0.4891578,0.630501,0.4836806,0.8003204,0.214275,0,0,0,0
1132,19.2026,18.26648,2.706238,18.93346,2.13605,2.145076,0.3949158,2.11681,1,0.6322349,0.4874112,0.6070612,0.4891578,0.6250421,0.4836806,0.8003204,0.214275,0,0,0,0
1133,15.88417,18.29188,2.711753,18.73067,2.13605,2.145024,0.3956575,2.11681,1,0.5409438,0.4874112,0.6077503,0.4891477,0.6195987,0.4836806,0.7495842,0.3003357,0,0,0,0
1134,18.62256,18.29833,2.718219,18.64956,2.261418,2.145024,0.3964427,2.132747,1,0.6166887,0.5114847,0.607925,0.4891477,0.6174161,0.4867714,0.7551918,0.2755779,0,0,0,0
1135,18.04252,18.29188,2.724484,18.50778,2.25617,2.145691,0.3972261,2.148044,1,0.6009732,0.510485,0.6077503,0.4892768,0.6135922,0.4897316,0.765072,0.2558937,0,0,0,0
1136,19.2026,18.32762,2.731151,18.50778,2.13605,2.137011,0.3979678,2.148044,1,0.6322349,0.4874112,0.608719,0.4875972,0.6135922,0.4897316,0.7736171,0.2451744,0,0,0,0
1137,18.62256,18.35162,2.737618,18.44333,2.080689,2.136396,0.3986903,2.14322,1,0.6166887,0.4766512,0.6093692,0.4874781,0.6118507,0.4887989,0.7749523,0.2388802,0,0,0,0
1138,18.62256,18.37006,2.744084,18.43534,2.13605,2.135729,0.399432,2.144451,1,0.6166887,0.4874112,0.6098684,0.4873489,0.6116347,0.4890368,0.7706798,0.2370106,0,0,0,0
1139,18.62256,18.39406,2.75055,18.73373,2.19611,2.136396,0.4001945,2.156481,1,0.6166887,0.4989942,0.6105181,0.4874781,0.6196811,0.4913618,0.7709469,0.2373541,0,0,0,0
1140,18.62256,18.4125,2.757016,18.75128,2.47047,2.140727,0.4010523,2.183425,1,0.6166887,0.5507554,0.6110169,0.4883164,0.6201531,0.4965554,0.7749523,0.2357136,0,0,0,0
1141,19.54122,18.44671,2.763801,18.92157,2.206056,2.140112,0.4018183,2.179249,1,0.6412336,0.5009034,0.6119421,0.4881974,0.6247235,0.4957519,0.7832302,0.2317463,0,0,0,0
1142,18.04252,18.46426,2.770066,18.77602,4.203685,2.161025,0.4032779,2.432575,1,0.6009732,0.8407497,0.6124167,0.4922391,0.6208179,0.5437158,0.7864345,0.2313648,0,0,0,0
1143,18.62256,18.48827,2.776532,18.78801,2.261418,2.161751,0.4040631,2.454049,1,0.6166887,0.5114847,0.6130652,0.4923792,0.62114,0.5477092,0.781895,0.2350269,0,0,0,0
1144,19.73144,18.49414,2.783383,18.91709,2.016541,2.160423,0.4047633,2.440058,1,0.6462641,0.4640823,0.613224,0.4921229,0.6246036,0.5451085,0.7792248,0.2319752,0,0,0,0
