step,co,stel_co,twa_co,proj_co,no2,stel_no2,twa_no2,proj_no2,model_ok,x0,x1,x2,x3,x4,x5,x6,x7,rule_co,lp_co,rule_no2,lp_no2
0,nan,nan,0,nan,nan,nan,0,nan,0,0,0,0,0,0,0,-0.4843747,0.2161529,0,0,0,0
1,nan,nan,0,nan,nan,nan,0,nan,0,0,0,0,0,0,0,-0.4846888,0.2141806,0,0,0,0
2,nan,nan,0,nan,nan,nan,0,nan,0,0,0,0,0,0,0,-0.4804295,0.2126698,0,0,0,0
3,nan,nan,0,nan,nan,nan,0,nan,0,0,0,0,0,0,0,-0.4827031,0.2098104,0,0,0,0
4,nan,nan,0,nan,nan,nan,0,nan,0,0,0,0,0,0,0,-0.4802713,0.2097846,0,0,0,0
5,nan,nan,0,nan,nan,nan,0,nan,0,0,0,0,0,0,0,-0.4820949,0.2113962,0,0,0,0
6,nan,nan,0,nan,nan,nan,0,nan,0,0,0,0,0,0,0,-0.4767614,0.2095585,0,0,0,0
7,nan,nan,0,nan,nan,nan,0,nan,0,0,0,0,0,0,0,-0.4851162,0.2079828,0,0,0,0
8,nan,nan,0,nan,nan,nan,0,nan,0,0,0,0,0,0,0,-0.4813251,0.2100876,0,0,0,0
9,nan,nan,0,nan,nan,nan,0,nan,0,0,0,0,0,0,0,-0.4843809,0.2055734,0,0,0,0
10,nan,nan,0,nan,nan,nan,0,nan,0,0,0,0,0,0,0,-0.4777848,0.2115502,0,0,0,0
11,nan,nan,0,nan,nan,nan,0,nan,0,0,0,0,0,0,0,-0.4771445,0.2107337,0,0,0,0
12,nan,nan,0,nan,nan,nan,0,nan,0,0,0,0,0,0,0,-0.4787172,0.2066171,0,0,0,0
13,nan,nan,0,nan,nan,nan,0,nan,0,0,0,0,0,0,0,-0.4775161,0.2079563,0,0,0,0
14,nan,nan,0,nan,nan,nan,0,nan,0,0,0,0,0,0,0,-0.4787798,0.2069705,0,0,0,0
15,nan,nan,0,nan,nan,nan,0,nan,0,0,0,0,0,0,0,-0.4723413,0.2071697,0,0,0,0
16,nan,nan,0,nan,nan,nan,0,nan,0,0,0,0,0,0,0,-0.470052,0.2122008,0,0,0,0
17,nan,nan,0,nan,nan,nan,0,nan,0,0,0,0,0,0,0,-0.4720203,0.2076249,0,0,0,0
18,nan,nan,0,nan,nan,nan,0,nan,0,0,0,0,0,0,0,-0.4792497,0.2114837,0,0,0,0
19,nan,nan,0,nan,nan,nan,0,nan,0,0,0,0,0,0,0,-0.4768502,0.2097178,0,0,0,0
20,nan,nan,0,nan,nan,nan,0,nan,0,0,0,0,0,0,0,-0.4774665,0.211814,0,0,0,0
21,nan,nan,0,nan,nan,nan,0,nan,0,0,0,0,0,0,0,-0.4737349,0.2056344,0,0,0,0
22,nan,nan,0,nan,nan,nan,0,nan,0,0,0,0,0,0,0,-0.47659,0.2097934,0,0,0,0
23,nan,nan,0,nan,nan,nan,0,nan,0,0,0,0,0,0,0,-0.4791464,0.2069912,0,0,0,0
24,nan,nan,0,nan,nan,nan,0,nan,0,0,0,0,0,0,0,-0.4756698,0.2102976,0,0,0,0
25,nan,nan,0,nan,nan,nan,0,nan,0,0,0,0,0,0,0,-0.4755206,0.2076138,0,0,0,0
26,nan,nan,0,nan,nan,nan,0,nan,0,0,0,0,0,0,0,-0.4752679,0.2080606,0,0,0,0
27,nan,nan,0,nan,nan,nan,0,nan,0,0,0,0,0,0,0,-0.4773116,0.2092789,0,0,0,0
28,nan,nan,0,nan,nan,nan,0,nan,0,0,0,0,0,0,0,-0.4717788,0.2069347,0,0,0,0
29,nan,nan,0,nan,nan,nan,0,nan,0,0,0,0,0,0,0,-0.4733506,0.2075764,0,0,0,0
30,nan,nan,0,nan,nan,nan,0,nan,0,0,0,0,0,0,0,-0.471391,0.2062728,0,0,0,0
31,nan,nan,0,nan,nan,nan,0,nan,0,0,0,0,0,0,0,-0.4716996,0.2051841,0,0,0,0
32,nan,nan,0,nan,nan,nan,0,nan,0,0,0,0,0,0,0,-0.4691898,0.2017152,0,0,0,0
33,nan,nan,0,nan,nan,nan,0,nan,0,0,0,0,0,0,0,-0.4749496,0.206845,0,0,0,0
34,nan,nan,0,nan,nan,nan,0,nan,0,0,0,0,0,0,0,-0.4727414,0.2035336,0,0,0,0
35,nan,nan,0,nan,nan,nan,0,nan,0,0,0,0,0,0,0,-0.467566,0.2043103,0,0,0,0
36,nan,nan,0,nan,nan,nan,0,nan,0,0,0,0,0,0,0,-0.4655511,0.20963,0,0,0,0
37,nan,nan,0,nan,nan,nan,0,nan,0,0,0,0,0,0,0,-0.4736775,0.201144,0,0,0,0
38,nan,nan,0,nan,nan,nan,0,nan,0,0,0,0,0,0,0,-0.4697855,0.2050935,0,0,0,0
39,nan,nan,0,nan,nan,nan,0,nan,0,0,0,0,0,0,0,-0.4678823,0.2030974,0,0,0,0
40,nan,nan,0,nan,nan,nan,0,nan,0,0,0,0,0,0,0,-0.4707592,0.2016137,0,0,0,0
41,nan,nan,0,nan,nan,nan,0,nan,0,0,0,0,0,0,0,-0.470286,0.2036308,0,0,0,0
42,nan,nan,0,nan,nan,nan,0,nan,0,0,0,0,0,0,0,-0.4705153,0.2023809,0,0,0,0
43,nan,nan,0,nan,nan,nan,0,nan,0,0,0,0,0,0,0,-0.4712774,0.202245,0,0,0,0
44,nan,nan,0,nan,nan,nan,0,nan,0,0,0,0,0,0,0,-0.4636413,0.2023532,0,0,0,0
45,nan,nan,0,nan,nan,nan,0,nan,0,0,0,0,0,0,0,-0.4686186,0.200071,0,0,0,0
46,nan,nan,0,nan,nan,nan,0,nan,0,0,0,0,0,0,0,-0.4653689,0.2015844,0,0,0,0
47,nan,nan,0,nan,nan,nan,0,nan,0,0,0,0,0,0,0,-0.4698903,0.2023313,0,0,0,0
48,nan,nan,0,nan,nan,nan,0,nan,0,0,0,0,0,0,0,-0.4663751,0.2013405,0,0,0,0
49,nan,nan,0,nan,nan,nan,0,nan,0,0,0,0,0,0,0,-0.4670362,0.2001897,0,0,0,0
50,nan,nan,0,nan,nan,nan,0,nan,0,0,0,0,0,0,0,-0.4691548,0.1993399,0,0,0,0
51,nan,nan,0,nan,nan,nan,0,nan,0,0,0,0,0,0,0,-0.4691972,0.1996352,0,0,0,0
52,nan,nan,0,nan,nan,nan,0,nan,0,0,0,0,0,0,0,-0.4695202,0.1993342,0,0,0,0
53,nan,nan,0,nan,nan,nan,0,nan,0,0,0,0,0,0,0,-0.4675373,0.1984472,0,0,0,0
54,nan,nan,0,nan,nan,nan,0,nan,0,0,0,0,0,0,0,-0.4627815,0.199361,0,0,0,0
55,nan,nan,0,nan,nan,nan,0,nan,0,0,0,0,0,0,0,-0.4653167,0.2001872,0,0,0,0
56,nan,nan,0,nan,nan,nan,0,nan,0,0,0,0,0,0,0,-0.4665406,0.2018643,0,0,0,0
57,nan,nan,0,nan,nan,nan,0,nan,0,0,0,0,0,0,0,-0.4605127,0.2000668,0,0,0,0
58,nan,nan,0,nan,nan,nan,0,nan,0,0,0,0,0,0,0,-0.4646363,0.1967218,0,0,0,0
59,nan,nan,0,nan,nan,nan,0,nan,0,0,0,0,0,0,0,-0.4649799,0.1985642,0,0,0,0
60,0,nan,0,nan,0,nan,0,nan,0,0,0,0,0,0,0,-0.4651205,0.1986766,0,0,0,0
61,3.276752,nan,0.001137761,nan,0.1232985,nan,4.281197e-05,nan,0,0.1294102,0.03308857,0,0,0,0,-0.4579698,0.2009649,0,0,0,0
62,0,nan,0.001137761,nan,0.1738655,nan,0.0001031819,nan,0,0,0.04644238,0,0,0,0,-0.4614081,0.1953338,0,0,0,0
63,0,nan,0.001137761,nan,0.105068,nan,0.0001396639,nan,0,0,0.02824377,0,0,0,0,-0.4621429,0.1989068,0,0,0,0
64,0,nan,0.001137761,nan,0.07940871,nan,0.0001672364,nan,0,0,0.02139704,0,0,0,0,-0.4623838,0.195687,0,0,0,0
65,0,0.5461254,0.001137761,nan,0.09699002,0.09643845,0.0002009134,nan,0,0,0.0260918,0.02239065,0.02594475,0,0,-0.463544,0.1977007,0,0,0,0
66,3.410479,0.9553188,0.002321955,nan,0,0.08266153,0.0002009134,nan,0,0.1344528,0,0.03894238,0.0222668,0,0,-0.4626045,0.1973126,0,0,0,0
67,0,0.835904,0.002321955,nan,0,0.07232884,0.0002009134,nan,0,0,0,0.03413168,0.01950217,0,0,-0.4590183,0.1934949,0,0,0,0
68,3.410479,1.121968,0.00350615,nan,0,0.0642923,0.0002009134,nan,0,0.1344528,0,0.04562924,0.01734824,0,0,-0.4636851,0.1939044,0,0,0,0
69,0,1.009771,0.00350615,nan,0,0.05786307,0.0002009134,nan,0,0,0,0.04113071,0.01562277,0,0,-0.4565827,0.1973714,0,0,0,0
70,0,0.9179737,0.00350615,nan,0,0.05260279,0.0002009134,nan,0,0,0,0.03743964,0.01420949,0,0,-0.4589087,0.1964425,0,0,0,0
71,6.232442,1.360846,0.005670192,nan,0.1232985,0.0584941,0.0002437254,nan,0,0.2369489,0.03308857,0.05516058,0.01579222,0,0,-0.455064,0.1938468,0,0,0,0
72,0,1.256166,0.005670192,nan,0,0.05399455,0.0002437254,nan,0,0,0,0.05099154,0.01458355,0,0,-0.457323,0.1956025,0,0,0,0
73,0,1.166439,0.005670192,nan,0,0.0501378,0.0002437254,nan,0,0,0,0.04740845,0.01354674,0,0,-0.4614922,0.1932324,0,0,0,0
74,0,1.088677,0.005670192,nan,0,0.04679528,0.0002437254,nan,0,0,0,0.0442959,0.01264757,0,0,-0.4567983,0.1964518,0,0,0,0
75,0,1.020635,0.005670192,nan,0.09699002,0.04993245,0.0002774025,nan,0,0,0.0260918,0.04156689,0.01349152,0,0,-0.451269,0.1942936,0,0,0,0
76,0,0.9605972,0.005670192,nan,0.05540158,0.05025416,0.0002966392,nan,0,0,0.01496161,0.03915466,0.01357803,0,0,-0.4559567,0.1955242,0,0,0,0
77,0,0.9072307,0.005670192,nan,0,0.04746227,0.0002966392,nan,0,0,0,0.03700705,0.01282704,0,0,-0.4563559,0.1939117,0,0,0,0
78,0,0.8594817,0.005670192,nan,0.05540158,0.04788012,0.0003158758,nan,0,0,0.01496161,0.0350828,0.01293947,0,0,-0.4545605,0.1971175,0,0,0,0
79,3.845305,1.008773,0.007005367,nan,0.06001581,0.04848691,0.0003367146,nan,0,0.1507284,0.01620075,0.04109063,0.01310271,0,0,-0.4523448,0.1895337,0,0,0,0
80,0,0.960736,0.007005367,nan,0.09318699,0.05061548,0.0003690712,nan,0,0,0.02507757,0.03916024,0.0136752,0,0,-0.4568727,0.1928579,0,0,0,0
81,0,0.9170662,0.007005367,nan,0,0.04831478,0.0003690712,nan,0,0,0,0.0374031,0.0130564,0,0,-0.4591272,0.1955482,0,0,0,0
82,0,0.8771938,0.007005367,nan,0,0.04621414,0.0003690712,nan,0,0,0,0.03579688,0.01249118,0,0,-0.4546396,0.1939648,0,0,0,0
83,0,0.840644,0.007005367,nan,0,0.04428855,0.0003690712,nan,0,0,0,0.03432295,0.01197287,0,0,-0.4550273,0.1923569,0,0,0,0
84,0,0.8070183,0.007005367,nan,0.06501436,0.04511758,0.0003916457,nan,0,0,0.01754189,0.03296559,0.01219604,0,0,-0.4581921,0.1952922,0,0,0,0
85,2.682778,0.8791629,0.007936887,nan,0,0.04338229,0.0003916457,nan,0,0.1067972,0,0.03587625,0.01172887,0,0,-0.4568442,0.1905313,0,0,0,0
86,0,0.8466013,0.007936887,nan,0.2601299,0.05140998,0.0004819686,nan,0,0,0.06894176,0.03456329,0.01388882,0,0,-0.461276,0.1941412,0,0,0,0
87,0,0.8163655,0.007936887,nan,0,0.04957391,0.0004819686,nan,0,0,0,0.03334304,0.01339509,0,0,-0.4513329,0.1920231,0,0,0,0
88,2.906219,0.8884294,0.008945991,nan,0,0.04786446,0.0004819686,nan,0,0.1153454,0,0.03624968,0.01293525,0,0,-0.4490975,0.194607,0,0,0,0
89,0,0.8588151,0.008945991,0.9072713,0,0.04626898,0.0004819686,0.05155014,0,0,0,0.03505592,0.01250594,0.03700869,0.0139265,-0.4507381,0.1955202,0,0,0,0
90,3.024824,0.9286864,0.009996277,1.276972,0,0.04477643,0.0004819686,0.04432632,0,0.1198624,0,0.03787087,0.01210421,0.05182114,0.01198304,-0.4519393,0.1907931,0,0,0,0
91,3.410479,1.006242,0.01118047,1.359314,0.1839397,0.04912529,0.0005458365,0.06543786,0,0.1344528,0.0490881,0.040989,0.01327442,0.05509964,0.01765546,-0.4490282,0.1937672,0,0,0,0
92,0,0.9757502,0.01118047,1.359314,0,0.04763664,0.0005458365,0.03460269,0,0,0,0.03976387,0.01287396,0.05509964,0.009362892,-0.447491,0.1884154,0,0,0,0
93,6.377306,1.134619,0.01339481,2.138762,0,0.04623556,0.0005458365,0.03343527,0,0.242019,0,0.04613563,0.01249695,0.08577043,0.009047996,-0.4487157,0.1906981,0,0,0,0
94,0,1.102202,0.01339481,1.815849,0.08602243,0.04737233,0.0005757054,0.0430668,0,0,0.02316491,0.04483774,0.01280284,0.07314301,0.01164392,-0.4503278,0.1913646,0,0,0,0
95,2.906219,1.152313,0.01440392,2.171053,0,0.04605643,0.0005757054,0.04198914,0,0.1153454,0,0.04684354,0.01244874,0.08702711,0.01135369,-0.4564436,0.1900757,0,0,0,0
96,0,1.12117,0.01440392,1.797068,0.204033,0.05032607,0.0006465502,0.06692651,0,0,0.0543506,0.04559729,0.01359737,0.07240517,0.0180546,-0.4503561,0.1902821,0,0,0,0
97,0,1.091665,0.01440392,1.418126,0.09318699,0.05145399,0.0006789068,0.05787828,0,0,0.02507757,0.04441564,0.01390066,0.05743673,0.01562686,-0.4493515,0.1904967,0,0,0,0
98,0,1.063674,0.01440392,1.380231,0,0.05013466,0.0006789068,0.05787828,0,0,0,0.04329369,0.0135459,0.05593131,0.01562686,-0.448503,0.1895964,0,0,0,0
99,3.549664,1.125824,0.01563644,1.10549,0,0.04888129,0.0006789068,0.05787828,0,0.1396825,0,0.04578359,0.01320879,0.04496942,0.01562686,-0.4481612,0.1884985,0,0,0,0
100,0,1.098365,0.01563644,1.10549,0.05322925,0.04898734,0.0006973892,0.05482603,0,0,0.01437787,0.04468403,0.01323732,0.04496942,0.01480698,-0.4506707,0.1877436,0,0,0,0
101,3.694528,1.160178,0.01691926,1.16488,0,0.04782097,0.0006973892,0.05345605,0,0.1451056,0,0.04715807,0.01292355,0.04734612,0.01443883,-0.442313,0.1877067,0,0,0,0
102,0,1.133197,0.01691926,1.16488,0.2321289,0.0521072,0.0007779895,0.05915702,0,0,0.06167697,0.0460787,0.01407627,0.04734612,0.01597021,-0.446668,0.191156,0,0,0,0
103,3.845305,1.194836,0.01825444,1.634862,0,0.05092295,0.0007779895,0.04880291,0,0.1507284,0,0.04854338,0.01375787,0.06601696,0.01318771,-0.4484225,0.1886441,0,0,0,0
104,0,1.168284,0.01825444,1.634862,0,0.04979133,0.0007779895,0.04880291,0,0,0,0.0474822,0.01345356,0.06601696,0.01318771,-0.4501686,0.1871789,0,0,0,0
105,0,1.142886,0.01825444,1.240455,0,0.04870891,0.0007779895,0.04772525,0,0,0,0.04646642,0.01316242,0.0503648,0.0128978,-0.448078,0.1889,0,0,0,0
106,2.906219,1.180404,0.01926354,1.59566,0.2491623,0.05297387,0.0008645042,0.07164849,0,0.1153454,0.0661006,0.0479667,0.01430923,0.06446877,0.01931995,-0.4469191,0.1856258,0,0,0,0
107,0,1.155812,0.01926354,1.185156,0.1335677,0.05465291,0.0009108819,0.08797342,0,0,0.03581049,0.04698349,0.01476046,0.04815662,0.023686,-0.4443203,0.1868285,0,0,0,0
108,0,1.132224,0.01926354,1.185156,0.06766764,0.05491852,0.0009343776,0.06983624,0,0,0.01825328,0.04603978,0.01483183,0.04815662,0.01883445,-0.4493822,0.1892731,0,0,0,0
109,2.682778,1.163235,0.02019506,1.04307,0.08264944,0.05547314,0.0009630753,0.07927099,0,0.1067972,0.02226357,0.04728034,0.01498084,0.04246729,0.02136021,-0.4446171,0.1888126,0,0,0,0
110,0,1.140427,0.02019506,1.04307,0.2246645,0.05879061,0.001041084,0.1056946,0,0,0.05973415,0.04636801,0.01587183,0.04246729,0.02841055,-0.4489706,0.187048,0,0,0,0
111,3.549664,1.186758,0.02142758,1.476918,0,0.05766003,0.001041084,0.1056946,0,0.1396825,0,0.04822064,0.01556824,0.05976925,0.02841055,-0.4475562,0.1855835,0,0,0,0
112,0,1.164367,0.02142758,1.154004,0.2386357,0.06107466,0.001123943,0.1071765,0,0,0.0633684,0.04732558,0.01648495,0.04691117,0.02880492,-0.447951,0.1858511,0,0,0,0
113,0,1.142804,0.02142758,1.154004,0.06001581,0.06105505,0.001144782,0.09967087,0,0,0.01620075,0.04646314,0.01647969,0.04691117,0.02680633,-0.4433646,0.185574,0,0,0,0
114,0,1.122026,0.02142758,1.154004,0.1582013,0.06282135,0.001199713,0.1107656,0,0,0.04231897,0.04563157,0.01695365,0.04691117,0.02975966,-0.4470533,0.1874037,0,0,0,0
115,0,1.10199,0.02142758,0.8261093,0.08264944,0.06317542,0.001228411,0.1116839,0,0,0.02226357,0.04482925,0.01704864,0.03373639,0.03000384,-0.4449384,0.1868012,0,0,0,0
116,0,1.082657,0.02142758,0.8261093,0,0.06206708,0.001228411,0.08383086,0,0,0,0.04405466,0.01675127,0.03373639,0.02257933,-0.4432319,0.1859849,0,0,0,0
117,0,1.06399,0.02142758,0.4317023,0.07330348,0.06226081,0.001253864,0.09279017,0,0,0.01976317,0.04330638,0.01680325,0.01772809,0.0249717,-0.4493147,0.1868543,0,0,0,0
118,3.276752,1.101495,0.02256534,0.7999029,0.1446921,0.06365795,0.001304104,0.08395969,0,0.1294102,0.03875333,0.04480942,0.01717808,0.03267821,0.02261376,-0.4441103,0.1834775,0,0,0,0
119,0,1.083137,0.02256534,0.7999029,0,0.06259699,0.001304104,0.07729126,0,0,0,0.04407388,0.01689345,0.03267821,0.02083058,-0.4490677,0.1846644,0,0,0,0
120,2.792264,1.111155,0.02353488,1.10757,0.1184639,0.06351284,0.001345237,0.07419225,0,0.1109921,0.03180535,0.04519631,0.01713916,0.04505276,0.02000114,-0.444414,0.184883,0,0,0,0
121,3.845305,1.155254,0.02487006,1.539658,0,0.06248844,0.001345237,0.06296521,0,0.1507284,0,0.04696116,0.01686433,0.06225427,0.01699224,-0.446603,0.1842734,0,0,0,0
122,2.682778,1.179501,0.02580158,1.867553,0,0.06149656,0.001345237,0.06296521,0,0.1067972,0,0.04793058,0.01659817,0.07517233,0.01699224,-0.4476149,0.1843723,0,0,0,0
123,0,1.161071,0.02580158,1.796694,0,0.06053567,0.001345237,0.05482038,0,0,0,0.04719378,0.01634029,0.07239049,0.01480546,-0.4406016,0.1856473,0,0,0,0
124,0,1.143208,0.02580158,1.43261,0,0.05960435,0.001345237,0.03778767,0,0,0,0.0464793,0.0160903,0.05801176,0.01022165,-0.4402917,0.1857692,0,0,0,0
125,0,1.125887,0.02580158,1.400319,0,0.05870126,0.001345237,0.03778767,0,0,0,0.04578612,0.01584784,0.05672953,0.01022165,-0.4429301,0.1810647,0,0,0,0
126,0,1.109083,0.02580158,1.090068,0.2231748,0.06115609,0.001422728,0.0496349,0,0,0.0593461,0.04511332,0.0165068,0.04435162,0.01341149,-0.4457789,0.1810718,0,0,0,0
127,0,1.092773,0.02580158,0.6628115,0.1335677,0.06222096,0.001469106,0.06492443,0,0,0.03581049,0.04446001,0.01679256,0.02712995,0.01751777,-0.4365228,0.1831827,0,0,0,0
128,0,1.076935,0.02580158,0.3647251,0.06246511,0.0622245,0.001490795,0.07255905,0,0,0.01685807,0.04382534,0.01679351,0.01499187,0.01956382,-0.4459383,0.1811348,0,0,0,0
129,0,1.061551,0.02580158,0.3252844,0,0.06133558,0.001490795,0.07255905,0,0,0,0.04320855,0.01655497,0.01337817,0.01956382,-0.4381713,0.1812144,0,0,0,0
130,0,1.046599,0.02580158,0.3252844,0,0.0604717,0.001490795,0.07196761,0,0,0,0.04260888,0.01632312,0.01337817,0.01940543,-0.4365257,0.1805553,0,0,0,0
131,0,1.032063,0.02580158,0.284234,0,0.05963181,0.001490795,0.07196761,0,0,0,0.04202562,0.01609767,0.0116967,0.01940543,-0.4278392,0.1811862,0,0,0,0
132,0,1.017925,0.02580158,0.284234,0,0.05881494,0.001490795,0.0445912,0,0,0,0.04145812,0.01587836,0.0116967,0.01205435,-0.438031,0.1818586,0,0,0,0
133,0,1.004169,0.02580158,0.2415084,0.2216681,0.06101566,0.001567763,0.05684312,0,0,0.05895352,0.04090574,0.01646911,0.009944512,0.01534885,-0.4416143,0.1796947,0,0,0,0
134,0,0.9907805,0.02580158,0.2415084,0.1627306,0.06237186,0.001624267,0.06979185,0,0,0.04351246,0.04036789,0.01683305,0.009944512,0.01882256,-0.4402564,0.1823463,0,0,0,0
135,0,0.9777439,0.02580158,0.2415084,0,0.06155118,0.001624267,0.06979185,0,0,0,0.03984401,0.01661283,0.009944512,0.01882256,-0.4377073,0.1804136,0,0,0,0
136,2.577585,0.9985211,0.02669657,0.5242553,0,0.06075181,0.001624267,0.06702338,0,0.1027552,0,0.04067887,0.0163983,0.02150064,0.01808058,-0.4350247,0.177172,0,0,0,0
137,2.577585,1.018765,0.02759156,0.8392934,0,0.05997294,0.001624267,0.06553929,0,0.1027552,0,0.04149186,0.01618924,0.03426845,0.01768266,-0.438487,0.178661,0,0,0,0
138,0,1.00587,0.02759156,0.8392934,0.1446921,0.06104533,0.001674507,0.08247202,0,0,0.03875333,0.04097403,0.01647708,0.03426845,0.02221614,-0.4328774,0.1820325,0,0,0,0
139,0,0.9932963,0.02759156,0.8094847,0.07042921,0.06116263,0.001698962,0.06553192,0,0,0.01899333,0.04046898,0.01650856,0.0330652,0.01768069,-0.4325692,0.1761031,0,0,0,0
140,0,0.9810334,0.02759156,0.8094847,0,0.06040754,0.001698962,0.04495447,0,0,0,0.03997622,0.0163059,0.0330652,0.01215214,-0.4320059,0.1769425,0,0,0,0
141,0,0.9690696,0.02759156,0.770044,0,0.05967086,0.001698962,0.04495447,0,0,0,0.03949531,0.01610815,0.0314716,0.01215214,-0.4388758,0.1799556,0,0,0,0
142,0,0.9573941,0.02759156,0.4836457,0.08264944,0.05994771,0.00172766,0.05240456,0,0,0.02226357,0.03902584,0.01618247,0.01984657,0.0141562,-0.4315615,0.1799118,0,0,0,0
143,0,0.9459965,0.02759156,0.1972474,0.1505971,0.06102687,0.00177995,0.07014403,0,0,0.04031298,0.03856741,0.01647212,0.008127114,0.01891692,-0.4269519,0.1795271,0,0,0,0
144,0,0.9348671,0.02759156,0.1972474,0.1232985,0.06175948,0.001822762,0.06737915,0,0,0.03308857,0.03811961,0.01666873,0.008127114,0.01817595,-0.4324794,0.1775609,0,0,0,0
145,0,0.9239966,0.02759156,0.1972474,0,0.06104134,0.001822762,0.05863536,0,0,0,0.0376821,0.01647601,0.008127114,0.01583014,-0.431997,0.1757026,0,0,0,0
146,2.682778,0.9442125,0.02852308,0.5251425,0.1914464,0.06254025,0.001889237,0.08203437,0,0.1067972,0.05105638,0.03849563,0.01687823,0.02153676,0.02209915,-0.434708,0.1776892,0,0,0,0
147,0,0.9334828,0.02852308,0.5251425,0.2786682,0.06499625,0.001985997,0.1152793,0,0,0.07373143,0.0380639,0.01753704,0.02153676,0.03095946,-0.4314146,0.1767788,0,0,0,0
148,0,0.9229942,0.02852308,0.4887342,0.08264944,0.0651946,0.002014694,0.11459,0,0,0.02226357,0.03764175,0.01759023,0.02005393,0.03077629,-0.4344603,0.1769047,0,0,0,0
149,0,0.9127387,0.02852308,0.4887342,0.07940871,0.06535254,0.002042267,0.1075625,0,0,0.02139704,0.03722886,0.01763258,0.02005393,0.02890764,-0.4356479,0.1783858,0,0,0,0
150,0,0.9127387,0.02852308,0.457709,0,0.06535254,0.002042267,0.09254638,0,0,0,0.03722886,0.01763258,0.01878915,0.02490665,-0.4313834,0.1754842,0,0,0,0
151,0,0.8763304,0.02852308,0.4149834,0.1009483,0.0651042,0.002077318,0.1048845,0,0,0.02714667,0.03576208,0.01756599,0.01704556,0.02819491,-0.4308656,0.1750607,0,0,0,0
152,0,0.8763304,0.02852308,0.08708831,0,0.06317236,0.002077318,0.08361267,0,0,0,0.03576208,0.01704782,0.003593913,0.02252102,-0.4325345,0.1752342,0,0,0,0
153,0,0.8763304,0.02852308,0.08708831,0,0.06200494,0.002077318,0.05264953,0,0,0,0.03576208,0.01673459,0.003593913,0.01422205,-0.4320179,0.1762027,0,0,0,0
154,2.577585,0.9049702,0.02941808,0.4021264,0.1283304,0.06254852,0.002121877,0.05915109,0,0.1027552,0.03442296,0.03691601,0.01688045,0.01652047,0.01596861,-0.4269365,0.1785611,0,0,0,0
155,0,0.9049702,0.02941808,0.4021264,0,0.06147085,0.002121877,0.05032789,0,0,0,0.03691601,0.01659127,0.01652047,0.01359786,-0.4330881,0.1744039,0,0,0,0
156,0,0.867076,0.02941808,0.4021264,0,0.06147085,0.002121877,0.04784818,0,0,0,0.03538901,0.01659127,0.01652047,0.01293087,-0.4292766,0.1761762,0,0,0,0
157,0,0.867076,0.02941808,0.4021264,0,0.06147085,0.002121877,0.03514762,0,0,0,0.03538901,0.01659127,0.01652047,0.009509855,-0.4312015,0.1744522,0,0,0,0
158,0,0.8291818,0.02941808,0.4021264,0.06766764,0.06222271,0.002145373,0.04272405,0,0,0.01825328,0.0338604,0.01679303,0.01652047,0.01155161,-0.4265669,0.17624,0,0,0,0
159,3.148269,0.8641625,0.03051123,0.7869149,0.2782598,0.06531449,0.002241991,0.07673358,0,0.1245487,0.07362606,0.03527155,0.01762238,0.03215348,0.02068136,-0.429781,0.1767749,0,0,0,0
160,0,0.8641625,0.03051123,0.5005166,0,0.06531449,0.002241991,0.06247464,0,0,0,0.03527155,0.01762238,0.02053397,0.01686063,-0.4258366,0.1728148,0,0,0,0
161,0,0.7949132,0.03051123,0.5005166,0,0.0639445,0.002241991,0.06247464,0,0,0,0.03247664,0.01725495,0.02053397,0.01686063,-0.4217204,0.1730029,0,0,0,0
162,0,0.7949132,0.03051123,0.5005166,0.08953307,0.06493932,0.002273079,0.07341758,0,0,0.02410243,0.03247664,0.01752177,0.02053397,0.01979372,-0.4295291,0.1739018,0,0,0,0
163,0,0.7949132,0.03051123,0.5005166,0.1697978,0.06682596,0.002332037,0.09170766,0,0,0.04537273,0.03247664,0.01802765,0.02053397,0.02468285,-0.4278981,0.1704706,0,0,0,0
164,0,0.7949132,0.03051123,0.5005166,0.09318699,0.06786137,0.002364393,0.09377043,0,0,0.02507757,0.03247664,0.01830521,0.02053397,0.02523321,-0.4224329,0.1762148,0,0,0,0
165,0,0.7949132,0.03051123,0.1507089,0,0.0667837,0.002364393,0.06285268,0,0,0,0.03247664,0.01801632,0.006213726,0.01696205,-0.4265377,0.1731465,0,0,0,0
166,2.577585,0.823553,0.03140622,0.4371072,0.2401302,0.06883624,0.002447772,0.09220193,0,0.1027552,0.06375661,0.0336332,0.01856649,0.01794868,0.02481474,-0.4264497,0.1736281,0,0,0,0
167,0,0.823553,0.03140622,0.4084674,0.1767273,0.07079988,0.002509135,0.1138019,0,0,0.04719446,0.0336332,0.01909263,0.01677947,0.03056687,-0.4256831,0.1685396,0,0,0,0
168,2.792264,0.8545782,0.03237576,0.7497441,0.1138188,0.07144896,0.002548656,0.1161573,0,0.1109921,0.03057136,0.03488505,0.0192665,0.03065069,0.03119272,-0.4265023,0.1715459,0,0,0,0
169,0,0.8118526,0.03237576,0.7497441,0.1301327,0.07222804,0.002593841,0.1124135,0,0,0.03490062,0.03316082,0.01947518,0.03065069,0.0301978,-0.4307871,0.1713063,0,0,0,0
170,0,0.8118526,0.03237576,0.7497441,0.09699002,0.07227029,0.002627518,0.1139137,0,0,0.0260918,0.03316082,0.01948649,0.03065069,0.03059657,-0.4246552,0.1714884,0,0,0,0
171,2.682778,0.8416612,0.03330728,1.077639,0.2543689,0.07509661,0.00271584,0.1450032,0,0.1067972,0.06745007,0.03436399,0.02024324,0.04385356,0.03883554,-0.4262585,0.1694965,0,0,0,0
172,0,0.8416612,0.03330728,0.7912409,0,0.07509661,0.00271584,0.1174038,0,0,0,0.03436399,0.02024324,0.03232827,0.03152381,-0.4253257,0.1715708,0,0,0,0
173,0,0.8416612,0.03330728,0.7912409,0.07940871,0.07597893,0.002743413,0.1057996,0,0,0.02139704,0.03436399,0.0204794,0.03232827,0.0284385,-0.4259667,0.1694341,0,0,0,0
174,3.024824,0.8752704,0.03435757,0.85069,0,0.07525655,0.002743413,0.09178308,0,0.1198624,0,0.03571936,0.02028605,0.03472822,0.02470298,-0.4278623,0.1724366,0,0,0,0
175,0,0.8454617,0.03435757,0.85069,0,0.07525655,0.002743413,0.07732389,0,0,0,0.03451731,0.02028605,0.03472822,0.02083931,-0.4224277,0.1694812,0,0,0,0
176,0,0.8454617,0.03435757,0.8208814,0,0.07236622,0.002743413,0.06442004,0,0,0,0.03451731,0.01951218,0.03352535,0.0173825,-0.4247289,0.1710199,0,0,0,0
177,0,0.8454617,0.03435757,0.5227949,0,0.07236622,0.002743413,0.03306051,0,0,0,0.03451731,0.01951218,0.02144119,0.008946896,-0.4180233,0.1689598,0,0,0,0
178,0,0.8131704,0.03435757,0.5227949,0.2154539,0.07476015,0.002818223,0.05847544,0,0,0.05733323,0.03321403,0.02015317,0.02144119,0.0157872,-0.4237643,0.1694598,0,0,0,0
179,0,0.8131704,0.03435757,0.5227949,0.05322925,0.07535159,0.002836706,0.05527573,1,0,0.01437787,0.03321403,0.02031149,0.02144119,0.0149278,-0.4205405,0.1648515,0,0,0,0
180,3.845305,0.8222868,0.03569274,0.6566851,0,0.07535159,0.002836706,0.05527573,1,0.1507284,0,0.03358209,0.02031149,0.0268815,0.0149278,-0.4206244,0.1718914,0,0,0,0
181,3.148269,0.8193734,0.03678589,1.041474,0.1232985,0.0746778,0.002879518,0.06922389,1,0.1245487,0.03308857,0.03346448,0.02013113,0.04240324,0.01867037,-0.4259602,0.1688243,0,0,0,0
182,3.148269,0.8543542,0.03787904,1.426262,0.1767273,0.07664143,0.002940881,0.0908239,1,0.1245487,0.04719446,0.03487601,0.0206567,0.05775976,0.02444699,-0.4250531,0.167448,0,0,0,0
183,0,0.7834952,0.03787904,1.426262,0,0.07664143,0.002940881,0.0908239,1,0,0,0.03201529,0.0206567,0.05775976,0.02444699,-0.4205823,0.1641569,0,0,0,0
184,3.549664,0.8229359,0.03911156,1.83147,0.1348103,0.07718352,0.00298769,0.0819355,1,0.1396825,0.03613951,0.03360829,0.02080176,0.07375642,0.02207271,-0.4222654,0.1710982,0,0,0,0
185,0,0.7906446,0.03911156,1.83147,0.2456404,0.07991286,0.003072982,0.1060438,1,0,0.06518705,0.03230418,0.02153188,0.07375642,0.02850351,-0.4168628,0.1681225,0,0,0,0
186,0,0.7906446,0.03911156,1.404214,0.1390187,0.07919048,0.003121253,0.123035,1,0,0.03725323,0.03230418,0.02133867,0.05688424,0.03301867,-0.4209737,0.1672094,0,0,0,0
187,0,0.7906446,0.03911156,1.054406,0.07940871,0.07903738,0.003148825,0.1190407,1,0,0.02139704,0.03230418,0.02129772,0.04292203,0.03195851,-0.4250061,0.1708736,0,0,0,0
188,2.792264,0.8216698,0.0400811,1.045875,0,0.07903738,0.003148825,0.09865246,1,0.1109921,0,0.03355718,0.02129772,0.04257984,0.02653494,-0.4167135,0.1655383,0,0,0,0
189,0,0.7822291,0.0400811,1.010894,0.2533085,0.08185192,0.003236779,0.1265206,1,0,0.06717533,0.03196412,0.02205037,0.04117582,0.03394318,-0.4163451,0.1674473,0,0,0,0
190,0,0.7822291,0.0400811,0.6164874,0,0.08126049,0.003236779,0.1115417,1,0,0,0.03196412,0.02189224,0.02525032,0.02996603,-0.4208511,0.1683539,0,0,0,0
191,3.148269,0.7761595,0.04117425,1.001276,0,0.08126049,0.003236779,0.08424832,1,0.1245487,0,0.03171881,0.02189224,0.04078952,0.02269089,-0.415612,0.1674127,0,0,0,0
192,3.024824,0.8097687,0.04222453,1.370977,0,0.07868128,0.003236779,0.06780699,1,0.1198624,0,0.03307667,0.02120247,0.0555634,0.01829063,-0.4193973,0.1647113,0,0,0,0
193,0,0.7670431,0.04222453,1.370977,0,0.07868128,0.003236779,0.05709716,1,0,0,0.03135027,0.02120247,0.0555634,0.01541708,-0.4142157,0.1663657,0,0,0,0
194,3.276752,0.8034514,0.04336229,1.461217,0.08953307,0.07967609,0.003267867,0.06700468,1,0.1294102,0.02410243,0.03282154,0.02146856,0.05914671,0.01807556,-0.4113295,0.1666814,0,0,0,0
195,3.845305,0.846177,0.04469747,1.931199,0.1184639,0.08099235,0.003309001,0.05333821,1,0.1507284,0.03180535,0.03454617,0.02182055,0.07766642,0.01440716,-0.4146923,0.1632587,0,0,0,0
196,2.577585,0.8425255,0.04559246,2.217597,0.2098627,0.08055569,0.00338187,0.07631998,1,0.1027552,0.05587383,0.03439886,0.02170379,0.08883652,0.02057067,-0.4187249,0.1631348,0,0,0,0
197,0,0.8425255,0.04559246,1.867789,0.06766764,0.07982347,0.003405365,0.08262683,1,0,0.01825328,0.03439886,0.02150797,0.0751816,0.02225753,-0.4216184,0.1636136,0,0,0,0
198,0,0.8425255,0.04559246,1.500672,0,0.07907161,0.003405365,0.08136218,1,0,0,0.03439886,0.02130687,0.06071064,0.02191943,-0.415673,0.1638674,0,0,0,0
199,0,0.8127169,0.04559246,1.500672,0,0.07815328,0.003405365,0.07991626,1,0,0,0.03319572,0.02106122,0.06071064,0.02153279,-0.4139777,0.1631766,0,0,0,0
200,2.577585,0.8413567,0.04648746,1.451627,0.07940871,0.07653933,0.003432938,0.07859598,1,0.1027552,0.02139704,0.0343517,0.02062937,0.05876634,0.02117965,-0.4161566,0.1636864,0,0,0,0
201,0,0.801916,0.04648746,0.9945623,0.07940871,0.07742165,0.00346051,0.07231252,1,0,0.02139704,0.03275952,0.02086547,0.04051984,0.0194978,-0.4176662,0.1647961,0,0,0,0
202,0,0.801916,0.04648746,0.708164,0,0.07477014,0.00346051,0.04899444,1,0,0,0.03275952,0.02015585,0.02896778,0.01323923,-0.4087751,0.1648141,0,0,0,0
203,2.577585,0.8305558,0.04738245,1.023202,0.05540158,0.07471887,0.003479747,0.0473648,1,0.1027552,0.01496161,0.03391585,0.02014212,0.04166997,0.01280082,-0.4181314,0.15866,0,0,0,0
204,0,0.8305558,0.04738245,0.989593,0,0.07296108,0.003479747,0.0473648,1,0,0,0.03391585,0.01967148,0.04032018,0.01280082,-0.4128486,0.1624571,0,0,0,0
205,0,0.8305558,0.04738245,0.989593,0,0.07204275,0.003479747,0.0473648,1,0,0,0.03391585,0.01942555,0.04032018,0.01280082,-0.4122885,0.1623437,0,0,0,0
206,2.682778,0.8603645,0.04831397,1.03109,0,0.07204275,0.003479747,0.03854161,1,0.1067972,0,0.0351184,0.01942555,0.04198657,0.01042485,-0.4146282,0.1643919,0,0,0,0
207,3.024824,0.8939736,0.04936426,1.40079,0.07330348,0.07204275,0.003505199,0.03867773,1,0.1198624,0.01976317,0.03647306,0.01942555,0.05674826,0.01046154,-0.4127503,0.1623837,0,0,0,0
208,0,0.8575653,0.04936426,1.40079,0.06766764,0.07118692,0.003528695,0.04455429,1,0,0.01825328,0.03500551,0.01919631,0.05674826,0.01204441,-0.4105961,0.1637879,0,0,0,0
209,0,0.8575653,0.04936426,1.114392,0,0.07118692,0.003528695,0.03780712,1,0,0,0.03500551,0.01919631,0.04532593,0.01022689,-0.4155791,0.1633091,0,0,0,0
210,0,0.8265401,0.04936426,1.071667,0,0.06987066,0.003528695,0.03780712,1,0,0,0.03375378,0.01884368,0.04361414,0.01022689,-0.4156214,0.1603974,0,0,0,0
211,0,0.7838145,0.04936426,1.036686,0.1767273,0.07183429,0.003590059,0.05803715,1,0,0.04719446,0.03202819,0.01936972,0.04221113,0.01566952,-0.4100659,0.162315,0,0,0,0
212,2.906219,0.7862972,0.05037336,1.058823,0,0.07183429,0.003590059,0.05607351,1,0.1153454,0,0.03212852,0.01936972,0.04309918,0.01514212,-0.4088206,0.1593544,0,0,0,0
213,0,0.7862972,0.05037336,0.7227315,0,0.07183429,0.003590059,0.04792868,1,0,0,0.03212852,0.01936972,0.02955761,0.01295253,-0.4062572,0.1617117,0,0,0,0
214,0,0.7862972,0.05037336,0.6832908,0,0.07183429,0.003590059,0.03891216,1,0,0,0.03212852,0.01936972,0.02796013,0.01052472,-0.4138108,0.161765,0,0,0,0
215,0,0.7862972,0.05037336,0.6832908,0,0.07183429,0.003590059,0.03618282,1,0,0,0.03212852,0.01936972,0.02796013,0.009789001,-0.4110568,0.1606971,0,0,0,0
216,0,0.7862972,0.05037336,0.6832908,0.08264944,0.0702729,0.003618757,0.04473977,1,0,0.02226357,0.03212852,0.01895145,0.02796013,0.01209434,-0.4184808,0.1578289,0,0,0,0
217,0,0.7862972,0.05037336,0.6832908,0,0.06878881,0.003618757,0.02422108,1,0,0,0.03212852,0.01855378,0.02796013,0.006560182,-0.406936,0.1590673,0,0,0,0
218,0,0.7862972,0.05037336,0.3293525,0.05322925,0.06868619,0.003637239,0.03072688,1,0,0.01437787,0.03212852,0.01852628,0.0135447,0.00831718,-0.4046444,0.1562123,0,0,0,0
219,0,0.7862972,0.05037336,0.3293525,0.1009483,0.06980784,0.00367229,0.04025046,1,0,0.02714667,0.03212852,0.01882685,0.0135447,0.01088533,-0.4026034,0.1617534,0,0,0,0
220,3.845305,0.8290228,0.05170854,0.7993342,0,0.06980784,0.00367229,0.04025046,1,0.1507284,0,0.03385398,0.01882685,0.03265524,0.01088533,-0.4094863,0.1601122,0,0,0,0
221,0,0.8290228,0.05170854,0.7643534,0,0.06980784,0.00367229,0.04025046,1,0,0,0.03385398,0.01882685,0.03124152,0.01088533,-0.4076644,0.1595151,0,0,0,0
222,0,0.8290228,0.05170854,0.7307442,0,0.06980784,0.00367229,0.03106719,1,0,0,0.03385398,0.01882685,0.02988194,0.008409028,-0.4060581,0.1600799,0,0,0,0
223,3.148269,0.8640036,0.05280169,1.115533,0,0.06734486,0.00367229,0.03106719,1,0.1245487,0,0.03526514,0.01816676,0.0453716,0.008409028,-0.4030998,0.157721,0,0,0,0
224,2.792264,0.8950287,0.05377122,1.420401,0,0.06553675,0.00367229,0.02415801,1,0.1109921,0,0.03651557,0.01768198,0.05752708,0.006543139,-0.4076561,0.1541988,0,0,0,0
225,0,0.8950287,0.05377122,1.377675,0.1363109,0.06705131,0.003719621,0.02828549,1,0,0.03653673,0.03651557,0.01808806,0.05582971,0.007658095,-0.404821,0.1597106,0,0,0,0
226,0,0.8663889,0.05377122,0.9217796,0.1390187,0.06859596,0.003767891,0.04294485,1,0,0.03725323,0.03536131,0.01850209,0.03759285,0.01161108,-0.4085152,0.156359,0,0,0,0
227,2.792264,0.8687742,0.05474076,1.263056,0,0.06859596,0.003767891,0.04219299,1,0.1109921,0,0.03545748,0.01850209,0.05126634,0.01140859,-0.4038684,0.1548954,0,0,0,0
228,2.577585,0.8974141,0.05563575,1.578094,0,0.06698827,0.003767891,0.04219299,1,0.1027552,0,0.03661166,0.01807116,0.06377455,0.01140859,-0.4044172,0.1564132,0,0,0,0
229,2.682778,0.9272227,0.05656727,1.556182,0,0.06620573,0.003767891,0.04219299,1,0.1067972,0,0.03781196,0.01786136,0.06290804,0.01140859,-0.4071782,0.1573667,0,0,0,0
230,0,0.9272227,0.05656727,1.21729,0,0.06620573,0.003767891,0.04131067,1,0,0,0.03781196,0.01786136,0.04944021,0.01117095,-0.4046944,0.1598728,0,0,0,0
231,0,0.9272227,0.05656727,1.21729,0,0.06620573,0.003767891,0.0252827,1,0,0,0.03781196,0.01786136,0.04944021,0.006847036,-0.4106495,0.1518162,0,0,0,0
232,2.682778,0.9570313,0.05749879,1.545186,0,0.0652874,0.003767891,0.009836184,1,0.1067972,0,0.03901126,0.01761512,0.062473,0.002667689,-0.4053691,0.1571006,0,0,0,0
233,0,0.9570313,0.05749879,1.206294,0,0.0636141,0.003767891,0.00922061,1,0,0,0.03901126,0.01716632,0.04900109,0.002500883,-0.4031643,0.1552507,0,0,0,0
234,4.165569,1.003315,0.05894517,1.429021,0.1631399,0.06405678,0.003824537,0.02915993,1,0.1625996,0.04362026,0.04087145,0.01728506,0.05786928,0.007894196,-0.4016915,0.1555991,0,0,0,0
235,0,1.003315,0.05894517,1.130934,0.1093559,0.06527185,0.003862508,0.04252566,1,0,0.02938476,0.04087145,0.01761094,0.04598815,0.01149819,-0.40253,0.1545054,0,0,0,0
236,2.577585,1.002147,0.05984017,1.416164,0,0.06314466,0.003862508,0.04252566,1,0.1027552,0,0.0408245,0.01704039,0.05735884,0.01149819,-0.3988654,0.1511208,0,0,0,0
237,0,1.002147,0.05984017,1.382555,0.0511421,0.06061659,0.003880265,0.04796188,1,0,0.0138168,0.0408245,0.01636201,0.05602366,0.01296146,-0.4041249,0.1530644,0,0,0,0
238,0,1.002147,0.05984017,1.084468,0,0.05969827,0.003880265,0.04721001,1,0,0,0.0408245,0.01611551,0.04412726,0.01275917,-0.4050535,0.1541764,0,0,0,0
239,3.024824,1.035756,0.06089045,1.454169,0,0.05881595,0.003880265,0.04721001,1,0.1198624,0,0.04217382,0.01587863,0.05886717,0.01275917,-0.3985793,0.155556,0,0,0,0
240,0,1.035756,0.06089045,0.991328,0.2462762,0.06155235,0.003965778,0.05918378,1,0,0.06535201,0.04217382,0.01661314,0.0403899,0.01597739,-0.4022429,0.1522514,0,0,0,0
241,2.792264,1.066781,0.06185999,1.332605,0,0.0604307,0.003965778,0.04506948,1,0.1109921,0,0.04341827,0.01631211,0.05403702,0.0121831,-0.4047458,0.1472146,0,0,0,0
242,0,1.066781,0.06185999,1.013915,0,0.0604307,0.003965778,0.04506948,1,0,0,0.04341827,0.01631211,0.04129712,0.0121831,-0.4032961,0.1510395,0,0,0,0
243,2.476516,1.094298,0.06271989,1.3166,0,0.0604307,0.003965778,0.03938702,1,0.09886099,0,0.04452111,0.01631211,0.05339991,0.01065268,-0.4034822,0.1557729,0,0,0,0
244,0,1.065658,0.06271989,1.3166,0,0.05900481,0.003965778,0.03938702,1,0,0,0.04337325,0.01592934,0.05339991,0.01065268,-0.400338,0.1515528,0,0,0,0
245,2.577585,1.094298,0.06361489,1.295547,0.0511421,0.05957306,0.003983535,0.04563773,1,0.1027552,0.0138168,0.04452111,0.01608189,0.05256137,0.01233605,-0.3956287,0.1522631,0,0,0,0
246,0,1.094298,0.06361489,1.295547,0.2121447,0.06193022,0.004057197,0.04328417,1,0,0.05646964,0.04452111,0.01671454,0.05256137,0.01170245,-0.3982452,0.1508243,0,0,0,0
247,0,1.094298,0.06361489,0.9852955,0.07629505,0.06277794,0.004083688,0.05260912,1,0,0.020564,0.04452111,0.016942,0.0401475,0.01421119,-0.3979357,0.1535873,0,0,0,0
248,0,1.094298,0.06361489,0.9852955,0,0.06202608,0.004083688,0.05201769,1,0,0,0.04452111,0.01674027,0.0401475,0.0140522,-0.3973774,0.1493629,0,0,0,0
249,0,1.059317,0.06361489,0.710127,0,0.0589343,0.004083688,0.05089604,1,0,0,0.04311898,0.01591041,0.02904728,0.01375064,-0.3946736,0.1526995,0,0,0,0
250,0,1.059317,0.06361489,0.6674014,0.09699002,0.06001197,0.004117365,0.06275038,1,0,0.0260918,0.04311898,0.01619972,0.02731605,0.01693461,-0.3979625,0.1500881,0,0,0,0
251,0,1.059317,0.06361489,0.3810031,0.1631399,0.06182464,0.004174011,0.07700724,1,0,0.04362026,0.04311898,0.01668621,0.01565736,0.02075459,-0.4031928,0.1520327,0,0,0,0
252,0,1.059317,0.06361489,0.3810031,0.08602243,0.06178563,0.00420388,0.06394946,1,0,0.02316491,0.04311898,0.01667575,0.01565736,0.01725628,-0.3951535,0.1518616,0,0,0,0
253,0,1.059317,0.06361489,0.3460224,0.1755555,0.0618496,0.004264837,0.07692902,1,0,0.04688656,0.04311898,0.01669291,0.01422689,0.02073366,-0.3953279,0.150456,0,0,0,0
254,0,1.059317,0.06361489,0.3149972,0,0.06081419,0.004264837,0.07692902,1,0,0,0.04311898,0.01641504,0.01295698,0.02073366,-0.3927261,0.1506412,0,0,0,0
255,3.845305,1.102043,0.06495006,0.7849789,0,0.06081419,0.004264837,0.07541446,1,0.1507284,0,0.04483136,0.01641504,0.03207525,0.02032832,-0.3954715,0.1468792,0,0,0,0
256,0,1.073403,0.06495006,0.7849789,0.1444231,0.05975078,0.004314984,0.08074484,1,0,0.03868223,0.04368374,0.01612961,0.03207525,0.02175437,-0.3950309,0.1509568,0,0,0,0
257,3.694528,1.114453,0.06623288,1.205507,0,0.05778714,0.004314984,0.06261819,1,0.1451056,0,0.04532837,0.01560238,0.04896966,0.01689914,-0.3917508,0.1482769,0,0,0,0
258,0,1.083428,0.06623288,1.176867,0,0.05652249,0.004314984,0.05306014,1,0,0,0.04408556,0.01526273,0.04782533,0.01433242,-0.3963014,0.1478702,0,0,0,0
259,2.682778,1.113237,0.0671644,1.474954,0,0.05507657,0.004314984,0.03355397,1,0.1067972,0,0.04527966,0.01487429,0.0596914,0.009080018,-0.39279,0.1484818,0,0,0,0
260,3.410479,1.151131,0.0683486,1.89179,0.07330348,0.05481339,0.004340436,0.04251329,1,0.1344528,0.01976317,0.04679623,0.01480358,0.07612263,0.01149486,-0.3966832,0.1484164,0,0,0,0
261,0,1.121322,0.0683486,1.464534,0.1390187,0.05353172,0.004388707,0.05950446,1,0,0.03725323,0.04560339,0.01445916,0.05927826,0.01606348,-0.3901702,0.1478542,0,0,0,0
262,0,1.121322,0.0683486,1.434725,0,0.05353172,0.004388707,0.04345745,1,0,0,0.04560339,0.01445916,0.0580957,0.0117491,-0.388532,0.1471675,0,0,0,0
263,3.024824,1.154931,0.06939888,1.393923,0.07629505,0.05349712,0.004415198,0.0527824,1,0.1198624,0.020564,0.04694825,0.01444987,0.05647542,0.01425777,-0.3937713,0.1485225,0,0,0,0
264,4.335569,1.169495,0.07090429,1.877542,0.1857636,0.05556116,0.004479699,0.07367417,1,0.1688616,0.04956657,0.04753062,0.01500448,0.07556405,0.01986243,-0.3924622,0.148076,0,0,0,0
265,0,1.169495,0.07090429,1.579455,0,0.05556116,0.004479699,0.07245911,1,0,0,0.04753062,0.01500448,0.06382834,0.01953706,-0.3904207,0.1434444,0,0,0,0
266,2.792264,1.20052,0.07187383,1.51315,0.05540158,0.05617673,0.004498936,0.07108558,1,0.1109921,0.01496161,0.04877047,0.01516985,0.06120487,0.01916916,-0.3891776,0.1443122,0,0,0,0
267,0,1.20052,0.07187383,1.51315,0,0.05617673,0.004498936,0.05507082,1,0,0,0.04877047,0.01516985,0.06120487,0.01487275,-0.3915635,0.1443257,0,0,0,0
268,0,1.20052,0.07187383,1.51315,0,0.0537828,0.004498936,0.05507082,1,0,0,0.04877047,0.01452664,0.06120487,0.01487275,-0.3903905,0.1454244,0,0,0,0
269,2.792264,1.231545,0.07284336,1.484726,0.1138188,0.05445602,0.004538456,0.06050478,1,0.1109921,0.03057136,0.05000925,0.01470755,0.06007877,0.016332,-0.3892874,0.143471,0,0,0,0
270,3.024824,1.222429,0.07389365,1.372697,0,0.05445602,0.004538456,0.03712798,1,0.1198624,0,0.04964536,0.01470755,0.0556318,0.01004382,-0.3901309,0.1454483,0,0,0,0
271,0,1.187448,0.07389365,1.341672,0,0.05308604,0.004538456,0.03712798,1,0,0,0.04824821,0.01433938,0.05439784,0.01004382,-0.3900831,0.1449984,0,0,0,0
272,0,1.152467,0.07389365,1.03142,0.07042921,0.05190494,0.004562911,0.03958026,1,0,0.01899333,0.0468497,0.01402189,0.04199982,0.01070475,-0.3892802,0.1412463,0,0,0,0
273,0,1.152467,0.07389365,1.003903,0.1009483,0.05302659,0.004597962,0.05191838,1,0,0.02714667,0.0468497,0.0143234,0.04089506,0.01402551,-0.3871841,0.1457033,0,0,0,0
274,0,1.113027,0.07389365,1.003903,0,0.0515287,0.004597962,0.05191838,1,0,0,0.04527126,0.01392074,0.04089506,0.01402551,-0.382779,0.1439935,0,0,0,0
275,0,1.113027,0.07389365,0.6650119,0,0.04879936,0.004597962,0.0387036,1,0,0,0.04527126,0.01318676,0.02721917,0.01046851,-0.3772764,0.1470162,0,0,0,0
276,0,1.113027,0.07389365,0.3289204,0.2533085,0.05006925,0.004685917,0.06730636,1,0,0.06717533,0.04527126,0.01352831,0.01352702,0.01815644,-0.3861012,0.1407397,0,0,0,0
277,0,1.113027,0.07389365,0.3289204,0.05540158,0.0498025,0.004705153,0.07322995,1,0,0.01496161,0.04527126,0.01345657,0.01352702,0.01974348,-0.3861622,0.1453176,0,0,0,0
278,0,1.082002,0.07389365,0.3289204,0,0.0498025,0.004705153,0.06540448,1,0,0,0.0440284,0.01345657,0.01352702,0.01764651,-0.3848312,0.1417065,0,0,0,0
279,2.906219,1.114293,0.07490275,0.6841249,0,0.04698796,0.004705153,0.054188,1,0.1153454,0,0.04532196,0.01269942,0.02799393,0.01463553,-0.3896184,0.1419781,0,0,0,0
280,0,1.114293,0.07490275,0.6841249,0.2533085,0.0498025,0.004793108,0.08407027,1,0,0.06717533,0.04532196,0.01345657,0.02799393,0.02264331,-0.3894066,0.1430056,0,0,0,0
281,0,1.079312,0.07490275,0.6841249,0.07629505,0.05065023,0.004819599,0.09158255,1,0,0.020564,0.04392061,0.01368454,0.02799393,0.02464946,-0.3851201,0.1455679,0,0,0,0
282,2.906219,1.077994,0.07591185,1.039329,0,0.05065023,0.004819599,0.06248136,1,0.1153454,0,0.04386779,0.01368454,0.04231721,0.01686243,-0.3849234,0.1399191,0,0,0,0
283,0,1.077994,0.07591185,1.039329,0.09699002,0.05172789,0.004853276,0.06622935,1,0,0.0260918,0.04386779,0.01397429,0.04231721,0.01786769,-0.389255,0.1394191,0,0,0,0
284,0,1.041586,0.07591185,1.039329,0,0.05073308,0.004853276,0.06622935,1,0,0,0.04240775,0.01370682,0.04231721,0.01786769,-0.3840441,0.1382895,0,0,0,0
285,0,0.9988604,0.07591185,0.6736906,0,0.04941682,0.004853276,0.06622935,1,0,0,0.0406925,0.01335284,0.02757102,0.01786769,-0.3786744,0.1426292,0,0,0,0
286,0,0.9702205,0.07591185,0.6736906,0.05540158,0.04770058,0.004872513,0.04325056,1,0,0.01496161,0.03954158,0.01289116,0.02757102,0.0116934,-0.3770988,0.1375222,0,0,0,0
287,0,0.9702205,0.07591185,0.6326403,0,0.04694872,0.004872513,0.03477333,1,0,0,0.03954158,0.01268886,0.02590601,0.009408914,-0.3843693,0.1389123,0,0,0,0
288,3.276752,1.006629,0.07704962,0.7102191,0,0.04694872,0.004872513,0.03477333,1,0.1294102,0,0.04100452,0.01268886,0.02905101,0.009408914,-0.3784637,0.1422828,0,0,0,0
289,2.792264,1.037654,0.07801915,1.021687,0,0.04694872,0.004872513,0.02399666,1,0.1109921,0,0.04224999,0.01268886,0.04160915,0.006499536,-0.3803035,0.1390813,0,0,0,0
290,0,1.009014,0.07801915,0.9837929,0.2077391,0.04837461,0.004944644,0.04857251,1,0,0.05531914,0.04110032,0.0130725,0.04008712,0.01312573,-0.3827176,0.1390354,0,0,0,0
291,0,1.009014,0.07801915,0.9837929,0,0.04749229,0.004944644,0.04702786,1,0,0,0.04110032,0.01283512,0.04008712,0.01271016,-0.3835382,0.1388762,0,0,0,0
292,0,1.009014,0.07801915,0.9837929,0,0.04749229,0.004944644,0.04087213,1,0,0,0.04110032,0.01283512,0.04008712,0.01105281,-0.3834353,0.1397274,0,0,0,0
293,0,0.9803744,0.07801915,0.9501838,0.2094479,0.04920392,0.005017369,0.06562359,1,0,0.05576549,0.03994973,0.01329558,0.03873584,0.01770527,-0.3770995,0.1391776,0,0,0,0
294,0,0.9803744,0.07801915,0.5379272,0.09699002,0.05028159,0.005051046,0.07541389,1,0,0.0260918,0.03994973,0.01358541,0.02205709,0.02032817,-0.3839724,0.1351298,0,0,0,0
295,0,0.9803744,0.07801915,0.2276756,0,0.05028159,0.005051046,0.07541389,1,0,0,0.03994973,0.01358541,0.009376769,0.02032817,-0.382195,0.139124,0,0,0,0
296,4.002234,0.995035,0.07940882,0.6858125,0,0.05028159,0.005051046,0.05171619,1,0.1565575,0,0.04053883,0.01358541,0.02806232,0.01397115,-0.3817823,0.1400817,0,0,0,0
297,0,0.9614259,0.07940882,0.6858125,0.1467243,0.05109737,0.005101992,0.06964916,1,0,0.03929026,0.03918798,0.01380477,0.02806232,0.01878433,-0.3785055,0.1372073,0,0,0,0
298,3.024824,0.995035,0.0804591,1.055513,0.09318699,0.05138092,0.005134349,0.08103868,1,0.1198624,0.02507757,0.04053883,0.01388101,0.04296643,0.02183294,-0.3800765,0.1368791,0,0,0,0
299,0,0.995035,0.0804591,1.024488,0.1839397,0.05342469,0.005198217,0.07898356,1,0,0.0490881,0.04053883,0.0144304,0.04172159,0.02128332,-0.3787722,0.1352829,0,0,0,0
300,0,0.995035,0.0804591,0.9908788,0,0.05342469,0.005198217,0.06820689,1,0,0,0.04053883,0.0144304,0.04037185,0.01839782,-0.3767771,0.1359006,0,0,0,0
301,0,0.995035,0.0804591,0.9908788,0,0.05146106,0.005198217,0.06820689,1,0,0,0.04053883,0.01390256,0.04037185,0.01839782,-0.3813722,0.1361126,0,0,0,0
302,0,0.9627437,0.0804591,0.5461861,0,0.05146106,0.005198217,0.06742435,1,0,0,0.03924097,0.01390256,0.02239312,0.01818806,-0.3737102,0.1334337,0,0,0,0
303,0,0.9627437,0.0804591,0.5461861,0,0.05146106,0.005198217,0.05,1,0,0,0.03924097,0.01390256,0.02239312,0.01350968,-0.3784083,0.1370791,0,0,0,0
304,0,0.9627437,0.0804591,0.2100946,0.07940871,0.05234338,0.005225789,0.0493514,1,0,0.02139704,0.03924097,0.01413976,0.008654865,0.01333524,-0.3742651,0.1359997,0,0,0,0
305,0,0.9627437,0.0804591,0.2100946,0,0.05234338,0.005225789,0.02891366,1,0,0,0.03924097,0.01413976,0.008654865,0.007827705,-0.3804986,0.134714,0,0,0,0
306,0,0.9627437,0.0804591,0.2100946,0,0.05142505,0.005225789,0.02609912,1,0,0,0.03924097,0.01389287,0.008654865,0.007067597,-0.3769414,0.131241,0,0,0,0
307,4.165569,1.009028,0.08190548,0.7192196,0.3441857,0.05524933,0.005345298,0.06755068,1,0.1625996,0.09053263,0.04110086,0.01492071,0.02941544,0.01822193,-0.3785987,0.1319307,0,0,0,0
308,0,1.009028,0.08190548,0.7192196,0,0.0546579,0.005345298,0.06755068,1,0,0,0.04110086,0.0147618,0.02941544,0.01822193,-0.3749401,0.1350752,0,0,0,0
309,0,1.009028,0.08190548,0.6869283,0.1567431,0.05527784,0.005399723,0.08670817,1,0,0.0419345,0.04110086,0.01492837,0.02810753,0.02334808,-0.3758785,0.1358248,0,0,0,0
310,0,0.9663022,0.08190548,0.6869283,0,0.05527784,0.005399723,0.07507044,1,0,0,0.03938405,0.01492837,0.02810753,0.02023623,-0.3779894,0.1370986,0,0,0,0
311,0,0.9663022,0.08190548,0.6869283,0.2433761,0.05798202,0.005484229,0.1039687,1,0,0.06459942,0.03938405,0.01565471,0.02810753,0.0279511,-0.3722579,0.1363531,0,0,0,0
312,0,0.9663022,0.08190548,0.654637,0.2705619,0.06098826,0.005578174,0.1370374,1,0,0.07163899,0.03938405,0.01646176,0.02679844,0.036729,-0.3712365,0.1314711,0,0,0,0
313,0,0.9313214,0.08190548,0.191796,0,0.06098826,0.005578174,0.09771685,1,0,0,0.03797692,0.01646176,0.007903116,0.02628556,-0.3737735,0.1327295,0,0,0,0
314,0,0.9002963,0.08190548,0.191796,0,0.06098826,0.005578174,0.09771685,1,0,0,0.03672776,0.01646176,0.007903116,0.02628556,-0.3712147,0.1315913,0,0,0,0
315,3.410479,0.9381905,0.08308968,0.6086324,0,0.0594737,0.005578174,0.08030095,1,0.1344528,0,0.03825334,0.01605522,0.02493136,0.02163567,-0.3715026,0.1292777,0,0,0,0
316,0,0.9381905,0.08308968,0.6086324,0.225605,0.06043577,0.005656509,0.1072593,1,0,0.05997909,0.03825334,0.01631347,0.02493136,0.02882698,-0.3703165,0.1343029,0,0,0,0
317,0,0.9071653,0.08308968,0.6086324,0.2129764,0.06280217,0.005730459,0.106248,1,0,0.05668673,0.03700442,0.0169485,0.02493136,0.02855784,-0.3696443,0.1298767,0,0,0,0
318,0,0.8785255,0.08308968,0.572224,0,0.06280217,0.005730459,0.07618554,1,0,0,0.03585056,0.0169485,0.02345202,0.02053469,-0.3706252,0.132513,0,0,0,0
319,6.600747,0.9220585,0.0853816,1.347957,0.1505971,0.06447547,0.00578275,0.09459185,1,0.2498044,0.04031298,0.03760408,0.01739737,0.0546479,0.02545232,-0.3689495,0.128015,0,0,0,0
320,2.577585,0.9506983,0.0862766,1.662995,0.1505971,0.06614878,0.00583504,0.11069,1,0.1027552,0.04031298,0.03875654,0.01784609,0.06712695,0.02973955,-0.368184,0.1310135,0,0,0,0
321,0,0.9506983,0.0862766,1.284053,0,0.06614878,0.00583504,0.11069,1,0,0,0.03875654,0.01784609,0.05210336,0.02973955,-0.3699161,0.1287431,0,0,0,0
322,0,0.9208897,0.0862766,1.284053,0.07330348,0.06696326,0.005860493,0.09458204,1,0,0.01976317,0.03755703,0.01806446,0.05210336,0.0254497,-0.3687841,0.1321421,0,0,0,0
323,0,0.9208897,0.0862766,1.284053,0.09699002,0.06804093,0.00589417,0.08044514,1,0,0.0260918,0.03755703,0.01835333,0.05210336,0.02167423,-0.3731376,0.1290359,0,0,0,0
324,0,0.8746056,0.0862766,1.284053,0,0.06622826,0.00589417,0.07936747,1,0,0,0.03569256,0.0178674,0.05210336,0.02138601,-0.3715244,0.1321387,0,0,0,0
325,0,0.8746056,0.0862766,0.5506365,0,0.06501319,0.00589417,0.06263446,1,0,0,0.03569256,0.01754158,0.02257416,0.01690351,-0.3633477,0.1287871,0,0,0,0
326,2.906219,0.878257,0.0872857,0.5749734,0,0.06501319,0.00589417,0.04590145,1,0.1153454,0,0.03583974,0.01754158,0.02356378,0.01240703,-0.3669582,0.1291696,0,0,0,0
327,0,0.878257,0.0872857,0.5749734,0,0.06444495,0.00589417,0.04427118,1,0,0,0.03583974,0.01738918,0.02356378,0.01196819,-0.3653833,0.1265291,0,0,0,0
328,6.377306,0.949116,0.08950004,1.320813,0.07330348,0.06525943,0.005919622,0.04405025,1,0.242019,0.01976317,0.0386929,0.01760761,0.05356763,0.01190871,-0.3679225,0.1279712,0,0,0,0
329,0,0.9155068,0.08950004,1.320813,0.08602243,0.06621524,0.005949491,0.04174366,1,0,0.02316491,0.03734032,0.01786391,0.05356763,0.01128757,-0.3629731,0.1290255,0,0,0,0
330,2.577585,0.9441467,0.09039504,1.635851,0,0.06347883,0.005949491,0.04174366,1,0.1027552,0,0.03849299,0.01713003,0.06605598,0.01128757,-0.3614234,0.127722,0,0,0,0
331,0,0.9131215,0.09039504,1.635851,0,0.06347883,0.005949491,0.04174366,1,0,0,0.03724427,0.01713003,0.06605598,0.01128757,-0.3711687,0.1260474,0,0,0,0
332,0,0.9131215,0.09039504,1.312938,0.1138188,0.06474349,0.005989012,0.05565485,1,0,0.03057136,0.03724427,0.01746925,0.05325406,0.01502966,-0.3629284,0.1273312,0,0,0,0
333,0,0.8856047,0.09039504,1.312938,0,0.06474349,0.005989012,0.05565485,1,0,0,0.03613586,0.01746925,0.05325406,0.01502966,-0.3631276,0.1247096,0,0,0,0
334,0,0.8856047,0.09039504,0.6043482,0,0.06474349,0.005989012,0.0466277,1,0,0,0.03613586,0.01746925,0.02475736,0.01260248,-0.3643503,0.1285591,0,0,0,0
335,0,0.8569648,0.09039504,0.6043482,0.105068,0.06534267,0.006025494,0.04991131,1,0,0.02824377,0.0349813,0.01762994,0.02475736,0.01348583,-0.3666058,0.1247764,0,0,0,0
336,0,0.8569648,0.09039504,0.3179499,0,0.0629855,0.006025494,0.04991131,1,0,0,0.0349813,0.01699769,0.01307789,0.01348583,-0.3658691,0.1259847,0,0,0,0
337,0,0.8569648,0.09039504,0.2716658,0,0.06213778,0.006025494,0.04608702,1,0,0,0.0349813,0.01677024,0.01118149,0.01245697,-0.3585018,0.1272215,0,0,0,0
338,0,0.8569648,0.09039504,0.2716658,0.06501436,0.06286016,0.006048068,0.04138668,1,0,0.01754189,0.0349813,0.01696406,0.01118149,0.01119142,-0.3615125,0.1298571,0,0,0,0
339,0,0.8569648,0.09039504,0.2716658,0,0.06286016,0.006048068,0.03964509,1,0,0,0.0349813,0.01696406,0.01118149,0.01072222,-0.3656655,0.123873,0,0,0,0
340,0,0.8569648,0.09039504,0.2716658,0.1138188,0.06304715,0.006087589,0.05355628,1,0,0.03057136,0.0349813,0.01701423,0.01118149,0.01446577,-0.3638685,0.1257915,0,0,0,0
341,0,0.8569648,0.09039504,0.2716658,0,0.06123448,0.006087589,0.03917788,1,0,0,0.0349813,0.01652784,0.01118149,0.01059632,-0.361878,0.1231529,0,0,0,0
342,4.88834,0.9112797,0.09209238,0.8691296,0,0.06027868,0.006087589,0.03617163,1,0.1890369,0,0.03717011,0.01627131,0.03547181,0.009785985,-0.3654194,0.1269405,0,0,0,0
343,6.316698,0.9814653,0.09428567,1.64117,0.08264944,0.05924639,0.006116286,0.04627323,1,0.2398999,0.02226357,0.03999357,0.0159942,0.06626593,0.01250709,-0.3635387,0.1243531,0,0,0,0
344,2.577585,1.010105,0.09518067,1.956209,0.1138188,0.06051104,0.006155807,0.05296061,1,0.1027552,0.03057136,0.04114413,0.01633368,0.07864532,0.01430567,-0.3599665,0.1243082,0,0,0,0
345,0,0.9673795,0.09518067,1.918314,0,0.06051104,0.006155807,0.05296061,1,0,0,0.03942736,0.01633368,0.07716188,0.01430567,-0.3607188,0.1218907,0,0,0,0
346,0,0.9673795,0.09518067,1.918314,0,0.05890634,0.006155807,0.03780735,1,0,0,0.03942736,0.0159029,0.07716188,0.01022695,-0.3583944,0.1228075,0,0,0,0
347,0,0.9263292,0.09518067,1.918314,0.1283304,0.06033223,0.006200366,0.05112577,1,0,0.03442296,0.03777599,0.01628568,0.07716188,0.01381241,-0.3597324,0.1206345,0,0,0,0
348,0,0.9263292,0.09518067,1.375165,0,0.06033223,0.006200366,0.05112577,1,0,0,0.03777599,0.01628568,0.05572994,0.01381241,-0.3602028,0.1234763,0,0,0,0
349,0,0.8965205,0.09518067,0.5999685,0,0.06033223,0.006200366,0.0402692,1,0,0,0.03657566,0.01628568,0.02457946,0.01089038,-0.3575645,0.1245372,0,0,0,0
350,0,0.8586263,0.09518067,0.2849304,0.1830125,0.06155122,0.006263912,0.04831754,1,0,0.04884478,0.03504831,0.01661284,0.01172523,0.01305715,-0.3536166,0.1220428,0,0,0,0
351,0,0.8586263,0.09518067,0.2849304,0.08953307,0.06100138,0.006295,0.05926048,1,0,0.02410243,0.03504831,0.01646528,0.01172523,0.01599798,-0.3614475,0.1223552,0,0,0,0
352,0,0.8586263,0.09518067,0.2849304,0,0.06100138,0.006295,0.05844599,1,0,0,0.03504831,0.01646528,0.01172523,0.0157793,-0.359532,0.1218514,0,0,0,0
353,6.173093,0.8936071,0.0973241,1.039419,0,0.06015366,0.006295,0.04310939,1,0.2348666,0,0.03645829,0.01623775,0.04232083,0.01165538,-0.3500909,0.1207817,0,0,0,0
354,0,0.8454341,0.0973241,1.039419,0,0.05808962,0.006295,0.04310939,1,0,0,0.0345162,0.01568361,0.04232083,0.01165538,-0.3608793,0.1211652,0,0,0,0
355,0,0.8454341,0.0973241,1.039419,0,0.05808962,0.006295,0.04310939,1,0,0,0.0345162,0.01568361,0.04232083,0.01165538,-0.3560123,0.1198231,0,0,0,0
356,2.792264,0.8454341,0.09829364,1.348405,0,0.05747405,0.006295,0.02277468,1,0.1109921,0,0.0345162,0.0155183,0.05466573,0.006169266,-0.3561706,0.1210695,0,0,0,0
357,0,0.8454341,0.09829364,1.348405,0,0.05747405,0.006295,0.01282656,1,0,0,0.0345162,0.0155183,0.05466573,0.003477737,-0.3555788,0.1207753,0,0,0,0
358,5.475042,0.9062679,0.1001947,1.946718,0,0.05747405,0.006295,0.01201207,1,0.2101465,0,0.03696828,0.0155183,0.07827393,0.003257151,-0.3569753,0.1195475,0,0,0,0
359,0,0.8752427,0.1001947,1.260819,0.07042921,0.05699194,0.006319454,0.01966428,1,0,0.01899333,0.03571824,0.01538882,0.0511771,0.005328268,-0.3578816,0.1217597,0,0,0,0
360,6.97128,0.9190923,0.1026153,2.084224,0.2235319,0.05947563,0.00639707,0.04698485,1,0.2626232,0.05943914,0.03748467,0.01605574,0.08364549,0.01269858,-0.3546139,0.1199196,0,0,0,0
361,5.970632,0.9854326,0.1046884,2.813968,0,0.05947563,0.00639707,0.04698485,1,0.2277403,0,0.04015301,0.01605574,0.1118223,0.01269858,-0.3516291,0.1193838,0,0,0,0
362,0,0.9854326,0.1046884,2.503716,0,0.05869308,0.00639707,0.0457202,1,0,0,0.04015301,0.01584564,0.09991006,0.01235825,-0.3531689,0.1151196,0,0,0,0
363,0,0.9854326,0.1046884,2.503716,0,0.05757143,0.00639707,0.0457202,1,0,0,0.04015301,0.01554445,0.09991006,0.01235825,-0.3545279,0.1204229,0,0,0,0
364,0,0.9854326,0.1046884,1.895378,0,0.05757143,0.00639707,0.0457202,1,0,0,0.04015301,0.01554445,0.07626326,0.01235825,-0.3535177,0.1174801,0,0,0,0
365,0,0.9854326,0.1046884,1.895378,0,0.05757143,0.00639707,0.03672731,1,0,0,0.04015301,0.01554445,0.07626326,0.009935801,-0.3476458,0.1178202,0,0,0,0
366,0,0.9854326,0.1046884,1.120792,0.07940871,0.05563921,0.006424642,0.02159594,1,0,0.02139704,0.04015301,0.01502545,0.04558216,0.005850612,-0.3493667,0.118226,0,0,0,0
367,0,0.9854326,0.1046884,0.4573882,0,0.05502364,0.006424642,0.02159594,1,0,0,0.04015301,0.01486007,0.01877606,0.005850612,-0.352051,0.1170517,0,0,0,0
368,0,0.9854326,0.1046884,0.4573882,0.07330348,0.05583812,0.006450095,0.02983287,1,0,0.01976317,0.04015301,0.01507889,0.01877606,0.008075866,-0.3531684,0.1165612,0,0,0,0
369,3.410479,0.9910355,0.1058726,0.8742245,0.1992595,0.05805212,0.006519282,0.05418681,1,0.1344528,0.05310214,0.04037814,0.01567354,0.0356772,0.01463521,-0.3544722,0.1159553,0,0,0,0
370,0,0.9910355,0.1058726,0.8742245,0.2154539,0.05763151,0.006594092,0.07925541,1,0,0.05733323,0.04037814,0.01556059,0.0356772,0.02135604,-0.3539495,0.116467,0,0,0,0
371,2.792264,1.022061,0.1068421,1.215501,0,0.05678379,0.006594092,0.07925541,1,0.1109921,0,0.04162415,0.01533291,0.04936877,0.02135604,-0.3497317,0.1160718,0,0,0,0
372,0,0.9897694,0.1068421,1.161186,0,0.05678379,0.006594092,0.07043222,1,0,0,0.04032727,0.01533291,0.0471984,0.01899413,-0.3513376,0.1165507,0,0,0,0
373,6.455882,1.061501,0.1090838,1.880053,0.07629505,0.05655385,0.006620584,0.07883885,1,0.2447616,0.020564,0.04320658,0.01527115,0.07566252,0.02124461,-0.3469147,0.1162343,0,0,0,0
374,0,1.061501,0.1090838,1.851413,0,0.05655385,0.006620584,0.06942936,1,0,0,0.04320658,0.01527115,0.07453918,0.01872543,-0.3549528,0.1153289,0,0,0,0
375,0,1.061501,0.1090838,1.472471,0,0.05655385,0.006620584,0.04728941,1,0,0,0.04320658,0.01527115,0.05959298,0.01278053,-0.3474441,0.1161957,0,0,0,0
376,4.002234,1.105971,0.1104734,1.961633,0.1232985,0.05730826,0.006663396,0.03841991,1,0.1565575,0.03308857,0.04498869,0.01547377,0.07885755,0.01039205,-0.3506414,0.1134537,0,0,0,0
377,3.549664,1.145411,0.111706,2.085229,0.05540158,0.05792383,0.006682632,0.04376532,1,0.1396825,0.01496161,0.04656744,0.01563909,0.08368468,0.011832,-0.3500649,0.1150154,0,0,0,0
378,2.577585,1.137643,0.112601,2.400267,0.09699002,0.0590015,0.006716309,0.05561965,1,0.1027552,0.0260918,0.04625661,0.01592845,0.09591613,0.0150202,-0.3442138,0.1163881,0,0,0,0
379,0,1.106618,0.112601,1.682947,0.2533085,0.06181603,0.006804264,0.07810235,1,0,0.06717533,0.0450146,0.0166839,0.06791367,0.02104759,-0.3468601,0.1141503,0,0,0,0
380,0,1.106618,0.112601,1.682947,0,0.05950782,0.006804264,0.07606888,1,0,0,0.0450146,0.01606438,0.06791367,0.02050347,-0.3449364,0.115589,0,0,0,0
381,0,1.106618,0.112601,1.682947,0.1184639,0.06082409,0.006845397,0.08955299,1,0,0.03180535,0.0450146,0.0164177,0.06791367,0.02410774,-0.340986,0.117253,0,0,0,0
382,0,1.106618,0.112601,1.238254,0.1232985,0.06219407,0.006888209,0.09092297,1,0,0.03308857,0.0450146,0.01678534,0.05027699,0.02447344,-0.3471524,0.1131213,0,0,0,0
383,0,1.106618,0.112601,0.7752575,0,0.05986687,0.006888209,0.08476724,1,0,0,0.0450146,0.01616077,0.03168235,0.02282956,-0.3460408,0.1123551,0,0,0,0
384,0,1.106618,0.112601,0.4888592,0.1631399,0.06060187,0.006944855,0.09392989,1,0,0.04362026,0.0450146,0.01635806,0.02005903,0.02527575,-0.3414279,0.1144868,0,0,0,0
385,0,1.106618,0.112601,0.4888592,0,0.06060187,0.006944855,0.0657845,1,0,0,0.0450146,0.01635806,0.02005903,0.01774842,-0.348119,0.1130468,0,0,0,0
386,2.792264,1.093174,0.1135705,0.7991108,0.1138188,0.06186652,0.006984375,0.07969569,1,0.1109921,0.03057136,0.04447607,0.01669745,0.03264621,0.0214738,-0.3461308,0.1119193,0,0,0,0
387,3.694528,1.134224,0.1148533,1.250664,0,0.06023626,0.006984375,0.06653304,1,0.1451056,0,0.04611979,0.01625992,0.0507721,0.01794912,-0.3470224,0.1081239,0,0,0,0
388,0,1.100615,0.1148533,1.18983,0.1883462,0.06129358,0.007049773,0.0758533,1,0,0.05024382,0.04477416,0.0165437,0.04834339,0.02044578,-0.3449894,0.1074703,0,0,0,0
389,0,1.100615,0.1148533,1.18983,0.07629505,0.06009753,0.007076265,0.08439571,1,0,0.020564,0.04477416,0.01622268,0.04834339,0.02273028,-0.3483142,0.1093014,0,0,0,0
390,4.335569,1.148788,0.1163587,1.642275,0.1232985,0.06146751,0.007119077,0.07885518,1,0.1688616,0.03308857,0.0467025,0.01659038,0.0663095,0.02124898,-0.343422,0.1092977,0,0,0,0
391,2.577585,1.177428,0.1172537,1.890972,0,0.06146751,0.007119077,0.07885518,1,0.1027552,0,0.04784772,0.01659038,0.07609057,0.02124898,-0.341361,0.1097507,0,0,0,0
392,0,1.177428,0.1172537,1.580721,0,0.06146751,0.007119077,0.06620864,1,0,0,0.04784772,0.01659038,0.06387837,0.01786214,-0.3448092,0.1094565,0,0,0,0
393,0,1.177428,0.1172537,1.170218,0.1914464,0.06359469,0.007185551,0.08960765,1,0,0.05105638,0.04784772,0.01716111,0.04755951,0.02412234,-0.3454763,0.1092341,0,0,0,0
394,0,1.177428,0.1172537,1.170218,0,0.06271237,0.007185551,0.06868029,1,0,0,0.04784772,0.01692441,0.04755951,0.0185247,-0.3408302,0.1093269,0,0,0,0
395,3.549664,1.216868,0.1184862,1.604065,0,0.06271237,0.007185551,0.06020306,1,0.1396825,0,0.04942335,0.01692441,0.06480087,0.01625101,-0.3426513,0.1115115,0,0,0,0
396,0,1.216868,0.1184862,1.122336,0,0.06271237,0.007185551,0.04562091,1,0,0,0.04942335,0.01692441,0.04564396,0.01233152,-0.3421147,0.1070767,0,0,0,0
397,3.410479,1.208478,0.1196704,1.252774,0.1505971,0.06056139,0.007237842,0.06402723,1,0.1344528,0.04031298,0.04908832,0.01634719,0.05085624,0.01727714,-0.338809,0.1086794,0,0,0,0
398,0,1.208478,0.1196704,1.252774,0.1697978,0.06244803,0.007296799,0.0839658,1,0,0.04537273,0.04908832,0.01685349,0.05085624,0.0226154,-0.339069,0.1087266,0,0,0,0
399,0,1.208478,0.1196704,1.214879,0.1335677,0.06219053,0.007343177,0.07680492,1,0,0.03581049,0.04908832,0.01678439,0.04934394,0.02070045,-0.3381608,0.1073388,0,0,0,0
400,2.906219,1.24077,0.1206795,1.570084,0.08953307,0.06318534,0.007374265,0.08535392,1,0.1153454,0.02410243,0.05037735,0.0170513,0.06345784,0.02298631,-0.3404584,0.1073319,0,0,0,0
401,2.577585,1.26941,0.1215745,1.45969,0.05766256,0.06112186,0.007394287,0.09240156,1,0.1027552,0.01556892,0.05151966,0.01649762,0.05908615,0.02486801,-0.3332225,0.1088757,0,0,0,0
402,0,1.26941,0.1215745,1.45969,0,0.05811561,0.007394287,0.09240156,1,0,0,0.05151966,0.01569059,0.05908615,0.02486801,-0.3393757,0.1087779,0,0,0,0
403,0,1.26941,0.1215745,1.009016,0.1446921,0.0597233,0.007444527,0.09250542,1,0,0.03875333,0.05151966,0.01612223,0.04110038,0.02489572,-0.3396987,0.1096305,0,0,0,0
404,0,1.26941,0.1215745,1.009016,0,0.0597233,0.007444527,0.073639,1,0,0,0.05151966,0.01612223,0.04110038,0.01985301,-0.3345603,0.106729,0,0,0,0
405,0,1.231515,0.1215745,1.009016,0.1659626,0.06156733,0.007502153,0.07908247,1,0,0.04436351,0.05000805,0.01661717,0.04110038,0.02130978,-0.3354731,0.1070038,0,0,0,0
406,0,1.231515,0.1215745,0.6416332,0,0.05906061,0.007502153,0.06776437,1,0,0,0.05000805,0.01594432,0.02627093,0.01827921,-0.3351681,0.1062855,0,0,0,0
407,0,1.231515,0.1215745,0.3157942,0.07629505,0.05754193,0.007528644,0.07006679,1,0,0.020564,0.05000805,0.01553653,0.01298962,0.01889623,-0.3345356,0.1026692,0,0,0,0
408,0,1.231515,0.1215745,0.2871544,0.06001581,0.05820877,0.007549483,0.07632439,1,0,0.01620075,0.05000805,0.0157156,0.01181638,0.02057186,-0.3370368,0.1049508,0,0,0,0
409,3.694528,1.199224,0.1228574,0.7387078,0,0.05653547,0.007549483,0.05743295,1,0.1451056,0,0.04871869,0.01526621,0.0302042,0.01550726,-0.333041,0.1036639,0,0,0,0
410,3.276752,1.206993,0.1239951,1.1392,0.1738347,0.05679366,0.007609842,0.07867941,1,0.1294102,0.04643428,0.04902898,0.01533556,0.04631891,0.02120197,-0.337383,0.1055957,0,0,0,0
411,0,1.206993,0.1239951,1.1392,0.3008024,0.06013591,0.007714287,0.09568759,1,0,0.0794294,0.04902898,0.01623299,0.04631891,0.02574454,-0.3353659,0.1015415,0,0,0,0
412,0,1.206993,0.1239951,1.1392,0,0.05932143,0.007714287,0.09431761,1,0,0,0.04902898,0.01601434,0.04631891,0.02537917,-0.3336568,0.1013193,0,0,0,0
413,0,1.206993,0.1239951,1.1392,0.1992595,0.06045776,0.007783475,0.1101943,1,0,0.05310214,0.04902898,0.01631938,0.04631891,0.02960774,-0.3318962,0.105562,0,0,0,0
414,0,1.206993,0.1239951,1.1392,0.1335677,0.06194184,0.007829852,0.1180382,1,0,0.03581049,0.04902898,0.01671766,0.04631891,0.0316923,-0.3307106,0.101532,0,0,0,0
415,5.483803,1.267924,0.1258992,1.398939,0,0.06194184,0.007829852,0.1180382,1,0.2104594,0,0.05146042,0.01671766,0.05667472,0.0316923,-0.3326117,0.1010898,0,0,0,0
416,0,1.235632,0.1258992,1.003831,0.08602243,0.06289765,0.007859721,0.1079724,1,0,0.02316491,0.05017236,0.01697412,0.04089213,0.02901671,-0.3326354,0.09791972,0,0,0,0
417,4.002234,1.280102,0.1272889,1.451942,0,0.06289765,0.007859721,0.07454992,1,0.1565575,0,0.05194588,0.01697412,0.05877884,0.02009689,-0.3284092,0.10386,0,0,0,0
418,0,1.209243,0.1272889,1.451942,0,0.06208316,0.007859721,0.07245718,1,0,0,0.04911885,0.01675558,0.05877884,0.01953654,-0.3305918,0.1034433,0,0,0,0
419,0,1.209243,0.1272889,1.451942,0.08602243,0.06208316,0.00788959,0.05998337,1,0,0.02316491,0.04911885,0.01675558,0.05877884,0.01619204,-0.3338343,0.1024298,0,0,0,0
420,0,1.180603,0.1272889,1.403769,0.2246645,0.06457944,0.007967599,0.07123152,1,0,0.05973415,0.04797464,0.01742525,0.05686658,0.01920826,-0.332167,0.1040594,0,0,0,0
421,0,1.180603,0.1272889,0.7658179,0.1631399,0.0663921,0.008024245,0.09117085,1,0,0.04362026,0.04797464,0.01791133,0.03130073,0.02453959,-0.3301497,0.09925022,0,0,0,0
422,0,1.180603,0.1272889,0.7658179,0,0.06512745,0.008024245,0.0816128,1,0,0,0.04797464,0.01757222,0.03130073,0.02198644,-0.3253117,0.1027317,0,0,0,0
423,0,1.180603,0.1272889,0.3211252,0.1446921,0.06673514,0.008074485,0.09717021,1,0,0.03875333,0.04797464,0.0180033,0.0132079,0.02613984,-0.3286356,0.1002964,0,0,0,0
424,2.682778,1.210411,0.1282204,0.6490202,0,0.06673514,0.008074485,0.09717021,1,0.1067972,0,0.04916552,0.0180033,0.02657062,0.02613984,-0.3330331,0.1035203,0,0,0,0
425,0,1.210411,0.1282204,0.6095795,0.1200316,0.0669014,0.008116162,0.1022827,1,0,0.03222159,0.04916552,0.01804787,0.02496982,0.02750212,-0.3243887,0.1002622,0,0,0,0
426,2.577585,1.239051,0.1291154,0.9246177,0,0.0669014,0.008116162,0.07731997,1,0.1027552,0,0.05030879,0.01804787,0.0377071,0.02083827,-0.3200097,0.09649815,0,0,0,0
427,0,1.239051,0.1291154,0.8867235,0.08264944,0.06781973,0.00814486,0.06762161,1,0,0.02226357,0.05030879,0.01829405,0.03618094,0.01824094,-0.3246801,0.1013099,0,0,0,0
428,4.002234,1.283521,0.1305051,1.375885,0.1839397,0.06914112,0.008208728,0.08821649,1,0.1565575,0.0490881,0.05208215,0.01864819,0.05575856,0.0237509,-0.329226,0.09777771,0,0,0,0
429,0,1.283521,0.1305051,1.375885,0.1839397,0.07118489,0.008272596,0.09313703,1,0,0.0490881,0.05208215,0.01919577,0.05575856,0.02506424,-0.3218756,0.09608626,0,0,0,0
430,0,1.283521,0.1305051,1.045508,0.1184639,0.07123651,0.008313729,0.1066211,1,0,0.03180535,0.05208215,0.0192096,0.04256509,0.02865715,-0.3294071,0.09645578,0,0,0,0
431,0,1.283521,0.1305051,1.016868,0.1390187,0.07278116,0.008362,0.1096348,1,0,0.03725323,0.05208215,0.01962331,0.04141567,0.02945892,-0.3219961,0.1004822,0,0,0,0
432,0,1.229206,0.1305051,0.7304696,0.1631399,0.07459382,0.008418646,0.1295741,1,0,0.04362026,0.04991587,0.02010865,0.02987082,0.03475258,-0.3203741,0.09642462,0,0,0,0
433,0,1.15902,0.1305051,0.7304696,0,0.0736755,0.008418646,0.1187831,1,0,0,0.04711177,0.01986279,0.02987082,0.03189012,-0.3233734,0.09684746,0,0,0,0
434,0,1.13038,0.1305051,0.2857768,0,0.07241084,0.008418646,0.09834537,1,0,0,0.04596597,0.01952413,0.01175993,0.02645309,-0.3263691,0.09860247,0,0,0,0
435,0,1.13038,0.1305051,0.2857768,0,0.07241084,0.008418646,0.0760636,1,0,0,0.04596597,0.01952413,0.01175993,0.02050206,-0.3250074,0.0962894,0,0,0,0
436,0,1.13038,0.1305051,0.2857768,0.105068,0.07357827,0.008455128,0.07574259,1,0,0.02824377,0.04596597,0.01983675,0.01175993,0.02041615,-0.3267653,0.0943395,0,0,0,0
437,0,1.13038,0.1305051,0.2857768,0.06001581,0.07281921,0.008475966,0.06678362,1,0,0.01620075,0.04596597,0.0196335,0.01175993,0.0180163,-0.3271462,0.09629186,0,0,0,0
438,2.792264,1.161405,0.1314746,0.6270536,0,0.07281921,0.008475966,0.04799012,1,0.1109921,0,0.04720716,0.0196335,0.02567927,0.01296906,-0.3220151,0.09285665,0,0,0,0
439,2.577585,1.190045,0.1323696,0.9010414,0,0.07281921,0.008475966,0.04799012,1,0.1027552,0,0.04835198,0.0196335,0.03675777,0.01296906,-0.3219784,0.09784361,0,0,0,0
440,2.682778,1.219854,0.1333011,1.192528,0.1009483,0.07190739,0.008511018,0.05839674,1,0.1067972,0.02714667,0.04954255,0.0193893,0.04845118,0.01576607,-0.320632,0.09470823,0,0,0,0
441,0,1.219854,0.1333011,1.192528,0.07330348,0.07172706,0.00853647,0.06401381,1,0,0.01976317,0.04954255,0.019341,0.04845118,0.01727354,-0.3242886,0.09656616,0,0,0,0
442,5.854337,1.284902,0.1353339,1.908058,0,0.07172706,0.00853647,0.05233958,1,0.223631,0,0.05213721,0.019341,0.07676012,0.01413874,-0.3157687,0.092909,0,0,0,0
443,0,1.216312,0.1353339,1.908058,0,0.07172706,0.00853647,0.04345717,1,0,0,0.04940115,0.019341,0.07676012,0.01174903,-0.3230616,0.09532972,0,0,0,0
444,0,1.216312,0.1353339,1.597807,0.1093559,0.07294213,0.008574441,0.05533881,1,0,0.02938476,0.04940115,0.01966641,0.0645536,0.01494475,-0.3188758,0.09313376,0,0,0,0
445,0,1.216312,0.1353339,1.250477,0.2774689,0.07602511,0.008670785,0.08925167,1,0,0.07342204,0.04940115,0.02049176,0.05076464,0.0240273,-0.313695,0.09561861,0,0,0,0
446,0,1.185287,0.1353339,0.9523908,0.0511421,0.07659336,0.008688542,0.08333009,1,0,0.0138168,0.04816184,0.02064383,0.03882462,0.0224455,-0.3155812,0.09525315,0,0,0,0
447,3.024824,1.218896,0.1363841,1.277622,0,0.07659336,0.008688542,0.07518526,1,0.1198624,0,0.04950432,0.02064383,0.05184706,0.02026697,-0.3163068,0.0931313,0,0,0,0
448,6.908453,1.234823,0.1387829,1.471507,0.1093559,0.07780843,0.008726513,0.08855099,1,0.2604577,0.02938476,0.05014006,0.02096896,0.05955474,0.02384022,-0.3177071,0.09229414,0,0,0,0
449,0,1.234823,0.1387829,1.471507,0,0.07702588,0.008726513,0.08759518,1,0,0,0.05014006,0.02075958,0.05955474,0.02358499,-0.3230728,0.09328178,0,0,0,0
450,0,1.157364,0.1387829,1.471507,0.1743703,0.07647964,0.008787058,0.09426018,1,0,0.04657507,0.04704555,0.0206134,0.05955474,0.02536385,-0.3177337,0.09573884,0,0,0,0
451,0,1.091024,0.1387829,1.471507,0.07940871,0.07736196,0.008814631,0.07132315,1,0,0.02139704,0.04438994,0.0208495,0.05955474,0.0192328,-0.3161027,0.09046488,0,0,0,0
452,0,1.091024,0.1387829,1.471507,0,0.07736196,0.008814631,0.06564069,1,0,0,0.04438994,0.0208495,0.05955474,0.01770985,-0.3168197,0.09385431,0,0,0,0
453,0,1.091024,0.1387829,1.135415,0.09318699,0.07839737,0.008846987,0.07542252,1,0,0.02507757,0.04438994,0.02112652,0.04616747,0.02033048,-0.3174722,0.09260146,0,0,0,0
454,0,1.091024,0.1387829,0.3380007,0,0.07839737,0.008846987,0.06327186,1,0,0,0.04438994,0.02112652,0.01389865,0.01707451,-0.3158345,0.0923952,0,0,0,0
455,0,1.091024,0.1387829,0.3380007,0,0.07839737,0.008846987,0.06193818,1,0,0,0.04438994,0.02112652,0.01389865,0.01671668,-0.3144812,0.08980744,0,0,0,0
456,3.410479,1.128918,0.1399671,0.7261972,0,0.07751505,0.008846987,0.0425637,1,0.1344528,0,0.04590745,0.02089046,0.0296979,0.01150843,-0.3105002,0.09032869,0,0,0,0
457,2.577585,1.157558,0.1408621,1.041235,0.06246511,0.07820911,0.008868677,0.0404568,1,0.1027552,0.01685807,0.0470533,0.02107615,0.04239368,0.01094092,-0.3092071,0.09299949,0,0,0,0
458,4.335569,1.205731,0.1423675,1.526669,0.07330348,0.07820911,0.008894129,0.04737234,1,0.1688616,0.01976317,0.0489786,0.02107615,0.06174015,0.01280285,-0.3170156,0.08948353,0,0,0,0
459,0,1.167837,0.1423675,1.526669,0,0.07599511,0.008894129,0.03497446,1,0,0,0.04746432,0.02048373,0.06174015,0.009463157,-0.312995,0.08949561,0,0,0,0
460,0,1.167837,0.1423675,1.526669,0.1992595,0.07581517,0.008963317,0.05801214,1,0,0.05310214,0.04746432,0.02043557,0.06174015,0.0156628,-0.3114939,0.08999712,0,0,0,0
461,0,1.136812,0.1423675,1.526669,0.06246511,0.07650923,0.008985006,0.06410211,1,0,0.01685807,0.04622335,0.02062132,0.06174015,0.01729722,-0.3123235,0.09065049,0,0,0,0
462,0,1.136812,0.1423675,1.147727,0.09699002,0.0775869,0.009018683,0.07414378,1,0,0.0260918,0.04622335,0.02090969,0.04666007,0.01998816,-0.3074172,0.08926181,0,0,0,0
463,3.410479,1.102974,0.1435517,1.278165,0.1184639,0.07805544,0.009059816,0.08168213,1,0.1344528,0.03180535,0.04486866,0.02103504,0.05186868,0.02200498,-0.3131076,0.08928621,0,0,0,0
464,0,1.102974,0.1435517,0.7964349,0,0.07805544,0.009059816,0.0735373,1,0,0,0.04486866,0.02103504,0.03253812,0.01982578,-0.3092388,0.0906233,0,0,0,0
465,3.410479,1.140868,0.1447359,1.213271,0,0.07805544,0.009059816,0.0735373,1,0.1344528,0,0.04638566,0.02103504,0.04927972,0.01982578,-0.3134349,0.08785354,0,0,0,0
466,0,1.096399,0.1447359,1.213271,0.1754972,0.07863543,0.009120753,0.07167959,1,0,0.04687125,0.04460528,0.0211902,0.04927972,0.01932828,-0.3104072,0.08735603,0,0,0,0
467,0,1.056958,0.1447359,1.213271,0.07940871,0.07890217,0.009148325,0.07377769,1,0,0.02139704,0.04302438,0.02126155,0.04927972,0.01989015,-0.3142941,0.08479178,0,0,0,0
468,0,1.028318,0.1447359,1.182246,0,0.07782451,0.009148325,0.06300102,1,0,0,0.04187533,0.02097326,0.04804032,0.01700185,-0.3104656,0.08778007,0,0,0,0
469,0,1.028318,0.1447359,0.7746642,0,0.07500997,0.009148325,0.04983837,1,0,0,0.04187533,0.02022005,0.03165837,0.01346621,-0.3121708,0.08713809,0,0,0,0
470,0,1.028318,0.1447359,0.7448555,0.08264944,0.07592829,0.009177023,0.05881832,1,0,0.02226357,0.04187533,0.02046585,0.03045294,0.01587927,-0.3103259,0.08844148,0,0,0,0
471,0,1.028318,0.1447359,0.3659134,0,0.07461203,0.009177023,0.05800384,1,0,0,0.04187533,0.02011352,0.01504047,0.01566057,-0.3109998,0.0855551,0,0,0,0
472,0,1.028318,0.1447359,0.3008652,0,0.07324205,0.009177023,0.03850414,1,0,0,0.04187533,0.01974672,0.01237817,0.01041476,-0.3081251,0.08465084,0,0,0,0
473,0,1.028318,0.1447359,0.3008652,0.2038264,0.07550678,0.009247796,0.05459306,1,0,0.05429657,0.04187533,0.02035303,0.01237817,0.01474438,-0.3104411,0.08547451,0,0,0,0
474,2.906219,1.06061,0.145745,0.6560697,0.05766256,0.07433481,0.009267818,0.06042564,1,0.1153454,0.01556892,0.04317082,0.02003931,0.02685655,0.01631076,-0.3027391,0.08563729,0,0,0,0
475,3.549664,1.10005,0.1469775,1.089917,0,0.07433481,0.009267818,0.05734266,1,0.1396825,0,0.04475155,0.02003931,0.04434561,0.01548301,-0.3046864,0.08886258,0,0,0,0
476,0,1.069025,0.1469775,1.089917,0.05766256,0.07371085,0.009287839,0.05463879,1,0,0.01556892,0.04350825,0.01987225,0.04434561,0.01475666,-0.302349,0.08275045,0,0,0,0
477,3.410479,1.065869,0.1481617,1.473145,0,0.07371085,0.009287839,0.05463879,1,0.1344528,0,0.04338171,0.01987225,0.05961968,0.01475666,-0.3066335,0.08539333,0,0,0,0
478,0,1.065869,0.1481617,1.396384,0,0.07161812,0.009287839,0.05342372,1,0,0,0.04338171,0.01931182,0.0565732,0.01443014,-0.2992276,0.08711014,0,0,0,0
479,3.410479,1.103763,0.1493459,1.81322,0.1138188,0.07203505,0.00932736,0.04468754,1,0.1344528,0.03057136,0.04490028,0.01942349,0.07303978,0.01208028,-0.3093899,0.084038,0,0,0,0
480,0,1.05559,0.1493459,1.490307,0,0.07066507,0.00932736,0.03634314,1,0,0,0.04296952,0.01905651,0.06029995,0.009832226,-0.306744,0.08273432,0,0,0,0
481,4.165569,1.073234,0.1507923,1.605025,0,0.07066507,0.00932736,0.03546082,1,0.1625996,0,0.043677,0.01905651,0.06483879,0.009594317,-0.3064274,0.08148643,0,0,0,0
482,0,1.073234,0.1507923,1.605025,0.08602243,0.07162087,0.009357229,0.03956772,1,0,0.02316491,0.043677,0.01931255,0.06483879,0.01070137,-0.3054987,0.08070272,0,0,0,0
483,0,1.073234,0.1507923,1.226083,0.1232985,0.07086367,0.009400041,0.05360213,1,0,0.03308857,0.043677,0.01910972,0.04979123,0.01447809,-0.305669,0.08308718,0,0,0,0
484,0,1.073234,0.1507923,1.226083,0.1184639,0.07217994,0.009441174,0.06808104,1,0,0.03180535,0.043677,0.01946229,0.04979123,0.01836409,-0.3007143,0.08351061,0,0,0,0
485,3.148269,1.068775,0.1518854,1.231929,0,0.07217994,0.009441174,0.05543451,1,0.1245487,0,0.0434982,0.01946229,0.05002458,0.01497046,-0.2989787,0.0818612,0,0,0,0
486,2.476516,1.096291,0.1527453,1.496721,0,0.07217994,0.009441174,0.05543451,1,0.09886099,0,0.04460098,0.01946229,0.06055407,0.01497046,-0.3015112,0.08400751,0,0,0,0
487,0,1.058397,0.1527453,1.00524,0,0.07050664,0.009441174,0.05474045,1,0,0,0.0430821,0.01901407,0.04094873,0.01478398,-0.300635,0.08207531,0,0,0,0
488,3.276752,1.094806,0.1538831,1.357559,0.1839397,0.07066377,0.009505042,0.06684944,1,0.1294102,0.0490881,0.04454145,0.01905617,0.05502984,0.01803394,-0.3025949,0.08032542,0,0,0,0
489,4.002234,1.139275,0.1552728,1.846721,0.1138188,0.07044434,0.009544562,0.0670608,1,0.1565575,0.03057136,0.04632191,0.01899738,0.07435504,0.01809061,-0.3021966,0.07803073,0,0,0,0
490,2.906219,1.139275,0.1562819,2.201925,0,0.06944953,0.009544562,0.05168415,1,0.1153454,0,0.04632191,0.01873083,0.08822753,0.01396254,-0.2994981,0.08038702,0,0,0,0
491,0,1.110635,0.1562819,1.852118,0.2335691,0.07140404,0.009625663,0.07953743,1,0,0.06205152,0.04517549,0.01925447,0.07456681,0.02143147,-0.301147,0.07909602,0,0,0,0
492,0,1.110635,0.1562819,1.576949,0.1232985,0.07277403,0.009668475,0.09352958,1,0,0.03308857,0.04517549,0.01962139,0.06372927,0.02516896,-0.2952251,0.08215876,0,0,0,0
493,0,1.110635,0.1562819,1.539055,0.105068,0.07233376,0.009704957,0.105055,1,0,0.02824377,0.04517549,0.01950349,0.0622304,0.02824029,-0.298391,0.08031684,0,0,0,0
494,0,1.110635,0.1562819,1.174971,0.06766764,0.07308562,0.009728453,0.09288771,1,0,0.01825328,0.04517549,0.01970484,0.04774954,0.02499772,-0.3014972,0.07617514,0,0,0,0
495,0,1.110635,0.1562819,0.6923843,0,0.07124159,0.009728453,0.08024117,1,0,0,0.04517549,0.01921096,0.0283286,0.02161968,-0.3019715,0.0789144,0,0,0,0
496,0,1.110635,0.1562819,0.3694711,0.1631399,0.07305426,0.009785098,0.09823052,1,0,0.04362026,0.04517549,0.01969644,0.01518594,0.02642248,-0.2982222,0.07840139,0,0,0,0
497,0,1.110635,0.1562819,0.3694711,0.1697978,0.07409318,0.009844056,0.09214914,1,0,0.04537273,0.04517549,0.01997462,0.01518594,0.02480066,-0.2970367,0.07848124,0,0,0,0
498,0,1.110635,0.1562819,0.3694711,0,0.07342633,0.009844056,0.0784493,1,0,0,0.04517549,0.01979607,0.01518594,0.02114041,-0.2995405,0.07791663,0,0,0,0
499,0,1.069585,0.1562819,0.3694711,0,0.07342633,0.009844056,0.06677508,1,0,0,0.04353068,0.01979607,0.01518594,0.01801401,-0.2991922,0.07774764,0,0,0,0
500,0,1.033176,0.1562819,0.3694711,0.1767273,0.07345848,0.00990542,0.07993813,1,0,0.04719446,0.0420703,0.01980468,0.01518594,0.02153864,-0.2946292,0.07932016,0,0,0,0
501,2.577585,1.061816,0.1571769,0.6845093,0.322558,0.0737002,0.01001742,0.1193619,1,0.1027552,0.08500807,0.0432192,0.0198694,0.02800951,0.03204379,-0.2941034,0.07412983,0,0,0,0
502,0,1.061816,0.1571769,0.6845093,0,0.0737002,0.01001742,0.1012352,1,0,0,0.0432192,0.0198694,0.02800951,0.02722312,-0.2985881,0.07650044,0,0,0,0
503,0,1.061816,0.1571769,0.6845093,0,0.07148621,0.01001742,0.08010408,1,0,0,0.0432192,0.01927648,0.02800951,0.02158302,-0.2937257,0.07350621,0,0,0,0
504,0,1.061816,0.1571769,0.6522179,0.05540158,0.0706177,0.01003666,0.08623469,1,0,0.01496161,0.0432192,0.01904382,0.02670032,0.02322161,-0.2973749,0.07764263,0,0,0,0
505,0,1.000885,0.1571769,0.6127772,0,0.0706177,0.01003666,0.08623469,1,0,0,0.04077382,0.01904382,0.02509967,0.02322161,-0.2953808,0.07511444,0,0,0,0
506,0,1.000885,0.1571769,0.6127772,0.1505971,0.07133519,0.01008895,0.08436393,1,0,0.04031298,0.04077382,0.01923603,0.02509967,0.02272179,-0.2969902,0.07567845,0,0,0,0
507,0,0.9564157,0.1571769,0.2884847,0.09318699,0.07237061,0.0101213,0.05991368,1,0,0.02507757,0.0389865,0.01951336,0.0118709,0.01617333,-0.292962,0.07560459,0,0,0,0
508,0,0.9564157,0.1571769,0.2884847,0.06001581,0.07303745,0.01014214,0.06724894,1,0,0.01620075,0.0389865,0.01969194,0.0118709,0.01814104,-0.2891549,0.07388589,0,0,0,0
509,0,0.9564157,0.1571769,0.2505905,0,0.07208164,0.01014214,0.06598429,1,0,0,0.0389865,0.01943597,0.01031715,0.01780199,-0.2911574,0.07836945,0,0,0,0
510,2.577585,0.9850555,0.1580719,0.5656286,0.3073402,0.07300026,0.01024886,0.09739236,1,0.1027552,0.08110812,0.04013785,0.01968198,0.02318387,0.02619906,-0.2841132,0.0727464,0,0,0,0
511,0,0.9850555,0.1580719,0.5193445,0,0.0711876,0.01024886,0.09739236,1,0,0,0.04013785,0.01919649,0.02130072,0.02619906,-0.2933888,0.07509045,0,0,0,0
512,3.410479,1.02295,0.1592561,0.9361809,0.1631399,0.07300026,0.0103055,0.09964286,1,0.1344528,0.04362026,0.04165984,0.01968198,0.03817248,0.02679887,-0.2885769,0.07374474,0,0,0,0
513,0,1.02295,0.1592561,0.9361809,0,0.07139257,0.0103055,0.08791877,1,0,0,0.04165984,0.0192514,0.03817248,0.0236714,-0.2890909,0.0737806,0,0,0,0
514,0,0.9931411,0.1592561,0.9361809,0.1631399,0.07320524,0.01036215,0.0998734,1,0,0.04362026,0.04046274,0.01973687,0.03817248,0.0268603,-0.2846425,0.07449703,0,0,0,0
515,2.577585,1.021781,0.160151,1.216238,0.07629505,0.07271928,0.01038864,0.1091984,1,0.1027552,0.020564,0.04161292,0.01960673,0.04939819,0.02934285,-0.2948008,0.07259391,0,0,0,0
516,0,0.9931411,0.160151,0.9023231,0.08602243,0.07367508,0.01041851,0.0855633,1,0,0.02316491,0.04046274,0.01986267,0.0368094,0.02304225,-0.2911603,0.07186286,0,0,0,0
517,0,0.9931411,0.160151,0.9023231,0.07940871,0.07363907,0.01044608,0.0952688,1,0,0.02139704,0.04046274,0.01985303,0.0368094,0.02563286,-0.2887173,0.07036494,0,0,0,0
518,0,0.9486718,0.160151,0.4869726,0.2776756,0.07468058,0.0105425,0.1090365,1,0,0.07347537,0.03867503,0.02013187,0.01998215,0.02929979,-0.2911913,0.0732709,0,0,0,0
519,0,0.9486718,0.160151,0.4425033,0.2202885,0.07508446,0.01061899,0.134696,1,0,0.05859396,0.03867503,0.02023999,0.01816886,0.03610925,-0.2892127,0.07103346,0,0,0,0
520,5.15517,1.005952,0.161941,1.040288,0.2850735,0.07693567,0.01071797,0.1514117,1,0.1986758,0.07538264,0.04097732,0.02073544,0.04235569,0.040528,-0.2887346,0.06934293,0,0,0,0
521,0,1.005952,0.161941,0.75389,0.1283304,0.07681692,0.01076253,0.156024,1,0,0.03442296,0.04097732,0.02070366,0.03081838,0.04174489,-0.2878026,0.07397158,0,0,0,0
522,0,1.005952,0.161941,0.75389,0.1567431,0.07674584,0.01081695,0.1642535,1,0,0.0419345,0.04097732,0.02068464,0.03081838,0.04391353,-0.2849703,0.0709164,0,0,0,0
523,2.906219,1.038243,0.1629501,1.109094,0.2332466,0.07933747,0.01089794,0.1827708,1,0.1153454,0.06196764,0.04227361,0.02137799,0.04511379,0.04878137,-0.2856606,0.06804366,0,0,0,0
524,0,1.038243,0.1629501,1.109094,0.2158553,0.08173586,0.01097289,0.1775484,1,0,0.05743794,0.04227361,0.02201934,0.04511379,0.04741016,-0.2881682,0.06977998,0,0,0,0
525,0,1.038243,0.1629501,1.109094,0.06766764,0.08248772,0.01099639,0.1613424,1,0,0.01825328,0.04227361,0.02222034,0.04511379,0.04314676,-0.2872697,0.06866559,0,0,0,0
526,0,1.038243,0.1629501,0.5362979,0.08953307,0.08231511,0.01102747,0.1387978,1,0,0.02410243,0.04227361,0.0221742,0.02199078,0.03719481,-0.2915074,0.06950881,0,0,0,0
527,2.577585,1.066883,0.1638451,0.851336,0,0.08164827,0.01102747,0.1226523,1,0.1027552,0,0.04342235,0.02199592,0.03475428,0.03291711,-0.283643,0.06764894,0,0,0,0
528,0,1.035857,0.1638451,0.851336,0.315746,0.08515656,0.01113711,0.1438275,1,0,0.08326362,0.0421779,0.02293358,0.03475428,0.03852483,-0.2805019,0.0683542,0,0,0,0
529,0,1.007218,0.1638451,0.5284228,0,0.08515656,0.01113711,0.1179112,1,0,0,0.04102817,0.02293358,0.02167028,0.03165859,-0.2829793,0.07081975,0,0,0,0
530,0,0.977409,0.1638451,0.5284228,0,0.08403491,0.01113711,0.09196369,1,0,0,0.03983055,0.02263386,0.02167028,0.02475117,-0.2850796,0.0674106,0,0,0,0
531,3.410479,1.015303,0.1650293,0.9166193,0.05766256,0.08386112,0.01115713,0.08790873,1,0.1344528,0.01556892,0.04135285,0.02258742,0.03738511,0.02366872,-0.2794563,0.06682432,0,0,0,0
532,3.276752,0.9866634,0.1661671,1.317111,0.1093559,0.08507619,0.0111951,0.09132634,1,0.1294102,0.02938476,0.04020246,0.02291211,0.05342025,0.02458109,-0.2839134,0.06738231,0,0,0,0
533,3.148269,1.021644,0.1672602,1.415501,0,0.08507619,0.0111951,0.09132634,1,0.1245487,0,0.04160743,0.02291211,0.05733253,0.02458109,-0.2816855,0.06655645,0,0,0,0
534,3.024824,1.055253,0.1683105,1.785202,0,0.08386112,0.0111951,0.05562788,1,0.1198624,0,0.04295601,0.02258742,0.07193882,0.01502241,-0.2868908,0.07020143,0,0,0,0
535,5.698483,1.11857,0.1702892,2.481683,0.105068,0.08194556,0.01123158,0.06846953,1,0.2181054,0.02824377,0.0454932,0.0220754,0.09906033,0.01846821,-0.2828478,0.06835856,0,0,0,0
536,0,1.11857,0.1702892,2.481683,0.08953307,0.08237213,0.01126267,0.07773916,1,0,0.02410243,0.0454932,0.02218944,0.09906033,0.02095042,-0.2806143,0.06557027,0,0,0,0
537,3.410479,1.122855,0.1714734,2.519578,0.1631399,0.08418479,0.01131932,0.09023612,1,0.1344528,0.04362026,0.04566475,0.02267392,0.1005214,0.02429011,-0.2840478,0.06840669,0,0,0,0
538,0,1.046094,0.1714734,2.155494,0.1283304,0.08439562,0.01136388,0.09310344,1,0,0.03442296,0.04258863,0.02273026,0.08642172,0.02505528,-0.2834145,0.06905172,0,0,0,0
539,0,1.046094,0.1714734,1.805686,0,0.08439562,0.01136388,0.09310344,1,0,0,0.04258863,0.02273026,0.07274381,0.02505528,-0.2794341,0.06598206,0,0,0,0
540,0,1.046094,0.1714734,1.440955,0,0.08245817,0.01136388,0.08968855,1,0,0,0.04258863,0.02221244,0.05834292,0.02414394,-0.2793781,0.06224068,0,0,0,0
541,0,1.046094,0.1714734,0.8077902,0.1093559,0.08279092,0.01140185,0.09138005,1,0,0.02938476,0.04258863,0.02230139,0.03299677,0.02459542,-0.2773044,0.06610136,0,0,0,0
542,0,1.046094,0.1714734,0.769896,0,0.08279092,0.01140185,0.07961926,1,0,0,0.04258863,0.02230139,0.03146561,0.02145336,-0.2777109,0.06167702,0,0,0,0
543,3.276752,1.082503,0.1726111,0.7914458,0,0.08175551,0.01140185,0.06149261,1,0.1294102,0,0.04404848,0.02202459,0.03233656,0.01659711,-0.2765024,0.06146263,0,0,0,0
544,3.549664,1.121943,0.1738436,1.225294,0,0.08175551,0.01140185,0.04542101,1,0.1396825,0,0.04562826,0.02202459,0.04975971,0.01227772,-0.278885,0.06629839,0,0,0,0
545,0,1.121943,0.1738436,1.196654,0.05540158,0.08237108,0.01142108,0.05134459,1,0,0.01496161,0.04562826,0.02218916,0.04861601,0.01387124,-0.2768099,0.06187731,0,0,0,0
546,0,1.084049,0.1738436,1.196654,0,0.08237108,0.01142108,0.05038879,1,0,0,0.04411046,0.02218916,0.04861601,0.01361424,-0.2751019,0.06507221,0,0,0,0
547,0,1.055409,0.1738436,1.196654,0.07042921,0.08245957,0.01144554,0.04596382,1,0,0.01899333,0.04296227,0.02221281,0.04861601,0.01242382,-0.2747265,0.06109625,0,0,0,0
548,0,1.007236,0.1738436,1.196654,0.06501436,0.08236747,0.01146811,0.05082474,1,0,0.01754189,0.04102892,0.02218819,0.04861601,0.01373146,-0.2781656,0.06008437,0,0,0,0
549,0,1.007236,0.1738436,0.8325701,0,0.08236747,0.01146811,0.04837709,1,0,0,0.04102892,0.02218819,0.03399715,0.01307316,-0.2793292,0.0598389,0,0,0,0
550,0,1.007236,0.1738436,0.3808834,0,0.08015347,0.01146811,0.0452096,1,0,0,0.04102892,0.02159623,0.01565247,0.01222081,-0.2732342,0.06146498,0,0,0,0
551,0,1.007236,0.1738436,0.3808834,0,0.07945942,0.01146811,0.03762798,1,0,0,0.04102892,0.0214106,0.01565247,0.0101786,-0.2731749,0.06055521,0,0,0,0
552,0,1.007236,0.1738436,0.3808834,0.1767273,0.08034539,0.01152948,0.0574864,1,0,0.04719446,0.04102892,0.02164755,0.01565247,0.01552162,-0.2769677,0.06314942,0,0,0,0
553,0,0.9693421,0.1738436,0.3485921,0,0.07902912,0.01152948,0.0470693,1,0,0,0.03950627,0.02129551,0.01433202,0.01272131,-0.2744634,0.0612068,0,0,0,0
554,0,0.9693421,0.1738436,0.3485921,0.1232985,0.0803991,0.01157229,0.05251691,1,0,0.03308857,0.03950627,0.02166191,0.01433202,0.0141864,-0.267916,0.06323365,0,0,0,0
555,0,0.9314479,0.1738436,0.3485921,0,0.0803991,0.01157229,0.05176505,1,0,0,0.03798201,0.02166191,0.01433202,0.01398428,-0.277491,0.06026693,0,0,0,0
556,0,0.9314479,0.1738436,0.3485921,0.1138188,0.07971379,0.01161181,0.06468143,1,0,0.03057136,0.03798201,0.02147864,0.01433202,0.0174526,-0.2745517,0.0604213,0,0,0,0
557,0,0.9314479,0.1738436,0.3199523,0,0.07883147,0.01161181,0.06468143,1,0,0,0.03798201,0.02124264,0.01315987,0.0174526,-0.2732862,0.05973429,0,0,0,0
558,0,0.9314479,0.1738436,0.3199523,0.0511421,0.07939972,0.01162957,0.04778747,1,0,0.0138168,0.03798201,0.02139464,0.01315987,0.01291454,-0.2756591,0.05775342,0,0,0,0
559,3.148269,0.9664287,0.1749368,0.7047407,0.3687142,0.08349654,0.01175759,0.09285254,1,0.1245487,0.09677271,0.03938913,0.02248998,0.02882914,0.02498834,-0.2670506,0.06039346,0,0,0,0
560,2.682778,0.9962373,0.1758683,1.032636,0.07042921,0.08336076,0.01178205,0.08776073,1,0.1067972,0.01899333,0.04058713,0.0224537,0.04204861,0.0236292,-0.2678905,0.06045021,0,0,0,0
561,0,0.9962373,0.1758683,0.9947416,0.07629505,0.08420848,0.01180854,0.09644498,1,0,0.020564,0.04058713,0.02268025,0.04052704,0.02594649,-0.2690363,0.05669308,0,0,0,0
562,0,0.9962373,0.1758683,0.9583332,0.3164827,0.08772496,0.01191843,0.1212646,1,0,0.08345237,0.04058713,0.02361964,0.03906361,0.03254886,-0.2683293,0.05679804,0,0,0,0
563,0,0.9962373,0.1758683,0.9233524,0.06001581,0.08612706,0.01193927,0.1285999,1,0,0.01620075,0.04058713,0.02319286,0.03765617,0.03449438,-0.2739793,0.05599513,0,0,0,0
564,0,0.963946,0.1758683,0.8897433,0,0.08548637,0.01193927,0.1229174,1,0,0,0.03928931,0.02302169,0.03630262,0.03298746,-0.2746721,0.05834545,0,0,0,0
565,0,0.9245053,0.1758683,0.4766191,0.2025429,0.08773684,0.01200959,0.105537,1,0,0.053961,0.03770258,0.02362282,0.01956018,0.0283686,-0.2697382,0.05756889,0,0,0,0
566,3.410479,0.9623995,0.1770525,0.595369,0,0.08709615,0.01200959,0.0967167,1,0.1344528,0,0.03922713,0.02345171,0.02439262,0.02601893,-0.2661633,0.06015779,0,0,0,0
567,0,0.9245053,0.1770525,0.5574748,0.1390187,0.0886408,0.01205786,0.103418,1,0,0.03725323,0.03770258,0.0238642,0.0228523,0.02780446,-0.2690673,0.05520273,0,0,0,0
568,0,0.9245053,0.1770525,0.5574748,0,0.0886408,0.01205786,0.06682734,1,0,0,0.03770258,0.0238642,0.0228523,0.01802802,-0.2617307,0.05629002,0,0,0,0
569,0,0.8866111,0.1770525,0.5574748,0,0.08737615,0.01205786,0.06015891,1,0,0,0.03617641,0.02352649,0.0228523,0.01623916,-0.2621737,0.05459258,0,0,0,0
570,3.276752,0.9230194,0.1781903,0.9579668,0.261898,0.09028612,0.0121488,0.09216867,1,0.1294102,0.06939927,0.03764277,0.02430345,0.03904888,0.02480587,-0.2664335,0.05657777,0,0,0,0
571,0,0.8767353,0.1781903,0.9579668,0.1335677,0.09177021,0.01219518,0.08477377,1,0,0.03581049,0.03577841,0.02469954,0.03904888,0.0228313,-0.2624608,0.05368447,0,0,0,0
572,3.148269,0.9117161,0.1792834,0.9638131,0.08264944,0.09173273,0.01222388,0.09487537,1,0.1245487,0.02226357,0.03718768,0.02468954,0.03928397,0.02552793,-0.2664638,0.05794743,0,0,0,0
573,2.682778,0.9415247,0.1802149,1.2553,0.1525901,0.09205819,0.01227686,0.09807876,1,0.1067972,0.04083901,0.0383875,0.02477639,0.05095701,0.02638203,-0.2618563,0.05283696,0,0,0,0
574,0,0.9415247,0.1802149,1.215859,0.1009483,0.09186358,0.01231191,0.1104169,1,0,0.02714667,0.0383875,0.02472446,0.04938306,0.02966693,-0.2674612,0.05442627,0,0,0,0
575,0,0.906544,0.1802149,1.215859,0.1767273,0.09382721,0.01237327,0.1314013,1,0,0.04719446,0.0369794,0.02524836,0.04938306,0.03523671,-0.2654854,0.0554317,0,0,0,0
576,0,0.8790271,0.1802149,0.8517755,0.06501436,0.0945496,0.01239585,0.1102477,1,0,0.01754189,0.03587078,0.02544104,0.034772,0.02962195,-0.2604836,0.05357753,0,0,0,0
577,0,0.8790271,0.1802149,0.8517755,0,0.0945496,0.01239585,0.09462433,1,0,0,0.03587078,0.02544104,0.034772,0.02546098,-0.2619158,0.05096069,0,0,0,0
578,0,0.8426188,0.1802149,0.5019678,0.07940871,0.09338814,0.01242342,0.09442419,1,0,0.02139704,0.03440262,0.02513123,0.02059309,0.0254076,-0.2602277,0.05308166,0,0,0,0
579,3.148269,0.8331303,0.1813081,0.5886698,0,0.09212349,0.01242342,0.07746973,1,0.1245487,0,0.03401975,0.02479381,0.02412043,0.02087834,-0.2610491,0.05365637,0,0,0,0
580,0,0.8008389,0.1813081,0.5886698,0,0.09212349,0.01242342,0.06625326,1,0,0,0.03271602,0.02479381,0.02412043,0.0178741,-0.2642211,0.0517616,0,0,0,0
581,0,0.8008389,0.1813081,0.5886698,0.1505971,0.09120158,0.01247571,0.0650232,1,0,0.04031298,0.03271602,0.02454779,0.02412043,0.01754426,-0.2620744,0.0539426,0,0,0,0
582,0,0.8008389,0.1813081,0.5886698,0.1093559,0.09104666,0.01251368,0.06920147,1,0,0.02938476,0.03271602,0.02450645,0.02412043,0.01866436,-0.2553403,0.05237926,0,0,0,0
583,3.549664,0.8402796,0.1825406,1.022518,0,0.08987924,0.01251368,0.06920147,1,0.1396825,0,0.03430824,0.02419484,0.04164249,0.01866436,-0.2625813,0.04988509,0,0,0,0
584,0,0.8402796,0.1825406,1.022518,0,0.08912737,0.01251368,0.0590083,1,0,0,0.03430824,0.02399412,0.04164249,0.01593028,-0.2559463,0.05132976,0,0,0,0
585,2.577585,0.8689195,0.1834356,0.9877481,0.1093559,0.09034244,0.01255165,0.07237403,1,0.1027552,0.02938476,0.03546334,0.02431848,0.04024605,0.01951427,-0.2623552,0.04672793,0,0,0,0
586,3.276752,0.9053278,0.1845734,1.38824,0,0.08852977,0.01255165,0.07110937,1,0.1294102,0,0.03693042,0.02383456,0.0562496,0.01917554,-0.2560552,0.05033429,0,0,0,0
587,0,0.9053278,0.1845734,1.38824,0.2194121,0.08908104,0.01262784,0.0811934,1,0,0.05836551,0.03693042,0.02398175,0.0562496,0.02187431,-0.2562535,0.05337813,0,0,0,0
588,2.792264,0.936353,0.1855429,1.729517,0.06501436,0.08980343,0.01265041,0.07642069,1,0.1109921,0.01754189,0.03817941,0.0241746,0.06974822,0.02059763,-0.2578826,0.04830769,0,0,0,0
589,0,0.936353,0.1855429,1.300129,0,0.08980343,0.01265041,0.07232387,1,0,0,0.03817941,0.0241746,0.0527439,0.01950084,-0.2555914,0.04993502,0,0,0,0
590,0,0.936353,0.1855429,1.27032,0.1009483,0.08896144,0.01268546,0.08387944,1,0,0.02714667,0.03817941,0.02394981,0.05155597,0.02259232,-0.2579329,0.04908863,0,0,0,0
591,0,0.9077132,0.1855429,0.983922,0,0.08537746,0.01268546,0.07088106,1,0,0,0.03702648,0.0229926,0.0400923,0.01911438,-0.2574422,0.04383357,0,0,0,0
592,2.792264,0.9387383,0.1865124,0.9611151,0.1814865,0.08739397,0.01274848,0.08954627,1,0.1109921,0.04844427,0.03827539,0.02353125,0.03917548,0.02410595,-0.2540819,0.04741337,0,0,0,0
593,0,0.9387383,0.1865124,0.9611151,0.07042921,0.08817652,0.01277294,0.07310831,1,0,0.01899333,0.03827539,0.02374023,0.03917548,0.01971091,-0.2544265,0.04812655,0,0,0,0
594,0,0.9387383,0.1865124,0.6508635,0.1446921,0.08916864,0.01282318,0.08356909,1,0,0.03875333,0.03827539,0.02400513,0.02664539,0.02250937,-0.2530672,0.04887519,0,0,0,0
595,0,0.9387383,0.1865124,0.6508635,0,0.08916864,0.01282318,0.08131861,1,0,0,0.03827539,0.02400513,0.02664539,0.02190778,-0.2522055,0.04609971,0,0,0,0
596,0,0.9387383,0.1865124,0.6129693,0,0.08749534,0.01282318,0.07010214,1,0,0,0.03827539,0.02355832,0.02510747,0.0189057,-0.2525661,0.04812718,0,0,0,0
597,0,0.9387383,0.1865124,0.6129693,0.07042921,0.08724247,0.01284763,0.0771655,1,0,0.01899333,0.03827539,0.02349079,0.02510747,0.02079693,-0.2555817,0.04762265,0,0,0,0
598,0,0.9387383,0.1865124,0.3027178,0.1138188,0.08784028,0.01288715,0.07091153,1,0,0.03057136,0.03827539,0.02365044,0.01245406,0.01912254,-0.2537841,0.0451652,0,0,0,0
599,0,0.9387383,0.1865124,0.3027178,0,0.08784028,0.01288715,0.06308606,1,0,0,0.03827539,0.02365044,0.01245406,0.01702466,-0.2545611,0.04644019,0,0,0,0
600,0,0.9100985,0.1865124,0.2663094,0.2636462,0.0873548,0.01297869,0.0763226,1,0,0.06985147,0.03712254,0.02352079,0.01096186,0.02057138,-0.2542343,0.04410236,0,0,0,0
601,0,0.9100985,0.1865124,0.2663094,0.0511421,0.08792304,0.01299645,0.08108922,1,0,0.0138168,0.03712254,0.02367254,0.01096186,0.02184645,-0.251105,0.04171032,0,0,0,0
602,0,0.8722043,0.1865124,0.2313286,0.1446921,0.08771807,0.01304669,0.09785548,1,0,0.03875333,0.03559576,0.0236178,0.009526721,0.02632251,-0.2550018,0.04549006,0,0,0,0
603,0,0.8722043,0.1865124,0.20152,0,0.08771807,0.01304669,0.08833457,1,0,0,0.03559576,0.0236178,0.008302649,0.02378244,-0.2515083,0.0467984,0,0,0,0
604,3.024824,0.9058134,0.1875627,0.5712207,0,0.0859054,0.01304669,0.07456639,1,0.1198624,0,0.03694997,0.02313364,0.02341123,0.0201013,-0.2515399,0.04373288,0,0,0,0
605,3.410479,0.9150678,0.1887469,0.988057,0.1631399,0.08687034,0.01310334,0.09254207,1,0.1344528,0.04362026,0.03732264,0.0233914,0.04025846,0.0249055,-0.2476474,0.04117569,0,0,0,0
606,0,0.9150678,0.1887469,0.988057,0,0.08591454,0.01310334,0.06252566,1,0,0,0.03732264,0.02313608,0.04025846,0.01687432,-0.2549148,0.04621986,0,0,0,0
607,2.792264,0.946093,0.1897165,1.329334,0.171821,0.08694134,0.013163,0.07784356,1,0.1109921,0.04590488,0.03857129,0.02341036,0.05390683,0.02097836,-0.2510112,0.04508221,0,0,0,0
608,2.682778,0.9759016,0.190648,1.657229,0,0.08385606,0.013163,0.06088434,1,0.1067972,0,0.03976995,0.02258607,0.06689952,0.01643387,-0.2504981,0.04264582,0,0,0,0
609,0,0.9759016,0.190648,1.622248,0.09699002,0.08248607,0.01319668,0.07273867,1,0,0.0260918,0.03976995,0.0222199,0.06551898,0.01961193,-0.2500337,0.04456372,0,0,0,0
610,2.682778,0.9484306,0.1915795,1.614052,0.1184639,0.08063486,0.01323781,0.08721759,1,0.1067972,0.03180535,0.03866532,0.02172496,0.06519531,0.02348414,-0.2504323,0.03969196,0,0,0,0
611,0,0.9484306,0.1915795,1.235109,0,0.07920896,0.01323781,0.06741764,1,0,0,0.03866532,0.02134361,0.05015149,0.01818626,-0.2491877,0.04314844,0,0,0,0
612,0,0.9484306,0.1915795,1.235109,0.1283304,0.07889327,0.01328237,0.0818874,1,0,0.03442296,0.03866532,0.02125917,0.05015149,0.02205985,-0.2462142,0.03924896,0,0,0,0
613,0,0.9161393,0.1915795,0.8854172,0,0.07630164,0.01328237,0.06279617,1,0,0,0.03736578,0.02056576,0.0361283,0.01694689,-0.2446716,0.03626566,0,0,0,0
614,0,0.9161393,0.1915795,0.5873308,0.1567431,0.07564484,0.01333679,0.08195366,1,0,0.0419345,0.03736578,0.02038998,0.02406602,0.02207757,-0.2446558,0.03837324,0,0,0,0
615,0,0.9161393,0.1915795,0.5586909,0.07940871,0.07577529,0.01336436,0.07966743,1,0,0.02139704,0.03736578,0.0204249,0.02290176,0.02146624,-0.2483307,0.04065733,0,0,0,0
616,0,0.9161393,0.1915795,0.2241961,0.1009483,0.07590213,0.01339942,0.0788429,1,0,0.02714667,0.03736578,0.02045885,0.009233925,0.0212457,-0.2496469,0.03876838,0,0,0,0
617,0,0.8874994,0.1915795,0.2241961,0.0511421,0.07647037,0.01341717,0.08265569,1,0,0.0138168,0.03621221,0.02061092,0.009233925,0.02226524,-0.2506372,0.03815543,0,0,0,0
618,0,0.8874994,0.1915795,0.193171,0,0.07296209,0.01341717,0.06767437,1,0,0,0.03621221,0.01967176,0.007959615,0.01825508,-0.2450613,0.03922619,0,0,0,0
619,0,0.8874994,0.1915795,0.193171,0,0.07296209,0.01341717,0.06767437,1,0,0,0.03621221,0.01967176,0.007959615,0.01825508,-0.2423306,0.04070276,0,0,0,0
620,0,0.8874994,0.1915795,0.193171,0.1505971,0.07463539,0.01346946,0.06754314,1,0,0.04031298,0.03621221,0.02011977,0.007959615,0.01821991,-0.2375359,0.042225,0,0,0,0
621,3.845305,0.8923308,0.1929147,0.6631526,0.1505971,0.07566799,0.01352176,0.07712626,1,0.1507284,0.04031298,0.03640687,0.02039618,0.02714378,0.02078643,-0.2471751,0.03868373,0,0,0,0
622,0,0.8559225,0.1929147,0.6321275,0.2850735,0.07762041,0.01362074,0.09873559,1,0,0.07538264,0.03493926,0.02091865,0.0258852,0.02655709,-0.2460448,0.03733798,0,0,0,0
623,0,0.8209417,0.1929147,0.6321275,0.05322925,0.07821185,0.01363922,0.09877638,1,0,0.01437787,0.03352779,0.02107689,0.0258852,0.02656796,-0.2387209,0.03976511,0,0,0,0
624,0,0.7873326,0.1929147,0.6321275,0,0.07821185,0.01363922,0.09716869,1,0,0,0.03217036,0.02107689,0.0258852,0.02613943,-0.2411291,0.04058979,0,0,0,0
625,3.024824,0.7576252,0.193965,1.001828,0.1505971,0.07871772,0.01369151,0.115575,1,0.1198624,0.04031298,0.03096945,0.02121221,0.04081171,0.03103802,-0.2409347,0.03616828,0,0,0,0
626,3.148269,0.792606,0.1950581,1.386617,0.1283304,0.07914881,0.01373607,0.1145268,1,0.1245487,0.03442296,0.03238343,0.02132752,0.05618509,0.03075951,-0.2449624,0.03824821,0,0,0,0
627,0,0.7547118,0.1950581,0.9593605,0,0.07733614,0.01373607,0.09701126,1,0,0,0.03085162,0.02084259,0.03910493,0.02609746,-0.2375558,0.03691898,0,0,0,0
628,0,0.7547118,0.1950581,0.9593605,0,0.07591025,0.01373607,0.06407177,1,0,0,0.03085162,0.02046102,0.03910493,0.01728909,-0.2415061,0.0390775,0,0,0,0
629,0,0.7547118,0.1950581,0.9593605,0,0.07591025,0.01373607,0.05815741,1,0,0,0.03085162,0.02046102,0.03910493,0.01570181,-0.2389621,0.03526605,0,0,0,0
630,3.276752,0.7911201,0.1961959,1.359853,0.08602243,0.07686605,0.01376594,0.06574186,1,0.1294102,0.02316491,0.0323234,0.02071681,0.05512107,0.01773698,-0.2436921,0.03660522,0,0,0,0
631,3.024824,0.8247293,0.1972462,1.393462,0.1446921,0.07725868,0.01381618,0.0661252,1,0.1198624,0.03875333,0.03368068,0.02082187,0.05645709,0.01783977,-0.2395763,0.03256548,0,0,0,0
632,2.792264,0.8557545,0.1982157,1.384931,0,0.07725868,0.01381618,0.05025858,1,0.1109921,0,0.03493249,0.02082187,0.05611809,0.01357922,-0.2397773,0.03497593,0,0,0,0
633,5.940533,0.885352,0.2002784,2.110996,0.2699622,0.08025826,0.01390992,0.08325395,1,0.2266779,0.07148406,0.03612567,0.02162425,0.08468898,0.02242515,-0.2391412,0.03250254,0,0,0,0
634,0,0.8459113,0.2002784,2.077387,0,0.08025826,0.01390992,0.08325395,1,0,0,0.03453545,0.02162425,0.08337886,0.02242515,-0.2380296,0.03488327,0,0,0,0
635,0,0.8459113,0.2002784,2.039493,0,0.07964268,0.01390992,0.08144128,1,0,0,0.03453545,0.02145962,0.08190028,0.02194059,-0.2343527,0.03619019,0,0,0,0
636,0,0.8459113,0.2002784,1.675409,0,0.07964268,0.01390992,0.07188324,1,0,0,0.03453545,0.02145962,0.06761649,0.01938283,-0.2360286,0.03600787,0,0,0,0
637,3.024824,0.8795205,0.2013287,1.677993,0,0.07886014,0.01390992,0.05389721,1,0.1198624,0,0.03589066,0.02125031,0.06771836,0.01455739,-0.2373369,0.02992272,0,0,0,0
638,0,0.8795205,0.2013287,1.337933,0,0.07813775,0.01390992,0.05389721,1,0,0,0.03589066,0.02105706,0.05424906,0.01455739,-0.2383363,0.03108895,0,0,0,0
639,0,0.8795205,0.2013287,0.6778734,0,0.07813775,0.01390992,0.02282375,1,0,0,0.03589066,0.02105706,0.02774057,0.00618253,-0.2286144,0.03314691,0,0,0,0
640,2.792264,0.9105456,0.2022982,0.9893415,0.1567431,0.07987934,0.01396434,0.04066497,1,0.1109921,0.0419345,0.03714055,0.02152291,0.04031008,0.010997,-0.2331835,0.02838629,0,0,0,0
641,0,0.9105456,0.2022982,0.9893415,0.2342252,0.08248185,0.01404567,0.0692925,1,0,0.06222211,0.03714055,0.02221877,0.04031008,0.01868876,-0.2339035,0.02984118,0,0,0,0
642,2.577585,0.9391855,0.2031932,1.30438,0.06766764,0.08127007,0.01406917,0.07613709,1,0.1027552,0.01825328,0.03829338,0.02189481,0.05291323,0.02052173,-0.2343219,0.03242823,0,0,0,0
643,0,0.9391855,0.2031932,0.9682882,0.1814865,0.08328659,0.01413218,0.09831877,1,0,0.04844427,0.03829338,0.02243387,0.0394639,0.026446,-0.234234,0.03038772,0,0,0,0
644,0,0.9391855,0.2031932,0.9682882,0,0.0819166,0.01413218,0.09657718,1,0,0,0.03829338,0.02206766,0.0394639,0.02598174,-0.233587,0.03106209,0,0,0,0
645,0,0.9391855,0.2031932,0.9682882,0.05322925,0.08250804,0.01415066,0.1022007,1,0,0.01437787,0.03829338,0.02222577,0.0394639,0.02748028,-0.2311818,0.03064578,0,0,0,0
646,0,0.9391855,0.2031932,0.6580366,0.2073915,0.08354774,0.01422268,0.109011,1,0,0.05522832,0.03829338,0.02250367,0.02693632,0.029293,-0.2285102,0.03147526,0,0,0,0
647,0,0.9391855,0.2031932,0.6580366,0,0.08354774,0.01422268,0.0824177,1,0,0,0.03829338,0.02250367,0.02693632,0.02220162,-0.2341014,0.0279249,0,0,0,0
648,0,0.9391855,0.2031932,0.3716383,0,0.08297949,0.01422268,0.07489907,1,0,0,0.03829338,0.02235179,0.01527454,0.02019036,-0.2348818,0.02997649,0,0,0,0
649,4.696666,0.9563899,0.204824,0.9456752,0.1859929,0.08094925,0.01428726,0.07746638,1,0.182073,0.04962673,0.03898546,0.02180903,0.03855448,0.02087744,-0.2323315,0.03018404,0,0,0,0
650,0,0.9265812,0.204824,0.9456752,0.1467243,0.08179698,0.0143382,0.09372604,1,0,0.03929026,0.03778614,0.02203568,0.03855448,0.02522137,-0.2304964,0.02740103,0,0,0,0
651,0,0.9265812,0.204824,0.9029496,0.1505971,0.08262256,0.01439049,0.1045447,1,0,0.04031298,0.03778614,0.02225638,0.03683463,0.02810445,-0.2264383,0.02682683,0,0,0,0
652,5.707602,0.989999,0.2068058,1.600545,0,0.07910608,0.01439049,0.07833371,1,0.2184293,0,0.0403365,0.0213161,0.06466181,0.02110949,-0.23199,0.02906922,0,0,0,0
653,2.577585,1.018639,0.2077008,1.915583,0,0.07843924,0.01439049,0.07774228,1,0.1027552,0,0.04148678,0.02113772,0.07705491,0.02095126,-0.2279516,0.02895938,0,0,0,0
654,3.024824,1.052248,0.2087511,2.285284,0.1335677,0.07992332,0.01443687,0.09406721,1,0.1198624,0.03581049,0.04283547,0.02153468,0.09146387,0.02531238,-0.2282125,0.02587572,0,0,0,0
655,2.906219,1.084539,0.2097602,2.085028,0,0.07767285,0.01443687,0.07172803,1,0.1153454,0,0.0441301,0.02093268,0.08367682,0.01934125,-0.2264504,0.02871714,0,0,0,0
656,3.694528,1.087695,0.211043,2.5016,0.1631399,0.07948551,0.01449352,0.07393876,1,0.1451056,0.04362026,0.04425657,0.02141758,0.09982847,0.01993327,-0.2261937,0.02889555,0,0,0,0
657,3.148269,1.122676,0.2121361,2.886389,0.1631399,0.07975353,0.01455016,0.07714507,1,0.1245487,0.04362026,0.04565759,0.02148927,0.1145888,0.02079147,-0.2288771,0.0259379,0,0,0,0
658,3.694528,1.163726,0.213419,2.703764,0,0.07975353,0.01455016,0.07714507,1,0.1451056,0,0.04729997,0.02148927,0.1076022,0.02079147,-0.2274531,0.02631075,0,0,0,0
659,0,1.163726,0.213419,2.417366,0,0.07975353,0.01455016,0.07714507,1,0,0,0.04729997,0.02148927,0.09657703,0.02079147,-0.2233061,0.02429865,0,0,0,0
660,0,1.127318,0.213419,2.044866,0.1631399,0.07865621,0.01460681,0.08128773,1,0,0.04362026,0.04584341,0.02119576,0.08211004,0.02189953,-0.2229071,0.02598008,0,0,0,0
661,0,1.127318,0.213419,1.688344,0.2667878,0.08013644,0.01469944,0.1122874,1,0,0.07066376,0.04584341,0.02159167,0.06812637,0.0301643,-0.2245844,0.02545569,0,0,0,0
662,0,1.092337,0.213419,1.246816,0.08602243,0.08017391,0.01472931,0.1046746,1,0,0.02316491,0.04444257,0.02160169,0.05061857,0.02813905,-0.2235304,0.02522786,0,0,0,0
663,2.792264,1.093554,0.2143885,1.172279,0,0.07847847,0.01472931,0.0835484,1,0.1109921,0,0.04449131,0.02114821,0.0476419,0.02250385,-0.2273505,0.02563475,0,0,0,0
664,0,1.093554,0.2143885,0.7617755,0.05766256,0.07799752,0.01474933,0.09059605,1,0,0.01556892,0.04449131,0.02101955,0.03113729,0.02438618,-0.2217319,0.02440966,0,0,0,0
665,0,1.093554,0.2143885,0.7617755,0,0.07603388,0.01474933,0.09059605,1,0,0,0.04449131,0.02049411,0.03113729,0.02438618,-0.2225751,0.02435899,0,0,0,0
666,2.792264,1.124579,0.215358,1.103052,0.3304651,0.07898333,0.01486408,0.1128596,1,0.1109921,0.08703031,0.04573377,0.02128326,0.0448718,0.03031639,-0.222171,0.02324775,0,0,0,0
667,0,1.124579,0.215358,1.069443,0.05540158,0.07959891,0.01488331,0.08998779,1,0,0.01496161,0.04573377,0.02144791,0.04352501,0.02422382,-0.2201094,0.02456663,0,0,0,0
668,2.906219,1.15687,0.2163671,1.424648,0,0.07871659,0.01488331,0.08042974,1,0.1153454,0,0.0470258,0.02121191,0.05769568,0.02167011,-0.2257196,0.02235864,0,0,0,0
669,0,1.12189,0.2163671,1.114396,0,0.07871659,0.01488331,0.08042974,1,0,0,0.0456261,0.02121191,0.04532609,0.02167011,-0.2225808,0.02375398,0,0,0,0
670,3.024824,1.155499,0.2174174,1.453072,0,0.07871659,0.01488331,0.0722812,1,0.1198624,0,0.04697094,0.02121191,0.05882364,0.01948941,-0.2224484,0.02218413,0,0,0,0
671,3.410479,1.193393,0.2186016,1.869908,0,0.07704329,0.01488331,0.0696787,1,0.1344528,0,0.04848574,0.02076423,0.07526469,0.01879224,-0.2212222,0.02571218,0,0,0,0
672,0,1.193393,0.2186016,1.531017,0.09699002,0.07690589,0.01491699,0.04406283,1,0,0.0260918,0.04848574,0.02072746,0.06191225,0.0119121,-0.2273706,0.02143208,0,0,0,0
673,3.694528,1.195003,0.2198844,1.98257,0.2108089,0.07924821,0.01499019,0.06165611,1,0.1451056,0.0561209,0.04855004,0.02135411,0.07967639,0.01664099,-0.2186846,0.01990589,0,0,0,0
674,0,1.195003,0.2198844,1.659657,0,0.07924821,0.01499019,0.06165611,1,0,0,0.04855004,0.02135411,0.06699529,0.01664099,-0.2147211,0.02076504,0,0,0,0
675,0,1.166363,0.2198844,1.659657,0,0.07803314,0.01499019,0.06106467,1,0,0,0.04740538,0.02102908,0.06699529,0.01648227,-0.2155364,0.02149685,0,0,0,0
676,3.276752,1.166363,0.2210222,1.724057,0,0.07803314,0.01499019,0.05876032,1,0.1294102,0,0.04740538,0.02102908,0.06953327,0.0158637,-0.2177106,0.01986298,0,0,0,0
677,0,1.166363,0.2210222,1.345115,0.05766256,0.07623592,0.01501021,0.06580797,1,0,0.01556892,0.04740538,0.02054818,0.05453484,0.01775471,-0.2174159,0.02186449,0,0,0,0
678,0,1.135338,0.2210222,1.345115,0,0.07551354,0.01501021,0.0550313,1,0,0,0.04616436,0.02035484,0.05453484,0.01486213,-0.2206027,0.02002412,0,0,0,0
679,3.024824,1.168947,0.2220725,1.252127,0.180357,0.07751751,0.01507284,0.05158513,1,0.1198624,0.04814775,0.0475087,0.02089112,0.05083047,0.01393591,-0.2110208,0.02022837,0,0,0,0
680,0,1.168947,0.2220725,1.252127,0.1283304,0.07782175,0.01511739,0.06563969,1,0,0.03442296,0.0475087,0.02097252,0.05083047,0.01770958,-0.216395,0.0194543,0,0,0,0
681,0,1.168947,0.2220725,1.252127,0.1505971,0.07949505,0.01516968,0.0823727,1,0,0.04031298,0.0475087,0.02142014,0.05083047,0.02218959,-0.2182482,0.01834575,0,0,0,0
682,2.682778,1.16773,0.223004,1.152521,0,0.07747854,0.01516968,0.0823727,1,0.1067972,0,0.04746006,0.02088069,0.04685184,0.02218959,-0.2137261,0.01654166,0,0,0,0
683,0,1.16773,0.223004,1.123881,0.1201277,0.07803074,0.0152114,0.09064802,1,0,0.03224709,0.04746006,0.02102843,0.04570584,0.02440005,-0.2149787,0.01927713,0,0,0,0
684,0,1.16773,0.223004,1.090272,0.1138188,0.07768771,0.01525092,0.1030751,1,0,0.03057136,0.04746006,0.02093666,0.04435982,0.02771316,-0.2126327,0.01879244,0,0,0,0
685,0,1.16773,0.223004,0.7218893,0,0.07768771,0.01525092,0.08303546,1,0,0,0.04746006,0.02093666,0.02952352,0.02236675,-0.2122592,0.01948703,0,0,0,0
686,0,1.16773,0.223004,0.680839,0.08602243,0.07864351,0.01528079,0.07747772,1,0,0.02316491,0.04746006,0.02119236,0.02786076,0.02088047,-0.2161921,0.016488,0,0,0,0
687,3.276752,1.204139,0.2241418,1.04635,0.1505971,0.07953427,0.01533308,0.07733835,1,0.1294102,0.04031298,0.048915,0.02143062,0.04259889,0.02084319,-0.2093749,0.01710379,0,0,0,0
688,0,1.204139,0.2241418,0.7072134,0,0.07826961,0.01533308,0.07733835,1,0,0,0.048915,0.02109234,0.02892929,0.02084319,-0.211182,0.01757506,0,0,0,0
689,2.682778,1.233947,0.2250733,1.035109,0.105068,0.07943704,0.01536956,0.07683248,1,0.1067972,0.02824377,0.05010511,0.02140462,0.04214784,0.02070782,-0.2126423,0.01548005,0,0,0,0
690,0,1.233947,0.2250733,1.035109,0.1446921,0.07811532,0.0154198,0.08005787,1,0,0.03875333,0.05010511,0.02105106,0.04214784,0.02157066,-0.2099683,0.01860395,0,0,0,0
691,0,1.233947,0.2250733,1.035109,0.08264944,0.0784654,0.0154485,0.08719516,1,0,0.02226357,0.05010511,0.02114472,0.04214784,0.02347815,-0.2161412,0.01709076,0,0,0,0
692,2.906219,1.266239,0.2260824,1.390313,0.2561361,0.07970367,0.01553743,0.1079868,1,0.1153454,0.0679078,0.05139323,0.02147593,0.05633198,0.02902055,-0.2121414,0.01326287,0,0,0,0
693,0,1.266239,0.2260824,0.9952043,0,0.07970367,0.01553743,0.09125381,1,0,0,0.05139323,0.02147593,0.04054562,0.02456173,-0.215212,0.01366999,0,0,0,0
694,3.024824,1.266239,0.2271327,1.364905,0.06001581,0.08037051,0.01555827,0.09794839,1,0.1198624,0.01620075,0.05139323,0.02165427,0.05532199,0.02634728,-0.2103839,0.01797782,0,0,0,0
695,2.577585,1.256984,0.2280277,1.381857,0.07042921,0.07934039,0.01558273,0.09488217,1,0.1027552,0.01899333,0.05102418,0.02137877,0.05599591,0.02552975,-0.2124555,0.009833115,0,0,0,0
696,0,1.256984,0.2280277,1.350831,0,0.07934039,0.01558273,0.07513344,1,0,0,0.05102418,0.02137877,0.05476226,0.0202531,-0.2056056,0.01324647,0,0,0,0
697,0,1.225959,0.2280277,1.350831,0.1505971,0.07910457,0.01563502,0.08374091,1,0,0.04031298,0.04978627,0.02131569,0.05476226,0.02255529,-0.2057077,0.01210422,0,0,0,0
698,4.165569,1.242434,0.2294741,1.504752,0.105068,0.080272,0.0156715,0.06812299,1,0.1625996,0.02824377,0.05044378,0.02162792,0.06087225,0.01837533,-0.2102668,0.01289838,0,0,0,0
699,0,1.242434,0.2294741,1.504752,0,0.07919433,0.0156715,0.06812299,1,0,0,0.05044378,0.0213397,0.06087225,0.01837533,-0.2111574,0.0108766,0,0,0,0
700,0,1.212626,0.2294741,1.135051,0,0.07787806,0.0156715,0.06145457,1,0,0,0.04925395,0.02098759,0.04615291,0.01658691,-0.2073428,0.01153269,0,0,0,0
701,0,1.212626,0.2294741,0.8107588,0,0.07787806,0.0156715,0.0536291,1,0,0,0.04925395,0.02098759,0.03311665,0.01448534,-0.2083612,0.01228056,0,0,0,0
702,5.602408,1.274875,0.2314193,1.495498,0,0.07645217,0.0156715,0.05255144,1,0.2146886,0,0.05173754,0.02060605,0.06050562,0.01419568,-0.2104084,0.01486791,0,0,0,0
703,0,1.274875,0.2314193,1.454447,0.06766764,0.07720403,0.01569499,0.04174659,1,0,0.01825328,0.05173754,0.02080724,0.05887821,0.01128836,-0.2090369,0.009244697,0,0,0,0
704,0,1.274875,0.2314193,0.9916064,0.3093917,0.07890013,0.01580242,0.06788691,1,0,0.08163448,0.05173754,0.02126101,0.04040108,0.01831205,-0.204053,0.00789688,0,0,0,0
705,0,1.274875,0.2314193,0.9916064,0.2837108,0.08117015,0.01590093,0.1025627,1,0,0.0750315,0.05173754,0.02186809,0.04040108,0.02757669,-0.2048706,0.00760281,0,0,0,0
706,2.792264,1.3059,0.2323889,1.296475,0.0511421,0.08061675,0.01591869,0.1088134,1,0.1109921,0.0138168,0.05297378,0.02172012,0.05259833,0.02924044,-0.204452,0.009110515,0,0,0,0
707,0,1.3059,0.2323889,1.296475,0.2153137,0.08244088,0.01599345,0.1344888,1,0,0.05729666,0.05297378,0.02220782,0.05259833,0.0360544,-0.2034188,0.007495474,0,0,0,0
708,0,1.3059,0.2323889,0.6739849,0,0.08244088,0.01599345,0.1344888,1,0,0,0.05297378,0.02220782,0.02758295,0.0360544,-0.2017867,0.008914541,0,0,0,0
709,0,1.3059,0.2323889,0.6403758,0.05322925,0.08303231,0.01601193,0.131472,1,0,0.01437787,0.05297378,0.02236591,0.02621991,0.03525544,-0.204087,0.006969914,0,0,0,0
710,0,1.3059,0.2323889,0.6403758,0.3465251,0.08520929,0.01613226,0.1380223,1,0,0.09112895,0.05297378,0.02294767,0.02621991,0.03698964,-0.204048,0.006447684,0,0,0,0
711,0,1.263174,0.2323889,0.6403758,0.07330348,0.08435047,0.01615771,0.1137849,1,0,0.01976317,0.05127104,0.02271819,0.02621991,0.03056234,-0.1917993,0.01000903,0,0,0,0
712,6.202743,1.332094,0.2345426,1.058429,0.2071572,0.08348474,0.01622964,0.1334217,1,0.2359073,0.05516712,0.05401668,0.02248683,0.04308336,0.03577183,-0.2015271,0.004602879,0,0,0,0
713,0,1.332094,0.2345426,1.058429,0.1138188,0.08415796,0.01626916,0.1220744,1,0,0.03057136,0.05401668,0.02266674,0.04308336,0.03276377,-0.1979392,0.008164659,0,0,0,0
714,2.792264,1.363119,0.2355121,1.399705,0,0.08415796,0.01626916,0.1208097,1,0.1109921,0,0.05525097,0.02266674,0.05670515,0.03242813,-0.2002927,0.008813618,0,0,0,0
715,0,1.32951,0.2355121,1.399705,0,0.08248465,0.01626916,0.1148954,1,0,0,0.05391383,0.02221952,0.05670515,0.03085743,-0.199271,0.007858034,0,0,0,0
716,0,1.294529,0.2355121,1.399705,0.05540158,0.08167433,0.01628839,0.08220806,1,0,0.01496161,0.05252081,0.02200289,0.05670515,0.02214558,-0.2000567,0.008902995,0,0,0,0
717,3.024824,1.328138,0.2365624,1.732998,0.07042921,0.08245688,0.01631285,0.08099794,1,0.1198624,0.01899333,0.05385923,0.02221209,0.06988525,0.02182204,-0.1945426,0.00679483,0,0,0,0
718,2.906219,1.360429,0.2375715,1.399008,0.1797852,0.08445449,0.01637527,0.07995422,1,0.1153454,0.04799761,0.05514401,0.02274599,0.05667746,0.02154294,-0.2026728,0.006945636,0,0,0,0
719,0,1.360429,0.2375715,1.3692,0,0.08445449,0.01637527,0.06614026,1,0,0,0.05514401,0.02274599,0.05549277,0.01784381,-0.2010458,0.008548534,0,0,0,0
720,2.906219,1.356312,0.2385806,1.414153,0.3382782,0.08725734,0.01649273,0.1058777,1,0.1153454,0.08902572,0.05498027,0.02349476,0.05727898,0.02845928,-0.1976558,0.004981606,0,0,0,0
721,0,1.322703,0.2385806,1.414153,0.1283304,0.08707554,0.01653729,0.1206442,1,0,0.03442296,0.05364288,0.0234462,0.05727898,0.03238419,-0.1996559,0.006884612,0,0,0,0
722,0,1.291678,0.2385806,1.381861,0,0.08707554,0.01653729,0.1116425,1,0,0,0.05240722,0.0234462,0.0559961,0.02999283,-0.1955257,0.003252396,0,0,0,0
723,2.906219,1.257963,0.2395897,1.400974,0,0.08407596,0.01653729,0.103817,1,0.1153454,0,0.05106324,0.02264483,0.05675556,0.02791071,-0.1986949,0.006501761,0,0,0,0
724,3.148269,1.292944,0.2406829,1.429241,0.1697978,0.0859626,0.01659625,0.1039271,1,0.1245487,0.04537273,0.05245767,0.02314892,0.057878,0.02794003,-0.1969973,0.004377137,0,0,0,0
725,0,1.292944,0.2406829,1.400601,0.1390187,0.08750725,0.01664452,0.1201357,1,0,0.03725323,0.05245767,0.0235615,0.05674072,0.03224923,-0.1949205,0.002560114,0,0,0,0
726,2.906219,1.325236,0.241692,1.432892,0.2566608,0.09035904,0.01673364,0.1139189,1,0.1153454,0.06804368,0.05374369,0.02432292,0.05802293,0.03059795,-0.1973729,0.004327265,0,0,0,0
727,0,1.291626,0.241692,1.432892,0.2246645,0.09285531,0.01681165,0.1254457,1,0,0.05973415,0.05240516,0.02498908,0.05802293,0.03365813,-0.1956289,0.00116029,0,0,0,0
728,0,1.291626,0.241692,1.386608,0.1567431,0.0945969,0.01686607,0.1434357,1,0,0.0419345,0.05240516,0.02545366,0.05618474,0.03842127,-0.1961343,-0.0005041094,0,0,0,0
729,0,1.291626,0.241692,1.063695,0.1847098,0.09664923,0.01693021,0.1660114,1,0,0.04929013,0.05240516,0.02600094,0.04329453,0.04437635,-0.1933604,0.003495539,0,0,0,0
730,2.906219,1.292893,0.2427011,1.069092,0.2905462,0.09813593,0.01703109,0.1826562,1,0.1153454,0.07679196,0.05245561,0.02639727,0.04351091,0.04875128,-0.1962344,0.003412522,0,0,0,0
731,0,1.292893,0.2427011,1.069092,0,0.09553343,0.01703109,0.1672096,1,0,0,0.05245561,0.02570343,0.04351091,0.04469175,-0.1904537,0.006120349,0,0,0,0
732,0,1.264253,0.2427011,0.6839294,0.1009483,0.09590321,0.01706614,0.1510299,1,0,0.02714667,0.05131405,0.02580203,0.02798601,0.04042723,-0.1887481,0.0004700832,0,0,0,0
733,0,1.264253,0.2427011,0.6839294,0.1138188,0.09515135,0.01710566,0.1392265,1,0,0.03057136,0.05131405,0.02560153,0.02798601,0.03730822,-0.1924396,0.003926182,0,0,0,0
734,0,1.264253,0.2427011,0.6839294,0,0.09515135,0.01710566,0.1183729,1,0,0,0.05131405,0.02560153,0.02798601,0.03178119,-0.1929198,0.0009588953,0,0,0,0
735,0,1.264253,0.2427011,0.6839294,0,0.09455992,0.01710566,0.09469728,1,0,0,0.05131405,0.0254438,0.02798601,0.02548043,-0.1913717,0.003166815,0,0,0,0
736,2.577585,1.292893,0.2435961,0.6450292,0,0.09225557,0.01710566,0.06184612,1,0.1027552,0,0.05245561,0.02482906,0.02640871,0.01669198,-0.1888888,0.001265265,0,0,0,0
737,0,1.292893,0.2435961,0.6450292,0,0.09225557,0.01710566,0.05945375,1,0,0,0.05245561,0.02482906,0.02640871,0.01604987,-0.1852145,-0.000489399,0,0,0,0
738,0,1.292893,0.2435961,0.6450292,0.1335677,0.09373965,0.01715204,0.06456221,1,0,0.03581049,0.05245561,0.025225,0.02640871,0.01742063,-0.18356,-0.001382894,0,0,0,0
739,0,1.240707,0.2435961,0.6450292,0.1184639,0.09298933,0.01719317,0.06580315,1,0,0.03180535,0.05037487,0.02502483,0.02640871,0.01775342,-0.1894699,0.001211961,0,0,0,0
740,0,1.240707,0.2435961,0.6450292,0,0.09135906,0.01719317,0.06195287,1,0,0,0.05037487,0.02458982,0.02640871,0.01672062,-0.1840419,-0.001986898,0,0,0,0
741,0,1.240707,0.2435961,0.6450292,0.07330348,0.09050024,0.01721863,0.07009771,1,0,0.01976317,0.05037487,0.02436061,0.02640871,0.01890451,-0.1929054,-0.001839924,0,0,0,0
742,0,1.17729,0.2435961,0.2897115,0,0.09050024,0.01721863,0.06779596,1,0,0,0.04784221,0.02436061,0.01192117,0.01828767,-0.1900836,-0.0001773059,0,0,0,0
743,0,1.14865,0.2435961,0.2897115,0.05322925,0.09109168,0.01723711,0.0730371,1,0,0.01437787,0.04669699,0.02451846,0.01192117,0.01969184,-0.1854687,-0.002656505,0,0,0,0
744,0,1.115041,0.2435961,0.2586863,0.1390187,0.09115224,0.01728538,0.07518742,1,0,0.03725323,0.0453519,0.02453463,0.01064924,0.02026755,-0.1870369,-0.003536914,0,0,0,0
745,2.906219,1.115041,0.2446052,0.6138909,0.240227,0.09382143,0.01736879,0.09138584,1,0.1153454,0.06378175,0.0453519,0.02524682,0.02514489,0.02459697,-0.1843299,0.0002302002,0,0,0,0
746,4.002234,1.11846,0.2459949,1.103053,0.1009483,0.09313041,0.01740384,0.1031084,1,0.1565575,0.02714667,0.04548879,0.02506247,0.04487183,0.02772202,-0.1840476,-0.003088587,0,0,0,0
747,0,1.083479,0.2459949,1.069444,0.09318699,0.09235316,0.0174362,0.1055705,1,0,0.02507757,0.0440876,0.0248551,0.04352503,0.02837753,-0.1884274,-0.003192671,0,0,0,0
748,0,1.042428,0.2459949,1.037152,0.1839397,0.09439693,0.01750007,0.1260544,1,0,0.0490881,0.04244156,0.02540033,0.04222986,0.03381956,-0.1851191,0.0001554308,0,0,0,0
749,6.093257,1.110131,0.2481106,1.781884,0.2893842,0.09761231,0.01760055,0.1555093,1,0.2320607,0.07649285,0.04515532,0.02625769,0.07180838,0.04160912,-0.1918279,-0.003977037,0,0,0,0
750,3.845305,1.152857,0.2494457,2.219574,0.07330348,0.09661413,0.017626,0.1452634,1,0.1507284,0.01976317,0.04686528,0.02599159,0.08891334,0.03890429,-0.1844651,-0.007640118,0,0,0,0
751,0,1.152857,0.2494457,1.896661,0.1697978,0.09553647,0.01768496,0.1378987,1,0,0.04537273,0.04686528,0.02570424,0.07631353,0.03695693,-0.1813177,-0.005921509,0,0,0,0
752,4.002234,1.197326,0.2508354,1.94113,0.1767273,0.0965443,0.01774632,0.1482822,1,0.1565575,0.04719446,0.04864287,0.02597297,0.07805523,0.03970177,-0.1848496,-0.006162777,0,0,0,0
753,3.410479,1.204195,0.2520196,2.325675,0.1495489,0.09820595,0.01779825,0.1562063,1,0.1344528,0.04003625,0.04891726,0.02641593,0.09302942,0.04179296,-0.1814074,-0.005450193,0,0,0,0
754,2.682778,1.234004,0.2529511,2.61859,0.2606207,0.100461,0.01788874,0.1657356,1,0.1067972,0.06906877,0.05010737,0.02701687,0.1043321,0.04430375,-0.182082,-0.00588995,0,0,0,0
755,0,1.234004,0.2529511,1.941561,0.4710377,0.1056948,0.0180523,0.1896084,1,0,0.1225165,0.05010737,0.02841061,0.07807209,0.05057469,-0.1806742,-0.005771751,0,0,0,0
756,0,1.202979,0.2529511,1.482014,0,0.102023,0.0180523,0.1786118,1,0,0,0.04886867,0.02743295,0.05997126,0.04768947,-0.1862056,-0.007164282,0,0,0,0
757,2.792264,1.234004,0.2539207,1.82329,0,0.1014074,0.0180523,0.1572491,1,0.1109921,0,0.05010737,0.02726898,0.07343526,0.04206792,-0.1769563,-0.006190235,0,0,0,0
758,4.002234,1.246182,0.2553103,1.86776,0.06766764,0.1021592,0.01807579,0.1441416,1,0.1565575,0.01825328,0.05059329,0.02746925,0.07518044,0.03860784,-0.1820519,-0.008461356,0,0,0,0
759,2.682778,1.275991,0.2562418,1.816713,0,0.1021592,0.01807579,0.1254727,1,0.1067972,0,0.05178202,0.02746925,0.07317694,0.0336653,-0.173644,-0.008595773,0,0,0,0
760,0,1.242381,0.2562418,1.486335,0.07042921,0.1029418,0.01810025,0.1018946,1,0,0.01899333,0.05044166,0.02767766,0.06014252,0.02739876,-0.1764094,-0.008348347,0,0,0,0
761,0,1.204487,0.2562418,1.486335,0,0.1029418,0.01810025,0.04955708,1,0,0,0.04892892,0.02767766,0.06014252,0.01339056,-0.1745939,-0.006300091,0,0,0,0
762,2.792264,1.235512,0.2572114,1.827612,0,0.1018641,0.01810025,0.04843543,1,0.1109921,0,0.05016756,0.02739064,0.07360493,0.01308886,-0.1806715,-0.007313918,0,0,0,0
763,0,1.194462,0.2572114,1.51736,0.07042921,0.1003044,0.0181247,0.0557788,1,0,0.01899333,0.04852845,0.02697513,0.06137158,0.01506295,-0.179835,-0.009253087,0,0,0,0
764,0,1.194462,0.2572114,1.072667,0.2516289,0.1031002,0.01821207,0.07901481,1,0,0.06674005,0.04852845,0.02771985,0.04365426,0.02129168,-0.172865,-0.01086867,0,0,0,0
765,5.15517,1.251742,0.2590014,1.404657,0,0.1031002,0.01821207,0.07901481,1,0.1986758,0,0.05081508,0.02771985,0.05690185,0.02129168,-0.1763319,-0.008275564,0,0,0,0
766,2.476516,1.24285,0.2598613,1.678703,0,0.1031002,0.01821207,0.07118934,1,0.09886099,0,0.05046036,0.02771985,0.06774633,0.01919696,-0.1776451,-0.01109695,0,0,0,0
767,3.410479,1.280744,0.2610455,2.095539,0,0.1024595,0.01821207,0.07118934,1,0.1344528,0,0.0519715,0.02754922,0.0840866,0.01919696,-0.1743693,-0.0117432,0,0,0,0
768,0,1.280744,0.2610455,1.785287,0.1449347,0.1040699,0.0182624,0.08741949,1,0,0.03881742,0.0519715,0.02797805,0.07194217,0.02353807,-0.1751978,-0.01077421,0,0,0,0
769,0,1.247135,0.2610455,1.785287,0.1631399,0.1038786,0.01831904,0.09821708,1,0,0.04362026,0.05063132,0.02792712,0.07194217,0.02641889,-0.1704816,-0.01077301,0,0,0,0
770,0,1.247135,0.2610455,1.785287,0.06246511,0.1031468,0.01834073,0.07789294,1,0,0.01685807,0.05063132,0.02773225,0.07194217,0.02099157,-0.1778041,-0.00932051,0,0,0,0
771,0,1.247135,0.2610455,1.212491,0,0.1014735,0.01834073,0.07707846,1,0,0,0.05063132,0.02728659,0.04924855,0.02077364,-0.1720561,-0.009970321,0,0,0,0
772,3.845305,1.260052,0.2623806,1.407304,0.1481321,0.1031194,0.01839217,0.09518349,1,0.1507284,0.03966213,0.05114654,0.02772495,0.05700698,0.02561011,-0.1749574,-0.01477029,0,0,0,0
773,0,1.260052,0.2623806,1.028362,0.1335677,0.1032687,0.01843854,0.110917,1,0,0.03581049,0.05114654,0.02776472,0.04187708,0.02979993,-0.174954,-0.01244579,0,0,0,0
774,3.024824,1.293661,0.2634309,1.398062,0,0.1020041,0.01843854,0.09326849,1,0.1198624,0,0.05248624,0.02742792,0.05663988,0.02509931,-0.1735391,-0.0136042,0,0,0,0
775,2.682778,1.32347,0.2643624,1.693666,0.06766764,0.1027559,0.01846204,0.08074314,1,0.1067972,0.01825328,0.05367341,0.02762816,0.06833614,0.02175391,-0.1699451,-0.01343212,0,0,0,0
776,0,1.32347,0.2643624,1.649197,0.07330348,0.1026146,0.01848749,0.08164024,1,0,0.01976317,0.05367341,0.02759052,0.06658265,0.02199378,-0.1710833,-0.01255722,0,0,0,0
777,0,1.287062,0.2643624,1.649197,0.07940871,0.1018236,0.01851506,0.09031033,1,0,0.02139704,0.05222327,0.02737986,0.06658265,0.02430992,-0.1751324,-0.01269494,0,0,0,0
778,0,1.287062,0.2643624,1.221941,0.1009483,0.1029453,0.01855012,0.08414556,1,0,0.02714667,0.05222327,0.02767858,0.04962587,0.02266343,-0.1695914,-0.01536006,0,0,0,0
779,0,1.257253,0.2643624,1.154238,0,0.1017779,0.01855012,0.06608933,1,0,0,0.05103491,0.02736766,0.04692052,0.01783015,-0.1709832,-0.01403499,0,0,0,0
780,0,1.257253,0.2643624,0.7754209,0.1138188,0.1014348,0.01858964,0.07918603,1,0,0.03057136,0.05103491,0.02727629,0.03168895,0.02133748,-0.1720598,-0.01678584,0,0,0,0
781,0,1.257253,0.2643624,0.4773345,0.1567431,0.1022581,0.01864406,0.08893825,1,0,0.0419345,0.05103491,0.02749557,0.01958934,0.02394362,-0.1673276,-0.01717469,0,0,0,0
782,2.682778,1.25477,0.265294,0.7607603,0,0.09941213,0.01864406,0.07882979,1,0.1067972,0,0.05093588,0.02673738,0.03109623,0.02124219,-0.1702709,-0.01419449,0,0,0,0
783,3.024824,1.288379,0.2663443,1.092567,0.1446921,0.1010198,0.0186943,0.08602953,1,0.1198624,0.03875333,0.05227578,0.02716574,0.04445176,0.0231668,-0.167243,-0.0161031,0,0,0,0
784,2.476516,1.282287,0.2672042,1.365443,0.06766764,0.1011048,0.0187178,0.08018776,1,0.09886099,0.01825328,0.05203299,0.02718838,0.0553434,0.0216054,-0.1601645,-0.01506381,0,0,0,0
785,0,1.253647,0.2672042,1.365443,0,0.1003223,0.0187178,0.07495401,1,0,0,0.05089109,0.0269799,0.0553434,0.02020507,-0.1682077,-0.01636057,0,0,0,0
786,6.697933,1.328069,0.2695298,2.18408,0,0.1003223,0.0187178,0.06230747,1,0.2531777,0,0.05385648,0.0269799,0.08753374,0.01681577,-0.161841,-0.01613576,0,0,0,0
787,0,1.328069,0.2695298,2.153054,0,0.09864899,0.0187178,0.04489157,1,0,0,0.05385648,0.02653401,0.08632679,0.01213521,-0.1620003,-0.01781362,0,0,0,0
788,0,1.281785,0.2695298,1.810499,0.0511421,0.09804981,0.01873555,0.05039041,1,0,0.0138168,0.05201297,0.02637431,0.07293287,0.01361467,-0.1642364,-0.01966304,0,0,0,0
789,0,1.281785,0.2695298,1.444599,0.2636462,0.1009792,0.0188271,0.06653694,1,0,0.06985147,0.05201297,0.02715492,0.05848749,0.01795016,-0.1683206,-0.01471304,0,0,0,0
790,0,1.281785,0.2695298,1.16943,0.1476638,0.1026199,0.01887837,0.07628356,1,0,0.03953844,0.05201297,0.02759194,0.04752802,0.02056093,-0.1656698,-0.02202771,0,0,0,0
791,0,1.281785,0.2695298,1.16943,0.06246511,0.103314,0.01890006,0.08391819,1,0,0.01685807,0.05201297,0.02777677,0.04752802,0.02260267,-0.1597899,-0.0163726,0,0,0,0
792,0,1.219536,0.2695298,0.3941902,0.2101361,0.1056488,0.01897302,0.1096015,1,0,0.05594522,0.04952985,0.02839837,0.01619625,0.02945007,-0.1644723,-0.01615443,0,0,0,0
793,0,1.219536,0.2695298,0.3941902,0,0.104897,0.01897302,0.1088189,1,0,0,0.04952985,0.02819823,0.01619625,0.02924192,-0.163467,-0.02133285,0,0,0,0
794,0,1.219536,0.2695298,0.3941902,0.1495985,0.1031215,0.01902497,0.1186249,1,0,0.04004936,0.04952985,0.02772551,0.01619625,0.0318481,-0.1621025,-0.01840233,0,0,0,0
795,2.682778,1.249344,0.2704613,0.6648057,0.06246511,0.1006632,0.01904666,0.09696547,1,0.1067972,0.01685807,0.05071945,0.02707073,0.02721081,0.02608526,-0.1697838,-0.02167778,0,0,0,0
796,0,1.218319,0.2704613,0.6372888,0.1390187,0.1016396,0.01909493,0.09754955,1,0,0.03725323,0.04948128,0.02733084,0.02609465,0.02624096,-0.1565529,-0.02054941,0,0,0,0
797,0,1.218319,0.2704613,0.5993946,0.08602243,0.100203,0.0191248,0.1011228,1,0,0.02316491,0.04948128,0.02694813,0.02455615,0.02719318,-0.1574329,-0.0217374,0,0,0,0
798,0,1.218319,0.2704613,0.5993946,0,0.100203,0.0191248,0.076164,1,0,0,0.04948128,0.02694813,0.02455615,0.02052893,-0.1609101,-0.02307124,0,0,0,0
799,6.232442,1.287569,0.2726254,1.361137,0.06246511,0.1003057,0.01914649,0.08198596,1,0.2369489,0.01685807,0.05224347,0.02697547,0.05517217,0.0220862,-0.1615258,-0.01937822,0,0,0,0
800,0,1.287569,0.2726254,1.361137,0.1599623,0.09823274,0.01920203,0.08422079,1,0,0.04278311,0.05224347,0.02642307,0.05517217,0.02268354,-0.1597177,-0.02271669,0,0,0,0
801,2.476516,1.315085,0.2734853,1.365736,0,0.09741825,0.01920203,0.07728022,1,0.09886099,0,0.05333958,0.02620596,0.05535505,0.02082763,-0.1615777,-0.02339638,0,0,0,0
802,0,1.246166,0.2734853,1.323011,0.05766256,0.0957572,0.01922205,0.06723544,1,0,0.01556892,0.05059266,0.0257631,0.05365513,0.01813742,-0.1625,-0.02223909,0,0,0,0
803,0,1.246166,0.2734853,1.323011,0,0.09449255,0.01922205,0.0561933,1,0,0,0.05059266,0.02542583,0.05365513,0.0151743,-0.1558547,-0.02591592,0,0,0,0
804,0,1.215141,0.2734853,1.289402,0.08602243,0.09544835,0.01925192,0.06670716,1,0,0.02316491,0.04935437,0.02568074,0.05231651,0.0179958,-0.156327,-0.02497438,0,0,0,0
805,0,1.215141,0.2734853,0.5670994,0.06766764,0.09620022,0.01927541,0.06728522,1,0,0.01825328,0.04935437,0.02588123,0.02324368,0.01815077,-0.1569858,-0.02565265,0,0,0,0
806,0,1.215141,0.2734853,0.5670994,0,0.09558464,0.01927541,0.04869714,1,0,0,0.04935437,0.02571708,0.02324368,0.01315926,-0.1614703,-0.02385247,0,0,0,0
807,2.682778,1.21134,0.2744168,0.619826,0,0.0948021,0.01927541,0.04781483,1,0.1067972,0,0.04920262,0.02550839,0.02538587,0.0129219,-0.1568284,-0.02271633,0,0,0,0
808,0,1.179049,0.2744168,0.619826,0.2439555,0.0955151,0.01936012,0.07010301,1,0,0.06474982,0.04791253,0.02569854,0.02538587,0.01890593,-0.159303,-0.02562287,0,0,0,0
809,0,1.179049,0.2744168,0.619826,0.07042921,0.09629765,0.01938458,0.07871103,1,0,0.01899333,0.04791253,0.02590721,0.02538587,0.02121042,-0.1533459,-0.02502841,0,0,0,0
810,2.682778,1.176566,0.2753483,0.9477211,0,0.092539,0.01938458,0.06788833,1,0.1067972,0,0.0478133,0.02490468,0.03863679,0.01831243,-0.1541783,-0.0242969,0,0,0,0
811,6.182971,1.245266,0.2774952,1.703418,0.1009483,0.09223475,0.01941963,0.07096623,1,0.2352134,0.02714667,0.05055675,0.0248235,0.06872036,0.01913719,-0.1512767,-0.02442067,0,0,0,0
812,2.682778,1.275075,0.2784267,2.001504,0.05322925,0.09282619,0.01943811,0.07747203,1,0.1067972,0.01437787,0.05174551,0.02498131,0.0804165,0.02087895,-0.1546723,-0.02380243,0,0,0,0
813,3.148269,1.277764,0.2795199,2.054597,0.1697978,0.09471283,0.01949707,0.0966174,1,0.1245487,0.04537273,0.05185271,0.02548458,0.08248981,0.02599246,-0.1476025,-0.02685586,0,0,0,0
814,0,1.242783,0.2795199,2.02708,0,0.09282619,0.01949707,0.06875937,1,0,0,0.0504577,0.02498131,0.08141563,0.01854589,-0.1540935,-0.02413328,0,0,0,0
815,0,1.242783,0.2795199,2.02708,0.08953307,0.09227635,0.01952816,0.07187683,1,0,0.02410243,0.0504577,0.0248346,0.08141563,0.01938111,-0.1496267,-0.02547096,0,0,0,0
816,2.682778,1.240301,0.2804514,1.982467,0.07629505,0.09027229,0.01955465,0.08120178,1,0.1067972,0.020564,0.05035864,0.02429976,0.07967237,0.02187655,-0.1503362,-0.02319242,0,0,0,0
817,0,1.240301,0.2804514,1.29547,0,0.08777602,0.01955465,0.06998531,1,0,0,0.05035864,0.02363328,0.05255832,0.0188744,-0.1547988,-0.02832831,0,0,0,0
818,0,1.240301,0.2804514,0.997384,0,0.08603443,0.01955465,0.0635027,1,0,0,0.05035864,0.02316811,0.04063319,0.01713644,-0.1549303,-0.02675163,0,0,0,0
819,0,1.240301,0.2804514,0.6475763,0.105068,0.08514952,0.01959113,0.05454853,1,0,0.02824377,0.05035864,0.0229317,0.02651204,0.01473241,-0.1519511,-0.02766606,0,0,0,0
820,3.148269,1.24299,0.2815445,1.032365,0,0.08192123,0.01959113,0.05290782,1,0.1245487,0,0.05046595,0.0220689,0.04203773,0.01429148,-0.1480831,-0.02645909,0,0,0,0
821,0,1.24299,0.2815445,1.032365,0,0.08192123,0.01959113,0.04226564,1,0,0,0.05046595,0.0220689,0.04203773,0.01142816,-0.1468104,-0.02731498,0,0,0,0
822,0,1.24299,0.2815445,0.7342783,0.1009483,0.08192123,0.01962618,0.04379169,1,0,0.02714667,0.05046595,0.0220689,0.03002496,0.0118391,-0.1509625,-0.02991179,0,0,0,0
823,0,1.24299,0.2815445,0.7342783,0.1505971,0.08232987,0.01967847,0.062198,1,0,0.04031298,0.05046595,0.02217814,0.03002496,0.0167864,-0.1444604,-0.02992705,0,0,0,0
824,0,1.24299,0.2815445,0.7342783,0.2123598,0.08468943,0.01975221,0.08649088,1,0,0.05652579,0.05046595,0.02280876,0.03002496,0.02329004,-0.1471691,-0.02939387,0,0,0,0
825,0,1.24299,0.2815445,0.7044697,0,0.08468943,0.01975221,0.0741226,1,0,0,0.05046595,0.02280876,0.02881816,0.01998249,-0.1473417,-0.02898095,0,0,0,0
826,2.682778,1.244159,0.2824761,0.6825571,0.07330348,0.08550391,0.01977766,0.08153726,1,0.1067972,0.01976317,0.05051258,0.02302638,0.02793039,0.02196625,-0.1510745,-0.02892274,0,0,0,0
827,3.024824,1.277768,0.2835263,1.052258,0.05766256,0.0861446,0.01979768,0.0876291,1,0.1198624,0.01556892,0.05185287,0.02319754,0.04283587,0.02359404,-0.1465746,-0.03197109,0,0,0,0
828,0,1.277768,0.2835263,1.052258,0.1505971,0.08633382,0.01984997,0.09481894,1,0,0.04031298,0.05185287,0.02324809,0.04283587,0.02551288,-0.1459143,-0.03371852,0,0,0,0
829,0,1.277768,0.2835263,0.9830084,0.1498379,0.08668242,0.019902,0.09570539,1,0,0.04011256,0.05185287,0.0233412,0.04005559,0.02574928,-0.147108,-0.02954227,0,0,0,0
830,0,1.277768,0.2835263,0.9830084,0.1138188,0.08794708,0.01994152,0.0842437,1,0,0.03057136,0.05185287,0.02367896,0.04005559,0.02268966,-0.1474805,-0.0282513,0,0,0,0
831,0,1.277768,0.2835263,0.9554916,0.1224809,0.08849349,0.01998405,0.09921359,1,0,0.03287165,0.05185287,0.02382487,0.03894933,0.02668448,-0.1432546,-0.03123421,0,0,0,0
832,0,1.277768,0.2835263,0.6574051,0.1839397,0.09053727,0.02004792,0.1129096,1,0,0.0490881,0.05185287,0.02437049,0.02691071,0.03032968,-0.1423139,-0.03301916,0,0,0,0
833,0,1.277768,0.2835263,0.3213136,0.1138188,0.09121048,0.02008744,0.1204138,1,0,0.03057136,0.05185287,0.02455017,0.01321561,0.03232305,-0.1386998,-0.03190659,0,0,0,0
834,2.682778,1.307577,0.2844579,0.6492087,0,0.08966583,0.02008744,0.102725,1,0.1067972,0,0.05304056,0.02413787,0.02657826,0.02761992,-0.1430021,-0.03618476,0,0,0,0
835,0,1.275285,0.2844579,0.6492087,0.09318699,0.08803205,0.02011979,0.09671401,1,0,0.02507757,0.05175391,0.02370165,0.02657826,0.02601822,-0.1404701,-0.03201274,0,0,0,0
836,0,1.230816,0.2844579,0.6492087,0,0.08691041,0.02011979,0.08406747,1,0,0,0.04998014,0.0234021,0.02657826,0.02264257,-0.1425094,-0.03228234,0,0,0,0
837,0,1.230816,0.2844579,0.6194,0.05322925,0.08646643,0.02013827,0.07696428,1,0,0.01437787,0.04998014,0.02328351,0.02536858,0.02074309,-0.1400375,-0.03631752,0,0,0,0
838,0,1.230816,0.2844579,0.6194,0,0.08442266,0.02013827,0.05381591,1,0,0,0.04998014,0.02273748,0.02536858,0.01453554,-0.1394777,-0.03681279,0,0,0,0
839,0,1.163113,0.2844579,0.6194,0.1132451,0.08246556,0.0201776,0.05422789,1,0,0.03041886,0.04727545,0.02221441,0.02536858,0.01464625,-0.1409612,-0.03306022,0,0,0,0
840,0,1.120388,0.2844579,0.2915049,0.08953307,0.08264588,0.02020868,0.06517082,1,0,0.02410243,0.04556598,0.02226262,0.01199466,0.01758385,-0.1404117,-0.03734397,0,0,0,0
841,0,1.120388,0.2844579,0.2228053,0,0.08075924,0.02020868,0.05369507,1,0,0,0.04556598,0.02175822,0.009176821,0.01450306,-0.1447471,-0.03586991,0,0,0,0
842,2.792264,1.106944,0.2854274,0.5342734,0,0.07879561,0.02020868,0.05310363,1,0.1109921,0,0.04502765,0.02123305,0.0219084,0.01434411,-0.1416233,-0.03545945,0,0,0,0
843,0,1.069049,0.2854274,0.4992926,0.2364434,0.0797611,0.02029078,0.07420126,1,0,0.06279873,0.04350922,0.02149129,0.02048411,0.02000355,-0.1336439,-0.03655412,0,0,0,0
844,0,1.039241,0.2854274,0.4992926,0.1138188,0.07812997,0.0203303,0.08811245,1,0,0.03057136,0.04231365,0.02105498,0.02048411,0.02372312,-0.138906,-0.03568104,0,0,0,0
845,0,1.039241,0.2854274,0.4992926,0.07940871,0.07377854,0.02035787,0.08424037,1,0,0.02139704,0.04231365,0.01989037,0.02048411,0.02268877,-0.1415536,-0.04070967,0,0,0,0
846,5.475042,1.100075,0.2873284,1.138656,0.2433761,0.07648271,0.02044238,0.1031905,1,0.2101465,0.06459942,0.04475253,0.02061422,0.04629714,0.02774389,-0.140007,-0.03867934,0,0,0,0
847,0,1.069049,0.2873284,1.138656,0.08602243,0.07743852,0.02047225,0.1137043,1,0,0.02316491,0.04350922,0.02086999,0.04629714,0.03054093,-0.1391704,-0.03485367,0,0,0,0
848,0,1.02458,0.2873284,0.8284042,0,0.07668666,0.02047225,0.1137043,1,0,0,0.04172528,0.0206688,0.03382901,0.03054093,-0.1362777,-0.03783922,0,0,0,0
849,0,0.9947714,0.2873284,0.8284042,0,0.07668666,0.02047225,0.08626544,1,0,0,0.04052824,0.0206688,0.03382901,0.02322982,-0.1356104,-0.03505909,0,0,0,0
850,3.410479,1.032666,0.2885126,1.21026,0,0.07590411,0.02047225,0.0736189,1,0.1344528,0,0.04204981,0.02045937,0.04915946,0.01984763,-0.1322416,-0.03950533,0,0,0,0
851,0,1.032666,0.2885126,1.21026,0,0.07590411,0.02047225,0.06479571,1,0,0,0.04204981,0.02045937,0.04915946,0.01748325,-0.1380391,-0.04060916,0,0,0,0
852,0,1.00164,0.2885126,0.6019218,0.07042921,0.07668666,0.0204967,0.04524029,1,0,0.01899333,0.04080417,0.0206688,0.0246588,0.01222907,-0.1311236,-0.03975136,0,0,0,0
853,3.276752,1.038049,0.2896504,1.002414,0.08264944,0.07682244,0.0205254,0.04411054,1,0.1294102,0.02226357,0.04226583,0.02070514,0.04083523,0.01192494,-0.1368964,-0.04120172,0,0,0,0
854,0,1.038049,0.2896504,1.002414,0.1138188,0.07529121,0.02056492,0.05566218,1,0,0.03057136,0.04226583,0.02029533,0.04083523,0.01503162,-0.1402255,-0.04188982,0,0,0,0
855,0,0.9807692,0.2896504,1.002414,0.06246511,0.07598527,0.02058661,0.0632968,1,0,0.01685807,0.0399656,0.0204811,0.04083523,0.0170812,-0.1307717,-0.04039093,0,0,0,0
856,0,0.9532523,0.2896504,0.5936629,0.07940871,0.07686759,0.02061418,0.07218783,1,0,0.02139704,0.03885927,0.02071722,0.0243233,0.01946441,-0.1317856,-0.0405408,0,0,0,0
857,0,0.9153581,0.2896504,0.5600538,0.09699002,0.07794526,0.02064786,0.08340147,1,0,0.0260918,0.03733433,0.02100557,0.02295718,0.02246458,-0.1344132,-0.04066212,0,0,0,0
858,2.476516,0.942875,0.2905103,0.8627391,0,0.07633487,0.02064786,0.0739027,1,0.09886099,0,0.03844183,0.02057466,0.03521415,0.01992362,-0.1306762,-0.04093727,0,0,0,0
859,0,0.942875,0.2905103,0.4986555,0.105068,0.07568963,0.02068434,0.07589621,1,0,0.02824377,0.03844183,0.02040197,0.02045816,0.02045726,-0.1299917,-0.04348505,0,0,0,0
860,0,0.942875,0.2905103,0.4986555,0,0.07499557,0.02068434,0.06198502,1,0,0,0.03844183,0.02021619,0.02045816,0.01672925,-0.1282172,-0.04061734,0,0,0,0
861,0,0.942875,0.2905103,0.4986555,0,0.07499557,0.02068434,0.05368355,1,0,0,0.03844183,0.02021619,0.02045816,0.01449997,-0.1297015,-0.03969635,0,0,0,0
862,0,0.9001494,0.2905103,0.4986555,0,0.07334966,0.02068434,0.04281659,1,0,0,0.03672184,0.01977554,0.02045816,0.01157653,-0.1310809,-0.04353998,0,0,0,0
863,0,0.9001494,0.2905103,0.4986555,0.3705314,0.07598259,0.020813,0.07606243,1,0,0.09723391,0.03672184,0.02048038,0.02045816,0.02050175,-0.1287398,-0.04263279,0,0,0,0
864,0,0.8665402,0.2905103,0.1936784,0.1907955,0.07810254,0.02087925,0.09938188,1,0,0.05088581,0.03536741,0.02104764,0.007980465,0.02672932,-0.1309473,-0.04208481,0,0,0,0
865,6.908453,0.9134922,0.2929091,1.038045,0.1138188,0.07861533,0.02091877,0.1005834,1,0.2604577,0.03057136,0.03725919,0.02118482,0.04226567,0.02704948,-0.1284334,-0.04512454,0,0,0,0
866,3.276752,0.9499005,0.2940468,1.438537,0.0511421,0.07836909,0.02093653,0.1068341,1,0.1294102,0.0138168,0.03872445,0.02111895,0.05824696,0.02871383,-0.1307236,-0.04376522,0,0,0,0
867,3.410479,0.9877947,0.295231,1.855373,0.05540158,0.07810235,0.02095576,0.113014,1,0.1344528,0.01496161,0.04024792,0.02104759,0.07469455,0.03035744,-0.1245585,-0.04546028,0,0,0,0
868,0,0.9877947,0.295231,1.855373,0.1093559,0.07819577,0.02099373,0.1263797,1,0,0.02938476,0.04024792,0.02107258,0.07469455,0.03390582,-0.1241192,-0.0493915,0,0,0,0
869,0,0.9877947,0.295231,1.855373,0,0.07819577,0.02099373,0.0839513,1,0,0,0.04024792,0.02107258,0.07469455,0.02261152,-0.1283223,-0.04625151,0,0,0,0
870,0,0.9877947,0.295231,1.855373,0,0.07693111,0.02099373,0.06175699,1,0,0,0.04024792,0.02073422,0.07469455,0.01666806,-0.130791,-0.04596127,0,0,0,0
871,0,0.9877947,0.295231,1.087767,0.1567431,0.07693111,0.02104816,0.06826794,1,0,0.0419345,0.04024792,0.02073422,0.04425946,0.01841418,-0.1321816,-0.04316357,0,0,0,0
872,0,0.9579861,0.295231,0.6926585,0,0.07693111,0.02104816,0.06258548,1,0,0,0.03904965,0.02073422,0.02833971,0.01689036,-0.1281066,-0.04749927,0,0,0,0
873,4.335569,0.9725499,0.2967364,0.8436192,0,0.07532342,0.02104816,0.0538026,1,0.1688616,0,0.03963523,0.02030395,0.03444298,0.01453196,-0.126692,-0.04721152,0,0,0,0
874,6.377306,1.015892,0.2989508,1.623068,0.1335677,0.07605564,0.02109454,0.05671222,1,0.242019,0.03581049,0.04137649,0.02049993,0.06555135,0.01531369,-0.1319848,-0.04621071,0,0,0,0
875,0,1.015892,0.2989508,1.623068,0.1446921,0.07766334,0.02114478,0.0735145,1,0,0.03875333,0.04137649,0.02093014,0.06555135,0.01981968,-0.1257797,-0.05110421,0,0,0,0
876,0,0.9414706,0.2989508,1.562234,0.0511421,0.07823158,0.02116253,0.07706102,1,0,0.0138168,0.03838532,0.02108216,0.06314741,0.02076898,-0.1257139,-0.05048636,0,0,0,0
877,2.792264,0.9724957,0.2999203,1.903511,0,0.07823158,0.02116253,0.05868931,1,0.1109921,0,0.03963305,0.02108216,0.07658195,0.01584463,-0.1213823,-0.04714957,0,0,0,0
878,3.024824,1.006105,0.3009706,2.273211,0.4710377,0.08289709,0.02132609,0.1162606,1,0.1198624,0.1225165,0.04098348,0.02232976,0.09099561,0.03122016,-0.1236781,-0.05007437,0,0,0,0
879,0,1.006105,0.3009706,1.791482,0,0.07996768,0.02132609,0.1162606,1,0,0,0.04098348,0.02154654,0.07218564,0.03122016,-0.1184023,-0.04833575,0,0,0,0
880,0,1.006105,0.3009706,1.044998,0.1093559,0.07954204,0.02136406,0.1147855,1,0,0.02938476,0.04098348,0.0214327,0.04254463,0.03082824,-0.1226311,-0.0470266,0,0,0,0
881,3.148269,1.041086,0.3020637,1.429786,0.08602243,0.07980379,0.02139393,0.1092224,1,0.1245487,0.02316491,0.04238768,0.02150271,0.05789965,0.02934925,-0.1216159,-0.04902487,0,0,0,0
882,0,1.041086,0.3020637,1.429786,0,0.07746894,0.02139393,0.1027574,1,0,0,0.04238768,0.02087813,0.05789965,0.02762855,-0.1248435,-0.05013969,0,0,0,0
883,3.148269,1.076066,0.3031569,1.467915,0.2073915,0.07977329,0.02146594,0.1271869,1,0.1245487,0.05522832,0.04379052,0.02149455,0.05941232,0.03411984,-0.117602,-0.04721463,0,0,0,0
884,2.792264,1.107092,0.3041264,1.4731,0.2239006,0.08059887,0.02154368,0.1009504,1,0.1109921,0.05953518,0.04503358,0.02171534,0.0596179,0.02714724,-0.1241288,-0.04960287,0,0,0,0
885,0,1.077283,0.3041264,1.4731,0,0.07990482,0.02154368,0.1002563,1,0,0,0.04383928,0.02152973,0.0596179,0.02696233,-0.1223203,-0.05276689,0,0,0,0
886,3.276752,1.113691,0.3052642,1.873592,0,0.07836016,0.02154368,0.08722335,1,0.1294102,0,0.04529787,0.02111656,0.07540917,0.02348568,-0.1213829,-0.05457013,0,0,0,0
887,3.148269,1.148672,0.3063573,1.908573,0.1138188,0.07866901,0.0215832,0.09049882,1,0.1245487,0.03057136,0.04669788,0.02119918,0.07678027,0.02436023,-0.1171773,-0.04764756,0,0,0,0
888,2.792264,1.179697,0.3073269,2.222333,0.08264944,0.07958734,0.0216119,0.1006004,1,0.1109921,0.02226357,0.04793844,0.02144482,0.0890205,0.027054,-0.119096,-0.05373799,0,0,0,0
889,0,1.110448,0.3073269,1.872525,0,0.07889328,0.0216119,0.0763895,1,0,0,0.04516799,0.02125918,0.07536732,0.02058928,-0.1234594,-0.05129746,0,0,0,0
890,0,1.110448,0.3073269,1.562273,0.05322925,0.07770736,0.02163038,0.05801746,1,0,0.01437787,0.04516799,0.02094192,0.06314897,0.01566423,-0.1204359,-0.05446831,0,0,0,0
891,0,1.082931,0.3073269,1.562273,0,0.07770736,0.02163038,0.05801746,1,0,0,0.04406565,0.02094192,0.06314897,0.01566423,-0.1176996,-0.05102998,0,0,0,0
892,4.165569,1.129215,0.3087733,1.707315,0,0.07706667,0.02163038,0.05801746,1,0.1625996,0,0.04591934,0.02077049,0.06887388,0.01566423,-0.1220843,-0.05255866,0,0,0,0
893,0,1.129215,0.3087733,1.357507,0.05766256,0.07770736,0.0216504,0.04830155,1,0,0.01556892,0.04591934,0.02094192,0.05502779,0.01305284,-0.1134376,-0.05566651,0,0,0,0
894,2.792264,1.16024,0.3097428,1.388532,0.06001581,0.0774184,0.02167124,0.0443336,1,0.1109921,0.01620075,0.04716057,0.0208646,0.05626121,0.011985,-0.1167673,-0.05762149,0,0,0,0
895,3.276752,1.196649,0.3108806,1.712264,0.09699002,0.0777442,0.02170492,0.05492328,1,0.1294102,0.0260918,0.04861581,0.02095177,0.06906882,0.01483311,-0.1115291,-0.0556723,0,0,0,0
896,5.159294,1.253974,0.312672,2.306436,0,0.0777442,0.02170492,0.04844067,1,0.1988243,0,0.05090413,0.02095177,0.0922839,0.01309027,-0.1123149,-0.05797677,0,0,0,0
897,7.313838,1.30543,0.3152115,3.162455,0.3122701,0.08121387,0.02181335,0.08599145,1,0.2743737,0.08237269,0.05295508,0.02187978,0.1250863,0.02315663,-0.1128118,-0.05414002,0,0,0,0
898,2.792264,1.336456,0.316181,3.040891,0,0.07850325,0.02181335,0.08477638,1,0.1109921,0,0.05419027,0.02115484,0.1204732,0.022832,-0.1165682,-0.05710656,0,0,0,0
899,0,1.336456,0.316181,3.040891,0.1446921,0.0793284,0.02186359,0.09605402,1,0,0.03875333,0.05419027,0.02137556,0.1204732,0.02584225,-0.1096423,-0.05507408,0,0,0,0
900,0,1.306647,0.316181,2.730639,0.1567431,0.08106999,0.02191801,0.1085431,1,0,0.0419345,0.05300353,0.02184131,0.1086325,0.02916854,-0.112478,-0.05540242,0,0,0,0
901,0,1.237947,0.316181,2.366556,0,0.07994834,0.02191801,0.09602483,1,0,0,0.05026473,0.02154137,0.0946122,0.02583446,-0.1078914,-0.05585463,0,0,0,0
902,0,1.208139,0.316181,1.793301,0.0511421,0.07992515,0.02193577,0.1022755,1,0,0.0138168,0.04907475,0.02153517,0.07225713,0.02750022,-0.1125683,-0.05936801,0,0,0,0
903,0,1.173158,0.316181,0.932479,0.1283304,0.0794644,0.02198033,0.08326367,1,0,0.03442296,0.04767705,0.02141194,0.03802351,0.02242775,-0.1130236,-0.05587952,0,0,0,0
904,0,1.173158,0.316181,0.5513684,0.09699002,0.08054207,0.02201401,0.09363392,1,0,0.0260918,0.04767705,0.02170015,0.02260393,0.0251968,-0.1071596,-0.05834179,0,0,0,0
905,2.577585,1.201798,0.317076,0.8664066,0.249109,0.08231513,0.0221005,0.106396,1,0.1027552,0.06608678,0.04882149,0.0221742,0.03536203,0.02859723,-0.1090884,-0.06061381,0,0,0,0
906,0,1.171989,0.317076,0.8664066,0,0.08146741,0.0221005,0.08841184,1,0,0,0.04763032,0.02194757,0.03536203,0.02380307,-0.1089711,-0.06031273,0,0,0,0
907,2.792264,1.203014,0.3180456,1.176658,0,0.08146741,0.0221005,0.08841184,1,0.1109921,0,0.04887008,0.02194757,0.04781697,0.02380307,-0.1075629,-0.05810091,0,0,0,0
908,3.549664,1.242455,0.3192781,1.576897,0,0.08146741,0.0221005,0.07749564,1,0.1396825,0,0.05044459,0.02194757,0.0637272,0.02088527,-0.1101146,-0.05687774,0,0,0,0
909,3.276752,1.278863,0.3204159,1.977389,0.1446921,0.08190768,0.02215074,0.0809213,1,0.1294102,0.03875333,0.05189652,0.02206528,0.07947379,0.02180155,-0.1094366,-0.06261431,0,0,0,0
910,4.002234,1.288352,0.3218055,2.466551,0.1232985,0.08327766,0.02219356,0.08399938,1,0.1565575,0.03308857,0.05227467,0.02243149,0.09847644,0.02262437,-0.111392,-0.06061045,0,0,0,0
911,0,1.288352,0.3218055,2.145172,0.1670185,0.08513342,0.02225155,0.07577816,1,0,0.04464144,0.05227467,0.0229274,0.08601996,0.02042567,-0.1077894,-0.05882604,0,0,0,0
912,0,1.288352,0.3218055,2.145172,0.1138188,0.08527643,0.02229107,0.08968936,1,0,0.03057136,0.05227467,0.02296561,0.08601996,0.02414415,-0.1068964,-0.05885097,0,0,0,0
913,3.549664,1.327792,0.323038,2.233787,0.1390187,0.08514778,0.02233934,0.1043762,1,0.1396825,0.03725323,0.05384547,0.02293123,0.08946539,0.02805959,-0.1031504,-0.05778708,0,0,0,0
914,0,1.327792,0.323038,1.808355,0.09318699,0.08382364,0.0223717,0.1132779,1,0,0.02507757,0.05384547,0.0225774,0.07284865,0.03042759,-0.101064,-0.05886554,0,0,0,0
915,0,1.327792,0.323038,1.444271,0,0.08382364,0.0223717,0.09720101,1,0,0,0.05384547,0.0225774,0.0584745,0.02614805,-0.1018568,-0.05965117,0,0,0,0
916,3.148269,1.332965,0.3241312,1.347959,0.1693718,0.08489106,0.0224305,0.1042022,1,0.1245487,0.04526066,0.05405134,0.02286264,0.05464797,0.02801326,-0.1047996,-0.06459915,0,0,0,0
917,2.906219,1.331647,0.3251403,1.668182,0.1631399,0.08606303,0.02248715,0.1043192,1,0.1153454,0.04362026,0.05399889,0.02317575,0.06733153,0.02804443,-0.1034821,-0.06556442,0,0,0,0
918,0,1.331647,0.3251403,1.637157,0.07629505,0.08523745,0.02251364,0.1000793,1,0,0.020564,0.05399889,0.02295519,0.06610754,0.02691516,-0.1032,-0.06413428,0,0,0,0
919,3.024824,1.365256,0.3261906,1.612451,0.06501436,0.08429497,0.02253622,0.092579,1,0.1198624,0.01754189,0.05533594,0.02270336,0.06513209,0.02491536,-0.1058107,-0.06226322,0,0,0,0
920,0,1.365256,0.3261906,1.612451,0.3328272,0.0867284,0.02265178,0.1223123,1,0,0.08763386,0.05533594,0.02335348,0.06513209,0.03282692,-0.103323,-0.06434253,0,0,0,0
921,2.682778,1.395064,0.3271221,1.940346,0.09318699,0.08640291,0.02268414,0.1337018,1,0.1067972,0.02507757,0.05652077,0.02326654,0.07802453,0.03584602,-0.1053392,-0.06275247,0,0,0,0
922,2.476516,1.422581,0.327982,1.846939,0,0.08435913,0.02268414,0.1148828,1,0.09886099,0,0.05761364,0.02272051,0.07436362,0.03085409,-0.1006749,-0.06445179,0,0,0,0
923,3.845305,1.465307,0.3293172,1.994008,0.1767273,0.08505812,0.0227455,0.1177154,1,0.1507284,0.04719446,0.05930891,0.02290728,0.08012353,0.03160658,-0.09983422,-0.06223219,0,0,0,0
924,0,1.435498,0.3293172,1.962983,0,0.08505812,0.0227455,0.1085714,1,0,0,0.05812637,0.02290728,0.07891034,0.02917605,-0.1000722,-0.06516685,0,0,0,0
925,2.792264,1.466523,0.3302867,1.93176,0.1093559,0.08523777,0.02278347,0.1136356,1,0.1109921,0.02938476,0.05935715,0.02295528,0.07768839,0.03052266,-0.1026559,-0.06728435,0,0,0,0
926,0,1.466523,0.3302867,1.874434,0.05322925,0.08582921,0.02280195,0.08316059,1,0,0.01437787,0.05935715,0.02311329,0.07544219,0.02240019,-0.09996162,-0.06901903,0,0,0,0
927,0,1.466523,0.3302867,1.495083,0,0.08523777,0.02280195,0.06933682,1,0,0,0.05935715,0.02295528,0.06048918,0.01870063,-0.1000254,-0.06753659,0,0,0,0
928,0,1.466523,0.3302867,1.188889,0.1839397,0.08728155,0.02286582,0.09181834,1,0,0.0490881,0.05935715,0.02350122,0.04830578,0.02471239,-0.09782329,-0.0681631,0,0,0,0
929,0,1.466523,0.3302867,0.7616331,0,0.08602327,0.02286582,0.07057428,1,0,0,0.05935715,0.02316513,0.03113153,0.01903219,-0.1020718,-0.06801803,0,0,0,0
930,0,1.466523,0.3302867,0.7616331,0,0.08502846,0.02286582,0.06883269,1,0,0,0.05935715,0.02289935,0.03113153,0.01856554,-0.0916426,-0.06697284,0,0,0,0
931,0,1.466523,0.3302867,0.4513815,0.1232985,0.08639844,0.02290863,0.07175184,1,0,0.03308857,0.05935715,0.02326535,0.01853107,0.01934763,-0.09703819,-0.06715715,0,0,0,0
932,3.276752,1.471907,0.3314245,0.8518735,0,0.08639844,0.02290863,0.06526923,1,0.1294102,0,0.0595706,0.02326535,0.03477596,0.01761024,-0.09616689,-0.06712491,0,0,0,0
933,2.682778,1.501715,0.332356,1.179769,0,0.08377129,0.02290863,0.06384334,1,0.1067972,0,0.06075195,0.02256341,0.04794129,0.01722781,-0.09450175,-0.06785535,0,0,0,0
934,7.090092,1.580494,0.3348178,2.046335,0,0.08250664,0.02290863,0.04232793,1,0.2667096,0,0.06386941,0.02222539,0.08216739,0.01144494,-0.09757788,-0.06982867,0,0,0,0
935,0,1.580494,0.3348178,2.017695,0,0.08162432,0.02290863,0.03956005,1,0,0,0.06386941,0.02198952,0.0810491,0.0106993,-0.09549715,-0.06518035,0,0,0,0
936,0,1.51966,0.3348178,2.017695,0,0.07892014,0.02290863,0.03956005,1,0,0,0.06146267,0.02126636,0.0810491,0.0106993,-0.09534397,-0.06946544,0,0,0,0
937,0,1.51966,0.3348178,1.98667,0,0.07796433,0.02290863,0.02586022,1,0,0,0.06146267,0.02101067,0.0798367,0.00700306,-0.09642928,-0.06767125,0,0,0,0
938,0,1.51966,0.3348178,1.583146,0.206346,0.08025707,0.02298028,0.05108028,1,0,0.05495514,0.06146267,0.02162393,0.06397424,0.01380018,-0.1047124,-0.06966116,0,0,0,0
939,0,1.51966,0.3348178,1.248651,0.1358787,0.08176683,0.02302746,0.06607999,1,0,0.03642234,0.06146267,0.02202762,0.0506918,0.01782764,-0.09315915,-0.06876415,0,0,0,0
940,2.476516,1.509283,0.3356777,0.7190793,0,0.08176683,0.02302746,0.06471,1,0.09886099,0,0.06105171,0.02202762,0.02940976,0.01746027,-0.09148307,-0.07200207,0,0,0,0
941,0,1.509283,0.3356777,0.7190793,0.07629505,0.08261455,0.02305395,0.07217919,1,0,0.020564,0.06105171,0.02225424,0.02940976,0.01946209,-0.09218019,-0.07044304,0,0,0,0
942,0,1.509283,0.3356777,0.7190793,0,0.08183201,0.02305395,0.07091454,1,0,0,0.06105171,0.02204505,0.02940976,0.01912335,-0.08978557,-0.0724932,0,0,0,0
943,0,1.472875,0.3356777,0.6796386,0.1009483,0.08203533,0.02308901,0.08170801,1,0,0.02714667,0.05960897,0.0220994,0.02781211,0.02201189,-0.08674175,-0.0742305,0,0,0,0
944,0,1.472875,0.3356777,0.6796386,0.1797852,0.08276829,0.02315143,0.07971901,1,0,0.04799761,0.05960897,0.02229534,0.02781211,0.02148003,-0.0909172,-0.07172119,0,0,0,0
945,3.694528,1.513925,0.3369606,1.131192,0.132638,0.08354798,0.02319749,0.08083268,1,0.1451056,0.03556428,0.06123555,0.02250373,0.04599846,0.02177786,-0.09073328,-0.07495195,0,0,0,0
946,2.906219,1.546216,0.3379697,1.176247,0.07629505,0.08351339,0.02322398,0.08827572,1,0.1153454,0.020564,0.06251378,0.02249449,0.04780055,0.02376672,-0.08911067,-0.07290658,0,0,0,0
947,3.148269,1.581197,0.3390628,1.528744,0.08953307,0.08343053,0.02325507,0.08892876,1,0.1245487,0.02410243,0.06389719,0.02247234,0.06182232,0.02394109,-0.08405031,-0.07070406,0,0,0,0
948,6.751523,1.628697,0.3414071,2.353931,0,0.08343053,0.02325507,0.08808104,1,0.2550344,0,0.06577359,0.02247234,0.09412358,0.02371473,-0.08902889,-0.07227875,0,0,0,0
949,0,1.628697,0.3414071,2.320321,0.1009483,0.08338476,0.02329012,0.0884803,1,0,0.02714667,0.06577359,0.02246011,0.09282201,0.02382135,-0.08828212,-0.07578915,0,0,0,0
950,2.682778,1.658506,0.3423386,2.648217,0.06246511,0.08407881,0.02331181,0.07244072,1,0.1067972,0.01685807,0.06694988,0.0226456,0.1054704,0.01953213,-0.08269683,-0.07434054,0,0,0,0
951,0,1.658506,0.3423386,2.207905,0.1839397,0.08612259,0.02337567,0.07914928,1,0,0.0490881,0.06694988,0.02319166,0.08845992,0.02132765,-0.08764794,-0.07729971,0,0,0,0
952,0,1.658506,0.3423386,1.857475,0,0.08612259,0.02337567,0.07067205,1,0,0,0.06694988,0.02319166,0.074777,0.01905839,-0.0878429,-0.07844235,0,0,0,0
953,3.694528,1.699556,0.3436214,1.916495,0.07330348,0.08282006,0.02340113,0.06771961,1,0.1451056,0.01976317,0.06856821,0.02230917,0.07709061,0.01826721,-0.08903529,-0.07329667,0,0,0,0
954,0,1.699556,0.3436214,1.166326,0,0.08070011,0.02340113,0.06771961,1,0,0,0.06856821,0.02174241,0.0474039,0.01826721,-0.08164322,-0.07280882,0,0,0,0
955,0,1.622795,0.3436214,1.1353,0.2300058,0.08199107,0.02348099,0.08339989,1,0,0.06112464,0.0655406,0.02208757,0.04616288,0.02246415,-0.08970012,-0.0772908,0,0,0,0
956,2.906219,1.618678,0.3446305,1.192419,0,0.08142283,0.02348099,0.07586789,1,0.1153454,0,0.06537803,0.02193565,0.0484468,0.02044968,-0.08605938,-0.07700197,0,0,0,0
957,0,1.580784,0.3446305,1.192419,0.1009483,0.0819289,0.02351604,0.06776826,1,0,0.02714667,0.06388088,0.02207095,0.0484468,0.01828025,-0.07731197,-0.07533887,0,0,0,0
958,2.906219,1.613075,0.3456396,1.547623,0.180961,0.08272451,0.02357887,0.08784195,1,0.1153454,0.04830634,0.06515677,0.02228363,0.06256945,0.02365089,-0.08263277,-0.07573119,0,0,0,0
959,0,1.613075,0.3456396,1.13712,0.1505971,0.08439782,0.02363117,0.09810343,1,0,0.04031298,0.06515677,0.02273084,0.04623569,0.0263886,-0.08268148,-0.08019244,0,0,0,0
960,0,1.613075,0.3456396,1.13712,0.2734728,0.0874364,0.02372612,0.1315279,1,0,0.07239071,0.06515677,0.02354258,0.04623569,0.03527024,-0.08689006,-0.07641198,0,0,0,0
961,3.024824,1.646685,0.3466899,1.506821,0,0.08569481,0.02372612,0.1046017,1,0.1198624,0,0.06648352,0.02307738,0.06095418,0.02811963,-0.08309671,-0.07630587,0,0,0,0
962,3.694528,1.687735,0.3479727,1.599052,0,0.08569481,0.02372612,0.1046017,1,0.1451056,0,0.06810237,0.02307738,0.06460283,0.02811963,-0.07629204,-0.08159484,0,0,0,0
963,0,1.639562,0.3479727,1.569244,0,0.08569481,0.02372612,0.09338522,1,0,0,0.06620245,0.02307738,0.06342462,0.02513045,-0.07722075,-0.07883251,0,0,0,0
964,3.148269,1.603684,0.3490659,1.55234,0.08953307,0.08520554,0.02375721,0.08422137,1,0.1245487,0.02410243,0.06478579,0.02294667,0.06275608,0.02268369,-0.08417183,-0.07925621,0,0,0,0
965,2.682778,1.633492,0.3499974,1.880235,0,0.08359785,0.02375721,0.06748836,1,0.1067972,0,0.06596289,0.02251706,0.07566967,0.01820522,-0.07782169,-0.08082061,0,0,0,0
966,0,1.633492,0.3499974,1.880235,0.2850735,0.08619709,0.02385619,0.07194481,1,0,0.07538264,0.06596289,0.02321156,0.07566967,0.01939932,-0.07512137,-0.07876352,0,0,0,0
967,0,1.602467,0.3499974,1.544144,0.1839397,0.08824086,0.02392006,0.09442633,1,0,0.0490881,0.06473774,0.02375741,0.06243179,0.02540817,-0.08397175,-0.07908259,0,0,0,0
968,3.694528,1.609908,0.3512802,1.585194,0,0.08300711,0.02392006,0.0921336,1,0.1451056,0,0.06503168,0.02235917,0.06405519,0.02479651,-0.07576536,-0.07807369,0,0,0,0
969,0,1.609908,0.3512802,1.585194,0.1767273,0.08497075,0.02398142,0.1122238,1,0,0.04719446,0.06503168,0.02288393,0.06405519,0.03014739,-0.08383695,-0.08314659,0,0,0,0
970,0,1.609908,0.3512802,1.20787,0.04913679,0.08430164,0.02399849,0.1082813,1,0,0.01327752,0.06503168,0.02270514,0.04906401,0.0290989,-0.07956078,-0.08083232,0,0,0,0
971,0,1.574928,0.3512802,0.9097832,0,0.08334584,0.02399849,0.1074336,1,0,0,0.06364935,0.02244971,0.03710985,0.02887335,-0.07316524,-0.0821634,0,0,0,0
972,4.165569,1.621212,0.3527266,1.418908,0.06246511,0.0840399,0.02402018,0.0833934,1,0.1625996,0.01685807,0.06547806,0.0226352,0.05746781,0.02246242,-0.08140507,-0.08273996,0,0,0,0
973,0,1.586231,0.3527266,1.418908,0,0.08173555,0.02402018,0.06183401,1,0,0,0.06409617,0.02201926,0.05746781,0.01668873,-0.07904279,-0.08227454,0,0,0,0
974,0,1.555206,0.3527266,1.008405,0,0.07924776,0.02402018,0.0598364,1,0,0,0.06286943,0.02135399,0.04107586,0.01615259,-0.07648987,-0.08214483,0,0,0,0
975,0,1.555206,0.3527266,0.9673549,0.1301327,0.08069368,0.02406536,0.05463138,1,0,0.03490062,0.06286943,0.02174069,0.03942638,0.01475468,-0.07587224,-0.08328892,0,0,0,0
976,0,1.518797,0.3527266,0.9350635,0.1628366,0.08250298,0.0241219,0.06822626,1,0,0.04354037,0.0614285,0.02222442,0.03812752,0.01840301,-0.07367499,-0.08290198,0,0,0,0
977,2.682778,1.513625,0.3536581,1.227978,0.1567431,0.08297991,0.02417633,0.08638894,1,0.1067972,0.0419345,0.06122369,0.0223519,0.04986686,0.02326281,-0.07811201,-0.08645671,0,0,0,0
978,0,1.4826,0.3536581,0.69012,0.2893842,0.08527697,0.02427681,0.1148176,1,0,0.07649285,0.0599945,0.02296575,0.02823686,0.03083676,-0.07776736,-0.08131319,0,0,0,0
979,0,1.4826,0.3536581,0.69012,0.1283304,0.08670286,0.02432137,0.1293807,1,0,0.03442296,0.0599945,0.02334666,0.02823686,0.03470134,-0.07465517,-0.08195477,0,0,0,0
980,0,1.4826,0.3536581,0.6603113,0.3273244,0.08974836,0.02443502,0.168693,1,0,0.08622742,0.0599945,0.0241599,0.02702856,0.04508208,-0.07394072,-0.08189293,0,0,0,0
981,0,1.4826,0.3536581,0.6603113,0.1510368,0.09142655,0.02448746,0.1706501,1,0,0.04042905,0.0599945,0.02460783,0.02702856,0.04559692,-0.0708311,-0.0848784,0,0,0,0
982,0,1.436316,0.3536581,0.6603113,0.08602243,0.09238235,0.02451733,0.163071,1,0,0.02316491,0.05815883,0.02486289,0.02702856,0.04360211,-0.0713708,-0.08703065,0,0,0,0
983,0,1.436316,0.3536581,0.3211746,0,0.09174166,0.02451733,0.1448406,1,0,0,0.05815883,0.02469192,0.01320992,0.03879257,-0.0720173,-0.08748435,0,0,0,0
984,0,1.405291,0.3536581,0.3211746,0.05322925,0.09166625,0.02453581,0.1191926,1,0,0.01437787,0.05692703,0.0246718,0.01320992,0.03199884,-0.07024597,-0.08707976,0,0,0,0
985,0,1.368883,0.3536581,0.3211746,0.05322925,0.09118002,0.0245543,0.1088838,1,0,0.01437787,0.05548015,0.02454204,0.01320992,0.02925918,-0.07024597,-0.08707976,0,0,0,0
986,0,1.311557,0.3536581,0.2888832,0.05322925,0.09177146,0.02457278,0.07902025,1,0,0.01437787,0.05319908,0.02469988,0.01188723,0.02129314,-0.07024597,-0.08707976,0,0,0,0
987,0,1.230292,0.3536581,0.2888832,0.05322925,0.08889322,0.02459126,0.06762254,1,0,0.01437787,0.04995923,0.0239316,0.01188723,0.01824119,-0.07024597,-0.08707976,0,0,0,0
988,0,1.199267,0.3536581,0.2565919,0.05322925,0.08948466,0.02460974,0.06255961,1,0,0.01437787,0.0487204,0.0240895,0.01056333,0.01688342,-0.07024597,-0.08707976,0,0,0,0
989,0,1.199267,0.3536581,0.2565919,0.05322925,0.08846841,0.02462823,0.06739211,1,0,0.01437787,0.0487204,0.02381817,0.01056333,0.01817942,-0.07024597,-0.08707976,0,0,0,0
990,0,1.199267,0.3536581,0.2565919,0.05322925,0.08731825,0.02464671,0.06494496,1,0,0.01437787,0.0487204,0.02351103,0.01056333,0.01752328,-0.07024597,-0.08707976,0,0,0,0
991,nan,1.212742,0.3536581,nan,nan,0.08829936,0.02464671,nan,0,0,0,0.04925859,0.02377303,0,0,-0.06673323,-0.08421851,0,0,0,0
992,nan,1.226523,0.3536581,nan,nan,0.0887216,0.02464671,nan,0,0,0,0.04980879,0.02388578,0,0,-0.07085172,-0.09104823,0,0,0,0
993,nan,1.240621,0.3536581,nan,nan,0.08826633,0.02464671,nan,0,0,0,0.05037142,0.02376421,0,0,-0.06820131,-0.09348352,0,0,0,0
994,nan,1.255047,0.3536581,nan,nan,0.08816489,0.02464671,nan,0,0,0,0.05094692,0.02373713,0,0,-0.06509814,-0.08918981,0,0,0,0
995,nan,1.239488,0.3536581,nan,nan,0.08627143,0.02464671,nan,0,0,0,0.0503262,0.02323142,0,0,-0.06395461,-0.08858508,0,0,0,0
996,nan,1.254243,0.3536581,nan,nan,0.08729847,0.02464671,nan,0,0,0,0.05091487,0.02350574,0,0,-0.06597798,-0.09006208,0,0,0,0
997,nan,1.235713,0.3536581,nan,nan,0.08835026,0.02464671,nan,0,0,0,0.05017557,0.02378662,0,0,-0.06294112,-0.08984144,0,0,0,0
998,nan,1.207494,0.3536581,nan,nan,0.0894277,0.02464671,nan,0,0,0,0.04904902,0.0240743,0,0,-0.0633976,-0.09143974,0,0,0,0
999,nan,1.181948,0.3536581,nan,nan,0.08874542,0.02464671,nan,0,0,0,0.04802839,0.02389214,0,0,-0.05690134,-0.08934375,0,0,0,0
1000,nan,1.146694,0.3536581,nan,nan,0.08831351,0.02464671,nan,0,0,0,0.04661876,0.02377681,0,0,-0.06024711,-0.09441581,0,0,0,0
1001,nan,1.161209,0.3536581,nan,nan,0.08731724,0.02464671,nan,0,0,0,0.04719932,0.02351076,0,0,-0.06311081,-0.09443407,0,0,0,0
1002,nan,1.176097,0.3536581,nan,nan,0.08697748,0.02464671,nan,0,0,0,0.04779452,0.02342001,0,0,-0.05617126,-0.09251463,0,0,0,0
1003,nan,1.145271,0.3536581,nan,nan,0.08630162,0.02464671,nan,0,0,0,0.04656182,0.02323949,0,0,-0.06096712,-0.09258141,0,0,0,0
1004,nan,1.16034,0.3536581,nan,nan,0.08621102,0.02464671,nan,0,0,0,0.04716457,0.02321528,0,0,-0.05982479,-0.09446967,0,0,0,0
1005,nan,1.175812,0.3536581,nan,nan,0.0873605,0.02464671,nan,0,0,0,0.04778313,0.02352231,0,0,-0.06170964,-0.09265297,0,0,0,0
1006,nan,1.149157,0.3536581,nan,nan,0.08625224,0.02464671,nan,0,0,0,0.04671727,0.0232263,0,0,-0.05540157,-0.09417056,0,0,0,0
1007,nan,1.125087,0.3536581,nan,nan,0.08519899,0.02464671,nan,0,0,0,0.04575412,0.02294491,0,0,-0.05492591,-0.09340298,0,0,0,0
1008,nan,1.140714,0.3536581,nan,nan,0.08532265,0.02464671,nan,0,0,0,0.04637948,0.02297796,0,0,-0.05845895,-0.09531923,0,0,0,0
1009,nan,1.114177,0.3536581,nan,nan,0.08560869,0.02464671,nan,0,0,0,0.04531731,0.02305437,0,0,-0.06159104,-0.09546176,0,0,0,0
1010,nan,1.130094,0.3536581,nan,nan,0.08207699,0.02464671,nan,0,0,0,0.0459545,0.02211054,0,0,-0.0601358,-0.09530666,0,0,0,0
1011,nan,1.107591,0.3536581,nan,nan,0.08191598,0.02464671,nan,0,0,0,0.04505358,0.02206749,0,0,-0.05729489,-0.09963236,0,0,0,0
1012,nan,1.08746,0.3536581,nan,nan,0.08312062,0.02464671,nan,0,0,0,0.04424713,0.02238951,0,0,-0.05591898,-0.09461824,0,0,0,0
1013,nan,1.046298,0.3536581,nan,nan,0.08172351,0.02464671,nan,0,0,0,0.04259679,0.02201604,0,0,-0.05490852,-0.09729906,0,0,0,0
1014,nan,1.062151,0.3536581,nan,nan,0.08296174,0.02464671,nan,0,0,0,0.04323262,0.02234705,0,0,-0.05887608,-0.0995141,0,0,0,0
1015,nan,1.035534,0.3536581,nan,nan,0.08255568,0.02464671,nan,0,0,0,0.04216491,0.0222385,0,0,-0.05451483,-0.1002986,0,0,0,0
1016,nan,1.051714,0.3536581,nan,nan,0.08301391,0.02464671,nan,0,0,0,0.04281405,0.02236099,0,0,-0.05355826,-0.09877146,0,0,0,0
1017,nan,1.068408,0.3536581,nan,nan,0.08433159,0.02464671,nan,0,0,0,0.0434835,0.02271315,0,0,-0.05098386,-0.09889403,0,0,0,0
1018,nan,1.08564,0.3536581,nan,nan,0.082725,0.02464671,nan,0,0,0,0.04417422,0.02228377,0,0,-0.05587066,-0.09618347,0,0,0,0
1019,nan,1.103438,0.3536581,nan,nan,0.08408115,0.02464671,nan,0,0,0,0.04488723,0.02264622,0,0,-0.04735852,-0.09946121,0,0,0,0
1020,nan,1.121828,0.3536581,nan,nan,0.0854825,0.02464671,nan,0,0,0,0.04562365,0.02302066,0,0,-0.054258,-0.09896696,0,0,0,0
1021,nan,1.140842,0.3536581,nan,nan,0.08484156,0.02464671,nan,0,0,0,0.04638463,0.02284941,0,0,-0.05395561,-0.0979692,0,0,0,0
1022,nan,1.104016,0.3536581,nan,nan,0.08630434,0.02464671,nan,0,0,0,0.04491041,0.02324021,0,0,-0.05345234,-0.09871617,0,0,0,0
1023,nan,1.076319,0.3536581,nan,nan,0.08781845,0.02464671,nan,0,0,0,0.04380063,0.02364461,0,0,-0.05033509,-0.100889,0,0,0,0
1024,nan,0.9689299,0.3536581,nan,nan,0.08938664,0.02464671,nan,0,0,0,0.03948969,0.02406334,0,0,-0.04933759,-0.1013633,0,0,0,0
1025,nan,0.9865468,0.3536581,nan,nan,0.09101185,0.02464671,nan,0,0,0,0.04019778,0.02449716,0,0,-0.05033847,-0.1014314,0,0,0,0
1026,nan,1.004816,0.3536581,nan,nan,0.09269725,0.02464671,nan,0,0,0,0.04093172,0.02494691,0,0,-0.04739796,-0.09871761,0,0,0,0
1027,nan,1.023775,0.3536581,nan,nan,0.09444626,0.02464671,nan,0,0,0,0.04169296,0.02541348,0,0,-0.05162434,-0.0987576,0,0,0,0
1028,nan,1.043463,0.3536581,nan,nan,0.09229434,0.02464671,nan,0,0,0,0.04248306,0.0248394,0,0,-0.0466554,-0.100271,0,0,0,0
1029,nan,1.063923,0.3536581,nan,nan,0.09143975,0.02464671,nan,0,0,0,0.04330368,0.02461136,0,0,-0.05260293,-0.1001254,0,0,0,0
1030,nan,1.035671,0.3536581,nan,nan,0.09326854,0.02464671,nan,0,0,0,0.04217042,0.02509932,0,0,-0.04209403,-0.1012539,0,0,0,0
1031,nan,1.056807,0.3536581,nan,nan,0.09361494,0.02464671,nan,0,0,0,0.04301833,0.02519173,0,0,-0.05118888,-0.101158,0,0,0,0
1032,nan,1.078824,0.3536581,nan,nan,0.09556525,0.02464671,nan,0,0,0,0.04390105,0.02571191,0,0,-0.04155621,-0.1026628,0,0,0,0
1033,nan,1.101778,0.3536581,nan,nan,0.09545072,0.02464671,nan,0,0,0,0.04482075,0.02568137,0,0,-0.04682453,-0.1031988,0,0,0,0
1034,nan,1.125729,0.3536581,nan,nan,0.09361736,0.02464671,nan,0,0,0,0.04577982,0.02519238,0,0,-0.04876825,-0.1011843,0,0,0,0
1035,nan,1.068645,0.3536581,nan,nan,0.09275024,0.02464671,nan,0,0,0,0.04349301,0.02496105,0,0,-0.04332986,-0.1023657,0,0,0,0
1036,nan,1.026882,0.3536581,nan,nan,0.09312422,0.02464671,nan,0,0,0,0.04181768,0.02506082,0,0,-0.05048231,-0.1020039,0,0,0,0
1037,nan,0.9775475,0.3536581,nan,nan,0.09320773,0.02464671,nan,0,0,0,0.03983611,0.0250831,0,0,-0.04286576,-0.1068458,0,0,0,0
1038,nan,0.8400718,0.3536581,nan,nan,0.09542697,0.02464671,nan,0,0,0,0.03429986,0.02567504,0,0,-0.04063628,-0.1053992,0,0,0,0
1039,nan,0.8605614,0.3536581,nan,nan,0.0952923,0.02464671,nan,0,0,0,0.03512634,0.02563912,0,0,-0.04570825,-0.1056538,0,0,0,0
1040,nan,0.815006,0.3536581,nan,nan,0.09611298,0.02464671,nan,0,0,0,0.03328814,0.02585797,0,0,-0.04068553,-0.1082791,0,0,0,0
1041,nan,0.8359036,0.3536581,nan,nan,0.09386101,0.02464671,nan,0,0,0,0.03413167,0.02525738,0,0,-0.04176034,-0.1084071,0,0,0,0
1042,nan,0.857901,0.3536581,nan,nan,0.09633104,0.02464671,nan,0,0,0,0.03501906,0.02591611,0,0,-0.04065025,-0.1097839,0,0,0,0
1043,nan,0.7812354,0.3536581,nan,nan,0.0969534,0.02464671,nan,0,0,0,0.03192396,0.02608204,0,0,-0.04296885,-0.1087928,0,0,0,0
1044,nan,0.8029364,0.3536581,nan,nan,0.09964655,0.02464671,nan,0,0,0,0.03280074,0.02679985,0,0,-0.04029175,-0.1062482,0,0,0,0
1045,nan,0.8258775,0.3536581,nan,nan,0.095922,0.02464671,nan,0,0,0,0.03372703,0.02580704,0,0,-0.04069721,-0.1085133,0,0,0,0
1046,nan,0.764691,0.3536581,nan,nan,0.09874324,0.02464671,nan,0,0,0,0.03125517,0.02655913,0,0,-0.03644748,-0.1080291,0,0,0,0
1047,nan,0.7878634,0.3536581,nan,nan,0.09867642,0.02464671,nan,0,0,0,0.03219181,0.02654132,0,0,-0.04584707,-0.1066588,0,0,0,0
1048,nan,0.7216648,0.3536581,nan,nan,0.09610503,0.02464671,nan,0,0,0,0.02951443,0.02585584,0,0,-0.0401261,-0.1099713,0,0,0,0
1049,nan,0.7449443,0.3536581,nan,nan,0.09434722,0.02464671,nan,0,0,0,0.03045653,0.02538707,0,0,-0.03223425,-0.1126321,0,0,0,0
1050,nan,0.7697758,0.3536581,nan,nan,0.08837636,0.02464671,nan,0,0,0,0.03146075,0.02379359,0,0,-0.03990331,-0.1087718,0,0,0,0
1051,9.181468,0.9749973,0.3568461,nan,0.3971675,0.1016153,0.02478461,nan,0,0.3368067,0.1039776,0.0397336,0.02732436,0,0,-0.03710144,-0.1103771,0,0,0,0
1052,3.895412,0.9816934,0.3581987,nan,0.2652592,0.1104573,0.02487672,nan,0,0.1525922,0.07026859,0.04000274,0.02967767,0,0,-0.03961775,-0.1081646,0,0,0,0
1053,0.4539852,0.9968262,0.3583564,nan,0.1575917,0.1157103,0.02493144,nan,0,0.01863727,0.04215826,0.04061078,0.03107397,0,0,-0.03718314,-0.1104165,0,0,0,0
1054,6.519368,1.109196,0.36062,nan,0.4281077,0.1269961,0.02508009,nan,0,0.2469738,0.1117715,0.04511787,0.03406925,0,0,-0.03884817,-0.1127317,0,0,0,0
1055,4.403126,1.166541,0.3621489,nan,0.1449709,0.1318285,0.02513042,nan,0,0.1713425,0.038827,0.04741252,0.03534988,0,0,-0.03522605,-0.112361,0,0,0,0
1056,0.3779711,1.17914,0.3622801,nan,0.2575104,0.1309097,0.02521984,nan,0,0.01553343,0.06826369,0.04791618,0.03510648,0,0,-0.03341462,-0.1144599,0,0,0,0
1057,0.3570507,1.191042,0.3624041,nan,0.2780574,0.134047,0.02531638,nan,0,0.01467802,0.07357386,0.0483918,0.03593742,0,0,-0.03039998,-0.1127801,0,0,0,0
1058,3.020654,1.168579,0.3634529,nan,0.3187125,0.1446707,0.02542705,nan,0,0.1197038,0.08402354,0.04749401,0.03874768,0,0,-0.0352779,-0.1125611,0,0,0,0
1059,0.3202302,1.179254,0.3635641,nan,0.2459904,0.1469795,0.02551246,nan,0,0.01317125,0.06527786,0.04792072,0.03935768,0,0,-0.03382798,-0.1157476,0,0,0,0
1060,0.3039305,1.189385,0.3636697,nan,0.2863527,0.1548867,0.02561189,nan,0,0.01250374,0.07571219,0.04832559,0.04144492,0,0,-0.02837066,-0.1147784,0,0,0,0
1061,3.313644,1.29984,0.3648202,nan,0.1128749,0.1586492,0.02565108,nan,0,0.1308031,0.03032047,0.05273238,0.04243703,0,0,-0.03402407,-0.11266,0,0,0,0
1062,0.274766,1.170146,0.3649156,nan,0.1082657,0.1601759,0.02568867,nan,0,0.01130859,0.02909473,0.04755665,0.0428394,0,0,-0.03434131,-0.112145,0,0,0,0
1063,0.2616531,1.178868,0.3650065,nan,0.5535334,0.178627,0.02588087,nan,0,0.01077091,0.1429425,0.04790529,0.04769346,0,0,-0.03650418,-0.1183871,0,0,0,0
1064,0.2493836,1.187181,0.3650931,nan,0.208961,0.1855924,0.02595343,nan,0,0.01026763,0.05563832,0.04823751,0.04952166,0,0,-0.03120829,-0.1181716,0,0,0,0
1065,0.237873,1.19511,0.3651757,nan,0.3699443,0.1935861,0.02608188,nan,0,0.009795324,0.09708492,0.04855433,0.05161691,0,0,-0.03084761,-0.1168873,0,0,0,0
1066,0.2270485,1.202678,0.3652545,nan,0.09163815,0.1912128,0.0261137,nan,0,0.009351023,0.0246643,0.04885666,0.05099516,0,0,-0.03277754,-0.1134229,0,0,0,0
1067,0.2168469,1.12048,0.3653298,nan,0.1972531,0.1925631,0.02618219,nan,0,0.008932169,0.05257707,0.04556969,0.05134895,0,0,-0.02875547,-0.1176275,0,0,0,0
1068,0.2072135,1.127387,0.3654018,nan,0.286852,0.1924787,0.02628179,nan,0,0.008536529,0.0758408,0.04584618,0.05132684,0,0,-0.02971096,-0.1158957,0,0,0,0
1069,0.1981004,1.133991,0.3654705,nan,0.1602763,0.1935436,0.02633744,nan,0,0.008162159,0.04286586,0.04611047,0.05160578,0,0,-0.02857039,-0.116923,0,0,0,0
1070,0.1894657,1.140306,0.3655363,nan,0.07756669,0.1852183,0.02636438,nan,0,0.007807353,0.02090428,0.04636319,0.04942355,0,0,-0.02872657,-0.1159003,0,0,0,0
1071,0.1812727,1.146349,0.3655993,nan,0.2079682,0.187116,0.02643659,nan,0,0.007470614,0.055379,0.04660494,0.04992127,0,0,-0.02361768,-0.1167559,0,0,0,0
1072,0.1734888,1.152132,0.3656595,nan,0.07136379,0.1866274,0.02646137,nan,0,0.007150619,0.01924369,0.04683627,0.04979313,0,0,-0.02431802,-0.1188139,0,0,0,0
1073,0.1660853,1.157668,0.3657172,nan,0.1778069,0.1925543,0.02652311,nan,0,0.006846191,0.04747808,0.0470577,0.05134664,0,0,-0.02794091,-0.1199223,0,0,0,0
1074,0.1590363,1.162969,0.3657724,nan,0.1389606,0.195412,0.02657136,nan,0,0.006556286,0.03723789,0.04726969,0.05209509,0,0,-0.02723383,-0.116771,0,0,0,0
1075,3.701983,1.286369,0.3670578,nan,0.1599674,0.19897,0.0266269,nan,0,0.1453841,0.04278445,0.05219565,0.05302638,0,0,-0.02951645,-0.1192709,0,0,0,0
1076,0.1459126,1.291232,0.3671085,nan,0.06040699,0.1992092,0.02664787,nan,0,0.006016387,0.01630575,0.05238946,0.05308899,0,0,-0.02068123,-0.1177224,0,0,0,0
1077,3.288068,1.400835,0.3682502,nan,0.2685545,0.2063867,0.02674112,nan,0,0.1298376,0.07112035,0.05675001,0.05496579,0,0,-0.02496186,-0.1214302,0,0,0,0
1078,0.1339599,1.4053,0.3682967,nan,0.05557677,0.206465,0.02676042,nan,0,0.005524484,0.01500868,0.05692738,0.05498624,0,0,-0.02196035,-0.1224186,0,0,0,0
1079,0.1283811,1.409579,0.3683413,nan,0.1717724,0.2104164,0.02682006,nan,0,0.005294838,0.04589208,0.05709735,0.05601843,0,0,-0.02561769,-0.1178334,0,0,0,0
1080,0.1230481,1.413681,0.368384,1.306933,0.1562009,0.2138488,0.0268743,0.168225,0,0.005075276,0.04179152,0.05726024,0.05691443,0.05301491,0.04495896,-0.02731588,-0.1255811,0,0,0,0
1081,0.117948,1.371883,0.3684249,0.8080009,0.04904599,0.2085326,0.02689133,0.1520324,0,0.00486527,0.0132531,0.05559944,0.05552643,0.03300527,0.04069183,-0.02252347,-0.1207288,0,0,0,0
1082,0.1130688,1.332545,0.3684642,0.7623255,0.1521124,0.2067695,0.02694415,0.1609647,0,0.004664329,0.04071293,0.05403464,0.0550658,0.03115953,0.04304726,-0.02475115,-0.1241281,0,0,0,0
1083,3.133223,1.387111,0.3695521,0.7748899,0.1075895,0.203764,0.0269815,0.1425241,0,0.1239784,0.02891482,0.05620474,0.05428027,0.03166749,0.03818029,-0.02212059,-0.1237344,0,0,0,0
1084,0.1039293,1.34937,0.3695882,0.7002705,0.04328274,0.199044,0.02699653,0.1368823,0,0.004287868,0.01170206,0.05470414,0.05304574,0.02864808,0.03668797,-0.02299774,-0.1210157,0,0,0,0
1085,7.343841,1.520641,0.3721381,1.534663,0.120925,0.196812,0.02703852,0.1309654,0,0.2753983,0.03245874,0.0615015,0.0524616,0.06205658,0.03512124,-0.0189428,-0.1230002,0,0,0,0
1086,2.887814,1.558618,0.3731409,1.869746,0.03982196,0.1924512,0.02705235,0.1156157,0,0.1146432,0.01076988,0.0630044,0.05131962,0.07525835,0.03104882,-0.01610203,-0.1237748,0,0,0,0
1087,0.0916236,1.51897,0.3731727,1.863872,0.1520156,0.1913583,0.02710513,0.1256563,0,0.003780828,0.0406874,0.06143532,0.05103329,0.07502796,0.03371398,-0.0183102,-0.1239307,0,0,0,0
1088,0.08786167,1.481309,0.3732032,1.828485,0.18133,0.1910944,0.02716809,0.1273762,0,0.003625788,0.0484032,0.05994332,0.05096414,0.07363922,0.03417002,-0.01761128,-0.1250683,0,0,0,0
1089,0.08425696,1.445487,0.3732324,1.487089,0.1634731,0.1903862,0.02722485,0.1326686,0,0.003477211,0.04370801,0.05852274,0.05077854,0.06017241,0.03557241,-0.01735863,-0.1218785,0,0,0,0
1090,0.08080244,1.41137,0.3732605,1.48204,0.03370847,0.1864692,0.02723656,0.1287977,0,0.003334811,0.009121694,0.05716846,0.04975164,0.0599723,0.03454681,-0.01608306,-0.1225925,0,0,0,0
1091,0.07749149,1.378836,0.3732874,0.6387106,0.2397242,0.1877681,0.0273198,0.143407,0,0.003198316,0.06365117,0.05587586,0.05009225,0.02615234,0.03841368,-0.01509456,-0.1233053,0,0,0,0
1092,2.651903,1.409147,0.3742082,0.6389108,0.1448321,0.1867458,0.02737009,0.1554811,0,0.105612,0.03879032,0.05708019,0.04982419,0.02616047,0.0416017,-0.01780614,-0.1264511,0,0,0,0
1093,0.07127551,1.378034,0.3742329,0.6345346,0.08741014,0.1844357,0.02740044,0.1431236,0,0.002942024,0.02353557,0.05584397,0.04921823,0.02598289,0.03833875,-0.01266667,-0.1264792,0,0,0,0
1094,3.913663,1.435662,0.3755919,1.100338,0.2012692,0.1848183,0.02747032,0.1452536,0,0.1532705,0.05362789,0.05813287,0.0493186,0.04476308,0.0389017,-0.0196989,-0.1279895,0,0,0,0
1095,0.06556252,1.405215,0.3756146,1.096346,0.02736908,0.1813194,0.02747982,0.1263245,0,0.002706431,0.007410618,0.05692402,0.04840042,0.04460317,0.03389118,-0.01330522,-0.1256034,0,0,0,0
1096,0.06288136,1.376034,0.3756365,1.092531,0.09126648,0.1793617,0.02751151,0.1327157,0,0.002595852,0.02456511,0.05576447,0.04788642,0.04445032,0.03558488,-0.01082494,-0.1227475,0,0,0,0
1097,0.06031052,1.34804,0.3756574,1.088883,0.2677294,0.1812419,0.02760448,0.1366105,0,0.002489815,0.07090712,0.05465121,0.04838007,0.04430414,0.03661603,-0.0112439,-0.1264939,0,0,0,0
1098,0.05784535,1.321161,0.3756775,0.7989943,0.02415311,0.1779692,0.02761286,0.1202828,0,0.002388129,0.006541814,0.05358149,0.0475207,0.03264151,0.03228827,-0.01285899,-0.1285716,0,0,0,0
1099,0.05548141,1.295331,0.3756967,0.7956548,0.1201574,0.1767894,0.02765458,0.1234756,0,0.002290612,0.03225499,0.05255276,0.04721077,0.0325066,0.03313557,-0.01257523,-0.1304696,0,0,0,0
1100,3.078038,1.330985,0.3767655,0.7349028,0.1360408,0.1759744,0.02770182,0.1168777,0,0.1218844,0.03646524,0.05397255,0.04699664,0.03005023,0.0313841,-0.01027808,-0.1300415,0,0,0,0
1101,0.05104048,1.305888,0.3767832,0.7318422,0.26075,0.1776367,0.02779236,0.1433954,0,0.002107397,0.06910222,0.0529733,0.04743335,0.02992637,0.03841061,-0.0116287,-0.1264686,0,0,0,0
1102,0.04895559,1.281716,0.3768002,0.7289112,0.02044515,0.1746138,0.02779946,0.1349606,0,0.002021375,0.005539448,0.05201024,0.04663907,0.02980775,0.03617932,-0.01188354,-0.1281209,0,0,0,0
1103,0.04695609,1.258419,0.3768165,0.7261037,0.09590583,0.1731287,0.02783276,0.1149591,0,0.001938871,0.02580273,0.0510814,0.0462487,0.02969411,0.03087438,-0.01183141,-0.1297138,0,0,0,0
1104,3.455518,1.299106,0.3780164,1.14025,0.01881045,0.170271,0.02783929,0.1130305,0,0.1361472,0.005097318,0.05270315,0.04549721,0.04636095,0.03036182,-0.0147451,-0.1307894,0,0,0,0
1105,0.04319928,1.276271,0.3780314,1.098233,0.01804278,0.1675032,0.02784555,0.1001075,0,0.001783844,0.004889646,0.05179321,0.044769,0.04467874,0.02692267,-0.008187189,-0.1286056,0,0,0,0
1106,0.04143536,1.254221,0.3780458,0.7596714,0.01730644,0.1648211,0.02785156,0.08643587,0,0.001711049,0.004690421,0.05091396,0.04406299,0.0310522,0.02327535,-0.009733167,-0.1287606,0,0,0,0
1107,2.51626,1.276362,0.3789195,1.025009,0.0842678,0.1634079,0.02788082,0.06477911,0,0.1003936,0.0226961,0.05179681,0.04369085,0.0417425,0.0174788,-0.01236052,-0.1275019,0,0,0,0
1108,0.03812096,1.255013,0.3789327,1.02274,0.07132427,0.1618202,0.02790559,0.07060731,0,0.001574257,0.01923311,0.05094555,0.04327265,0.04165143,0.01904104,-0.003957037,-0.1319893,0,0,0,0
1109,2.942783,1.283619,0.3799545,1.37577,0.2782576,0.1637938,0.02800221,0.09205179,0,0.1167394,0.07362552,0.05208607,0.04379246,0.05575397,0.02477468,-0.01562799,-0.1371963,0,0,0,0
1110,0.03507198,1.26281,0.3799667,0.994743,0.1240055,0.1631306,0.02804526,0.1033824,0,0.001448409,0.03327614,0.05125651,0.04361782,0.04052709,0.02779499,-0.007024863,-0.1273877,0,0,0,0
1111,2.611225,1.284915,0.3808733,1.307782,0.1646488,0.1631555,0.02810243,0.1209564,0,0.104049,0.04401763,0.05213772,0.04362438,0.05304875,0.03246708,-0.006763705,-0.1322108,0,0,0,0
1112,0.03226709,1.264711,0.3808846,1.305866,0.1144265,0.1623696,0.02814216,0.1313288,0,0.001332625,0.03073286,0.05133232,0.04341736,0.05297242,0.03521752,-0.008228443,-0.1342923,0,0,0,0
1113,0.03094998,1.245127,0.3808953,0.9952505,0.01292821,0.1599975,0.02814665,0.1223504,0,0.001278253,0.003505266,0.05055122,0.04279238,0.04054748,0.03283703,-0.007747822,-0.1336536,0,0,0,0
1114,4.195255,1.291223,0.382352,1.502614,0.0124006,0.1576913,0.02815096,0.1154602,0,0.1636951,0.00336238,0.0523891,0.0421845,0.06078754,0.03100752,-0.01057093,-0.1351366,0,0,0,0
1115,8.039348,1.395041,0.3851434,2.076626,0.1509132,0.157587,0.02820336,0.101644,0,0.2989487,0.04039642,0.05651982,0.04215701,0.08334921,0.02733202,-0.006217061,-0.1327751,0,0,0,0
1116,2.503829,1.41184,0.3860128,2.346666,0.2390468,0.1588212,0.02828636,0.11664,0,0.09991439,0.0634752,0.05718715,0.04248237,0.09384235,0.03132095,-0.007834168,-0.1323877,0,0,0,0
1117,0.02619793,1.391159,0.3860219,2.058714,0.3030938,0.1609746,0.0283916,0.1337014,0,0.001082064,0.08001799,0.0563656,0.04304985,0.08265046,0.03584592,-0.00393371,-0.1325109,0,0,0,0
1118,8.087299,1.489632,0.38883,3.0426,0.0899056,0.1599294,0.02842282,0.1299611,0,0.3005583,0.02420188,0.06027318,0.04277445,0.1205382,0.03485512,-0.003779345,-0.1335975,0,0,0,0
1119,0.02410306,1.468392,0.3888384,3.041171,0.1798663,0.1602184,0.02848527,0.1486919,0,0.0009955682,0.04801891,0.05943125,0.04285059,0.1204838,0.03980995,-0.003496667,-0.1335275,0,0,0,0
1120,0.02311932,1.447745,0.3888464,2.576959,0.08906631,0.1592019,0.0285162,0.1578254,0,0.0009549488,0.02397781,0.05861235,0.04258271,0.1027311,0.04221985,-0.002198492,-0.1363408,0,0,0,0
1121,0.02217574,1.427667,0.3888541,1.685548,0.07693111,0.1580432,0.02854291,0.1477963,0,0.0009159864,0.02073422,0.05781553,0.04227727,0.06801618,0.03957344,0.0003659234,-0.1345306,0,0,0,0
1122,0.02127068,1.408134,0.3888615,1.380479,0.00888542,0.1559715,0.028546,0.1207123,0,0.0008786136,0.002410046,0.05703994,0.04173104,0.05594115,0.03240228,-0.001578485,-0.1389323,0,0,0,0
1123,2.597987,1.424433,0.3897636,1.694308,0.272169,0.1575633,0.0286405,0.1193291,0,0.10354,0.07205407,0.05768716,0.04215075,0.06836142,0.03203509,-0.003867113,-0.1353298,0,0,0,0
1124,0.01956989,1.405448,0.3897704,0.7546258,0.008174981,0.1555445,0.02864334,0.1081024,0,0.0008083798,0.002217497,0.05693328,0.04161842,0.03084814,0.02905131,0.001021086,-0.1392924,0,0,0,0
1125,0.0187712,1.386959,0.3897769,0.7535134,0.06785717,0.1543753,0.0286669,0.09610685,0,0.0007753969,0.01830408,0.05619871,0.04131003,0.03080316,0.02585633,-0.00437901,-0.1379648,0,0,0,0
1126,0.01800511,1.368947,0.3897831,0.7524465,0.1976984,0.1549454,0.02873554,0.1093597,0,0.0007437596,0.0526936,0.05548271,0.04146039,0.03076,0.02938575,0.006080608,-0.1415226,0,0,0,0
1127,0.01727029,1.351393,0.3897891,0.7514233,0.007214396,0.1530268,0.02873805,0.09871875,0,0.0007134129,0.001957111,0.05478458,0.04095424,0.03071861,0.0265526,0.0005403841,-0.139618,0,0,0,0
1128,3.041389,1.373059,0.3908452,1.120142,0.006919972,0.1511536,0.02874045,0.09830888,0,0.1204921,0.001877292,0.05564621,0.04045989,0.04555616,0.02644336,0.00174398,-0.1396198,0,0,0,0
1129,2.808154,1.391225,0.3918202,1.17408,0.3427761,0.1535792,0.02885947,0.1086277,0,0.1115999,0.09017322,0.05636821,0.0411,0.04771389,0.02919103,-0.001116871,-0.1364901,0,0,0,0
1130,0.01524093,1.374025,0.3918255,1.139567,0.08901613,0.1527722,0.02889038,0.1170875,0,0.0006296011,0.02396442,0.05568461,0.04088705,0.04633362,0.03143981,0.004314378,-0.1385045,0,0,0,0
1131,2.491135,1.387817,0.3926905,1.441387,0.07112121,0.1517642,0.02891508,0.1153432,0,0.09942491,0.01917871,0.05623278,0.04062103,0.05836005,0.03097643,0.0009289424,-0.1427523,0,0,0,0
1132,3.563686,1.414352,0.3939279,1.874404,0.06587344,0.1507167,0.02893795,0.1012007,0,0.1402083,0.01777226,0.05728687,0.04034456,0.075441,0.02721393,0.001430344,-0.1387652,0,0,0,0
1133,0.01345004,1.397473,0.3939325,1.873607,0.3276368,0.1528483,0.02905171,0.139378,0,0.0005556341,0.08630729,0.05661647,0.04090713,0.07540976,0.0373483,0.005158985,-0.1409411,0,0,0,0
1134,0.01290113,1.38099,0.393937,1.498857,0.06079086,0.1517524,0.02907282,0.1458301,0,0.0005329623,0.01640878,0.05596147,0.04061792,0.06063872,0.03905404,0.003380515,-0.1416687,0,0,0,0
1135,0.01237463,1.364889,0.3939413,1.187872,0.00516934,0.1500279,0.02907461,0.1081752,0,0.0005112154,0.001402601,0.05532135,0.0401627,0.04826516,0.02907067,0.003734242,-0.1424433,0,0,0,0
1136,0.01186961,1.349156,0.3939454,1.187169,0.004958377,0.148341,0.02907634,0.09869827,0,0.0004903558,0.001345387,0.05469561,0.03971729,0.04823706,0.02654715,0.006946824,-0.1426784,0,0,0,0
1137,3.421864,1.37298,0.3951336,1.300646,0.1456144,0.1483097,0.0291269,0.1076569,0,0.1348813,0.03899705,0.05564307,0.03970901,0.05276451,0.02893277,0.004550545,-0.1384,0,0,0,0
1138,3.560584,1.39784,0.3963699,1.33944,0.08397064,0.1475785,0.02915605,0.1098082,0,0.140092,0.02261669,0.05663102,0.03951591,0.05430903,0.02950506,0.002975311,-0.1426502,0,0,0,0
1139,0.01047488,1.382251,0.3963735,1.306528,0.3129912,0.1494371,0.02926473,0.1085669,0,0.0004327457,0.08255757,0.05601159,0.04000673,0.0529988,0.02917487,0.005744058,-0.1424812,0,0,0,0
1140,3.2868,1.403413,0.3975148,1.706425,0.004197175,0.1478233,0.02926619,0.1009475,0,0.1297897,0.001138927,0.05685243,0.03958057,0.06883883,0.02714647,0.005504439,-0.1423348,0,0,0,0
1141,3.704165,1.342554,0.398801,2.128768,0.08032094,0.1443028,0.02929408,0.1083607,0,0.1454656,0.02164101,0.05443294,0.03865044,0.08538125,0.02912001,0.009482092,-0.14429,0,0,0,0
1142,0.009244045,1.299374,0.3988042,2.12822,0.003861588,0.1413984,0.02929542,0.1070103,0,0.0003819033,0.001047896,0.05271384,0.03788264,0.08535993,0.02876072,0.00749791,-0.1411664,0,0,0,0
1143,3.285619,1.330837,0.399945,2.149245,0.2510905,0.1424373,0.0293826,0.1213761,0,0.1297451,0.0666005,0.05396666,0.03815732,0.0861785,0.03257847,0.009380742,-0.146735,0,0,0,0
1144,4.010739,1.302963,0.4013376,2.197212,0.06856719,0.1384424,0.02940641,0.1202887,0,0.1568728,0.01849438,0.05285681,0.03710078,0.08804432,0.03228984,0.00592558,-0.1420963,0,0,0,0
1145,6.433179,1.325519,0.4035714,2.892999,0.1172267,0.1381341,0.02944711,0.0981628,0,0.2439698,0.03147678,0.05375499,0.03701922,0.1148411,0.02640443,0.01072454,-0.1436636,0,0,0,0
1146,0.007824911,1.321407,0.4035741,2.500935,0.06328458,0.135976,0.02946909,0.1027752,0,0.0003232805,0.01707792,0.05359127,0.03644811,0.09980283,0.02763328,0.007657791,-0.1451188,0,0,0,0
1147,3.417985,1.355417,0.4047609,2.506824,0.07643884,0.1337358,0.02949563,0.09982543,0,0.1347353,0.02060248,0.05494466,0.03585503,0.1000299,0.02684752,0.01374859,-0.1480601,0,0,0,0
1148,0.007199265,1.321934,0.4047634,2.416818,0.09999743,0.1313057,0.02953035,0.1106193,0,0.0002974351,0.02689335,0.05361227,0.03521138,0.09655585,0.02972077,0.01238189,-0.1458597,0,0,0,0
1149,6.758429,1.39347,0.4071101,2.877512,0.07055232,0.1293564,0.02955485,0.08934492,0,0.2552735,0.01902631,0.05645741,0.03469488,0.11425,0.0240522,0.01225082,-0.145256,0,0,0,0
1150,0.006623643,1.390166,0.4071124,2.432427,0.002766948,0.1262054,0.02955581,0.0810749,0,0.0002736557,0.0007509278,0.05632615,0.03385959,0.0971589,0.02184262,0.01674689,-0.1434583,0,0,0,0
1151,2.689131,1.383227,0.4080461,2.046054,0.1646584,0.1267808,0.02961298,0.08731984,0,0.1070409,0.04402015,0.05605039,0.03401215,0.0821564,0.02351145,0.01628236,-0.1463771,0,0,0,0
1152,2.798358,1.411267,0.4090177,2.38697,0.002545715,0.1256061,0.02961386,0.08050064,0,0.1112253,0.0006909013,0.05716439,0.03370067,0.09540194,0.02168907,0.01245582,-0.1484518,0,0,0,0
1153,0.005845343,1.408425,0.4090198,1.979042,0.09562881,0.1205183,0.02964707,0.0806713,0,0.000241503,0.02572886,0.0570515,0.03235077,0.07953843,0.0217347,0.01382198,-0.1466227,0,0,0,0
1154,0.005606791,1.405716,0.4090217,1.97871,0.09187525,0.1192173,0.02967897,0.08069884,0,0.0002316479,0.02472757,0.05694392,0.0320054,0.07952544,0.02174207,0.01513555,-0.1452486,0,0,0,0
1155,3.415857,1.441027,0.4102078,1.645058,0.002246586,0.1151318,0.02967975,0.0723803,0,0.1346552,0.0006097354,0.05834578,0.03092026,0.06641934,0.01951595,0.01568615,-0.1473786,0,0,0,0
1156,3.029982,1.472171,0.4112599,2.014453,0.1072229,0.115305,0.02971698,0.08298124,0,0.1200585,0.02881729,0.05958107,0.03096627,0.08092245,0.02235226,0.01123748,-0.1478582,0,0,0,0
1157,0.004947976,1.469816,0.4112616,1.716074,0.002066959,0.1131362,0.0297177,0.06485833,0,0.0002044305,0.0005609932,0.05948772,0.03038993,0.06921889,0.01750005,0.01741395,-0.1497916,0,0,0,0
1158,0.004746046,1.467567,0.4112632,1.371932,0.001982605,0.109971,0.02971839,0.0647409,0,0.0001960881,0.000538103,0.05939852,0.02954835,0.05560139,0.01746855,0.01861597,-0.1494887,0,0,0,0
1159,3.029376,1.499025,0.4123151,1.710338,0.001901694,0.1082113,0.02971905,0.05053929,0,0.1200355,0.0005161466,0.06064539,0.02908026,0.06899297,0.01365471,0.02012263,-0.1514111,0,0,0,0
1160,3.152636,1.53195,0.4134098,2.094868,0.2649801,0.1102937,0.02981105,0.07172831,0,0.1247142,0.07019641,0.06194919,0.02963416,0.08406043,0.01934133,0.0147114,-0.1514166,0,0,0,0
1161,0.004188371,1.529982,0.4134112,1.688161,0.1464418,0.10961,0.0298619,0.08858689,0,0.0001730485,0.03921563,0.0618713,0.02945235,0.06811915,0.02384981,0.01842249,-0.1513287,0,0,0,0
1162,3.28077,1.564507,0.4145504,1.712882,0.001678239,0.1088357,0.02986248,0.07614642,0,0.129562,0.0004555074,0.06323732,0.02924639,0.06909319,0.02052423,0.01122736,-0.1504822,0,0,0,0
1163,2.581438,1.591345,0.4154467,2.027692,0.06407486,0.1075721,0.02988473,0.08010772,0,0.1029035,0.01728991,0.06429826,0.02891019,0.08143954,0.02158399,0.02160579,-0.1539128,0,0,0,0
1164,2.686474,1.619427,0.4163795,2.355368,0.06155987,0.106712,0.02990611,0.08673596,0,0.106939,0.01661516,0.0654076,0.02868134,0.09417924,0.0233555,0.01895582,-0.1517698,0,0,0,0
1165,2.79581,1.609359,0.4173503,2.360344,0.06394615,0.1056451,0.02992831,0.09428287,0,0.1111278,0.01725539,0.06500996,0.02839739,0.0943718,0.0253699,0.02029453,-0.1502802,0,0,0,0
1166,0.00340069,1.607775,0.4173514,2.010335,0.001420599,0.1049897,0.0299288,0.06495917,0,0.000140506,0.000385588,0.06494742,0.02822293,0.08076154,0.01752709,0.02169531,-0.1518742,0,0,0,0
1167,0.003261906,1.571277,0.4173526,1.972247,0.001362623,0.1020209,0.02992928,0.04723647,0,0.0001347721,0.000369854,0.06350503,0.02743241,0.07927272,0.01276629,0.02170687,-0.151968,0,0,0,0
1168,4.168698,1.616108,0.4188,2.077663,0.1810922,0.1034156,0.02999216,0.06825048,0,0.1627151,0.04834076,0.06527652,0.02780382,0.08338962,0.0184095,0.0191872,-0.1554194,0,0,0,0
1169,2.90922,1.647006,0.4198102,2.146291,0.001253674,0.1015209,0.02999259,0.0578066,0,0.1154599,0.0003402856,0.0664962,0.02729922,0.08606353,0.01560761,0.02441768,-0.1542536,0,0,0,0
1170,2.909097,1.677962,0.4208203,2.16683,0.001202511,0.0997987,0.02999301,0.05106695,1,0.1154552,0.0003263999,0.06771714,0.02684039,0.08686282,0.01379659,0.01925622,-0.1536886,0,0,0,0
1171,0.002761144,1.676682,0.4208212,1.815365,0.200413,0.1014806,0.0300626,0.06756429,1,0.0001140829,0.05340391,0.06766668,0.02728847,0.07312401,0.01822557,0.02129216,-0.1525824,0,0,0,0
1172,0.00264846,1.675455,0.4208222,1.815208,0.1925528,0.1019299,0.03012946,0.09089777,1,0.0001094273,0.05134625,0.06761831,0.02740816,0.07311784,0.02446671,0.02440111,-0.1566935,0,0,0,0
1173,3.027364,1.674279,0.4218733,2.14835,0.001061212,0.1007462,0.03012982,0.08808617,1,0.119959,0.0002880507,0.06757194,0.02709286,0.08614367,0.02371611,0.01978872,-0.1554904,0,0,0,0
1174,0.002436701,1.673151,0.4218742,1.640895,0.001017903,0.1002766,0.03013018,0.06732738,1,0.0001006783,0.0002762963,0.06752747,0.02696774,0.06625507,0.01816207,0.0230205,-0.1561062,0,0,0,0
1175,2.794601,1.622604,0.4228445,1.587731,0.06099218,0.09961072,0.03015136,0.07334016,1,0.1110816,0.01646281,0.06553305,0.0267903,0.06415546,0.019773,0.02377495,-0.1558687,0,0,0,0
1176,0.002241873,1.590542,0.4228453,1.264685,0.08695895,0.1001345,0.03018155,0.0831317,1,9.262877e-05,0.02341506,0.06426656,0.02692986,0.05133129,0.02239247,0.0262226,-0.1578513,0,0,0,0
1177,2.908369,1.62184,0.4238552,1.581868,0.1645145,0.1002733,0.03023867,0.0801216,1,0.1154274,0.04398226,0.06550285,0.02696686,0.06392372,0.0215877,0.01927289,-0.1554103,0,0,0,0
1178,0.002062623,1.620886,0.4238559,1.581746,0.0008616367,0.09826814,0.03023897,0.05772107,1,8.52228e-05,0.0002338832,0.06546521,0.0264325,0.0639189,0.01558464,0.02751039,-0.1592237,0,0,0,0
1179,3.026802,1.653581,0.4249068,1.540221,0.1343941,0.09794504,0.03028564,0.07324519,1,0.1199376,0.03602933,0.06675562,0.02634638,0.06227655,0.01974757,0.02596906,-0.1586432,0,0,0,0
1180,3.551561,1.692145,0.42614,1.973956,0.000792744,0.09757931,0.03028591,0.07319824,1,0.1397537,0.0002151844,0.06827619,0.02624889,0.07933957,0.01973499,0.02544541,-0.159701,0,0,0,0
1181,0.001820258,1.691304,0.4261407,1.633788,0.139779,0.0964688,0.03033445,0.0816759,1,7.520911e-05,0.03745438,0.06824306,0.02595284,0.06597457,0.02200331,0.03149711,-0.1583579,0,0,0,0
1182,0.001745973,1.661858,0.4261413,1.60266,0.2163408,0.09726335,0.03040956,0.09842716,1,7.213987e-05,0.0575646,0.06708211,0.02616467,0.06474534,0.02647489,0.03138811,-0.1588654,0,0,0,0
1183,0.001674718,1.661085,0.4261418,1.279647,0.08334904,0.09721822,0.03043851,0.08927234,1,6.919587e-05,0.02245056,0.06705161,0.02615264,0.05192778,0.02403282,0.02871318,-0.1601072,0,0,0,0
1184,0.001606372,1.617618,0.4261424,1.279552,0.0006710433,0.09498935,0.03043874,0.08823778,1,6.637201e-05,0.0001821517,0.06533614,0.02555833,0.05192399,0.02375659,0.03045951,-0.159728,0,0,0,0
1185,0.001540815,1.616906,0.4261429,0.9054753,0.0832931,0.09561073,0.03046766,0.08346041,1,6.36634e-05,0.02243561,0.06530805,0.02572404,0.03693636,0.02248033,0.03016876,-0.1625176,0,0,0,0
1186,4.889818,1.670539,0.4278408,1.074835,0.0006173896,0.09460352,0.03046787,0.08225642,1,0.1890905,0.0001675885,0.06742445,0.02545543,0.04374117,0.02215851,0.02828399,-0.1604876,0,0,0,0
1187,3.846722,1.71261,0.4291765,1.544733,0.1573353,0.09337692,0.0305225,0.08593231,1,0.1507812,0.04209065,0.06908247,0.02512824,0.0624551,0.02314083,0.02804845,-0.1604536,0,0,0,0
1188,0.001359765,1.711982,0.4291769,1.544653,0.0005680259,0.09311486,0.0305227,0.06194184,1,5.61829e-05,0.0001541896,0.06905775,0.02505833,0.06245191,0.01671766,0.02956215,-0.1610448,0,0,0,0
1189,2.47782,1.738897,0.4300373,1.813651,0.0537741,0.09237727,0.03054137,0.0592321,1,0.09891131,0.0145243,0.07011747,0.02486153,0.07305671,0.01599036,0.02693358,-0.1595011,0,0,0,0
1190,0.001251044,1.704711,0.4300377,1.778597,0.07681766,0.09171923,0.03056805,0.06560214,1,5.169084e-05,0.02070386,0.0687713,0.02468594,0.07167914,0.01769952,0.02884034,-0.1597967,0,0,0,0
1191,2.793464,1.735182,0.4310077,2.119802,0.1476969,0.09046309,0.03061933,0.07277206,1,0.1110381,0.03954718,0.06997124,0.02435069,0.08503205,0.01962087,0.03007832,-0.1630019,0,0,0,0
1192,6.575638,1.807701,0.4332909,2.343725,0.0004808235,0.09024126,0.0306195,0.07274359,1,0.2489317,0.0001305198,0.07282296,0.02429148,0.09372848,0.01961324,0.0371017,-0.1630291,0,0,0,0
1193,0.001104042,1.807191,0.4332913,1.887764,0.09745122,0.09025843,0.03065333,0.06646065,1,4.56171e-05,0.02621475,0.07280294,0.02429606,0.07596481,0.01792971,0.03597854,-0.1594663,0,0,0,0
1194,0.001058986,1.768809,0.4332916,1.857893,0.000442379,0.09005434,0.03065349,0.06576761,1,4.375547e-05,0.0001200844,0.07129426,0.02424158,0.07479339,0.01774389,0.03090064,-0.1646839,0,0,0,0
1195,0.001015768,1.76834,0.433292,1.551639,0.1702221,0.09174523,0.03071259,0.07988712,1,4.196981e-05,0.04548435,0.07127583,0.02469288,0.06272832,0.02152499,0.03094728,-0.1619132,0,0,0,0
1196,3.411454,1.805784,0.4344765,1.968417,0.06287211,0.09225151,0.03073442,0.07902041,1,0.1344895,0.01696727,0.07274767,0.02482798,0.07912293,0.02129318,0.03898643,-0.1613287,0,0,0,0
1197,0.0009345518,1.777836,0.4344768,1.65811,0.2677394,0.09429009,0.03082739,0.09531821,1,3.861414e-05,0.07090972,0.07164925,0.02537183,0.06693429,0.02564603,0.03734599,-0.1627395,0,0,0,0
1198,0.0008964122,1.777423,0.4344772,0.8812747,0.09356145,0.09453716,0.03085987,0.1046879,1,3.703829e-05,0.02517747,0.07163299,0.02543773,0.03596136,0.02814259,0.03489776,-0.1660049,0,0,0,0
1199,2.907079,1.777026,0.4354866,1.204137,0.1054272,0.09261683,0.03089648,0.1067316,1,0.1153782,0.02833938,0.07161739,0.02492545,0.04891493,0.02868656,0.03960006,-0.167449,0,0,0,0
1200,3.550488,1.816086,0.4367194,1.605645,0.1054126,0.09241024,0.03093308,0.1195529,1,0.1397135,0.02833548,0.07315234,0.02487033,0.06486326,0.03209449,0.0433662,-0.1650299,0,0,0,0
1201,3.277544,1.82349,0.4378574,2.00609,0.1886767,0.09267721,0.0309986,0.121473,1,0.1294401,0.05033045,0.07344309,0.02494156,0.08059569,0.03260417,0.03628608,-0.162895,0,0,0,0
1202,0.0007587965,1.82314,0.4378577,1.627103,0.2077084,0.09371368,0.03107072,0.1377343,1,3.13523e-05,0.05531113,0.07342935,0.02521807,0.06571065,0.03691343,0.0365525,-0.1701993,0,0,0,0
1203,2.683506,1.852613,0.4387894,1.921345,0.1689759,0.09544754,0.03112939,0.1286263,1,0.1068251,0.04515652,0.07458623,0.02568052,0.07728059,0.03450139,0.03657462,-0.16373,0,0,0,0
1204,0.0006981265,1.806006,0.4387897,1.921304,0.1235901,0.09668298,0.0311723,0.1333247,1,2.884553e-05,0.03316594,0.07275639,0.02600995,0.07727897,0.03574616,0.03787317,-0.1682341,0,0,0,0
1205,0.0006696356,1.716688,0.4387899,1.567326,0.07358321,0.09582376,0.03119785,0.1299264,1,2.766834e-05,0.01983808,0.06924307,0.02578085,0.06334879,0.03484594,0.03419388,-0.1642467,0,0,0,0
1206,0.0006423074,1.688875,0.4387901,1.172881,0.05793088,0.09381136,0.03121797,0.1243281,1,2.653919e-05,0.01564098,0.06814729,0.02524413,0.04766598,0.03336172,0.04332986,-0.1687805,0,0,0,0
1207,0.0006160945,1.68859,0.4387904,0.7764696,0.1206733,0.09178447,0.03125987,0.1162851,1,2.545612e-05,0.03239192,0.06813609,0.02470335,0.03173134,0.03122666,0.03753456,-0.1695252,0,0,0,0
1208,0.0005909513,1.598738,0.4387906,0.7764346,0.1285773,0.09221415,0.03130451,0.1089118,1,2.441726e-05,0.03448839,0.0645904,0.02481801,0.03172993,0.02926662,0.04514178,-0.168699,0,0,0,0
1209,0.0005668343,1.598476,0.4387908,0.4447054,0.0002367884,0.09021827,0.03130459,0.08867236,1,2.342078e-05,6.427779e-05,0.06458007,0.02428534,0.01825871,0.02387263,0.04390948,-0.168171,0,0,0,0
1210,3.411023,1.63612,0.4399751,0.8220688,0.1449192,0.09083886,0.03135491,0.09264367,1,0.1344733,0.03881335,0.0660666,0.02445099,0.03357329,0.02493261,0.0419058,-0.1689287,0,0,0,0
1211,0.0005215127,1.635879,0.4399753,0.8220379,0.1095738,0.09120155,0.03139296,0.09630701,1,2.154817e-05,0.02944271,0.0660571,0.02454779,0.03357204,0.0259097,0.04862678,-0.1686528,0,0,0,0
1212,0.0005002295,1.635648,0.4399755,0.8220083,0.06787661,0.09185701,0.03141653,0.09576249,1,2.066879e-05,0.01830929,0.06604799,0.02472271,0.03357084,0.02576451,0.04618811,-0.1676829,0,0,0,0
1213,0.0004798149,1.606787,0.4399757,0.8219799,0.2237324,0.09131883,0.03149421,0.1087733,1,1.982529e-05,0.05949135,0.06490839,0.02457908,0.0335697,0.02922978,0.04390291,-0.1690755,0,0,0,0
1214,0.0004602334,1.606575,0.4399758,0.8219526,0.1337599,0.09271421,0.03154066,0.1108279,1,1.901621e-05,0.0358614,0.0649,0.02495143,0.0335686,0.02977624,0.04523962,-0.1699164,0,0,0,0
1215,0.000441451,1.606371,0.439976,0.8219265,0.1297087,0.09340145,0.03158569,0.1257294,1,1.824016e-05,0.03478825,0.06489196,0.02513478,0.03356754,0.03373338,0.04586009,-0.1707426,0,0,0,0
1216,0.0004234351,1.606176,0.4399761,0.3886444,0.0001768851,0.09120677,0.03158576,0.109642,1,1.749577e-05,4.80169e-05,0.06488425,0.02454918,0.01596965,0.02946086,0.04599347,-0.1684296,0,0,0,0
1217,0.0004061545,1.605989,0.4399763,0.3458947,0.05131177,0.09169674,0.03160357,0.1019904,1,1.678176e-05,0.01386242,0.06487684,0.02467994,0.01422166,0.02742429,0.04810962,-0.1695351,0,0,0,0
1218,5.854727,1.637248,0.4420092,1.061402,0.1723453,0.0935348,0.03166342,0.1155067,1,0.2236448,0.04604272,0.06611112,0.02517036,0.04320258,0.03101988,0.04355156,-0.1726607,0,0,0,0
1219,0.0003736802,1.60605,0.4420093,1.033863,0.05555768,0.09034348,0.03168271,0.09684045,1,1.543997e-05,0.01500355,0.06487928,0.02431876,0.04209785,0.02605193,0.04378595,-0.1758181,0,0,0,0
1220,0.0003584301,1.605885,0.4420094,1.033842,0.6068017,0.09609666,0.0318934,0.1552894,1,1.480986e-05,0.1559797,0.06487275,0.02585361,0.042097,0.04155112,0.05161886,-0.1717836,0,0,0,0
1221,3.550007,1.61765,0.443242,1.436644,0.0001436194,0.09530802,0.03189345,0.1392538,1,0.1396954,3.898679e-05,0.06533743,0.02564332,0.05817183,0.03731543,0.04620877,-0.1733307,0,0,0,0
1222,0.0003297716,1.578057,0.4432422,1.363574,0.07643281,0.09542534,0.03191999,0.1485706,1,1.362574e-05,0.02060087,0.06377308,0.0256746,0.05526908,0.03977791,0.04827656,-0.1724058,0,0,0,0
1223,3.54998,1.617352,0.4444748,1.797403,0.3020098,0.0951406,0.03202485,0.1786988,1,0.1396944,0.07973958,0.06532566,0.02559867,0.07241836,0.04771231,0.0475067,-0.1715172,0,0,0,0
1224,0.0003034045,1.617212,0.4444749,1.146904,0.1448189,0.09607424,0.03207514,0.1772445,1,1.253629e-05,0.03878682,0.06532013,0.02584764,0.04662713,0.04733032,0.05205533,-0.1718313,0,0,0,0
1225,0.0002910224,1.617078,0.444475,1.146886,0.07342505,0.09683264,0.03210063,0.1781542,1,1.202468e-05,0.01979573,0.06531482,0.02604984,0.04662644,0.04756929,0.05138451,-0.1749406,0,0,0,0
1226,3.148548,1.65193,0.4455682,1.493764,0.06513097,0.09750123,0.03212325,0.1179937,1,0.1245593,0.01757316,0.06669047,0.02622808,0.06043693,0.03168048,0.05296984,-0.1742032,0,0,0,0
1227,0.0002677536,1.613912,0.4455683,1.099341,0.0001118509,0.09588453,0.03212329,0.1150165,1,1.106324e-05,3.036303e-05,0.0651898,0.02579705,0.04472315,0.03088962,0.04829946,-0.1738216,0,0,0,0
1228,3.025081,1.607962,0.4466187,1.469027,0.1254375,0.09634527,0.03216684,0.1208156,1,0.1198721,0.03365596,0.06495479,0.0259199,0.0594564,0.0324297,0.04790443,-0.1747112,0,0,0,0
1229,0.0002463452,1.607848,0.4466188,1.042314,0.2117538,0.09522041,0.03224037,0.1119686,1,1.017868e-05,0.0563676,0.06495031,0.02561995,0.04243695,0.03007953,0.05531423,-0.1759312,0,0,0,0
1230,3.5499,1.610772,0.4478514,1.436707,0.1910648,0.09729672,0.03230671,0.1180587,1,0.1396914,0.05095639,0.06506578,0.02617357,0.05817433,0.03169776,0.05495505,-0.1789142,0,0,0,0
1231,0.0002266485,1.569617,0.4478515,1.400285,0.09328167,0.09744073,0.0323391,0.1192051,1,9.364837e-06,0.02510283,0.06343937,0.02621195,0.05672817,0.03200215,0.05055124,-0.1779538,0,0,0,0
1232,5.47526,1.63035,0.4497526,1.719636,0.05332007,0.09799027,0.03235761,0.1161773,1,0.2101543,0.01440228,0.06583886,0.02635844,0.06935918,0.03119804,0.05209227,-0.1775247,0,0,0,0
1233,2.906427,1.626137,0.4507618,2.04502,0.05774967,0.09584203,0.03237767,0.1213457,1,0.1153533,0.01559232,0.06567253,0.02578572,0.08211603,0.03257038,0.0506069,-0.1777289,0,0,0,0
1234,2.476716,1.609092,0.4516218,2.011602,0.08961663,0.09607592,0.03240878,0.1169881,1,0.09886871,0.02412474,0.06499945,0.02584808,0.08081105,0.03141341,0.05331364,-0.1784995,0,0,0,0
1235,2.906411,1.569906,0.4526309,2.366795,0.05548172,0.09538986,0.03242805,0.09942341,1,0.1153527,0.01498314,0.06345081,0.02566514,0.09462145,0.02674039,0.0595249,-0.1781873,0,0,0,0
1236,0.0001840242,1.569821,0.452631,1.972377,0.2851504,0.09785504,0.03252706,0.112402,1,7.603656e-06,0.07540245,0.06344745,0.02632239,0.07927779,0.03019476,0.05654169,-0.1796058,0,0,0,0
1237,0.000176514,1.531846,0.4526311,1.972366,0.1698715,0.09889318,0.03258604,0.1214586,1,7.293348e-06,0.04539213,0.06194507,0.02659909,0.07927738,0.03260037,0.05767427,-0.1780977,0,0,0,0
1238,0.0001693104,1.531767,0.4526311,1.364018,7.072744e-05,0.09778288,0.03258606,0.1141142,1,6.995703e-06,1.919974e-05,0.06194198,0.02630316,0.05528673,0.03064985,0.05268371,-0.1804569,0,0,0,0
1239,0.0001624007,1.456676,0.4526312,1.041095,0.1138867,0.09826437,0.03262561,0.1216144,1,6.710205e-06,0.03058939,0.0589666,0.0264315,0.04238807,0.03264171,0.05842702,-0.1776493,0,0,0,0
1240,0.0001557731,1.456604,0.4526312,0.7280236,0.0860875,0.09919016,0.0326555,0.1205686,1,6.436358e-06,0.02318229,0.05896375,0.02667823,0.02977182,0.03236414,0.051705,-0.1822051,0,0,0,0
1241,3.276902,1.463135,0.453769,0.8055935,0.1283928,0.09878721,0.03270008,0.1288789,1,0.1294159,0.0344395,0.05922276,0.02657085,0.03290805,0.03456835,0.05602739,-0.1785065,0,0,0,0
1242,0.0001433182,1.432043,0.4537691,0.805585,0.1245055,0.1001423,0.03274331,0.1116587,1,5.921737e-06,0.03340876,0.05798924,0.02693195,0.03290771,0.02999715,0.05770989,-0.181731,0,0,0,0
1243,0.0001374693,1.43198,0.4537691,0.8055768,0.1390761,0.1006251,0.0327916,0.1072964,1,5.680068e-06,0.03726843,0.05798673,0.02706057,0.03290738,0.02883684,0.05639954,-0.1804825,0,0,0,0
1244,0.0001318591,1.431919,0.4537692,0.805569,0.1233536,0.1009748,0.03283443,0.1208788,1,5.448262e-06,0.03310319,0.05798431,0.02715375,0.03290707,0.03244649,0.06189926,-0.182244,0,0,0,0
1245,0.0001264778,1.393966,0.4537692,0.8055615,0.08270228,0.1018688,0.03286315,0.1168916,1,5.225916e-06,0.02227769,0.05647714,0.02739188,0.03290676,0.03138778,0.05921305,-0.1815245,0,0,0,0
1246,3.14839,1.395282,0.4548624,1.190343,0.08270012,0.1015963,0.03289186,0.1174322,1,0.1245533,0.02227711,0.05652941,0.0273193,0.04836387,0.03153136,0.05856228,-0.1843585,0,0,0,0
1247,0.0001163652,1.395228,0.4548625,0.8262523,0.128379,0.1029998,0.03293644,0.1182869,1,4.808075e-06,0.03443584,0.05652728,0.02769309,0.03374216,0.03175836,0.06103852,-0.1817317,0,0,0,0
1248,2.476628,1.422694,0.4557224,1.063883,4.66264e-05,0.1029783,0.03293646,0.1025438,1,0.09886529,1.265727e-05,0.0576181,0.02768737,0.04330207,0.02757165,0.06318887,-0.1826228,0,0,0,0
1249,4.335676,1.437208,0.4572278,1.593779,0.1447368,0.1045653,0.03298671,0.1041636,1,0.1688655,0.03876514,0.05819423,0.02810994,0.06439447,0.02800299,0.06070619,-0.1858739,0,0,0,0
1250,0.0001026919,1.40218,0.4572279,1.593773,0.1185068,0.1029378,0.03302786,0.09819957,1,4.243112e-06,0.03181674,0.05680345,0.0276766,0.06439424,0.02641423,0.06215331,-0.1824349,0,0,0,0
1251,9.850103e-05,1.402135,0.4572279,1.554327,0.08957422,0.102306,0.03305896,0.09995679,1,4.069949e-06,0.02411341,0.05680165,0.02750832,0.06283465,0.02688252,0.06023928,-0.1848201,0,0,0,0
1252,2.577679,1.394322,0.4581229,1.519552,3.94684e-05,0.1022878,0.03305898,0.08992346,1,0.1027588,1.071416e-05,0.05649129,0.02750347,0.06145836,0.02420665,0.06541662,-0.1843302,0,0,0,0
1253,9.062532e-05,1.365641,0.458123,1.480106,0.2208403,0.1040296,0.03313566,0.09929506,1,3.744534e-06,0.05873779,0.05535125,0.02796732,0.05989562,0.02670619,0.06398025,-0.184738,0,0,0,0
1254,8.692685e-05,1.335792,0.458123,1.204932,0.2628293,0.1062659,0.03322692,0.1298044,1,3.591718e-06,0.06964019,0.05416387,0.02856262,0.04894668,0.0348136,0.06345925,-0.1853474,0,0,0,0
1255,8.337932e-05,1.304728,0.458123,0.7231971,3.483074e-05,0.1055558,0.03322693,0.1129109,1,3.445138e-06,9.455215e-06,0.05292712,0.02837361,0.02957646,0.03033004,0.06926811,-0.1832497,0,0,0,0
1256,4.335649,1.352865,0.4596285,1.218114,3.340928e-05,0.1055404,0.03322694,0.09902391,1,0.1688645,9.069344e-06,0.05484313,0.02836951,0.0494731,0.02663393,0.06309373,-0.1849138,0,0,0,0
1257,7.671268e-05,1.352829,0.4596285,1.21811,3.204583e-05,0.1055256,0.03322695,0.08907389,1,3.16968e-06,8.69922e-06,0.05484172,0.02836557,0.04947292,0.02397984,0.06457531,-0.1830603,0,0,0,0
1258,7.358199e-05,1.306511,0.4596285,0.8980981,3.073802e-05,0.1035138,0.03322696,0.08767951,1,3.040324e-06,8.344202e-06,0.05299812,0.02782998,0.03663921,0.02360751,0.06404563,-0.1835986,0,0,0,0
1259,5.988135,1.340721,0.4617077,1.629968,0.1093854,0.1047153,0.03326494,0.07415821,1,0.2283578,0.02939261,0.05436002,0.02814987,0.06582379,0.01999203,0.06494416,-0.1880731,0,0,0,0
1260,6.76987e-05,1.308399,0.4617078,1.590524,0.3671556,0.1087814,0.03339243,0.08770658,1,2.797233e-06,0.096377,0.0530733,0.02923194,0.06426582,0.02361474,0.06262174,-0.1864469,0,0,0,0
1261,6.493588e-05,1.308369,0.4617078,1.59052,0.1506242,0.1082282,0.03344473,0.1050759,1,2.683077e-06,0.04032014,0.05307211,0.02908477,0.06426567,0.02824586,0.06914812,-0.1873585,0,0,0,0
1262,6.228581e-05,1.30834,0.4617078,1.047952,2.601917e-05,0.106089,0.03344474,0.1044829,1,2.573579e-06,7.063217e-06,0.05307096,0.02851553,0.04266317,0.028088,0.06468648,-0.1862375,0,0,0,0
1263,5.974389e-05,1.274703,0.4617078,1.015658,2.495732e-05,0.1060775,0.03344475,0.1038407,1,2.46855e-06,6.774964e-06,0.0517307,0.02851247,0.04136708,0.02791703,0.06694338,-0.1863367,0,0,0,0
1264,5.730571e-05,1.274677,0.4617078,0.9881374,0.1698217,0.1079531,0.03350371,0.1235976,1,2.367807e-06,0.04537903,0.05172965,0.02901158,0.04026169,0.03316792,0.07289539,-0.1870436,0,0,0,0
1265,2.792319,1.274652,0.4626774,0.6317791,0.09701298,0.1083533,0.0335374,0.1226843,1,0.1109942,0.02609792,0.05172864,0.02911806,0.02587106,0.03292562,0.06740708,-0.1863867,0,0,0,0
1266,5.27238e-05,1.274627,0.4626774,0.631776,2.202475e-05,0.1073874,0.03353741,0.07872358,1,2.178488e-06,5.978887e-06,0.05172767,0.02886105,0.02587093,0.02121378,0.06692863,-0.1884686,0,0,0,0
1267,5.057212e-05,1.242313,0.4626774,0.631773,2.112591e-05,0.1055597,0.03353741,0.06010268,1,2.089583e-06,5.734886e-06,0.05043891,0.02837464,0.02587081,0.01622407,0.067228,-0.195524,0,0,0,0
1268,4.850824e-05,1.24229,0.4626774,0.6317701,0.2158755,0.1079487,0.03361237,0.08648379,1,2.004306e-06,0.05744322,0.05043802,0.02901041,0.0258707,0.02328815,0.06977884,-0.189651,0,0,0,0
1269,4.652859e-05,1.20866,0.4626775,0.6317673,1.943678e-05,0.1064557,0.03361238,0.08521798,1,1.922509e-06,5.27635e-06,0.04909556,0.02861311,0.02587058,0.02294999,0.07037455,-0.1921138,0,0,0,0
1270,4.462973e-05,1.169198,0.4626775,0.6317647,0.3420622,0.1102475,0.03373115,0.1072,1,1.844051e-06,0.08999115,0.04751875,0.0296219,0.02587048,0.02881118,0.07730608,-0.1914967,0,0,0,0
1271,3.549706,1.208619,0.46391,0.71895,0.1631578,0.1105073,0.0337878,0.1149357,1,0.1396841,0.04362497,0.04909395,0.02969098,0.02940452,0.03086815,0.07640328,-0.1891394,0,0,0,0
1272,3.41052,1.246494,0.4650942,1.135784,0.165101,0.109938,0.03384513,0.1337288,1,0.1344544,0.04413668,0.05060576,0.02953957,0.04618222,0.03585318,0.07394753,-0.1896809,0,0,0,0
1273,3.93856e-05,1.246476,0.4650942,1.135782,0.2617411,0.1119201,0.03393601,0.1641718,1,1.627369e-06,0.06935866,0.05060504,0.03006664,0.04618213,0.04389201,0.07369481,-0.187869,0,0,0,0
1274,2.792302,1.277484,0.4660638,1.477056,1.578143e-05,0.1119128,0.03393601,0.138817,1,0.1109936,4.284062e-06,0.05184155,0.03006471,0.05977474,0.03719987,0.07216347,-0.1913579,0,0,0,0
1275,3.62365e-05,1.277467,0.4660638,1.477054,1.513738e-05,0.1109875,0.03393602,0.1378977,1,1.497252e-06,4.109227e-06,0.05184088,0.02981868,0.05977466,0.03695667,0.07372747,-0.1907116,0,0,0,0
1276,3.475767e-05,1.223136,0.4660638,1.442071,0.1093705,0.1121959,0.033974,0.1123394,1,1.436148e-06,0.02938863,0.0496736,0.03013996,0.05838721,0.03017812,0.07230137,-0.1936478,0,0,0,0
1277,2.792298,1.211421,0.4670334,1.388939,0.1009622,0.1115695,0.03400905,0.1051242,1,0.1109934,0.02715038,0.04920582,0.02997343,0.05627737,0.02825872,0.08038288,-0.194035,0,0,0,0
1278,3.148301,1.246387,0.4681265,1.367266,0.07942207,0.1124457,0.03403663,0.09648624,1,0.1245499,0.02140062,0.05060146,0.03020637,0.05541589,0.02595749,0.08108791,-0.1931965,0,0,0,0
1279,2.577615,1.247495,0.4690215,1.63413,0.1335805,0.1133324,0.03408301,0.08212222,1,0.1027564,0.03581388,0.05064569,0.03044207,0.06598805,0.02212263,0.07996608,-0.1941989,0,0,0,0
1280,5.260392,1.30593,0.470848,1.96681,0.07630734,0.1133267,0.03410951,0.09013017,1,0.2024592,0.02056729,0.05297499,0.03044057,0.07906004,0.02426182,0.07626659,-0.192644,0,0,0,0
1281,2.577613,1.303532,0.4717431,2.281846,0.09700181,0.1127635,0.03414319,0.100989,1,0.1027563,0.02609495,0.05287946,0.03029084,0.09133054,0.02715752,0.07857309,-0.1973809,0,0,0,0
1282,2.682805,1.260278,0.4726746,2.5811,0.05115341,0.1133265,0.03416095,0.09508837,1,0.1067982,0.01381984,0.05115556,0.0304405,0.1028904,0.02558474,0.07957612,-0.1956069,0,0,0,0
1283,2.682804,1.290075,0.4736061,2.598742,0.1283412,0.1136697,0.03420551,0.09710272,1,0.1067982,0.03442583,0.05234334,0.03053172,0.103569,0.02612185,0.07349521,-0.1963029,0,0,0,0
1284,4.512532,1.340202,0.475173,2.800461,0.2682183,0.116645,0.03429864,0.11814,1,0.1753512,0.07103349,0.05433937,0.03132227,0.1113057,0.03171933,0.0858031,-0.1946174,0,0,0,0
1285,2.792288,1.371217,0.4761425,2.855338,0.3431991,0.118567,0.03441781,0.1452439,1,0.1109931,0.09028109,0.05557295,0.03183272,0.1134033,0.03889913,0.0796521,-0.1980105,0,0,0,0
1286,4.51253,1.383451,0.4777094,2.774208,0.2371269,0.1205031,0.03450015,0.1657471,1,0.1753511,0.06297637,0.05605926,0.03234676,0.1103011,0.04430677,0.08075369,-0.1957231,0,0,0,0
1287,3.276774,1.419849,0.4788471,2.8883,9.181283e-06,0.1175284,0.03450015,0.1549699,1,0.1294111,2.492374e-06,0.05750516,0.0315569,0.1146617,0.04146685,0.08121654,-0.1951361,0,0,0,0
1288,4.002256,1.464308,0.4802368,3.079374,0.1093648,0.1177039,0.03453812,0.1626526,1,0.1565583,0.02938711,0.05926932,0.03160354,0.1219352,0.04349192,0.0850617,-0.199396,0,0,0,0
1289,2.682798,1.461816,0.4811683,3.042648,8.447189e-06,0.1165326,0.03453813,0.1471781,1,0.106798,2.293095e-06,0.05917049,0.03129242,0.12054,0.03941015,0.08456068,-0.1970327,0,0,0,0
1290,7.680624,1.507707,0.4838352,3.479997,8.102454e-06,0.1153615,0.03453813,0.1132976,1,0.28685,2.199512e-06,0.06098929,0.03098128,0.1370673,0.03043281,0.0850994,-0.2013053,0,0,0,0
1291,1.860444e-05,1.47129,0.4838352,3.169745,0.1390264,0.1148098,0.0345864,0.09048283,1,7.687149e-07,0.03725529,0.05954614,0.0308347,0.1253625,0.02435596,0.08302169,-0.2022013,0,0,0,0
1292,3.549681,1.510722,0.4850677,3.102202,7.454618e-06,0.112502,0.0345864,0.06413602,1,0.1396832,2.023649e-06,0.06110872,0.03022134,0.1228017,0.01730632,0.08012657,-0.1954176,0,0,0,0
1293,2.577602,1.509546,0.4859627,3.053155,7.150391e-06,0.1106246,0.03458641,0.0641356,1,0.1027558,1.941063e-06,0.06106212,0.02972217,0.1209393,0.0173062,0.08364274,-0.1954071,0,0,0,0
1294,3.148286,1.544519,0.4870559,2.99325,0.1233053,0.1106214,0.03462922,0.0651677,1,0.1245494,0.03309039,0.06244662,0.02972133,0.1186613,0.01758302,0.0843773,-0.1978282,0,0,0,0
1295,1.574832e-05,1.544512,0.4870559,2.664138,0.1446987,0.1114116,0.03467946,0.08177424,1,6.507032e-07,0.03875506,0.06244634,0.02993144,0.1060818,0.0220296,0.0879126,-0.2015027,0,0,0,0
1296,4.696681,1.59669,0.4886867,2.384773,0.2235382,0.1132517,0.03475708,0.1090944,1,0.1820735,0.05944078,0.06450948,0.03042061,0.09531698,0.0293152,0.08440615,-0.2016102,0,0,0,0
1297,1.448915e-05,1.596683,0.4886867,2.384772,0.2322888,0.1144918,0.03483774,0.1220377,1,5.986758e-07,0.06171855,0.06450921,0.03075021,0.09531694,0.03275403,0.08388228,-0.1986315,0,0,0,0
1298,5.36557,1.656294,0.4905497,2.646155,5.805662e-06,0.1130633,0.03483774,0.1196389,1,0.2062311,1.57602e-06,0.06686264,0.03037054,0.1053912,0.03211734,0.08642116,-0.2036253,0,0,0,0
1299,3.410493,1.694182,0.4917339,2.776592,0.1088102,0.1142696,0.03487552,0.132937,1,0.1344533,0.0292396,0.06835646,0.03069116,0.1103924,0.03564347,0.08934692,-0.2029843,0,0,0,0
1300,2.682791,1.686091,0.4926655,2.754678,0.2809849,0.1157815,0.03497308,0.1497783,1,0.1067977,0.07432885,0.06803757,0.03109288,0.1095534,0.04009681,0.0879962,-0.2025717,0,0,0,0
1301,2.577597,1.714725,0.4935605,3.030275,5.123479e-06,0.114564,0.03497309,0.1318884,1,0.1027557,1.390833e-06,0.06916576,0.0307694,0.1200697,0.03536574,0.09283093,-0.2021118,0,0,0,0
1302,4.512519,1.764858,0.4951273,3.022057,4.914387e-06,0.1138099,0.03497309,0.105217,1,0.1753507,1.334072e-06,0.0711389,0.03056899,0.1197572,0.02828342,0.09263057,-0.2022469,0,0,0,0
1303,3.845316,1.807579,0.4964625,3.492038,4.713828e-06,0.1113241,0.03497309,0.07649943,1,0.1507288,1.279628e-06,0.07281816,0.02990817,0.1375196,0.0206187,0.09284355,-0.2044896,0,0,0,0
1304,4.002245,1.852043,0.4978522,3.354001,0.1839442,0.1118817,0.03503696,0.09898069,1,0.1565579,0.04908929,0.07456388,0.03005642,0.1323253,0.02662241,0.09015509,-0.202543,0,0,0,0
1305,1.038193e-05,1.852038,0.4978522,2.975059,4.336931e-06,0.1104405,0.03503696,0.08689102,1,4.2897e-07,1.177315e-06,0.0745637,0.02967322,0.1179688,0.02339692,0.09149334,-0.2058038,0,0,0,0
1306,6.637579,1.925784,0.5001569,3.48823,0.1839439,0.1124824,0.03510083,0.07693729,1,0.2510838,0.04908919,0.07745443,0.03021612,0.1373765,0.02073587,0.09332883,-0.2059712,0,0,0,0
1307,6.993583,2.003486,0.5025852,4.025576,3.990169e-06,0.1119123,0.03510083,0.0758154,1,0.2633912,1.083182e-06,0.08049396,0.03006456,0.1574226,0.02043563,0.09067737,-0.205186,0,0,0,0
1308,7.789268,2.024981,0.5052898,4.441226,0.07941254,0.1108797,0.03512841,0.08463836,1,0.290525,0.02139807,0.08133367,0.02979,0.1727398,0.02279512,0.09047033,-0.2072664,0,0,0,0
1309,5.698492,2.088294,0.5072685,4.681811,3.671133e-06,0.1102624,0.03512841,0.08315406,1,0.2181057,9.965753e-07,0.08380415,0.02962586,0.1815319,0.02239845,0.09790436,-0.2058845,0,0,0,0
1310,6.971289,2.165748,0.509689,5.030714,0.1839432,0.105564,0.03519228,0.08434991,1,0.2626235,0.04908903,0.08682074,0.02837579,0.194188,0.02271804,0.0984157,-0.2035879,0,0,0,0
1311,6.42503,2.197693,0.51192,5.787354,0.1050714,0.1067299,0.03522876,0.09611369,1,0.2436854,0.02824467,0.08806303,0.02868608,0.2212588,0.02585815,0.09515763,-0.2057831,0,0,0,0
1312,6.435311,2.269193,0.5141544,5.806575,3.239764e-06,0.1058806,0.03522876,0.0751075,1,0.2440441,8.794747e-07,0.09083971,0.02846007,0.2219399,0.02024616,0.09685775,-0.2052391,0,0,0,0
1313,3.27676,2.266157,0.5152922,5.400194,0.1839428,0.1045688,0.03529263,0.09616295,1,0.1294105,0.04908892,0.09072193,0.02811087,0.2074706,0.02587129,0.09436214,-0.2047184,0,0,0,0
1314,7.537338,2.349902,0.5179093,5.40581,2.980726e-06,0.1029597,0.03529263,0.08435949,1,0.2819889,8.091558e-07,0.09396762,0.02768243,0.2076716,0.0227206,0.0973731,-0.2056956,0,0,0,0
1315,6.425028,2.421288,0.5201402,5.526901,0.2093238,0.1044697,0.03536531,0.1061298,1,0.2436853,0.05573308,0.09672858,0.02808449,0.2119976,0.02852638,0.09631372,-0.2057799,0,0,0,0
1316,2.792271,2.417329,0.5211098,5.043451,0.1413122,0.1053162,0.03541438,0.1003284,1,0.1109924,0.03785983,0.09657561,0.02830982,0.194648,0.02698153,0.09565224,-0.2123595,0,0,0,0
1317,3.410486,2.455221,0.522294,4.709988,0.08602506,0.1062707,0.03544425,0.09916785,1,0.134453,0.02316561,0.09803912,0.0285639,0.1825581,0.02667229,0.1013096,-0.2039294,0,0,0,0
1318,10.18382,2.534762,0.52583,5.195173,0.1833168,0.1069139,0.0355079,0.1203577,1,0.3692325,0.04892465,0.1011065,0.02873505,0.2001153,0.03230815,0.09782966,-0.2089902,0,0,0,0
1319,8.030103,2.623983,0.5286183,5.782737,2.42016e-06,0.1045611,0.0355079,0.09991983,1,0.2986381,6.56983e-07,0.1045394,0.02810881,0.2210951,0.02687267,0.09737709,-0.2086641,0,0,0,0
1320,8.782371,2.682121,0.5316677,5.933315,2.321392e-06,0.1024381,0.0355079,0.09991969,1,0.3236904,6.301712e-07,0.106772,0.02754353,0.226423,0.02687263,0.09927813,-0.2067589,0,0,0,0
1321,11.51911,2.810109,0.5356674,6.627315,0.1636184,0.1032197,0.03556471,0.09511456,1,0.4113269,0.04374629,0.1116747,0.02775165,0.2507274,0.02559172,0.1005958,-0.21277,0,0,0,0
1322,9.431054,2.854062,0.5389421,7.430306,0.08953521,0.1036221,0.0355958,0.09035632,1,0.3449491,0.024103,0.1133546,0.0278588,0.2783471,0.02432219,0.1017547,-0.2116878,0,0,0,0
1323,7.885237,2.909382,0.54168,7.986474,0.2108109,0.1053227,0.035669,0.1065637,1,0.2937634,0.05612143,0.1154661,0.02831157,0.2971718,0.02864186,0.105968,-0.2094,0,0,0,0
1324,10.82436,3.002134,0.5454384,8.142935,0.1335696,0.1058111,0.03571538,0.1011503,1,0.3895785,0.03581101,0.1189993,0.02844156,0.3024236,0.02720048,0.1043957,-0.2115142,0,0,0,0
1325,4.335573,3.018014,0.5469439,7.780605,1.884823e-06,0.1051947,0.03571538,0.09954246,1,0.1688617,5.116589e-07,0.1196034,0.02827748,0.2902323,0.02677212,0.1038491,-0.2108148,0,0,0,0
1326,11.72589,3.148299,0.5510153,8.185765,0.196683,0.1042117,0.03578367,0.1210975,1,0.4177369,0.05242784,0.1245499,0.0280158,0.3038579,0.03250451,0.104773,-0.2105446,0,0,0,0
1327,8.498321,3.242723,0.5539662,7.944547,1.73412e-06,0.1023242,0.03578367,0.1003369,1,0.3142819,4.707489e-07,0.1281243,0.02751319,0.2957612,0.02698379,0.1021389,-0.2121318,0,0,0,0
1328,8.391198,3.335957,0.5568798,7.862625,1.66335e-06,0.1023235,0.03578367,0.09038866,1,0.3107177,4.515374e-07,0.1316449,0.02751299,0.2930011,0.02433082,0.1074183,-0.2151171,0,0,0,0
1329,10.80707,3.456033,0.5606322,8.269457,0.1767289,0.1030217,0.03584504,0.08735643,1,0.3890329,0.04719488,0.1361665,0.02769894,0.3066565,0.02352122,0.1055798,-0.2143012,0,0,0,0
1330,11.35625,3.582212,0.5645754,8.424928,0.1050696,0.1032326,0.03588152,0.08223514,1,0.406258,0.02824418,0.1409028,0.02775511,0.3118409,0.02215282,0.1097697,-0.2131827,0,0,0,0
1331,12.18089,3.681146,0.5688048,9.403333,0.1564531,0.1035444,0.03593584,0.1013569,1,0.4317424,0.04185804,0.1446055,0.02783813,0.344047,0.02725554,0.104316,-0.2125559,0,0,0,0
1332,9.223912,3.783632,0.5720076,9.177684,0.05114351,0.1027293,0.0359536,0.08575407,1,0.3381946,0.01381718,0.1484311,0.02762106,0.3366829,0.02309321,0.1134392,-0.2137634,0,0,0,0
1333,12.58803,3.923497,0.5763784,9.729237,1.350534e-06,0.101184,0.0359536,0.08575399,1,0.4441604,3.666196e-07,0.1536358,0.02720948,0.3546171,0.02309319,0.1161413,-0.2160204,0,0,0,0
1334,10.85898,4.044151,0.5801489,10.07962,0.2431025,0.1025146,0.03603801,0.1134225,1,0.3906698,0.06452841,0.1581105,0.02756388,0.3658954,0.03046602,0.108697,-0.2119794,0,0,0,0
1335,12.43854,4.182356,0.5844678,10.3991,0.2360099,0.104218,0.03611996,0.1226316,1,0.4396135,0.06268607,0.1632192,0.02801747,0.3761027,0.03291162,0.1118162,-0.2162393,0,0,0,0
1336,9.67716,4.254898,0.587828,10.24631,1.191842e-06,0.1032991,0.03611996,0.1089135,1,0.3529332,3.235407e-07,0.1658934,0.0277728,0.37123,0.02926707,0.1171404,-0.2193541,0,0,0,0
1337,12.7025,4.396035,0.5922386,10.3677,0.1335688,0.1033568,0.03616634,0.1078549,1,0.4476329,0.03581079,0.1710823,0.02778816,0.3751025,0.02898543,0.1100313,-0.2144384,0,0,0,0
1338,11.98921,4.501731,0.5964015,10.72162,0.2239017,0.105844,0.03624408,0.1286556,1,0.425859,0.05953546,0.1749559,0.02845033,0.3863343,0.03450917,0.112332,-0.2205072,0,0,0,0
1339,11.032,4.576134,0.600232,10.60799,0.1184649,0.1055521,0.03628522,0.1431345,1,0.3961127,0.03180563,0.1776766,0.02837263,0.3827377,0.03834164,0.1135159,-0.2146258,0,0,0,0
1340,12.51819,4.715224,0.6045786,10.85398,0.1839407,0.1062792,0.03634909,0.1365609,1,0.442038,0.04908837,0.1827487,0.02856614,0.3905123,0.03660292,0.1186548,-0.2173668,0,0,0,0
1341,12.18493,4.850611,0.6088095,10.8898,0.05766353,0.1059246,0.03636911,0.1162179,1,0.4318663,0.01556918,0.1876688,0.02847178,0.391641,0.03120882,0.1202181,-0.2173422,0,0,0,0
1342,11.62021,4.951084,0.6128443,11.1633,0.1634143,0.1077399,0.03642585,0.1361906,1,0.4144644,0.04369253,0.1913093,0.02895484,0.4002296,0.0365049,0.1177812,-0.218687,0,0,0,0
1343,11.47304,5.078561,0.616828,11.11777,0.156744,0.1070277,0.03648027,0.1384634,1,0.4098948,0.04193474,0.195915,0.02876534,0.3988032,0.03710634,0.1205664,-0.2186878,0,0,0,0
1344,14.01321,5.234262,0.6216937,11.41461,0.1390195,0.105652,0.03652854,0.1305767,1,0.4868064,0.03725346,0.2015206,0.02839923,0.4080763,0.03501825,0.1207765,-0.2187244,0,0,0,0
1345,13.80446,5.387644,0.6264869,11.80465,0.1138197,0.1069163,0.03656806,0.1289994,1,0.4806383,0.03057158,0.2070214,0.0287357,0.4201711,0.03460028,0.112478,-0.2185592,0,0,0,0
1346,15.37505,5.510304,0.6318255,12.26189,7.857109e-07,0.106916,0.03656807,0.1069915,1,0.526412,2.132912e-07,0.2114055,0.0287356,0.4342215,0.02875571,0.1188777,-0.2169064,0,0,0,0
1347,17.49297,5.70467,0.6378994,13.00814,0.06246586,0.1076097,0.03658975,0.1072633,1,0.585924,0.01685827,0.2183252,0.0289202,0.4568633,0.02882804,0.1235331,-0.2185838,0,0,0,0
1348,18.20687,5.906967,0.6442212,13.82914,0.07042993,0.1083919,0.03661421,0.09567743,1,0.6054434,0.01899352,0.2254922,0.02912831,0.4813689,0.02574182,0.122487,-0.2204134,0,0,0,0
1349,17.54891,6.035421,0.6503146,14.61,6.933875e-07,0.1071765,0.03661421,0.07826149,1,0.5874631,1.882288e-07,0.2300246,0.02880493,0.5042966,0.02109016,0.1253656,-0.218131,0,0,0,0
1350,16.4973,6.218723,0.6560428,14.97173,6.650899e-07,0.103097,0.03661421,0.06281493,1,0.558252,1.805471e-07,0.2364678,0.02771899,0.5147955,0.01695192,0.1272504,-0.2176315,0,0,0,0
1351,15.85043,6.394838,0.6615465,15.24719,0.2433768,0.1041276,0.03669872,0.07809637,1,0.5399852,0.0645996,0.2426314,0.0279934,0.5227395,0.02104599,0.1243152,-0.2209751,0,0,0,0
1352,19.01051,6.606065,0.6681473,15.75757,6.119123e-07,0.1041273,0.03669872,0.07710152,1,0.6271048,1.661113e-07,0.2499893,0.02799333,0.5373438,0.02077981,0.1276578,-0.2196445,0,0,0,0
1353,17.49297,6.800431,0.6742213,15.86432,0.07330407,0.1049415,0.03672417,0.07677791,1,0.585924,0.01976333,0.2567268,0.02821009,0.5403799,0.02069322,0.131512,-0.2227027,0,0,0,0
1354,18.54129,7.006445,0.6806592,15.98722,5.629865e-07,0.1030546,0.03672417,0.06746832,1,0.6144969,1.528298e-07,0.2638339,0.0277077,0.5438673,0.01819985,0.1254428,-0.2234542,0,0,0,0
1355,19.69176,7.194216,0.6874966,16.39594,0.123299,0.1033467,0.03676698,0.08253811,1,0.645216,0.03308872,0.2702813,0.02778547,0.5554049,0.02223381,0.129612,-0.2193564,0,0,0,0
1356,18.94991,7.40477,0.6940765,16.74872,5.179726e-07,0.1033464,0.03676698,0.08035273,1,0.6254827,1.406102e-07,0.2774768,0.02778541,0.5652897,0.02164951,0.1286722,-0.219596,0,0,0,0
1357,19.35976,7.619878,0.7007986,17.25933,4.968338e-07,0.1033462,0.03676698,0.05331091,1,0.6364182,1.348718e-07,0.2847912,0.02778535,0.579478,0.01439982,0.1254265,-0.2201305,0,0,0,0
1358,19.22311,7.833468,0.7074733,17.4033,0.05322973,0.101539,0.03678546,0.05981668,1,0.6327814,0.014378,0.2920174,0.02730405,0.5834537,0.01614729,0.1327529,-0.2231547,0,0,0,0
1359,17.49297,8.027833,0.7135473,17.47759,4.571092e-07,0.1015388,0.03678546,0.04970818,1,0.585924,1.240881e-07,0.2985619,0.02730399,0.5855007,0.0134312,0.1283737,-0.224336,0,0,0,0
1360,22.71889,8.280265,0.7214358,18.06802,0.07629549,0.09858585,0.03681196,0.05786568,1,0.7230524,0.02056412,0.3070175,0.02651718,0.6016676,0.01562347,0.1353228,-0.2220734,0,0,0,0
1361,20.49539,8.46855,0.7285522,18.2497,0.07629547,0.09762071,0.03683845,0.05175243,1,0.6662927,0.02056412,0.3132923,0.02625993,0.6066059,0.01398089,0.1309931,-0.2229276,0,0,0,0
1362,21.05594,8.664611,0.7358633,18.61517,0.06501476,0.09650864,0.03686102,0.05913036,1,0.680814,0.017542,0.3197973,0.02596346,0.6164894,0.01596305,0.1303142,-0.2232709,0,0,0,0
1363,22.64638,8.916237,0.7437266,19.09211,3.869346e-07,0.09360041,0.03686102,0.05913033,1,0.7212363,1.050383e-07,0.3281032,0.02518786,0.6292862,0.01596304,0.1375729,-0.2269754,0,0,0,0
1364,22.23792,9.132299,0.7514481,19.55352,3.711436e-07,0.09360024,0.03686102,0.05051483,1,0.7109625,1.007516e-07,0.3351972,0.02518781,0.6415593,0.01364813,0.1325294,-0.2246412,0,0,0,0
1365,22.64638,9.383925,0.7593115,20.23954,0.05322961,0.09419152,0.0368795,0.05439828,1,0.7212363,0.01437797,0.3434151,0.02534554,0.659616,0.01469204,0.1394132,-0.2258519,0,0,0,0
1366,22.20239,9.630618,0.7670206,20.32132,0.2158556,0.09537468,0.03695445,0.07230334,1,0.7100654,0.05743803,0.3514267,0.02566109,0.6617535,0.01949534,0.1398509,-0.2266231,0,0,0,0
1367,22.03751,9.844454,0.7746725,20.59639,0.1138192,0.09551754,0.03699397,0.0762532,1,0.7058947,0.03057145,0.3583354,0.02569919,0.66892,0.0205528,0.1386667,-0.2249644,0,0,0,0
1368,27.74891,10.11779,0.7843076,21.51516,3.141662e-07,0.09463508,0.03699397,0.06654158,1,0.8437677,8.528441e-08,0.3671188,0.02546384,0.6926022,0.01795141,0.1385052,-0.2296469,0,0,0,0
1369,24.55216,10.36196,0.7928326,21.87714,0.1567434,0.09489244,0.0370484,0.08438279,1,0.7682274,0.04193458,0.3749196,0.02553248,0.7018267,0.02272683,0.133605,-0.2265505,0,0,0,0
1370,26.66086,10.59974,0.8020899,22.52572,2.890469e-07,0.09404458,0.0370484,0.082339,1,0.8184983,7.846545e-08,0.3824762,0.02530634,0.7182089,0.02218058,0.1396732,-0.2300892,0,0,0,0
1371,24.53253,10.84368,0.8106081,22.87248,2.772507e-07,0.09296679,0.0370484,0.07578392,1,0.7677512,7.526323e-08,0.3901877,0.02501882,0.7268921,0.02042721,0.1420572,-0.2275545,0,0,0,0
1372,28.36034,11.12899,0.8204555,23.7427,0.07330375,0.09321291,0.03707385,0.0589436,1,0.857776,0.01976325,0.3991548,0.02508448,0.7484552,0.01591291,0.1463173,-0.2309849,0,0,0,0
1373,27.24832,11.40194,0.8299167,24.49696,2.55083e-07,0.09178689,0.03707385,0.04455546,1,0.8321965,6.924552e-08,0.4076817,0.024704,0.7668877,0.01204473,0.1457665,-0.2261682,0,0,0,0
1374,26.05475,11.6413,0.8389635,24.44252,2.446729e-07,0.08880669,0.03707385,0.04301079,1,0.8042272,6.641957e-08,0.4151179,0.0239085,0.765565,0.01162883,0.1469305,-0.2312795,0,0,0,0
1375,27.66035,11.91761,0.8485677,24.94183,2.346877e-07,0.08499337,0.03707385,0.02433023,1,0.8417274,6.370895e-08,0.4236548,0.02288998,0.7776498,0.006589676,0.1503557,-0.2314113,0,0,0,0
1376,26.66086,12.1637,0.857825,25.06722,2.251099e-07,0.08235863,0.03707385,0.02433021,1,0.8184982,6.110895e-08,0.4312158,0.02218583,0.780669,0.006589673,0.1505804,-0.2300156,0,0,0,0
1377,27.16146,12.42909,0.8672561,25.46675,0.2386359,0.08501004,0.03715671,0.05280273,1,0.8301793,0.06336845,0.4393253,0.02289443,0.7902465,0.01426323,0.1462602,-0.2293287,0,0,0,0
1378,29.37665,12.71102,0.8774563,25.70379,0.2492067,0.08656384,0.03724324,0.07433391,1,0.8807635,0.0661121,0.447891,0.02330953,0.7958987,0.02003906,0.1524089,-0.2294327,0,0,0,0
1379,33.78443,13.0566,0.889187,26.61041,0.2556653,0.08940447,0.03733202,0.1055819,1,0.9764287,0.06778588,0.4583211,0.0240681,0.8173158,0.02838054,0.1459684,-0.2305368,0,0,0,0
1380,31.82334,13.32485,0.9002368,27.42166,0.1093561,0.09061945,0.03736999,0.1189476,1,0.9346471,0.02938481,0.4663659,0.02439242,0.8362138,0.03193378,0.1491524,-0.2326011,0,0,0,0
1381,32.48569,13.6858,0.9115165,28.14264,0.060016,0.08974156,0.03739083,0.1235786,1,0.9488946,0.0162008,0.4771203,0.02415808,0.852804,0.0331629,0.1513269,-0.2333344,0,0,0,0
1382,32.45972,14.00702,0.9227872,28.9364,0.2246647,0.09223775,0.03746883,0.1510376,1,0.9483385,0.05973419,0.4866241,0.0248243,0.8708506,0.04042927,0.149027,-0.2346372,0,0,0,0
1383,35.27578,14.37034,0.9350358,30.03558,0.1022844,0.09337416,0.03750435,0.1362095,1,1.007412,0.02750257,0.4972982,0.0251275,0.8954743,0.03650989,0.1589368,-0.2315931,0,0,0,0
1384,35.93813,14.73467,0.9475143,30.95793,0.1283305,0.09343,0.03754891,0.1242047,1,1.020962,0.034423,0.5079236,0.0251424,0.9158173,0.03332897,0.1550361,-0.2312252,0,0,0,0
1385,36.59823,15.14132,0.960222,31.45842,1.547157e-07,0.09182223,0.03754891,0.09442744,1,1.03434,4.199953e-08,0.5196913,0.02471343,0.9267371,0.02540846,0.1562018,-0.2328866,0,0,0,0
1386,37.4048,15.50474,0.9732098,32.28364,0.113819,0.09060313,0.03758843,0.09618796,1,1.05052,0.0305714,0.5301277,0.02438807,0.9445632,0.02587796,0.1558852,-0.2335093,0,0,0,0
1387,39.67812,15.94561,0.9869869,33.30856,1.423453e-07,0.08802215,0.03758843,0.08951953,1,1.095171,3.864143e-08,0.5426874,0.02369901,0.9664008,0.02409881,0.158006,-0.2330263,0,0,0,0
1388,35.88072,16.28466,0.9994455,33.87375,1.365361e-07,0.08802208,0.03758843,0.06396537,1,1.019792,3.706445e-08,0.5522729,0.02369899,0.9783033,0.01726054,0.1605281,-0.23228,0,0,0,0
1389,37.4048,16.66238,1.012433,34.33155,1.30964e-07,0.08681308,0.03758843,0.05260045,1,1.05052,3.555183e-08,0.5628768,0.0233761,0.9878727,0.01420886,0.1566994,-0.235446,0,0,0,0
1390,36.62752,17.03954,1.025151,34.56269,0.1446922,0.08529872,0.03763867,0.05517837,1,1.034931,0.03875336,0.573388,0.02297156,0.9926802,0.01490164,0.1612312,-0.2336536,0,0,0,0
1391,39.67812,17.45177,1.038928,35.11804,1.204927e-07,0.08529866,0.03763867,0.05433064,1,1.095171,3.270927e-08,0.5847895,0.02297155,1.004166,0.01467386,0.1667419,-0.2323508,0,0,0,0
1392,38.86912,17.83351,1.052425,35.47867,0.07940883,0.08618093,0.03766624,0.05066723,1,1.079439,0.02139707,0.595268,0.02320725,1.011576,0.01368911,0.1660598,-0.2358704,0,0,0,0
1393,43.89493,18.27851,1.067666,36.1833,0.1572008,0.08792755,0.03772083,0.06988064,1,1.174505,0.0420552,0.6073875,0.02367375,1.025945,0.01884635,0.1633344,-0.2358855,0,0,0,0
1394,42.17379,18.70263,1.082309,37.10404,0.1446922,0.08749142,0.03777107,0.08756523,1,1.142649,0.03875335,0.6188447,0.02355728,1.044508,0.02357699,0.1669287,-0.235443,0,0,0,0
1395,42.98279,19.18022,1.097234,37.94977,0.2460929,0.09022574,0.03785651,0.1170518,1,1.15771,0.06530447,0.6316381,0.02428733,1.061351,0.03143033,0.1668981,-0.2369381,0,0,0,0
1396,49.4914,19.65637,1.114419,39.68231,0.08264954,0.08910024,0.03788521,0.1086781,1,1.273479,0.02226359,0.644281,0.02398687,1.095252,0.02920445,0.1692509,-0.2361921,0,0,0,0
1397,43.89493,20.06639,1.12966,40.3937,9.383979e-08,0.0891002,0.03788521,0.1074134,1,1.174505,2.5474e-08,0.6550798,0.02398686,1.108945,0.02886798,0.1710502,-0.2396402,0,0,0,0
1398,44.73695,20.47692,1.145194,41.23444,9.001014e-08,0.08821784,0.03788521,0.09859024,1,1.189837,2.443439e-08,0.6658117,0.02375126,1.124962,0.02651835,0.1704337,-0.2371656,0,0,0,0
1399,43.89493,20.90132,1.160435,41.44936,0.280695,0.09133663,0.03798268,0.1136891,1,1.174505,0.07425413,0.6768231,0.02458384,1.129028,0.03053687,0.1698881,-0.2400558,0,0,0,0
1400,48.46296,21.36234,1.177262,42.3904,0.1009483,0.09041447,0.03801773,0.1099503,1,1.255793,0.02714669,0.6886899,0.02433771,1.146697,0.02954284,0.1730669,-0.2397387,0,0,0,0
1401,44.70118,21.78763,1.192783,42.80543,0.1502194,0.09091611,0.03806989,0.1009668,1,1.189189,0.04021326,0.6995513,0.02447161,1.154422,0.0271516,0.1736369,-0.2393024,0,0,0,0
1402,48.42422,22.25418,1.209597,42.90979,0.05114218,0.09148432,0.03808764,0.0972197,1,1.255122,0.01381682,0.7113729,0.02462325,1.156358,0.02615303,0.1746978,-0.2401093,0,0,0,0
1403,49.41233,22.76679,1.226755,43.7691,0.2158553,0.09183891,0.03816259,0.123602,1,1.272127,0.05743796,0.7242511,0.02471787,1.1722,0.0331691,0.1702092,-0.2369123,0,0,0,0
1404,52.45733,23.26591,1.244969,44.92028,0.109356,0.09305394,0.03820057,0.1369677,1,1.323302,0.02938478,0.7366806,0.02504207,1.193154,0.03671058,0.1773897,-0.2388787,0,0,0,0
1405,51.42889,23.76595,1.262826,46.02148,0.1390187,0.09227277,0.03824884,0.1227706,1,1.30622,0.03725325,0.7490268,0.02483365,1.212917,0.03294851,0.1802238,-0.2410191,0,0,0,0
1406,50.40044,24.29493,1.280326,46.50053,0.1387602,0.09224442,0.03829702,0.1285137,1,1.288933,0.03718487,0.7619734,0.02482608,1.221431,0.03447153,0.1816237,-0.2390529,0,0,0,0
1407,53.52774,24.85179,1.298912,47.77422,0.2274604,0.09381592,0.038376,0.1369718,1,1.340869,0.06046216,0.7754781,0.02524535,1.243826,0.03671166,0.1782421,-0.2386281,0,0,0,0
1408,55.71225,25.35766,1.318257,48.87661,5.933834e-08,0.09177907,0.038376,0.1285204,1,1.37607,1.610814e-08,0.7876375,0.02470191,1.262932,0.03447332,0.1845269,-0.2401706,0,0,0,0
1409,57.98591,25.91272,1.338391,50.09814,0.2342252,0.09438154,0.03845732,0.1303233,1,1.411817,0.06222212,0.8008626,0.02539622,1.283812,0.0349511,0.1846658,-0.2427915,0,0,0,0
1410,55.8014,26.43516,1.357766,50.73613,0.109356,0.09559658,0.03849529,0.1303233,1,1.377488,0.02938478,0.8132004,0.02572027,1.294598,0.0349511,0.1851731,-0.239415,0,0,0,0
1411,57.23598,26.94312,1.37764,51.65636,0.1138189,0.09504326,0.03853482,0.1281211,1,1.400124,0.03057137,0.8250962,0.02557271,1.310016,0.03436748,0.1904949,-0.2408305,0,0,0,0
1412,55.71225,27.45736,1.396984,52.50492,5.022882e-08,0.09404842,0.03853482,0.110207,1,1.37607,1.363525e-08,0.8370398,0.02530737,1.324088,0.02961113,0.1858297,-0.2431329,0,0,0,0
1413,61.6085,28.05428,1.418376,53.69537,0.1009483,0.09282773,0.03856987,0.0961353,1,1.467004,0.02714668,0.850781,0.02498172,1.343601,0.02586392,0.1874938,-0.2451481,0,1,0,0
1414,59.19279,28.59171,1.438929,54.34048,0.315746,0.09485191,0.0386795,0.1333006,1,1.430439,0.08326364,0.8630415,0.02552168,1.354066,0.03573976,0.1914024,-0.2437692,0,1,0,0
1415,64.12279,29.25601,1.461194,55.32819,0.08602248,0.09580769,0.03870937,0.1177894,1,1.504103,0.02316492,0.878054,0.02577656,1.369943,0.03162623,0.1905086,-0.2450022,0,1,0,0
1416,64.07152,29.83763,1.483441,56.54339,0.0576626,0.09426302,0.03872939,0.1114217,1,1.503356,0.01556894,0.8910708,0.02536461,1.38924,0.02993414,0.1969016,-0.2467316,0,1,0,0
1417,65.37893,30.46964,1.506142,57.73372,0.1670185,0.09611876,0.03878738,0.1191886,1,1.522286,0.04464145,0.9050835,0.02585951,1.407896,0.03199777,0.1967732,-0.2451651,0,1,0,0
1418,65.37893,31.10283,1.528843,59.13556,0.2039969,0.09838538,0.03885822,0.1441215,1,1.522286,0.05434116,0.9189873,0.02646375,1.429561,0.03860253,0.1958306,-0.2428815,0,1,0,0
1419,61.75634,31.66894,1.550286,59.42256,0.05114214,0.09698997,0.03887597,0.1391557,1,1.469212,0.01381681,0.9313055,0.02609179,1.433957,0.0372895,0.1944324,-0.2481208,0,1,0,0
1420,62.81538,32.2407,1.572097,60.11604,0.1992596,0.09803652,0.03894516,0.1268191,1,1.484931,0.05310215,0.9436411,0.02637077,1.444523,0.03402232,0.2025027,-0.2472877,0,1,0,0
1421,69.40785,32.87656,1.596197,61.0336,0.1050681,0.09746558,0.03898164,0.1301027,1,1.579106,0.02824378,0.9572366,0.02621858,1.458386,0.03489266,0.2045074,-0.2445394,0,1,0,0
1422,70.93748,33.56227,1.620828,62.1528,0.05114214,0.09746556,0.0389994,0.1290641,1,1.600106,0.01381681,0.9717558,0.02621857,1.475117,0.03461743,0.1992288,-0.2458696,0,1,0,0
1423,68.04709,34.17848,1.644456,62.71762,3.176152e-08,0.09746555,0.0389994,0.1087598,1,1.560164,8.622069e-09,0.9846801,0.02621857,1.483487,0.0292262,0.2012808,-0.2481389,0,1,0,0
1424,70.93748,34.84602,1.669087,63.65484,0.2082597,0.09707841,0.03907171,0.1099398,1,1.600106,0.05545514,0.9985514,0.02611537,1.49727,0.02954005,0.1999243,-0.2466403,0,1,0,0
1425,72.29824,35.51112,1.69419,65.15189,2.922201e-08,0.09445607,0.03907171,0.101523,1,1.618533,7.932686e-09,1.012241,0.0254161,1.519016,0.02729977,0.2074682,-0.2478321,0,1,0,0
1426,73.71453,36.22265,1.719786,66.63205,0.2699622,0.09745564,0.03916545,0.1114601,1,1.637467,0.07148407,1.026743,0.02621593,1.5402,0.02994433,0.2046299,-0.2483603,1,1,0,0
1427,75.24879,36.91761,1.745914,67.62942,2.688555e-08,0.09597154,0.03916545,0.09978584,1,1.6577,7.298424e-09,1.040769,0.02582025,1.5543,0.02683697,0.2023466,-0.244767,1,1,0,0
1428,73.71453,37.60345,1.771509,68.25995,2.578834e-08,0.09348375,0.03916545,0.09410338,1,1.637467,7.000571e-09,1.054477,0.02515674,1.563144,0.02532203,0.2056442,-0.2472839,1,1,0,0
1429,76.84565,38.33471,1.798192,69.60369,0.1939801,0.0943228,0.0392328,0.1146932,1,1.678462,0.0517201,1.068952,0.02538055,1.581812,0.03080373,0.2110192,-0.2485607,1,1,0,0
1430,78.31975,39.06584,1.825386,70.75568,0.1958342,0.09445495,0.0393008,0.1143669,1,1.697366,0.05220563,1.083281,0.0254158,1.597626,0.03071701,0.2136374,-0.2465747,1,1,0,0
1431,78.31975,39.80067,1.85258,71.79828,0.08264947,0.09473258,0.0393295,0.1227994,1,1.697366,0.02226358,1.09754,0.02548985,1.61179,0.03295616,0.2113315,-0.2503008,1,1,0,0
1432,81.45087,40.57656,1.880862,73.02483,0.1567431,0.09465845,0.03938392,0.1113928,1,1.736717,0.04193451,1.112444,0.02547008,1.628278,0.02992645,0.2156897,-0.2481066,1,1,0,0
1433,84.77494,41.39103,1.910298,74.47621,2.093849e-08,0.09291685,0.03938392,0.1089945,1,1.777351,5.684018e-09,1.127925,0.0250055,1.647547,0.02928861,0.2141353,-0.2515479,1,1,0,0
1434,84.77494,42.17727,1.939733,76.06423,0.06766766,0.09212405,0.03940742,0.1160499,1,1.777351,0.01825329,1.142714,0.02479397,1.66834,0.03116418,0.2155147,-0.2480248,1,1,0,0
1435,83.11291,42.94737,1.968592,77.11264,1.926434e-08,0.09085939,0.03940742,0.09295188,1,1.757177,5.229549e-09,1.157054,0.02445647,1.681905,0.02501484,0.2224108,-0.253408,1,1,0,0
1436,84.77494,43.71848,1.998028,78.21182,0.1138189,0.09212404,0.03944694,0.08356194,1,1.777351,0.03057136,1.171271,0.02479396,1.695991,0.02250746,0.2188938,-0.2511071,1,1,0,0
1437,81.45087,44.42912,2.026309,78.86998,0.109356,0.09264504,0.03948491,0.08521705,1,1.736717,0.02938477,1.184251,0.02493298,1.70436,0.02294974,0.2258716,-0.2517663,1,1,0,0
1438,88.23467,45.20721,2.056946,79.9851,0.08602245,0.09281829,0.03951478,0.07831501,1,1.818461,0.02316491,1.198329,0.0249792,1.718429,0.02110448,0.2194046,-0.2498761,1,1,0,0
1439,90.03514,46.01261,2.088209,80.92567,0.1232985,0.09418826,0.03955759,0.09078232,1,1.839401,0.03308858,1.212759,0.02534467,1.730191,0.02443589,0.2186953,-0.2478918,1,1,0,0
1440,93.70954,46.87052,2.120747,82.3396,0.06001583,0.0948551,0.03957843,0.08938389,1,1.881214,0.01620075,1.227972,0.02552253,1.747694,0.0240626,0.2229657,-0.2523689,1,1,0,0
1441,84.84277,47.6371,2.150206,82.83855,0.1697978,0.09403755,0.03963739,0.1088723,1,1.778168,0.04537274,1.241432,0.02530447,1.75382,0.02925611,0.2291517,-0.2524017,1,1,0,0
1442,97.5339,48.50959,2.184072,84.7209,1.43908e-08,0.09403755,0.03963739,0.09622576,1,1.923483,3.906564e-09,1.256599,0.02530447,1.776699,0.02588804,0.2278578,-0.2553615,1,1,0,0
1443,95.58348,49.37726,2.217261,86.66869,0.2896158,0.09644101,0.03973795,0.1183509,1,1.902081,0.07655245,1.271526,0.02594543,1.799998,0.03177535,0.231645,-0.2530428,1,1,0,0
1444,95.65996,50.23413,2.250476,87.89891,1.324017e-08,0.09644101,0.03973795,0.1052846,1,1.902926,3.594213e-09,1.286118,0.02594543,1.814523,0.02830142,0.2323639,-0.2541641,1,1,0,0
1445,93.70954,51.05655,2.283014,88.63592,0.399795,0.09951318,0.03987677,0.1394928,1,1.881214,0.1046411,1.299985,0.02676431,1.823154,0.03737866,0.2358529,-0.25692,1,1,0,0
1446,97.5339,51.92971,2.31688,89.43265,0.093187,0.1005486,0.03990912,0.1435732,1,1.923483,0.02507757,1.314564,0.02704019,1.832428,0.0384576,0.2421425,-0.2525262,1,1,0,0
1447,97.5339,52.79831,2.350746,91.20005,0.08602244,0.1015044,0.03993899,0.1333649,1,1.923483,0.02316491,1.328921,0.02729482,1.852789,0.03575679,0.2344373,-0.2558204,1,1,0,0
1448,101.5143,53.71266,2.385994,92.04383,0.1283304,0.1023388,0.03998355,0.1467831,1,1.966201,0.03442296,1.343882,0.02751708,1.862409,0.03930579,0.2367141,-0.253454,1,1,0,0
1449,95.58348,54.58033,2.419182,92.41968,0.1184639,0.1036551,0.04002469,0.1285142,1,1.902081,0.03180535,1.357938,0.0278676,1.866674,0.03447168,0.246616,-0.2553059,1,1,0,0
1450,101.5143,55.45583,2.454431,93.50016,1.031146e-08,0.1028074,0.04002469,0.1263002,1,1.966201,2.799176e-09,1.371982,0.02764186,1.878863,0.03388473,0.2453883,-0.2559252,1,1,0,0
1451,101.6768,56.35785,2.489735,94.74395,0.1283304,0.1033855,0.04006925,0.09639594,1,1.967918,0.03442296,1.386311,0.02779582,1.89277,0.02593341,0.2495423,-0.2580658,1,1,0,0
1452,109.9692,57.34577,2.527919,96.55933,9.486998e-09,0.1026632,0.04006925,0.08547358,1,2.052947,2.575366e-09,1.401842,0.02760345,1.912829,0.02301828,0.2446764,-0.256111,1,1,0,0
1453,109.9692,58.31603,2.566102,98.40683,9.099829e-09,0.1026631,0.04006925,0.07591553,1,2.052947,2.470264e-09,1.416935,0.02760345,1.932961,0.02046243,0.2505559,-0.2579556,1,1,0,0
1454,103.6272,59.22035,2.602084,99.00481,0.2903108,0.1058888,0.04017005,0.09482503,1,1.988373,0.07673135,1.430861,0.02846225,1.939417,0.02551451,0.2501117,-0.2563965,1,1,0,0
1455,112.1683,60.21504,2.641031,101.2906,0.2640882,0.1082317,0.04026174,0.1139398,1,2.074679,0.06996577,1.446025,0.02908569,1.963833,0.03060351,0.2548707,-0.2565306,1,1,0,0
1456,112.258,61.21566,2.68001,102.9126,8.030571e-09,0.1058333,0.04026174,0.1109402,1,2.075559,2.18e-09,1.461121,0.02844747,1.980912,0.02980611,0.2524697,-0.2574102,1,1,0,0
1457,114.4571,62.24254,2.719752,104.7682,0.1631399,0.1063813,0.04031839,0.1166206,1,2.096957,0.04362027,1.47645,0.02859332,2.000206,0.0313158,0.2540546,-0.2607318,1,1,0,0
1458,114.4571,63.20596,2.759494,105.7196,0.3531793,0.1103055,0.04044102,0.159787,1,2.096957,0.09282375,1.490685,0.02963732,2.009999,0.04273691,0.2577967,-0.2569743,1,1,0,0
1459,119.1282,64.25681,2.800858,107.2071,7.086954e-09,0.1085639,0.04044102,0.1576316,1,2.141381,1.923844e-09,1.506054,0.02917408,2.025177,0.04216878,0.2594349,-0.2588614,1,1,0,0
1460,114.4571,65.23232,2.8406,108.8119,0.06766765,0.1093158,0.04046452,0.1314695,1,2.096957,0.01825328,1.520175,0.02937408,2.041377,0.03525477,0.2569982,-0.2609288,1,1,0,0
1461,121.5104,66.30985,2.882791,110.3298,0.08953308,0.1103106,0.04049561,0.1121509,1,2.163521,0.02410243,1.535615,0.02963867,2.056533,0.03012801,0.2628118,-0.2588878,1,1,0,0
1462,129.05,67.42863,2.9276,112.7245,0.07940872,0.1103784,0.04052318,0.1201148,1,2.231433,0.02139704,1.551472,0.02965671,2.080125,0.03224368,0.2642694,-0.2602138,1,1,0,0
1463,121.5104,68.47599,2.969791,113.9164,0.264416,0.1133164,0.04061499,0.1343057,1,2.163521,0.07005054,1.566161,0.03043781,2.091725,0.03600592,0.2676084,-0.2620202,1,1,0,0
1464,129.2565,69.62267,3.014672,116.055,0.08602244,0.1142722,0.04064486,0.1048255,1,2.233249,0.02316491,1.582074,0.03069184,2.112308,0.02817922,0.2641083,-0.2605537,1,1,0,0
1465,126.4694,70.72055,3.058585,117.3524,0.1867969,0.1163477,0.04070972,0.1276563,1,2.208546,0.04983758,1.597146,0.0312433,2.124653,0.03424427,0.2707087,-0.2614875,1,1,0,0
1466,131.736,71.88805,3.104327,119.7941,0.2253204,0.1188513,0.04078795,0.1464122,1,2.254875,0.05990497,1.613003,0.03190821,2.147604,0.03920781,0.2726457,-0.2654606,1,1,0,0
1467,129.05,73.02015,3.149136,121.1607,0.08264945,0.1171181,0.04081665,0.1453506,1,2.231433,0.02226357,1.628215,0.03144793,2.160292,0.03892732,0.2708408,-0.2620738,1,1,0,0
1468,131.736,74.15747,3.194877,121.9425,0.2636462,0.1172785,0.0409082,0.167795,1,2.254875,0.06985147,1.643337,0.03149055,2.1675,0.04484579,0.2725345,-0.262746,1,1,0,0
1469,137.1122,75.30556,3.242486,124.1991,4.672008e-09,0.1144378,0.0409082,0.1370455,1,2.300682,1.268276e-09,1.658443,0.03073585,2.188107,0.03673115,0.2760887,-0.2641876,1,1,0,0
1470,139.7982,76.50528,3.291027,125.8825,0.2780373,0.116312,0.04100474,0.1608029,1,2.323033,0.07356868,1.674062,0.03123382,2.20329,0.04300462,0.2775138,-0.2656341,1,1,0,0
1471,142.7079,77.72997,3.340578,128.3297,4.298455e-09,0.1156452,0.04100474,0.1381611,1,2.346862,1.16687e-09,1.689833,0.03105666,2.225082,0.03702635,0.2815807,-0.2639673,1,1,0,0
1472,134.3166,78.86171,3.387216,129.0252,0.06501436,0.1138713,0.04102731,0.1210717,1,2.277044,0.01754189,1.704255,0.0305853,2.231215,0.03249766,0.2789532,-0.265069,1,1,0,0
1473,134.3166,79.96217,3.433854,130.0407,0.1444231,0.1143395,0.04107746,0.1263221,1,2.277044,0.03868223,1.718142,0.03070972,2.240124,0.03389055,0.27261,-0.2651142,1,1,0,0
1474,137.0026,81.08511,3.481424,131.0852,0.06246511,0.1136077,0.04109915,0.1046627,1,2.299762,0.01685807,1.732175,0.03051523,2.249231,0.02813588,0.2790291,-0.2637547,1,1,0,0
1475,137.0026,82.20071,3.528994,131.5541,0.07042921,0.1143902,0.0411236,0.1088286,1,2.299762,0.01899333,1.745984,0.0307232,2.2533,0.02924448,0.2758703,-0.2624063,1,1,0,0
1476,137.1122,83.30857,3.576603,131.6954,3.490072e-09,0.1131255,0.0411236,0.07690014,1,2.300682,9.474243e-10,1.759567,0.03038709,2.254524,0.02072593,0.2804885,-0.2667257,1,1,0,0
1477,134.3166,84.36011,3.62324,131.1718,0.09699002,0.1142032,0.04115728,0.08779867,1,2.277044,0.0260918,1.772342,0.03067351,2.249982,0.02363933,0.281181,-0.2669387,1,1,0,0
1478,129.05,85.39532,3.668049,130.8925,0.2108089,0.1165455,0.04123048,0.1049145,1,2.231433,0.0561209,1.784809,0.03129585,2.247555,0.0282029,0.2710034,-0.2665041,1,1,0,0
1479,137.0026,86.50197,3.71562,131.6512,0.2338332,0.1191437,0.04131167,0.1161308,1,2.299762,0.06212019,1.798019,0.03198585,2.254141,0.03118569,0.2790257,-0.2672912,1,1,0,0
1480,129.05,87.52888,3.760429,131.0735,0.406516,0.1220528,0.04145282,0.1588756,1,2.231433,0.106337,1.810169,0.03275805,2.249129,0.04249669,0.2747759,-0.2670639,1,1,0,0
1481,131.736,88.55175,3.80617,130.8223,0.2473865,0.1248016,0.04153872,0.1798603,1,2.254875,0.06564005,1.822171,0.0334873,2.246944,0.04801735,0.2798267,-0.2654555,1,1,0,0
1482,137.1122,89.64334,3.853779,131.1239,0.05114211,0.1244875,0.04155648,0.186111,1,2.300682,0.0138168,1.83487,0.03340399,2.249567,0.0496577,0.2776336,-0.262249,1,1,0,0
1483,131.736,90.61935,3.899521,131.079,0.1138188,0.1240055,0.041596,0.1892455,1,2.254875,0.03057136,1.84613,0.03327613,2.249177,0.05047958,0.2791571,-0.264522,1,1,0,0
1484,129.05,91.58464,3.94433,131.3615,0.08953308,0.1233926,0.04162708,0.1735396,1,2.231433,0.02410243,1.857181,0.03311354,2.251629,0.04635672,0.2808764,-0.2681019,1,1,0,0
1485,131.736,92.57079,3.990071,130.9937,0.3273244,0.1242952,0.04174074,0.1846301,1,2.254875,0.08622743,1.868384,0.03335297,2.248435,0.04926924,0.2803747,-0.2696675,1,1,0,0
1486,129.05,93.45477,4.03488,131.1803,0.2326544,0.1259619,0.04182152,0.1678972,1,2.231433,0.06181365,1.878353,0.03379502,2.250057,0.0448727,0.2777277,-0.2698486,1,1,0,0
1487,131.736,94.43078,4.080622,131.3723,0.1283304,0.1273878,0.04186608,0.154282,1,2.254875,0.03442296,1.889281,0.03417309,2.251723,0.0412854,0.2774841,-0.2690511,1,1,0,0
1488,129.2565,95.36989,4.125503,130.6639,2.116835e-09,0.1273878,0.04186608,0.1446753,1,2.233249,5.746418e-10,1.899718,0.03417308,2.245564,0.03874889,0.2765215,-0.2726476,1,1,0,0
1489,134.3166,96.37458,4.17214,131.1194,0.2281543,0.126804,0.0419453,0.1599143,1,2.277044,0.06064278,1.9108,0.03401831,2.249527,0.04277047,0.2787395,-0.2734153,1,1,0,0
1490,129.05,97.26999,4.216949,131.2815,0.08602243,0.1266381,0.04197517,0.1597282,1,2.231433,0.02316491,1.920606,0.03397434,2.250935,0.04272141,0.2765558,-0.2701679,1,1,0,0
1491,126.4694,98.17852,4.260862,130.7514,1.868101e-09,0.124969,0.04197517,0.122364,1,2.208546,5.071197e-10,1.930488,0.03353171,2.246327,0.03284062,0.2777911,-0.2709854,1,1,0,0
1492,124.1883,99.02035,4.303983,130.1572,0.1283304,0.1258267,0.04201973,0.111316,1,2.188009,0.03442296,1.939584,0.03375917,2.241143,0.02990602,0.2762101,-0.2741677,1,1,0,0
1493,129.05,99.90521,4.348792,129.9426,0.180357,0.1254323,0.04208235,0.1161627,1,2.231433,0.04814775,1.949084,0.03365457,2.239265,0.03119417,0.2771773,-0.2757531,1,1,0,0
1494,126.4694,100.7276,4.392705,129.6019,0.1505971,0.1258905,0.04213464,0.1336133,1,2.208546,0.04031298,1.957857,0.03377609,2.236281,0.03582257,0.2748489,-0.2728076,1,1,0,0
1495,121.6076,101.5073,4.43493,128.1358,1.581313e-09,0.1243458,0.04213464,0.1061873,1,2.164417,4.292675e-10,1.966127,0.03336642,2.223367,0.02854168,0.2760807,-0.272618,1,1,0,0
1496,129.05,102.3812,4.479739,128.1059,0.2144057,0.1251863,0.04220909,0.1203308,1,2.231433,0.05705973,1.975339,0.03358935,2.223103,0.032301,0.278652,-0.2740177,1,1,0,0
1497,129.05,103.2203,4.524548,128.3927,0.322558,0.126243,0.04232109,0.1588362,1,2.231433,0.08500807,1.98413,0.03386956,2.225638,0.04248632,0.2805677,-0.271712,1,1,0,0
1498,123.9899,103.979,4.5676,128.2846,0.1839397,0.1282868,0.04238496,0.1641294,1,2.186209,0.0490881,1.992031,0.03441139,2.224683,0.04388085,0.282919,-0.2721961,1,1,0,0
1499,126.5705,104.741,4.611548,127.8919,0.09699002,0.1267619,0.04241863,0.1559441,1,2.20945,0.0260918,1.999925,0.03400716,2.221208,0.0417238,0.2783254,-0.2752818,1,1,0,0
1500,123.9899,105.4987,4.6546,127.4408,0.2425486,0.1282418,0.04250285,0.1657666,1,2.186209,0.06438461,2.00773,0.03439949,2.217204,0.04431191,0.2763639,-0.2736269,1,1,0,0
1501,126.5705,106.2691,4.698549,127.8129,0.1767273,0.1289408,0.04256422,0.1873666,1,2.20945,0.04719446,2.015624,0.03458475,2.220507,0.04998697,0.2816253,-0.2748618,1,1,0,0
1502,121.6076,107.0012,4.740773,126.8448,0.06246511,0.1296349,0.04258591,0.170456,1,2.164417,0.01685807,2.023087,0.03476869,2.211898,0.04554588,0.2804954,-0.2721842,1,1,0,0
1503,126.4694,107.7219,4.784686,126.4709,1.13306e-09,0.1285132,0.04258591,0.1330115,1,2.208546,3.075837e-10,2.030394,0.03447142,2.20856,0.03566321,0.2821927,-0.2721681,1,1,0,0
1504,119.1282,108.3879,4.82605,125.7321,0.285282,0.1281747,0.04268496,0.1467475,1,2.141381,0.07543635,2.037114,0.0343817,2.20194,0.0392964,0.2784995,-0.2749359,1,1,0,0
1505,121.5104,109.0255,4.868241,124.9977,1.042466e-09,0.1272189,0.04268496,0.1351883,1,2.163521,2.829907e-10,2.043519,0.03412832,2.19533,0.03623958,0.2826443,-0.2772998,1,1,0,0
1506,116.7459,109.6108,4.908778,123.9665,0.08264945,0.1274966,0.04271366,0.11834,1,2.118896,0.02226357,2.049373,0.03420193,2.185997,0.03177246,0.2786141,-0.2739868,1,1,0,0
1507,119.1282,110.208,4.950142,122.9708,0.2242467,0.1281324,0.04279152,0.1250339,1,2.141381,0.05962534,2.055323,0.03437049,2.176927,0.03354893,0.2812034,-0.2776458,1,1,0,0
1508,121.5104,110.8317,4.992333,122.8762,0.2791537,0.1289675,0.04288845,0.1498698,1,2.163521,0.07385665,2.06151,0.03459183,2.176063,0.04012099,0.2807506,-0.2782743,1,1,0,0
1509,116.7459,111.4427,5.03287,121.5708,8.824283e-10,0.1283993,0.04288845,0.1472717,1,2.118896,2.395465e-10,2.067545,0.03444121,2.164078,0.03943487,0.2766769,-0.2758804,1,1,0,0
1510,119.1282,112.0684,5.074234,121.4605,8.464159e-10,0.1261853,0.04288845,0.1110568,1,2.141381,2.297702e-10,2.073699,0.03385426,2.163061,0.02983711,0.2818836,-0.2789969,1,1,0,0
1511,119.1282,112.6208,5.115598,121.0558,0.06501436,0.1257402,0.04291103,0.1162543,1,2.141381,0.01754189,2.079112,0.03373624,2.159322,0.03121849,0.2859178,-0.2752415,1,1,0,0
1512,114.6402,113.1064,5.155404,120.5721,7.787403e-10,0.125172,0.04291103,0.1065028,1,2.098725,2.113989e-10,2.083852,0.03358554,2.154841,0.02862565,0.2829982,-0.2765943,1,1,0,0
1513,114.4571,113.6221,5.195146,119.8611,0.2433761,0.1278762,0.04299553,0.1100678,1,2.096957,0.06459942,2.088869,0.03430256,2.148229,0.0295741,0.2807428,-0.2807875,1,1,0,0
1514,116.7459,114.1311,5.235682,119.195,7.164756e-10,0.1255622,0.04299553,0.07805591,1,2.118896,1.944964e-10,2.093805,0.03368902,2.142007,0.02103517,0.2802806,-0.2787811,1,1,0,0
1515,112.258,114.5751,5.274661,118.4799,0.08953307,0.126557,0.04302662,0.08536191,1,2.075559,0.02410243,2.098096,0.03395282,2.135297,0.02298844,0.2806276,-0.2777719,1,1,0,0
1516,116.7459,115.0532,5.315198,118.0785,0.1546526,0.1252758,0.04308032,0.1016788,1,2.118896,0.04138316,2.102703,0.03361306,2.131517,0.02734129,0.2827385,-0.2771398,1,1,0,0
1517,114.4571,115.4888,5.35494,117.3675,0.06501436,0.1259981,0.04310289,0.1009753,1,2.096957,0.01754189,2.106888,0.03380464,2.124797,0.02715388,0.2836896,-0.2803625,1,1,0,0
1518,114.4571,115.9415,5.394682,117.1827,0.1232985,0.1273681,0.0431457,0.1160451,1,2.096957,0.03308857,2.111223,0.03416787,2.123045,0.03116292,0.2792393,-0.2803704,1,1,0,0
1519,112.1683,116.334,5.433629,116.6823,0.5828648,0.1316891,0.04334809,0.1577073,1,2.074679,0.1501358,2.114972,0.03531294,2.11829,0.04218874,0.283631,-0.2823493,1,1,0,0
1520,112.1683,116.7101,5.472576,115.9861,0.1408584,0.1310782,0.043397,0.1739676,1,2.074679,0.03773985,2.118555,0.03515112,2.11165,0.04646922,0.275698,-0.2788633,1,1,0,0
1521,112.1683,117.0862,5.511524,115.8173,5.352198e-10,0.1301599,0.043397,0.1640194,1,2.074679,1.452924e-10,2.122129,0.03490781,2.110034,0.0438519,0.2857757,-0.2836393,1,1,0,0
1522,114.4571,117.4529,5.551266,115.4548,0.1390187,0.129963,0.04344527,0.1624011,1,2.096957,0.03725323,2.125605,0.03485563,2.106561,0.04342567,0.2847583,-0.2838186,1,1,0,0
1523,114.4571,117.7827,5.591008,115.2927,0.2154539,0.1323569,0.04352008,0.1795066,1,2.096957,0.05733323,2.128725,0.03548984,2.105005,0.04792446,0.2804482,-0.2815537,1,1,0,0
1524,109.9692,118.0627,5.629192,114.6107,0.1138188,0.1328697,0.0435596,0.1780446,1,2.052947,0.03057136,2.131367,0.03562565,2.098439,0.04754051,0.2781087,-0.2800995,1,1,0,0
1525,109.9692,118.3611,5.667375,114.237,0.06501436,0.1335921,0.04358217,0.1212281,1,2.052947,0.01754189,2.134178,0.03581696,2.09483,0.03253917,0.2829607,-0.2842078,1,1,0,0
1526,107.8563,118.6175,5.704825,113.5224,0.105068,0.1334948,0.04361865,0.1160365,1,2.031753,0.02824377,2.13659,0.03579121,2.087901,0.03116063,0.2872423,-0.2824747,1,1,0,0
1527,107.7701,118.91,5.742246,112.7973,0.2543689,0.1351061,0.04370698,0.1435421,1,2.030881,0.06745007,2.139336,0.03621782,2.080836,0.03844937,0.2841703,-0.2814323,1,1,0,0
1528,107.7701,119.127,5.779666,111.8741,3.998186e-10,0.1341503,0.04370698,0.1260518,1,2.030881,1.085359e-10,2.14137,0.03596477,2.071791,0.03381885,0.2773685,-0.2831915,1,1,0,0
1529,109.9692,119.3485,5.817849,111.191,0.07940871,0.1336626,0.04373455,0.1107403,1,2.052947,0.02139704,2.143443,0.03583564,2.065062,0.02975293,0.2830251,-0.2842337,1,1,0,0
1530,103.5443,119.4578,5.853802,110.2499,0.2856045,0.1361692,0.04383372,0.130306,1,1.987509,0.07551946,2.144464,0.03649922,2.055739,0.03494652,0.2740492,-0.2847041,1,1,0,0
1531,107.7701,119.7125,5.891222,109.7967,0.0511421,0.1348508,0.04385148,0.1273692,1,2.030881,0.0138168,2.146843,0.03615023,2.051228,0.03416817,0.2876549,-0.284928,1,1,0,0
1532,103.5443,119.7793,5.927175,109.1169,0.06501436,0.1355731,0.04387405,0.1229471,1,1.987509,0.01754189,2.147466,0.03634146,2.044435,0.03299536,0.2849722,-0.2860741,1,1,0,0
1533,105.6572,119.8912,5.963862,108.6509,0.3869447,0.1366546,0.04400841,0.1419772,1,2.009358,0.1013931,2.14851,0.0366277,2.039759,0.03803568,0.2819558,-0.2876653,1,1,0,0
1534,105.6572,120.0023,6.000548,108.2664,0.1992595,0.1388686,0.04407759,0.1631613,1,2.009358,0.05310214,2.149544,0.03721353,2.035891,0.0436259,0.2810018,-0.2865669,1,1,0,0
1535,103.5443,120.1116,6.036501,107.3529,0.1184639,0.1357427,0.04411873,0.168817,1,1.987509,0.03180535,2.150562,0.03638634,2.026657,0.04511472,0.286884,-0.2874746,1,1,0,0
1536,101.5143,120.1558,6.071749,106.9581,0.3214195,0.1382786,0.04423033,0.1754495,1,1.966201,0.08471666,2.150973,0.03705744,2.022648,0.04685869,0.2822247,-0.2871488,1,1,0,0
1537,105.6572,120.2461,6.108436,106.5737,2.74791e-10,0.1373228,0.04423033,0.1672754,1,2.009358,7.459563e-11,2.151813,0.03680453,2.018734,0.04470905,0.2850935,-0.2877975,1,1,0,0
1538,107.7701,120.3156,6.145856,106.8905,0.05540158,0.1365125,0.04424957,0.1637212,1,2.030881,0.01496161,2.152459,0.03659009,2.021961,0.04377335,0.2828228,-0.2890579,1,1,0,0
1539,107.7701,120.451,6.183276,107.0256,0.1567431,0.1369378,0.04430399,0.1398848,1,2.030881,0.0419345,2.153717,0.03670265,2.023334,0.03748235,0.2798685,-0.2874252,1,1,0,0
1540,103.5443,120.4736,6.219229,106.6177,0.1184639,0.1382541,0.04434513,0.1322238,1,1.987509,0.03180535,2.153926,0.03705095,2.019182,0.03545458,0.2797505,-0.2878908,1,1,0,0
1541,107.7701,120.5413,6.256649,106.961,0.2771267,0.1399073,0.04444135,0.1522098,1,2.030881,0.07333376,2.154555,0.03748831,2.022677,0.04073864,0.2834783,-0.2878266,1,1,0,0
1542,97.5339,120.4031,6.290515,106.3286,2.231128e-10,0.1399073,0.04444135,0.1164965,1,1.923483,6.056686e-11,2.153272,0.03748831,2.016233,0.03128283,0.2837439,-0.2895199,1,1,0,0
1543,101.5143,120.3091,6.325763,105.7245,0.1744406,0.1418456,0.04450192,0.1351128,1,1.966201,0.04659355,2.152399,0.03800088,2.010049,0.03621961,0.2877361,-0.2894828,1,1,0,0
1544,97.5339,120.2414,6.359629,104.3737,0.07042921,0.1394024,0.04452637,0.1375651,1,1.923483,0.01899333,2.151769,0.03735476,1.996125,0.03686867,0.284166,-0.2913284,1,1,0,0
1545,95.58348,120.0572,6.392818,102.8344,1.968964e-10,0.1364681,0.04452637,0.1191544,1,1.902081,5.345013e-11,2.150055,0.03657835,1.980093,0.0319887,0.2883476,-0.2920307,1,1,0,0
1546,101.5143,119.9378,6.428066,102.4396,0.1567431,0.1382097,0.0445808,0.1234309,1,1.966201,0.0419345,2.148943,0.03703922,1.975952,0.0331237,0.281753,-0.2898938,1,1,0,0
1547,101.5143,119.794,6.463314,101.6007,0.1914464,0.1385242,0.04464727,0.1153157,1,1.966201,0.05105638,2.147603,0.03712244,1.967114,0.03096911,0.2835767,-0.2898941,1,1,0,0
1548,99.48432,119.6276,6.497857,101.651,1.737604e-10,0.1346,0.04464727,0.1139457,1,1.944573,4.716949e-11,2.146051,0.03608384,1.967646,0.03060507,0.282485,-0.2881268,1,1,0,0
1549,99.48432,119.4094,6.5324,101.2845,1.666692e-10,0.1346,0.04464727,0.08808712,1,1.944573,4.524455e-11,2.144012,0.03608384,1.963769,0.02371636,0.2882599,-0.2905111,1,1,0,0
1550,97.5339,119.2213,6.566266,101.1219,0.07330348,0.1346626,0.04467273,0.08765587,1,1.923483,0.01976317,2.142253,0.03610042,1.962046,0.02360119,0.2832464,-0.2904848,1,1,0,0
1551,101.5143,118.9991,6.601514,101.6625,1.53343e-10,0.1336678,0.04467273,0.08765587,1,1.966201,4.162692e-11,2.140172,0.03583702,1.967767,0.02360119,0.2847244,-0.2932841,1,1,0,0
1552,95.65996,118.6281,6.63473,100.8032,0.0511421,0.1333538,0.04469048,0.07494602,1,1.902926,0.0138168,2.13669,0.03575385,1.958661,0.02020293,0.2858709,-0.2903879,1,1,0,0
1553,95.58348,118.3401,6.667918,99.9345,1.410824e-10,0.1304158,0.04469048,0.05128026,1,1.902081,3.829857e-11,2.133981,0.03497562,1.949398,0.01385395,0.2875728,-0.2938543,1,1,0,0
1554,95.65996,117.9668,6.701134,99.35058,0.1446921,0.1310677,0.04474072,0.0677002,1,1.902926,0.03875333,2.130462,0.03514833,1.943137,0.01826201,0.2853327,-0.2934461,1,1,0,0
1555,99.56391,117.6678,6.735704,99.24381,0.08264944,0.1299105,0.04476942,0.07707941,1,1.945427,0.02226357,2.127639,0.03484172,1.941989,0.0207739,0.2899834,-0.2928146,1,1,0,0
1556,95.58348,117.2661,6.768893,98.89073,0.3969731,0.1318177,0.04490726,0.1162861,1,1.902081,0.1039285,2.123836,0.03534703,1.938187,0.03122693,0.2893245,-0.2943249,1,1,0,0
1557,97.5339,116.9159,6.802759,98.33473,1.194237e-10,0.1308994,0.04490726,0.1134598,1,1.923483,3.2419e-11,2.120512,0.03510375,1.93218,0.03047593,0.2847446,-0.2932458,1,1,0,0
1558,95.58348,116.5143,6.835948,98.19082,0.4013918,0.1324299,0.04504663,0.1568363,1,1.902081,0.1050442,2.11669,0.03550918,1.930621,0.04195908,0.287278,-0.2951293,1,1,0,0
1559,95.58348,116.0528,6.869136,98.03098,0.1009483,0.1335516,0.04508168,0.1682921,1,1.902081,0.02714667,2.112287,0.03580623,1.928888,0.04497661,0.2820484,-0.2958525,1,1,0,0
1560,95.58348,115.5615,6.902325,97.93403,0.1567431,0.1322039,0.04513611,0.1681993,1,1.902081,0.0419345,2.107585,0.0354493,1.927835,0.04495219,0.2829195,-0.2950344,1,1,0,0
1561,93.70954,115.0171,6.934863,97.12732,0.08602243,0.1331597,0.04516598,0.1689617,1,1.881214,0.02316491,2.102356,0.03570245,1.919048,0.04515277,0.287155,-0.296622,1,1,0,0
1562,93.70954,114.5659,6.967401,96.80983,0.1992595,0.1346513,0.04523516,0.1484851,1,1.881214,0.05310214,2.098008,0.03609741,1.915575,0.03975534,0.2842354,-0.2965276,1,1,0,0
1563,91.90908,114.0947,6.999314,96.03209,0.1631399,0.1348592,0.04529181,0.164125,1,1.860877,0.04362026,2.093453,0.03615247,1.907032,0.0438797,0.2841045,-0.298789,1,1,0,0
1564,97.5339,113.6562,7.03318,96.15854,0.2724958,0.1371929,0.04538643,0.150617,1,1.923483,0.07213846,2.089201,0.03677017,1.908424,0.04031823,0.2903637,-0.2972798,1,1,0,0
1565,91.8356,113.1543,7.065067,95.61201,0.1184639,0.1377266,0.04542756,0.1525632,1,1.860041,0.03180535,2.084319,0.0369114,1.902396,0.0408319,0.292118,-0.2990147,1,1,0,0
1566,93.70954,112.6721,7.097605,95.31708,8.207862e-11,0.1377266,0.04542756,0.1315759,1,1.881214,2.228143e-11,2.079613,0.0369114,1.899133,0.03528298,0.2868764,-0.297393,1,1,0,0
1567,88.30527,112.1608,7.128267,94.52381,0.1446921,0.1382567,0.0454778,0.1397025,1,1.819288,0.03875333,2.074607,0.03705164,1.890318,0.03743413,0.286185,-0.2968451,1,1,0,0
1568,90.03514,111.7274,7.159529,93.91848,0.1523916,0.1376076,0.04553071,0.1355726,1,1.839401,0.04078662,2.070348,0.0368799,1.883556,0.03634132,0.2857497,-0.3024934,1,1,0,0
1569,93.70954,111.2463,7.192067,93.96231,7.243413e-11,0.1350094,0.04553071,0.1157044,1,1.881214,1.966327e-11,2.065608,0.03619223,1.884046,0.03107239,0.2918414,-0.2977504,1,1,0,0
1570,90.03514,110.8128,7.223329,92.97901,0.1283304,0.1319185,0.04557527,0.09979561,1,1.839401,0.03442296,2.061323,0.03537371,1.872997,0.02683957,0.2831009,-0.3020262,1,1,0,0
1571,84.77494,110.291,7.252765,91.93899,0.1570058,0.1309142,0.04562979,0.1027434,1,1.777351,0.04200378,2.056148,0.03510768,1.861217,0.02762482,0.2884114,-0.299297,1,1,0,0
1572,93.70954,109.8088,7.285303,91.8965,0.2433761,0.1330502,0.04571429,0.1324893,1,1.881214,0.06459942,2.051348,0.03567345,1.860734,0.03552492,0.2945464,-0.2974537,1,1,0,0
1573,91.8356,109.3654,7.31719,92.18121,0.1335677,0.1332696,0.04576067,0.1307991,1,1.860041,0.03581049,2.046922,0.03573157,1.863969,0.03507718,0.2921319,-0.2997903,1,1,0,0
1574,88.30527,108.9127,7.347852,91.88647,5.88119e-11,0.1322748,0.04576067,0.1130842,1,1.819288,1.596524e-11,2.042388,0.03546809,1.86062,0.0303761,0.2872131,-0.3003477,1,1,0,0
1575,91.90908,108.4702,7.379765,91.64559,0.08953307,0.1296327,0.04579176,0.1240271,1,1.860877,0.02410243,2.037943,0.0347681,1.857876,0.03328188,0.2939096,-0.302101,1,1,0,0
1576,90.03514,108.0367,7.411027,91.51804,0.3347815,0.1307674,0.045908,0.1489443,1,1.839401,0.08813303,2.033575,0.03506878,1.856422,0.03987662,0.2932782,-0.3016062,1,1,0,0
1577,86.50481,107.5341,7.441063,91.54348,0.105068,0.130509,0.04594449,0.1422137,1,1.798052,0.02824377,2.028494,0.0350003,1.856712,0.03809822,0.2926353,-0.303683,1,1,0,0
1578,90.03514,107.0983,7.472326,91.03022,4.97832e-11,0.130509,0.04594449,0.1151719,1,1.839401,1.35143e-11,2.024073,0.0350003,1.850845,0.03093093,0.291988,-0.3038588,1,1,0,0
1579,81.51604,106.5117,7.50063,89.68395,0.1505971,0.1296472,0.04599678,0.1187374,1,1.737525,0.04031298,2.018101,0.03477195,1.83534,0.03187797,0.2907122,-0.3037476,1,1,0,0
1580,88.30527,106.0589,7.531291,89.58141,0.06501436,0.1294138,0.04601935,0.1258691,1,1.819288,0.01754189,2.013475,0.03471009,1.834153,0.03377042,0.2876084,-0.3042938,1,1,0,0
1581,88.23467,105.6341,7.561928,89.02559,0.1889692,0.1315134,0.04608496,0.1390172,1,1.818461,0.05040715,2.009121,0.03526642,1.827697,0.03725286,0.2871928,-0.3030224,1,1,0,0
1582,90.03514,105.2546,7.593191,88.9631,0.2900409,0.1333102,0.04618567,0.1367005,1,1.839401,0.07666189,2.005221,0.03574232,1.82697,0.03663985,0.2874987,-0.3029047,1,1,0,0
1583,86.50481,104.7819,7.623227,88.86222,0.05540158,0.1319218,0.04620491,0.1317976,1,1.798052,0.01496161,2.000347,0.0353746,1.825794,0.03534168,0.2877072,-0.3026554,1,1,0,0
1584,86.50481,104.3379,7.653263,88.36824,0.1932276,0.1323955,0.046272,0.1538066,1,1.798052,0.051523,1.995754,0.03550006,1.820025,0.04115998,0.290399,-0.3028129,1,1,0,0
1585,86.50481,103.9478,7.6833,88.77745,0.207997,0.1347066,0.04634422,0.1615771,1,1.798052,0.0553865,1.991708,0.03611206,1.824806,0.0432086,0.2903681,-0.305293,1,1,0,0
1586,84.84277,103.4566,7.712759,88.27338,0.2103042,0.134661,0.04641725,0.1756463,1,1.778168,0.05598912,1.986595,0.03609999,1.818915,0.04691042,0.2912873,-0.3044382,1,1,0,0
1587,84.77494,102.9647,7.742195,87.7472,0.2185415,0.1335053,0.04649313,0.1813603,1,1.777351,0.05813851,1.981457,0.03579397,1.812739,0.04841116,0.2933783,-0.3060473,1,1,0,0
1588,83.11291,102.5105,7.771054,86.8395,0.2475871,0.1342125,0.0465791,0.1749343,1,1.757177,0.06569208,1.976697,0.03598123,1.802024,0.04672331,0.2940524,-0.3086436,1,1,0,0
1589,84.84277,102.0469,7.800513,86.53549,3.147974e-11,0.1331348,0.0465791,0.1676569,1,1.778168,8.54546e-12,1.971821,0.03569586,1.798417,0.04480946,0.291542,-0.308223,1,1,0,0
1590,90.03514,101.6696,7.831775,86.8661,0.06501436,0.1311622,0.04660167,0.1523918,1,1.839401,0.01754189,1.967842,0.03517337,1.802339,0.04078668,0.2905986,-0.3039046,1,1,0,0
1591,81.45087,101.1683,7.860057,86.16835,0.3384833,0.1329595,0.0467192,0.1696954,1,1.736717,0.08907808,1.962537,0.03564943,1.794049,0.04534581,0.293942,-0.3056456,1,1,0,0
1592,81.45087,100.7221,7.888338,85.65526,2.778077e-11,0.1322654,0.0467192,0.1441143,1,1.736717,7.541506e-12,1.957799,0.03546561,1.787923,0.03860062,0.2983102,-0.3065685,1,1,0,0
1593,83.11291,100.2403,7.917197,85.37285,2.664703e-11,0.1322654,0.0467192,0.1180192,1,1.757177,7.233657e-12,1.952666,0.03546561,1.78454,0.03168727,0.2976578,-0.3089743,1,1,0,0
1594,84.84277,99.85938,7.946656,85.42405,0.2239006,0.1315834,0.04679694,0.1148475,1,1.778168,0.05953518,1.948594,0.03528495,1.785154,0.03084471,0.2985295,-0.3065225,1,1,0,0
1595,79.854,99.39654,7.974383,84.73661,0.1767273,0.133547,0.04685831,0.1351312,1,1.716782,0.04719446,1.943631,0.03580504,1.776889,0.03622447,0.293096,-0.3086009,1,1,0,0
1596,79.854,98.98662,8.00211,83.45142,2.351592e-11,0.1326287,0.04685831,0.1279074,1,1.716782,6.383788e-12,1.939221,0.03556183,1.761309,0.03431083,0.289102,-0.3117085,1,1,0,0
1597,81.51604,98.56871,8.030414,83.38323,0.3024036,0.1334971,0.04696331,0.1256509,1,1.737525,0.07984072,1.934711,0.03579181,1.760478,0.03371255,0.2961193,-0.3070688,1,1,0,0
1598,81.45087,98.12361,8.058696,83.28785,0.1335677,0.1318795,0.04700969,0.1402826,1,1.736717,0.03581049,1.929893,0.03536339,1.759314,0.03758756,0.2920904,-0.3078615,1,1,0,0
1599,79.854,97.7137,8.086423,82.7718,0.1236585,0.1332535,0.04705262,0.1553964,1,1.716782,0.03318407,1.925441,0.0357273,1.753002,0.04157935,0.2937664,-0.3092815,1,1,0,0
1600,78.31975,97.26027,8.113617,81.91685,0.1283304,0.1346794,0.04709718,0.1447775,1,1.697366,0.03442296,1.9205,0.03610485,1.742483,0.03877589,0.2919663,-0.3112002,1,1,0,0
1601,81.45087,96.84163,8.141899,82.05734,0.09318699,0.1349924,0.04712954,0.1347861,1,1.736717,0.02507757,1.915923,0.03618773,1.744217,0.03613311,0.2959239,-0.3128521,1,1,0,0
1602,79.854,96.45512,8.169626,81.90339,0.07042921,0.135775,0.04715399,0.14069,1,1.716782,0.01899333,1.911685,0.03639488,1.742317,0.0376953,0.2966459,-0.3139558,1,1,0,0
1603,81.51604,96.08911,8.19793,81.78873,0.3823948,0.1373196,0.04728677,0.1523426,1,1.737525,0.1002414,1.90766,0.0368037,1.7409,0.04077369,0.2988448,-0.3109894,1,1,0,0
1604,76.72288,95.64441,8.22457,81.13471,0.2285517,0.1398591,0.04736613,0.1654359,1,1.676877,0.06074623,1.902754,0.03747554,1.732792,0.04422484,0.292543,-0.3113025,1,1,0,0
1605,78.31975,95.26731,8.251764,80.81324,0.2068711,0.1411628,0.04743796,0.1759855,1,1.697366,0.05509236,1.898581,0.03782035,1.72879,0.04699954,0.2958196,-0.3140872,1,1,0,0
1606,81.45087,94.87515,8.280046,81.06576,0.09318699,0.1404799,0.04747031,0.1693963,1,1.736717,0.02507757,1.894229,0.03763974,1.731935,0.04526711,0.2941612,-0.3117072,1,1,0,0
1607,73.71453,94.42245,8.305641,80.06405,0.1446921,0.1413652,0.04752055,0.1755593,1,1.637467,0.03875333,1.889188,0.03787386,1.719421,0.04688756,0.2984499,-0.3112873,1,1,0,0
1608,78.31975,94.02093,8.332836,79.76341,1.426313e-11,0.1399952,0.04752055,0.1677338,1,1.697366,3.871982e-12,1.884702,0.03751155,1.715643,0.0448297,0.2965143,-0.3114105,1,1,0,0
1609,76.72288,93.62709,8.359476,79.17758,0.07629505,0.1343666,0.04754705,0.1328972,1,1.676877,0.020564,1.880289,0.03602206,1.708255,0.03563294,0.297713,-0.3113037,1,1,0,0
1610,81.45087,93.28578,8.387757,79.62675,1.312271e-11,0.1328016,0.04754705,0.1067802,1,1.736717,3.56221e-12,1.876453,0.03560761,1.713923,0.02869947,0.2947018,-0.3108062,1,1,0,0
1611,78.25713,92.90899,8.41493,79.50893,0.1138188,0.1340662,0.04758657,0.09560603,1,1.696568,0.03057136,1.872207,0.03594251,1.712438,0.02572278,0.3007742,-0.3118958,1,1,0,0
1612,78.31975,92.50747,8.442124,79.03086,0.105068,0.133689,0.04762305,0.09487089,1,1.697366,0.02824377,1.867668,0.03584262,1.706398,0.02552674,0.2978218,-0.3143378,1,1,0,0
1613,76.72288,92.0882,8.468764,79.25643,0.2533085,0.1341096,0.047711,0.1091383,1,1.676877,0.06717533,1.862913,0.03595399,1.709251,0.02932688,0.2954774,-0.3185677,1,1,0,0
1614,76.72288,91.7188,8.495404,78.97032,0.1631399,0.1346576,0.04776765,0.1269307,1,1.676877,0.04362026,1.858711,0.03609909,1.705631,0.0340519,0.2946494,-0.3146596,1,1,0,0
1615,72.24044,91.29959,8.520487,78.31377,1.06548e-11,0.1339352,0.04776765,0.1161424,1,1.617756,2.892374e-12,1.853927,0.03590782,1.69729,0.03118876,0.2970759,-0.3121374,1,1,0,0
1616,73.71453,90.92024,8.546083,77.33053,0.2332466,0.1353594,0.04784864,0.1423136,1,1.637467,0.06196764,1.849584,0.03628489,1.684708,0.03812462,0.2988407,-0.3184941,1,1,0,0
1617,72.24044,90.52546,8.571166,76.52274,0.06001581,0.1331999,0.04786948,0.1345741,1,1.617756,0.01620075,1.845051,0.03571312,1.674288,0.03607697,0.301819,-0.3150877,1,1,0,0
1618,75.24879,90.16411,8.597294,76.09414,0.1283304,0.1346258,0.04791403,0.1358337,1,1.6577,0.03442296,1.840889,0.03609068,1.668728,0.03641043,0.3007426,-0.3192709,1,1,0,0
1619,70.82415,89.72917,8.621886,75.28297,0.1232985,0.1351135,0.04795685,0.1227581,1,1.59856,0.03308857,1.835864,0.03621979,1.658148,0.0329452,0.3019289,-0.3172332,1,1,0,0
1620,72.29824,89.38199,8.64699,74.59426,0.07940871,0.1328224,0.04798442,0.1136146,1,1.618533,0.02139704,1.83184,0.03561314,1.649103,0.03051708,0.2971082,-0.3192415,1,1,0,0
1621,70.93748,88.97274,8.671621,74.33267,0.08602243,0.13321,0.04801429,0.1203675,1,1.600106,0.02316491,1.827082,0.03571578,1.645653,0.03231076,0.2958024,-0.3166002,1,1,0,0
1622,70.82415,88.60918,8.696212,73.89344,7.959325e-12,0.1324876,0.04801429,0.09445124,1,1.59856,2.160711e-12,1.822842,0.03552446,1.639841,0.02541481,0.2998906,-0.3178208,1,1,0,0
1623,72.24044,88.23788,8.721296,73.77264,0.2073915,0.1304926,0.0480863,0.1131307,1,1.617756,0.05522832,1.818499,0.03499596,1.638238,0.03038845,0.2966374,-0.3175288,1,1,0,0
1624,70.93748,87.85211,8.745927,73.1391,0.3705314,0.1323956,0.04821496,0.1416711,1,1.600106,0.09723391,1.813973,0.03550009,1.629804,0.03795476,0.3029693,-0.3170403,1,1,0,0
1625,69.40785,87.47281,8.770027,72.86567,0.3141976,0.1345704,0.04832405,0.1644096,1,1.579106,0.0828668,1.809509,0.03607601,1.626149,0.04395463,0.2986115,-0.3207518,1,1,0,0
1626,73.71453,87.16393,8.795622,72.95482,0.07330348,0.1318136,0.0483495,0.1645457,1,1.637467,0.01976317,1.805863,0.03534592,1.627342,0.04399047,0.3079919,-0.3199711,1,1,0,0
1627,73.71453,86.80901,8.821217,73.1767,0.105068,0.132981,0.04838599,0.1644693,1,1.637467,0.02824377,1.801662,0.03565513,1.630306,0.04397034,0.3031455,-0.3208396,1,1,0,0
1628,70.82415,86.3985,8.845809,73.05862,0.0511421,0.1329337,0.04840374,0.1692359,1,1.59856,0.0138168,1.796789,0.0356426,1.628729,0.04522492,0.3076319,-0.3218256,1,1,0,0
1629,69.46339,85.97287,8.869928,72.63461,0.2636462,0.1341215,0.04849529,0.1770418,1,1.579874,0.06985147,1.791718,0.03595714,1.623053,0.04727708,0.3053365,-0.3232656,1,1,0,0
1630,72.29824,85.62569,8.895032,72.7189,0.2530224,0.1356166,0.04858314,0.1653707,1,1.618533,0.06710119,1.787569,0.03635296,1.624183,0.0442077,0.301828,-0.3195672,1,1,0,0
1631,72.29824,85.23156,8.920136,72.93836,0.05322925,0.1331288,0.04860163,0.1359303,1,1.618533,0.01437787,1.782844,0.03569428,1.627121,0.036436,0.3028369,-0.3222331,1,1,0,0
1632,73.83249,84.96821,8.945772,72.88456,0.09699002,0.1342065,0.0486353,0.1388572,1,1.639032,0.0260918,1.779678,0.03597965,1.626402,0.03721053,0.3013268,-0.3204857,1,1,0,0
1633,69.40785,84.61147,8.969872,72.2715,0.1446921,0.133876,0.04868554,0.1406188,1,1.579106,0.03875333,1.775379,0.03589213,1.618174,0.03767647,0.2994641,-0.3229134,1,1,0,0
1634,69.46339,84.29958,8.993991,72.03965,0.105068,0.1342608,0.04872202,0.1452385,1,1.579874,0.02824377,1.77161,0.03599404,1.61505,0.03889771,0.2957608,-0.3219551,1,1,0,0
1635,69.40785,84.00874,9.018091,71.93445,4.630559e-12,0.1342608,0.04872202,0.1136459,1,1.579106,1.257025e-12,1.768086,0.03599404,1.61363,0.0305254,0.2997244,-0.3223106,1,1,0,0
1636,64.07152,83.59271,9.040338,70.82727,0.1505971,0.1341925,0.04877432,0.1029032,1,1.503356,0.04031298,1.76303,0.03597596,1.598603,0.02766738,0.3041634,-0.3221909,1,1,0,0
1637,69.40785,83.23597,9.064438,70.45826,0.2665892,0.1350275,0.04886688,0.1279643,1,1.579106,0.07061242,1.75868,0.03619701,1.59356,0.03432591,0.3062314,-0.3240283,1,1,0,0
1638,66.68633,82.87154,9.087593,69.53499,0.1992595,0.1372415,0.04893607,0.1415416,1,1.540971,0.05310214,1.754224,0.03678301,1.580863,0.0379205,0.3005021,-0.3231725,1,1,0,0
1639,64.12279,82.47864,9.109858,68.80775,0.2750591,0.1402977,0.04903158,0.1582353,1,1.504103,0.0728002,1.749403,0.03759155,1.570783,0.04232791,0.3027974,-0.3255248,1,1,0,0
1640,65.37893,82.12136,9.132559,68.17535,3.759719e-12,0.1394832,0.04903158,0.146561,1,1.522286,1.020612e-12,1.745006,0.03737612,1.56196,0.03924714,0.3039455,-0.3269449,1,1,0,0
1641,66.68633,81.73438,9.155714,67.74439,0.1979383,0.1416825,0.0491003,0.1694888,1,1.540971,0.0527564,1.740228,0.03795777,1.555917,0.04529146,0.3040067,-0.324385,1,1,0,0
1642,65.48355,81.39909,9.178451,67.75866,0.1446921,0.1427219,0.04915054,0.169273,1,1.52379,0.03875333,1.736075,0.03823258,1.556117,0.04523468,0.302296,-0.3289439,1,1,0,0
1643,66.73969,81.0786,9.201625,67.35127,0.05766256,0.1433626,0.04917057,0.1438851,1,1.541728,0.01556892,1.732095,0.03840195,1.550382,0.03854004,0.311083,-0.3250553,1,1,0,0
1644,66.73969,80.75727,9.224798,67.24628,0.2018965,0.1439982,0.04924067,0.1446087,1,1.541728,0.05379196,1.728092,0.03856995,1.5489,0.03873129,0.3093327,-0.3275158,1,1,0,0
1645,61.6085,80.33554,9.24619,66.84878,0.1446921,0.1446876,0.04929091,0.1317312,1,1.467004,0.03875333,1.722823,0.03875213,1.543275,0.0353241,0.3050154,-0.3257787,1,1,0,0
1646,68.04709,80.02958,9.269817,67.08227,0.1138188,0.1415414,0.04933043,0.1430507,1,1.560164,0.03057136,1.718988,0.03792047,1.546582,0.0383195,0.3078902,-0.3280233,1,1,0,0
1647,66.73969,79.68742,9.292991,67.02708,0.1232985,0.1429114,0.04937324,0.1354606,1,1.541728,0.03308857,1.714687,0.03828267,1.545801,0.03631166,0.3076712,-0.3271735,1,1,0,0
1648,65.37893,79.35182,9.315692,66.90579,2.693956e-12,0.1384515,0.04937324,0.1179578,1,1.522286,7.313423e-13,1.710456,0.03710319,1.544083,0.03167095,0.3088202,-0.3258242,1,1,0,0
1649,61.6085,78.97432,9.337084,66.23326,0.07330348,0.1381444,0.04939869,0.1191402,1,1.467004,0.01976317,1.705682,0.03702193,1.534523,0.03198492,0.3059006,-0.3289922,1,1,0,0
1650,65.37893,78.63871,9.359785,66.00518,0.0511421,0.136971,0.04941645,0.1020756,1,1.522286,0.0138168,1.701424,0.03671144,1.531266,0.02744697,0.304013,-0.3264849,1,1,0,0
1651,62.81538,78.29544,9.381596,66.04904,0.1767273,0.1379788,0.04947782,0.1066429,1,1.484931,0.04719446,1.697057,0.03697813,1.531893,0.02866294,0.3088354,-0.3301044,1,1,0,0
1652,60.35236,77.92481,9.402551,65.07771,0.1093559,0.1369799,0.04951579,0.1073621,1,1.448106,0.02938476,1.692326,0.0367138,1.517946,0.02885432,0.3069999,-0.3259563,1,1,0,0
1653,62.81538,77.60154,9.424362,64.53696,2.187321e-12,0.1351673,0.04951579,0.09135791,1,1.484931,5.939153e-13,1.688187,0.03623401,1.510123,0.02458951,0.3078885,-0.3302111,1,1,0,0
1654,62.81538,77.21578,9.446173,64.16187,2.098055e-12,0.1321395,0.04951579,0.08724089,1,1.484931,5.695692e-13,1.683232,0.03543226,1.504672,0.02349037,0.311756,-0.331042,1,1,0,0
1655,64.07152,76.90729,9.46842,64.37625,0.08602243,0.1317791,0.04954566,0.08611883,1,1.503356,0.02316491,1.679258,0.03533678,1.50779,0.02319066,0.308623,-0.3306447,1,1,0,0
1656,62.81538,76.56402,9.490231,63.97031,0.2350818,0.1343911,0.04962728,0.1083541,1,1.484931,0.06244482,1.674822,0.03602852,1.50188,0.02911826,0.3161986,-0.3300494,1,1,0,0
1657,62.81538,76.2808,9.512042,63.84921,0.1505971,0.1344567,0.04967957,0.1059566,1,1.484931,0.04031298,1.671152,0.03604589,1.500112,0.0284803,0.3077868,-0.332282,1,1,0,0
1658,61.55924,75.9644,9.533417,63.88036,0.1557038,0.1344935,0.04973364,0.1122682,1,1.466268,0.04166042,1.667041,0.03605564,1.500567,0.03015918,0.3096456,-0.3317163,1,1,0,0
1659,62.81538,75.62114,9.555228,63.8065,0.09318699,0.1355289,0.04976599,0.1207283,1,1.484931,0.02507757,1.662568,0.03632975,1.499488,0.03240652,0.3146751,-0.3295847,1,1,0,0
1660,59.33484,75.28002,9.57583,63.27573,1.633967e-12,0.134103,0.04976599,0.1179169,1,1.432614,4.436746e-13,1.658109,0.03595225,1.491711,0.03166011,0.3071693,-0.3304205,1,1,0,0
1661,60.44893,75.00973,9.596819,62.74156,0.06766764,0.1331104,0.04978949,0.116038,1,1.449568,0.01825328,1.654566,0.03568939,1.483841,0.03116101,0.3073463,-0.3302105,1,1,0,0
1662,62.81538,74.66646,9.61863,62.61915,0.06246511,0.1311002,0.04981118,0.09647471,1,1.484931,0.01685807,1.650054,0.03515695,1.482031,0.02595441,0.3221241,-0.3340043,1,1,0,0
1663,60.35236,74.31665,9.639586,62.24486,0.2475871,0.1323671,0.04989714,0.1083947,1,1.448106,0.06569208,1.645441,0.03549255,1.476484,0.02912905,0.3063904,-0.3340711,1,1,0,0
1664,56.82634,73.96688,9.659317,61.57857,0.2154539,0.1347611,0.04997195,0.1162601,1,1.393697,0.05733323,1.640814,0.03612648,1.466557,0.03122002,0.3092944,-0.3321564,1,1,0,0
1665,60.35236,73.61625,9.680273,61.20429,0.09318699,0.1348017,0.05000431,0.1172955,1,1.448106,0.02507757,1.636161,0.03613723,1.46095,0.03149505,0.3080488,-0.332925,1,1,0,0
1666,61.6085,73.3004,9.701665,61.42955,0.2782598,0.1341736,0.05010093,0.1496317,1,1.467004,0.07362606,1.631956,0.03597095,1.464327,0.04005811,0.3131357,-0.3365849,1,1,0,0
1667,59.14547,72.99641,9.722201,61.17069,0.08264944,0.1339245,0.05012963,0.1492526,1,1.429713,0.02226357,1.627898,0.035905,1.460446,0.03995801,0.314079,-0.3322874,1,1,0,0
1668,61.55924,72.68001,9.743576,60.97416,0.1283304,0.1353504,0.05017419,0.1557828,1,1.466268,0.03442296,1.623662,0.03628251,1.457492,0.04168127,0.3135169,-0.3344869,1,1,0,0
1669,59.33484,72.43355,9.764178,60.8079,0.3532722,0.1376024,0.05029685,0.1683947,1,1.432614,0.09284739,1.620353,0.03687852,1.454988,0.04500359,0.3122274,-0.3352516,1,1,0,0
1670,61.55924,72.13638,9.785553,61.29134,0.08602243,0.1378358,0.05032672,0.1549692,1,1.466268,0.02316491,1.616354,0.03694029,1.462256,0.04146667,0.3170026,-0.3353897,1,1,0,0
1671,60.35236,71.82657,9.806509,61.22096,1.033217e-12,0.1357361,0.05032672,0.1424158,1,1.448106,2.806202e-13,1.612173,0.03638461,1.4612,0.03815164,0.3160065,-0.334893,1,1,0,0
1672,59.19279,71.48388,9.827062,60.88265,9.910512e-13,0.1325135,0.05032672,0.1098903,1,1.430439,2.690878e-13,1.607533,0.03553131,1.456114,0.02952689,0.3122832,-0.3393615,1,1,0,0
1673,59.14547,71.17989,9.847599,60.79827,0.1697978,0.1337845,0.05038568,0.1208194,1,1.429713,0.04537273,1.603406,0.03586792,1.454843,0.03243071,0.3129072,-0.3363521,1,1,0,0
1674,57.98591,70.86301,9.867733,60.30397,0.08953307,0.1326324,0.05041676,0.1152601,1,1.411817,0.02410243,1.59909,0.0355628,1.447373,0.03095436,0.3137862,-0.338566,1,1,0,0
1675,53.52774,70.4966,9.886319,59.56895,8.745996e-13,0.1303213,0.05041676,0.07439996,1,1.340869,2.373739e-13,1.594084,0.03495058,1.436194,0.02005675,0.3108299,-0.3370584,1,1,0,0
1676,57.98591,70.19819,9.906453,59.06012,0.2682079,0.1309647,0.05050989,0.09635823,1,1.411817,0.0710308,1.589994,0.03512104,1.428403,0.02592336,0.3124512,-0.3357442,1,1,0,0
1677,56.82634,69.88765,9.926184,58.55819,0.07629505,0.1293842,0.05053638,0.1043132,1,1.393697,0.020564,1.585726,0.03470225,1.420677,0.02804282,0.3178921,-0.3360447,1,1,0,0
1678,53.61339,69.55988,9.9448,57.80753,0.1232985,0.1280032,0.0505792,0.119383,1,1.342266,0.03308857,1.581207,0.03433622,1.409045,0.0320494,0.3100557,-0.3381152,1,1,0,0
1679,57.98591,69.26147,9.964934,57.63844,7.403326e-13,0.1280032,0.0505792,0.09970211,1,1.411817,2.008548e-13,1.57708,0.03433622,1.406411,0.02681466,0.3143539,-0.3401067,1,1,0,0
1680,56.82634,68.89248,9.984665,57.41457,0.08602243,0.1282366,0.05060906,0.0996996,1,1.393697,0.02316491,1.571961,0.0343981,1.402918,0.02681399,0.3179031,-0.3384184,1,1,0,0
1681,54.59815,68.59412,10.00362,57.4422,0.1839397,0.1265194,0.05067293,0.1202175,1,1.358225,0.0490881,1.567809,0.03394286,1.403349,0.03227093,0.3179455,-0.3379735,1,1,0,0
1682,54.77296,68.29769,10.02264,57.02322,6.533412e-13,0.1265194,0.05067293,0.08920154,1,1.36104,1.774698e-13,1.563671,0.03394286,1.396789,0.02401392,0.3182689,-0.3363789,1,1,0,0
1683,54.77296,67.98281,10.04166,56.7057,0.2108089,0.1288618,0.05074613,0.1064898,1,1.36104,0.0561209,1.559263,0.0345638,1.391798,0.02862221,0.3169901,-0.3399309,1,1,0,0
1684,53.52774,67.63486,10.06025,56.59299,0.1093559,0.127589,0.0507841,0.1061557,1,1.340869,0.02938476,1.554377,0.03422644,1.390023,0.02853329,0.3158978,-0.3402474,1,1,0,0
1685,53.61339,67.3433,10.07886,55.99095,0.1631399,0.1274381,0.05084075,0.1251392,1,1.342266,0.04362026,1.550269,0.03418642,1.3805,0.03357686,0.3164554,-0.3401653,1,1,0,0
1686,57.98591,67.10032,10.099,56.06613,0.2972603,0.130741,0.05094396,0.149301,1,1.411817,0.07851907,1.546837,0.03506177,1.381692,0.03997079,0.3164587,-0.3424621,1,1,0,0
1687,56.87181,66.8265,10.11874,56.25272,0.06001581,0.1280478,0.0509648,0.1345252,1,1.394412,0.01620075,1.542959,0.03434804,1.384648,0.03606404,0.3184702,-0.340341,1,1,0,0
1688,53.52774,66.51624,10.13733,56.02512,5.088226e-13,0.1265637,0.0509648,0.1327952,1,1.340869,1.380677e-13,1.538553,0.03395459,1.381042,0.03560592,0.3183205,-0.3424699,1,1,0,0
1689,53.52774,66.22372,10.15591,55.78357,0.08264944,0.126108,0.0509935,0.1184381,1,1.340869,0.02226357,1.534387,0.03383377,1.377205,0.03179851,0.3184029,-0.3426983,1,1,0,0
1690,53.52774,65.94826,10.1745,55.71905,0.105068,0.1258496,0.05102998,0.1191291,1,1.340869,0.02824377,1.530452,0.03376523,1.376178,0.03198199,0.3227385,-0.3425469,1,1,0,0
1691,52.45733,65.62611,10.19271,55.5018,0.398519,0.1292421,0.05116836,0.1489585,1,1.323302,0.1043189,1.525837,0.03466461,1.372716,0.03988036,0.3219361,-0.3415391,1,1,0,0
1692,54.77296,65.34743,10.21173,55.05544,0.07629505,0.1293073,0.05119485,0.1245605,1,1.36104,0.020564,1.521833,0.03468188,1.365576,0.03342335,0.3226594,-0.3435841,1,1,0,0
1693,55.71225,65.06072,10.23108,54.87505,0.3304651,0.1287303,0.05130959,0.1555313,1,1.37607,0.08703031,1.517701,0.03452896,1.362681,0.04161493,0.3251485,-0.3453639,1,1,0,0
1694,55.71225,64.82727,10.25042,55.10539,0.07330348,0.1270053,0.05133504,0.1620966,1,1.37607,0.01976317,1.514328,0.0340717,1.366377,0.04334547,0.3189394,-0.341722,1,1,0,0
1695,52.4993,64.54038,10.26865,54.90386,0.105068,0.1258742,0.05137153,0.1647196,1,1.323995,0.02824377,1.510173,0.03377176,1.363144,0.04403627,0.3208632,-0.345858,1,1,0,0
1696,57.98591,64.27965,10.28879,55.35897,0.1839397,0.1268826,0.05143539,0.1724351,1,1.411817,0.0490881,1.506386,0.03403914,1.370435,0.04606635,0.3201048,-0.3424856,1,1,0,0
1697,52.4993,64.04393,10.30701,55.28978,0.1732851,0.1272003,0.05149556,0.1484162,1,1.323995,0.04628981,1.502953,0.03412337,1.369329,0.03973715,0.3171452,-0.3415183,1,1,0,0
1698,50.44077,63.73416,10.32453,54.68489,0.1283304,0.1286261,0.05154012,0.1541979,1,1.289615,0.03442296,1.49843,0.03450135,1.359622,0.04126322,0.321235,-0.344374,1,1,0,0
1699,54.59815,63.48833,10.34349,54.50847,0.08264944,0.1286967,0.05156882,0.1236559,1,1.358225,0.02226357,1.494831,0.03452006,1.356779,0.0331834,0.3242007,-0.3466319,1,1,0,0
1700,51.51118,63.15567,10.36137,53.93004,0.1839397,0.1307405,0.05163269,0.1370368,1,1.307594,0.0490881,1.489945,0.03506165,1.347417,0.03672886,0.3258719,-0.3413635,1,1,0,0
1701,49.41233,62.83517,10.37853,53.46549,2.960217e-13,0.1294759,0.05163269,0.1253626,1,1.272127,8.040601e-14,1.485223,0.03472655,1.339853,0.03363609,0.3241228,-0.3475173,1,1,0,0
1702,51.67591,62.53913,10.39647,52.68086,2.839409e-13,0.1283084,0.05163269,0.1049248,1,1.310341,7.720258e-14,1.480847,0.03441714,1.326988,0.02820565,0.3240934,-0.3493196,1,1,0,0
1703,52.4993,62.26998,10.4147,52.60701,0.198255,0.1276967,0.05170153,0.1080155,1,1.323995,0.05283929,1.476857,0.03425499,1.325772,0.02902816,0.3207561,-0.3463187,1,1,0,0
1704,54.64183,62.02463,10.43367,53.03664,0.3583765,0.129866,0.05182596,0.1365633,1,1.358929,0.09414608,1.473211,0.03482994,1.332836,0.03660354,0.3270095,-0.347681,1,1,0,0
1705,50.40044,61.78197,10.45117,52.53548,0.267349,0.1328366,0.05191879,0.160056,1,1.288933,0.07080883,1.469595,0.03561689,1.324592,0.04280781,0.325184,-0.3476852,1,1,0,0
1706,51.42889,61.53435,10.46903,52.45348,2.403508e-13,0.130245,0.05191879,0.1366382,1,1.30622,6.53499e-14,1.465895,0.03493035,1.323239,0.03662336,0.3298897,-0.344015,1,1,0,0
1707,49.41233,61.2807,10.48619,52.3711,0.1505971,0.1312514,0.05197108,0.1541968,1,1.272127,0.04031298,1.462096,0.035197,1.321878,0.04126292,0.3237363,-0.3500474,1,1,0,0
1708,52.4993,61.02793,10.50442,52.45021,0.1835977,0.1318655,0.05203483,0.1752665,1,1.323995,0.04899836,1.458301,0.03535968,1.323185,0.04681061,0.3291314,-0.3459843,1,1,0,0
1709,51.42889,60.81243,10.52227,52.25842,0.1335677,0.1319796,0.05208121,0.1695631,1,1.30622,0.03581049,1.455056,0.0353899,1.320014,0.045311,0.327258,-0.3510048,1,1,0,0
1710,50.40044,60.56912,10.53977,51.71576,2.034526e-13,0.1310973,0.05208121,0.1287877,1,1.288933,5.509893e-14,1.451385,0.03515617,1.311005,0.03454416,0.3258182,-0.3476997,1,1,0,0
1711,49.41233,60.32995,10.55693,51.54835,0.1283304,0.1315674,0.05212577,0.1127233,1,1.272127,0.03442296,1.447767,0.0352807,1.308215,0.03028016,0.3285384,-0.3458974,1,1,0,0
1712,48.42422,60.08106,10.57375,51.14395,0.06766764,0.1323192,0.05214926,0.1209938,1,1.255122,0.01825328,1.443992,0.03547986,1.301451,0.03247699,0.3248177,-0.3468926,1,1,0,0
1713,48.42422,59.81644,10.59056,50.96362,0.1992595,0.1322289,0.05221845,0.1262724,1,1.255122,0.05310214,1.439968,0.03545593,1.298425,0.03387735,0.327489,-0.3478671,1,1,0,0
1714,48.42422,59.56629,10.60737,50.45413,0.2957617,0.1313981,0.05232115,0.1408062,1,1.255122,0.07813377,1.436153,0.03523586,1.289841,0.03772605,0.3229502,-0.3509097,1,1,0,0
1715,50.40044,59.3551,10.62487,50.30416,0.261898,0.130817,0.05241208,0.1561625,1,1.288933,0.06939927,1.432925,0.03508191,1.287304,0.04178139,0.3253744,-0.3514851,1,1,0,0
1716,49.41233,59.08507,10.64203,50.0991,0.3462957,0.1338502,0.05253232,0.1951846,1,1.272127,0.09107048,1.428786,0.03588532,1.283828,0.05203554,0.3303005,-0.3530777,1,1,0,0
1717,49.41233,58.81505,10.65919,50.01622,0.0511421,0.1332511,0.05255008,0.1865095,1,1.272127,0.0138168,1.424636,0.03572666,1.282421,0.04976221,0.3312085,-0.3505635,1,1,0,0
1718,47.47484,58.55561,10.67567,49.84348,0.08953307,0.1336776,0.05258117,0.1899338,1,1.238593,0.02410243,1.420637,0.03583961,1.279484,0.05065999,0.3257633,-0.3504386,1,1,0,0
1719,44.8443,58.28206,10.69124,49.34923,0.1910905,0.1328715,0.05264752,0.1902311,1,1.19178,0.0509631,1.416409,0.03562612,1.271047,0.05073789,0.3292601,-0.3527471,1,1,0,0
1720,47.47484,58.00625,10.70773,49.17649,0.1093559,0.1312752,0.05268549,0.169567,1,1.238593,0.02938476,1.412133,0.0352033,1.268086,0.04531201,0.3255254,-0.3566702,1,1,0,0
1721,47.47484,57.73043,10.72421,48.79606,0.1283304,0.1321096,0.05273005,0.151724,1,1.238593,0.03442296,1.407845,0.03542434,1.261545,0.04061043,0.3311279,-0.3525121,1,1,0,0
1722,45.61333,57.41689,10.74005,48.27218,0.3771892,0.1352229,0.05286102,0.1584999,1,1.205624,0.09892249,1.402954,0.03624876,1.252488,0.04239767,0.3308034,-0.3541238,1,1,0,0
1723,46.52547,57.16264,10.7562,47.84934,0.2217574,0.1360792,0.05293802,0.1762493,1,1.221873,0.0589768,1.398976,0.03647542,1.245136,0.04706886,0.3285345,-0.3557876,1,1,0,0
1724,48.46296,56.9293,10.77303,47.87858,0.1390187,0.1364565,0.05298629,0.1824779,1,1.255793,0.03725323,1.395315,0.03657527,1.245646,0.04870448,0.3298206,-0.3526182,1,1,0,0
1725,48.42422,56.69615,10.78985,48.23107,0.07330348,0.1372709,0.05301174,0.1690375,1,1.255122,0.01976317,1.391648,0.03679081,1.251775,0.04517272,0.3291981,-0.3551713,1,1,0,0
1726,45.61333,56.49106,10.80568,47.88676,0.1283304,0.1370235,0.0530563,0.1705279,1,1.205624,0.03442296,1.388415,0.03672534,1.245788,0.04556478,0.3313386,-0.3573501,1,1,0,0
1727,48.42422,56.25791,10.8225,47.94697,0.2750591,0.1371176,0.05315181,0.1879619,1,1.255122,0.0728002,1.38473,0.03675025,1.246837,0.05014305,0.3288152,-0.3510825,1,1,0,0
1728,45.61333,56.02376,10.83834,47.89333,0.2209872,0.1373591,0.05322854,0.1716356,1,1.205624,0.05877606,1.38102,0.03681413,1.245903,0.04585611,0.33016,-0.3526195,1,1,0,0
1729,46.05186,55.82297,10.85433,47.74575,0.07629505,0.1351506,0.05325503,0.1554025,1,1.213459,0.020564,1.377831,0.0362296,1.243329,0.04158097,0.3314922,-0.353364,1,1,0,0
1730,45.61333,55.60336,10.87016,47.36359,0.1839397,0.1371943,0.0533189,0.1603937,1,1.205624,0.0490881,1.374335,0.03677054,1.236644,0.04289681,0.3335288,-0.3557813,1,1,0,0
1731,45.83242,55.37165,10.88608,47.03584,0.207997,0.1373061,0.05339112,0.1776708,1,1.209543,0.0553865,1.370638,0.03680012,1.230886,0.04744231,0.3283409,-0.3579291,1,1,0,0
1732,43.89493,55.13177,10.90132,46.75845,0.2338332,0.1382966,0.05347231,0.1919914,1,1.174505,0.06212019,1.3668,0.0370622,1.225994,0.05119918,0.3292151,-0.353448,1,1,0,0
1733,46.52547,54.90717,10.91747,46.4811,0.06246511,0.1383499,0.053494,0.1668611,1,1.221873,0.01685807,1.363197,0.03707632,1.221087,0.04460002,0.3308107,-0.3584518,1,1,0,0
1734,46.52547,54.68257,10.93363,46.49227,0.2338332,0.1387048,0.05357519,0.1669046,1,1.221873,0.06212019,1.359585,0.0371702,1.221285,0.04461147,0.3301331,-0.3569633,1,1,0,0
1735,45.61333,54.50484,10.94947,46.39036,0.08602243,0.1380529,0.05360506,0.1659707,1,1.205624,0.02316491,1.35672,0.03699773,1.219477,0.04436565,0.3316405,-0.3602119,1,1,0,0
1736,42.10641,54.21661,10.96409,45.89712,0.08602243,0.137744,0.05363493,0.1560468,1,1.141388,0.02316491,1.352063,0.03691601,1.210699,0.0417509,0.3342935,-0.3603494,1,1,0,0
1737,42.10641,53.94291,10.97871,45.40194,0.1232985,0.137744,0.05367774,0.1463326,1,1.141388,0.03308857,1.347626,0.03691601,1.201832,0.03918678,0.3336793,-0.3564485,1,1,0,0
1738,43.89493,53.7042,10.99395,45.30633,0.3481895,0.1416128,0.05379864,0.1608676,1,1.174505,0.09155306,1.343745,0.03793934,1.200113,0.04302168,0.3337397,-0.3562669,1,0,0,0
1739,42.10641,53.48751,11.00857,44.71174,6.07702e-14,0.1407983,0.05379864,0.152443,1,1.141388,1.633747e-14,1.340213,0.03772396,1.189381,0.04080018,0.3322527,-0.3565626,1,0,0,0
1740,45.61333,53.26789,11.02441,44.5572,0.2162171,0.1426325,0.05387372,0.152888,1,1.205624,0.05753233,1.336624,0.03820894,1.186578,0.04091762,0.3402803,-0.3591875,1,0,0,0
1741,43.82481,53.05689,11.03962,44.2964,0.07629505,0.1415166,0.05390021,0.151229,1,1.173221,0.020564,1.333168,0.03791389,1.181836,0.04047979,0.3399704,-0.3592604,1,0,0,0
1742,45.61333,52.89312,11.05546,44.65482,0.2467943,0.1430437,0.0539859,0.1710829,1,1.205624,0.06548642,1.33048,0.03831763,1.188349,0.04571075,0.3385776,-0.3594923,1,0,0,0
1743,45.61333,52.70199,11.0713,45.01325,0.259953,0.145932,0.05407616,0.1869411,1,1.205624,0.06889599,1.327336,0.03908096,1.194833,0.04987539,0.3375692,-0.3624649,1,0,0,0
1744,44.73695,52.50111,11.08683,45.06583,0.1767273,0.1478957,0.05413753,0.1665671,1,1.189837,0.04719446,1.324025,0.03959968,1.195782,0.04452264,0.3329445,-0.3614125,1,0,0,0
1745,42.94843,52.26641,11.10175,45.07659,0.105068,0.1481073,0.05417401,0.1764988,1,1.157074,0.02824377,1.320146,0.03965557,1.195976,0.04713442,0.3405088,-0.360755,1,0,0,0
1746,45.61333,52.07528,11.11758,45.03438,4.53964e-14,0.1454953,0.05417401,0.148627,1,1.205624,1.217302e-14,1.31698,0.03896556,1.195214,0.03979281,0.3347461,-0.362055,1,0,0,0
1747,45.61333,51.88414,11.13342,45.19089,4.354375e-14,0.143822,0.05417401,0.1395815,1,1.205624,1.185268e-14,1.313807,0.03852336,1.198036,0.03740212,0.3388918,-0.3594088,1,0,0,0
1748,39.77333,51.64208,11.14723,44.45643,0.1992595,0.1443059,0.0542432,0.135519,1,1.097012,0.05310214,1.309778,0.03865127,1.184747,0.03632713,0.3407943,-0.3623273,1,0,0,0
1749,39.67812,51.385,11.16101,43.73956,4.006218e-14,0.1432705,0.0542432,0.1045121,1,1.095171,1.089165e-14,1.305486,0.0383776,1.171658,0.02809578,0.3391538,-0.3637567,1,0,0,0
1750,42.10641,51.19357,11.17563,43.38763,0.08953307,0.1442653,0.05427428,0.09460362,1,1.141388,0.02410243,1.302283,0.03864054,1.165189,0.02545545,0.3380283,-0.3639635,1,0,0,0
1751,41.29741,50.98078,11.18997,43.13555,0.05322925,0.1441049,0.05429277,0.0880093,1,1.126154,0.01437787,1.298713,0.03859814,1.160537,0.02369558,0.3391858,-0.3638819,1,0,0,0
1752,42.94843,50.76003,11.20488,42.80984,0.07629505,0.1442586,0.05431926,0.09314326,1,1.157074,0.020564,1.295001,0.03863875,1.154504,0.0250659,0.3411153,-0.3647503,1,0,0,0
1753,42.10641,50.5573,11.2195,42.37108,3.391191e-14,0.1415076,0.05431926,0.09067929,1,1.141388,9.289937e-15,1.291583,0.03791152,1.146337,0.02440839,0.3389028,-0.3643221,1,0,0,0
1754,39.64639,50.36641,11.23327,42.25901,0.1992595,0.1413277,0.05438844,0.09134863,1,1.094558,0.05310214,1.288357,0.03786394,1.144243,0.02458704,0.342162,-0.3605345,1,0,0,0
1755,42.98279,50.17342,11.24819,42.56574,3.120046e-14,0.1402923,0.05438844,0.09053414,1,1.15771,8.328909e-15,1.285089,0.03759012,1.149966,0.02436966,0.3374458,-0.3662784,1,0,0,0
1756,40.45539,49.93838,11.26224,42.32498,2.992715e-14,0.1372005,0.05438844,0.07916013,1,1.110126,8.008566e-15,1.281098,0.03677217,1.145476,0.02133055,0.337705,-0.3646038,1,0,0,0
1757,42.98279,49.7588,11.27716,42.45178,0.1178667,0.1375918,0.05442937,0.08459549,1,1.15771,0.03164675,1.278042,0.03687572,1.147842,0.02278366,0.33676,-0.3662846,1,0,0,0
1758,41.29741,49.53367,11.2915,42.22038,0.05540158,0.1367815,0.05444861,0.08043415,1,1.126154,0.01496161,1.274201,0.03666128,1.143521,0.02167129,0.3389847,-0.3646333,1,0,0,0
1759,41.29741,49.33325,11.30584,42.07767,2.641062e-14,0.1328562,0.05444861,0.07958643,1,1.126154,7.047538e-15,1.270773,0.03562209,1.140849,0.02144457,0.3447102,-0.3676772,1,0,0,0
1760,42.10641,49.11711,11.32046,42.31204,0.1888931,0.1339992,0.05451419,0.07848964,1,1.141388,0.05038719,1.267067,0.03592477,1.145234,0.0211512,0.3430879,-0.3677583,1,0,0,0
1761,42.10641,48.91437,11.33508,42.17326,0.06766764,0.1347511,0.05453769,0.08444905,1,1.141388,0.01825328,1.263582,0.03612384,1.142639,0.02274453,0.3397967,-0.3671815,1,0,0,0
1762,43.08593,48.73541,11.35004,42.45656,0.1283304,0.136177,0.05458225,0.09753573,1,1.159619,0.03442296,1.260499,0.0365013,1.147931,0.02623728,0.3441105,-0.3651701,1,0,0,0
1763,38.86912,48.51012,11.36354,41.91441,0.1335677,0.1357744,0.05462863,0.1000703,1,1.079439,0.03581049,1.256608,0.03639474,1.137787,0.02691277,0.3387994,-0.3680115,1,0,0,0
1764,40.45539,48.31533,11.37759,41.75341,0.1138188,0.1360443,0.05466815,0.1052276,1,1.110126,0.03057136,1.253236,0.03646617,1.13476,0.02828626,0.3482026,-0.3685833,1,0,0,0
1765,42.30866,48.19068,11.39228,41.82905,2.056861e-14,0.1360443,0.05466815,0.1042718,1,1.145171,5.445825e-15,1.251074,0.03646617,1.136183,0.02803181,0.3407852,-0.3692606,1,0,0,0
1766,40.45539,47.99589,11.40632,41.62726,0.1009483,0.1341858,0.0547032,0.09466601,1,1.110126,0.02714667,1.247688,0.03597418,1.132385,0.0254721,0.3461537,-0.3679446,1,0,0,0
1767,38.12231,47.78807,11.41956,41.14031,0.07042921,0.1341206,0.05472765,0.09438542,1,1.064763,0.01899333,1.244068,0.03595692,1.123177,0.02539726,0.3433407,-0.3689403,1,0,0,0
1768,41.56185,47.65416,11.43399,40.94505,1.815174e-14,0.1327507,0.05472765,0.07625771,1,1.131151,4.80514e-15,1.24173,0.03559413,1.119469,0.02055401,0.3469738,-0.368793,1,0,0,0
1769,38.86912,47.44176,11.44749,40.90908,0.06766764,0.1335025,0.05475115,0.06968735,1,1.079439,0.01825328,1.238014,0.03579324,1.118785,0.01879456,0.3476983,-0.3684909,1,0,0,0
1770,41.26439,47.26884,11.46182,40.95065,0.1502193,0.1342158,0.05480331,0.07299854,1,1.125529,0.04021324,1.234982,0.03598212,1.119575,0.01968152,0.3454298,-0.3693973,1,0,0,0
1771,37.34504,47.07714,11.47478,40.32713,0.06766764,0.1329239,0.0548268,0.0804213,1,1.049327,0.01825328,1.231613,0.03564001,1.107669,0.02166785,0.3431275,-0.3678284,1,0,0,0
1772,36.59823,46.8752,11.48749,39.79839,0.1232985,0.1342939,0.05486962,0.08153249,1,1.03434,0.03308857,1.228055,0.03600279,1.097496,0.02196497,0.3455329,-0.3713238,1,0,0,0
1773,36.71541,46.67456,11.50024,39.5432,0.2682079,0.1349317,0.05496274,0.1035996,1,1.036702,0.0710308,1.224512,0.03617164,1.09256,0.02785283,0.3466112,-0.3711087,1,0,0,0
1774,41.39651,46.53977,11.51461,39.48772,0.09699002,0.1347943,0.05499642,0.1134903,1,1.128029,0.0260918,1.222126,0.03613527,1.091484,0.03048404,0.3495911,-0.3696681,1,0,0,0
1775,38.93131,46.37664,11.52813,39.44999,0.2433761,0.1356858,0.05508093,0.1345502,1,1.080655,0.06459942,1.219234,0.03637128,1.090752,0.03607066,0.3478077,-0.3691592,1,0,0,0
1776,42.10641,46.2002,11.54275,39.50459,1.300629e-14,0.1323829,0.05508093,0.1178592,1,1.141388,3.523769e-15,1.216099,0.03549672,1.091811,0.03164477,0.3494823,-0.3716759,1,0,0,0
1777,37.34504,45.98323,11.55572,39.41272,0.07042921,0.1324986,0.05510538,0.1189486,1,1.049327,0.01899333,1.212235,0.03552737,1.090029,0.03193405,0.346879,-0.3703828,1,0,0,0
1778,38.2138,45.81308,11.56899,39.57489,0.1390187,0.1340432,0.05515365,0.1200259,1,1.066569,0.03725323,1.209198,0.03593643,1.093174,0.03222008,0.3450957,-0.3710402,1,0,0,0
1779,36.71541,45.62628,11.58174,39.54198,0.2343899,0.1357292,0.05523504,0.1188727,1,1.036702,0.06226493,1.205856,0.03638278,1.092536,0.03191391,0.3463237,-0.3724267,1,0,0,0
1780,40.45539,45.48103,11.59578,39.41906,1.100958e-14,0.1345618,0.05523504,0.1071012,1,1.110126,2.883084e-15,1.203251,0.03607373,1.090152,0.02878491,0.346782,-0.3716349,1,0,0,0
1781,35.88072,45.29684,11.60824,39.01992,0.2012353,0.1323698,0.05530491,0.1040634,1,1.019792,0.05361902,1.199943,0.03549325,1.082385,0.02797632,0.344665,-0.3726381,1,0,0,0
1782,39.67812,45.12912,11.62202,38.71377,0.2020581,0.1337671,0.05537507,0.1279117,1,1.095171,0.0538342,1.196923,0.03586332,1.076399,0.03431197,0.3506428,-0.3758209,1,0,0,0
1783,36.62752,44.91707,11.63474,38.57317,0.4073017,0.1346209,0.05551649,0.1698675,1,1.034931,0.1065351,1.193096,0.03608937,1.073641,0.04539109,0.3528051,-0.3748005,1,0,0,0
1784,36.62752,44.70502,11.64745,38.36338,0.06501436,0.1345288,0.05553907,0.1601532,1,1.034931,0.01754189,1.189259,0.03606499,1.069517,0.04283343,0.3535078,-0.3739065,1,0,0,0
1785,35.19133,44.51271,11.65967,38.10746,0.07042921,0.1341439,0.05556352,0.1427179,1,1.005675,0.01899333,1.18577,0.03596308,1.06447,0.03823152,0.3490535,-0.3742834,1,0,0,0
1786,37.34504,44.28336,11.67264,37.72731,0.1283304,0.133526,0.05560808,0.1584027,1,1.049327,0.03442296,1.181598,0.03579947,1.056939,0.04237206,0.3558463,-0.377288,1,0,0,0
1787,35.93813,44.09935,11.68512,37.65541,0.0511421,0.1321689,0.05562584,0.1409843,1,1.020962,0.0138168,1.178242,0.03544004,1.055511,0.03777315,0.3510452,-0.3767651,1,0,0,0
1788,37.52441,43.95584,11.69815,37.37419,7.888712e-15,0.130743,0.05562584,0.1179179,1,1.052904,2.242399e-15,1.17562,0.03506231,1.049909,0.03166035,0.3544676,-0.3769889,1,0,0,0
1789,34.52898,43.73284,11.71014,37.06582,0.2769587,0.132902,0.05572201,0.1065126,1,0.99198,0.07329042,1.171535,0.03563421,1.043742,0.02862828,0.3567418,-0.3796124,1,0,0,0
1790,35.88072,43.55917,11.7226,36.91366,0.2274603,0.1333855,0.05580099,0.1249907,1,1.019792,0.06046215,1.168346,0.03576227,1.040689,0.03353747,0.3522448,-0.3741384,1,0,0,0
1791,33.78443,43.38553,11.73433,36.66487,0.2708552,0.136395,0.05589503,0.1495179,1,0.9764287,0.07171474,1.16515,0.03655901,1.035684,0.04002807,0.3529633,-0.3764443,1,0,0,0
1792,36.62752,43.21833,11.74704,36.51339,0.1335677,0.1378791,0.05594141,0.150158,1,1.034931,0.03581049,1.162066,0.03695175,1.032627,0.04019707,0.3486196,-0.3768532,1,0,0,0
1793,38.12231,43.05858,11.76028,36.74778,0.09699002,0.136754,0.05597509,0.1548458,1,1.064763,0.0260918,1.159113,0.036654,1.037354,0.04143413,0.3536291,-0.3742764,1,0,0,0
1794,35.19133,42.84246,11.7725,36.43006,0.1839397,0.1348158,0.05603896,0.1760627,1,1.005675,0.0490881,1.155109,0.03614097,1.030943,0.04701983,0.3541286,-0.380128,1,0,0,0
1795,37.4048,42.69807,11.78549,36.69511,0.1646577,0.1336748,0.05609613,0.1654143,1,1.05052,0.04401995,1.152428,0.03583885,1.036293,0.04421917,0.3526586,-0.3770615,1,0,0,0
1796,34.47381,42.50968,11.79746,36.47232,0.1184639,0.134991,0.05613726,0.1534982,1,0.9908335,0.03180535,1.148921,0.03618736,1.031798,0.04107862,0.3535022,-0.3799823,1,0,0,0
1797,34.52898,42.34431,11.80945,36.51512,0.06766764,0.1340696,0.05616076,0.1308911,1,0.99198,0.01825328,1.145837,0.0359434,1.032662,0.03510156,0.3555155,-0.3771829,1,0,0,0
1798,31.82334,42.11457,11.8205,35.87312,5.200559e-15,0.1320296,0.05616076,0.1160503,1,0.9346471,1.281371e-15,1.141541,0.03540315,1.019637,0.03116429,0.3526309,-0.3783158,1,0,0,0
1799,33.8926,41.91973,11.83227,35.34786,0.1914464,0.1326727,0.05622723,0.1279208,1,0.9786984,0.05105638,1.137887,0.03557349,1.008892,0.03431438,0.359493,-0.3802278,1,0,0,0
1800,32.48569,41.72067,11.84355,34.94969,0.2499301,0.1354497,0.05631401,0.1363609,1,0.9488945,0.06629967,1.134144,0.03630879,1.000694,0.03654998,0.358002,-0.3830028,1,0,0,0
1801,37.34504,41.58659,11.85651,34.94305,4.589477e-15,0.1340238,0.05631401,0.1173138,1,1.049327,1.281371e-15,1.131618,0.03593128,1.000557,0.03149991,0.3512747,-0.3794146,1,0,0,0
1802,36.62752,41.45552,11.86923,35.18267,0.2836166,0.1364233,0.05641249,0.1374454,1,1.034931,0.07500724,1.129144,0.03656648,1.005497,0.03683698,0.3548008,-0.3807284,1,0,0,0
1803,34.52898,41.30113,11.88122,35.15838,4.222523e-15,0.1342093,0.05641249,0.1269467,1,0.99198,1.281371e-15,1.126225,0.03598038,1.004997,0.03405614,0.3582847,-0.3821806,1,0,0,0
1804,33.78443,41.13846,11.89295,35.2917,4.0502e-15,0.130923,0.05641249,0.125869,1,0.9764287,9.610279e-16,1.123142,0.03511,1.007739,0.03377039,0.3608937,-0.3800026,1,0,0,0
1805,32.45972,40.93912,11.90422,35.06059,0.4232467,0.1327158,0.05655945,0.1536232,1,0.9483385,0.1105498,1.119356,0.03558489,1.002982,0.04111158,0.358258,-0.3811645,1,0,0,0
1806,32.48569,40.75105,11.9155,34.95369,0.2338332,0.1314662,0.05664064,0.1544328,1,0.9488945,0.06212019,1.115775,0.0352539,1.000776,0.04132517,0.3582289,-0.3836151,1,0,0,0
1807,31.82334,40.55561,11.92655,34.27882,0.07629505,0.1317457,0.05666713,0.1629752,1,0.9346471,0.020564,1.112044,0.03532794,0.9867736,0.04357687,0.3600255,-0.3836342,1,0,0,0
1808,29.9641,40.36105,11.93695,33.44677,0.2158553,0.1331493,0.05674208,0.1562999,1,0.8938858,0.05743794,1.10832,0.03569969,0.9693205,0.04181762,0.3582757,-0.3833323,1,0,0,0
1809,33.78443,40.23816,11.94869,33.33148,0.05766256,0.1316667,0.05676211,0.1607432,1,0.9764287,0.01556892,1.105963,0.03530702,0.9668854,0.04298888,0.3557664,-0.3811806,1,0,0,0
1810,33.12208,40.07869,11.96019,33.1764,3.154299e-15,0.1304517,0.05676211,0.1607432,1,0.962452,9.610279e-16,1.102898,0.03498512,0.9636035,0.04298888,0.3608973,-0.3832832,1,0,0,0
1811,33.28117,39.92098,11.97174,33.23879,3.02557e-15,0.1290258,0.05676211,0.1114798,1,0.9658215,9.610279e-16,1.099861,0.03460727,0.9649247,0.02994958,0.3580727,-0.3827551,1,0,0,0
1812,35.1632,39.80487,11.98395,33.48612,0.1631399,0.1266474,0.05681875,0.1031926,1,1.005096,0.04362026,1.097621,0.0339768,0.9701508,0.02774444,0.3583892,-0.3827887,1,0,0,0
1813,35.88072,39.68659,11.99641,33.92865,2.783659e-15,0.1241835,0.05681875,0.09018978,1,1.019792,6.406853e-16,1.095335,0.03332335,0.9794541,0.02427774,0.3572458,-0.3846259,1,0,0,0
1814,31.82334,39.50171,12.00746,34.08185,2.670056e-15,0.1226388,0.05681875,0.06548348,1,0.9346471,6.406853e-16,1.091755,0.03291355,0.982661,0.0176677,0.354553,-0.3844157,1,0,0,0
1815,35.19133,39.35468,12.01968,34.23817,2.56109e-15,0.1218243,0.05681875,0.05829398,1,1.005675,6.406853e-16,1.088902,0.03269742,0.9859259,0.01573848,0.3606505,-0.387948,1,0,0,0
1816,34.47381,39.2309,12.03165,34.35646,0.1567431,0.12214,0.05687318,0.07602557,1,0.9908335,0.0419345,1.086496,0.03278119,0.9883916,0.02049188,0.3609881,-0.3833481,1,0,0,0
1817,31.82334,39.04645,12.0427,34.14876,0.2433761,0.121788,0.05695768,0.1052033,1,0.9346471,0.06459942,1.082903,0.03268778,0.9840595,0.02827978,0.3598507,-0.3862112,1,0,0,0
1818,30.06004,38.87364,12.05314,33.49881,2.260154e-15,0.1193326,0.05695768,0.08707664,1,0.8960175,6.406853e-16,1.079528,0.03203601,0.9704182,0.0234465,0.3685459,-0.3840503,1,0,0,0
1819,31.28681,38.70958,12.064,32.95235,0.1835977,0.1205248,0.05702143,0.106439,1,0.9230022,0.04899836,1.076317,0.03235251,0.9588485,0.02860869,0.3619199,-0.3862328,1,0,0,0
1820,33.12208,38.57079,12.0755,33.066,2.079442e-15,0.1184811,0.05702143,0.1039117,1,0.962452,6.406853e-16,1.073594,0.03180991,0.9612625,0.02793593,0.3627594,-0.3856612,1,0,0,0
1821,33.78443,38.43692,12.08723,32.90968,0.1788332,0.118157,0.05708353,0.1227596,1,0.9764287,0.04774762,1.070964,0.03172386,0.9579412,0.0329456,0.3633866,-0.3902908,1,0,0,0
1822,31.97619,38.30449,12.09833,32.58048,0.08264944,0.1164772,0.05711222,0.1139612,1,0.9379476,0.02226357,1.068357,0.0312777,0.950922,0.0306092,0.3622492,-0.3885986,1,0,0,0
1823,28.81223,38.10768,12.10834,32.14247,0.1505971,0.1174564,0.05716451,0.1042481,1,0.8680423,0.04031298,1.064474,0.0315378,0.9415293,0.02802548,0.3628805,-0.3857983,1,0,0,0
1824,33.17508,37.95934,12.11986,32.46618,0.1232985,0.1162283,0.05720733,0.1172741,1,0.9635754,0.03308857,1.06154,0.03121158,0.9484769,0.03148938,0.363307,-0.3887377,1,0,0,0
1825,29.98807,37.78572,12.13027,32.23947,0.2533085,0.118087,0.05729528,0.1260048,1,0.8944188,0.06717533,1.058099,0.03170527,0.9436146,0.03380639,0.3620312,-0.385222,1,0,0,0
1826,32.87609,37.68317,12.14169,32.19439,1.619471e-15,0.1171312,0.05729528,0.1246885,1,0.9572267,3.203426e-16,1.056062,0.03145142,0.9426458,0.03345731,0.3670949,-0.3859954,1,0,0,0
1827,31.18696,37.56184,12.15251,31.86865,0.1335677,0.1172453,0.05734166,0.1203912,1,0.9208246,0.03581049,1.053649,0.03148173,0.9356261,0.03231705,0.3661736,-0.3846786,1,0,0,0
1828,33.12208,37.44214,12.16402,32.0104,0.263156,0.1163005,0.05743303,0.1433714,1,0.962452,0.06972468,1.051265,0.03123076,0.938685,0.03840427,0.3618778,-0.3878939,1,0,0,0
1829,30.72239,37.31565,12.17468,32.18741,0.0511421,0.1168687,0.05745079,0.130762,1,0.9106496,0.0138168,1.048741,0.0313817,0.9424958,0.03506733,0.3658777,-0.3900324,1,0,0,0
1830,30.57553,37.14856,12.1853,31.87735,0.05540158,0.1150819,0.05747003,0.1210564,1,0.9074181,0.01496161,1.0454,0.030907,0.9358141,0.03249362,0.3657938,-0.3878741,1,0,0,0
1831,31.28681,37.00925,12.19616,31.95434,0.08953307,0.115229,0.05750111,0.103854,1,0.9230022,0.02410243,1.042608,0.03094609,0.9374762,0.02792055,0.3655223,-0.3906367,1,0,0,0
1832,32.48569,36.86339,12.20744,31.86494,0.09318699,0.1135222,0.05753347,0.1120922,1,0.9488945,0.02507757,1.039679,0.03049253,0.9355462,0.03011239,0.3674448,-0.3908983,1,0,0,0
1833,28.88137,36.67748,12.21747,31.54601,0.09699002,0.1117115,0.05756715,0.1091057,1,0.8696067,0.0260918,1.035938,0.03001119,0.9286397,0.02931819,0.3656386,-0.3905355,1,0,0,0
1834,29.9641,36.51334,12.22787,31.15268,0.06246511,0.110442,0.05758884,0.08750075,1,0.8938858,0.01685807,1.032626,0.0296736,0.9200763,0.02355977,0.3738329,-0.3927915,1,0,0,0
1835,28.22477,36.34974,12.23768,30.82811,0.1481321,0.1109205,0.05764027,0.09522059,1,0.8546817,0.03966213,1.029318,0.02980085,0.9129714,0.02562,0.3700399,-0.390016,1,0,0,0
1836,31.87426,36.19708,12.24874,30.96562,1.067621e-15,0.1109205,0.05764027,0.08646671,1,0.9357475,3.203426e-16,1.026225,0.02980085,0.9159858,0.02328359,0.3691755,-0.3895586,1,0,0,0
1837,29.98807,36.02347,12.25915,30.80092,0.07330348,0.1117349,0.05766572,0.08463019,1,0.8944188,0.01976317,1.022698,0.03001741,0.9123747,0.02279294,0.3676872,-0.390714,1,0,0,0
1838,29.98807,35.91475,12.26957,30.52368,0.1224809,0.1108818,0.05770825,0.08684757,1,0.8944188,0.03287165,1.020485,0.02979058,0.9062754,0.02338532,0.36538,-0.3930348,1,0,0,0
1839,26.09644,35.76384,12.27863,30.12882,0.09318699,0.1119173,0.05774061,0.08681973,1,0.8052133,0.02507757,1.017408,0.03006588,0.8975439,0.02337788,0.3709061,-0.3912607,1,0,0,0
1840,26.91667,35.59506,12.28797,29.72127,9.037217e-16,0.1109224,0.05774061,0.07987916,1,0.8244792,3.203426e-16,1.013959,0.02980137,0.888476,0.02152287,0.3688636,-0.3924934,1,0,0,0
1841,28.22477,35.44981,12.29778,29.66509,0.06766764,0.1110829,0.05776411,0.07169053,1,0.8546817,0.01825328,1.010984,0.02984403,0.8872215,0.01933121,0.3705607,-0.3890369,1,0,0,0
1842,28.88137,35.29351,12.3078,29.26274,0.1390187,0.1117798,0.05781238,0.08686903,1,0.8696067,0.03725323,1.007776,0.03002934,0.8782053,0.02339105,0.3683689,-0.3939227,1,0,0,0
1843,26.05475,35.11516,12.31685,28.71653,7.975316e-16,0.1117798,0.05781238,0.0787242,1,0.8042272,3.203426e-16,1.004107,0.03002934,0.8658743,0.02121395,0.3719869,-0.3965778,1,0,0,0
1844,27.11806,34.97596,12.32627,28.34536,7.649839e-16,0.1095658,0.05781238,0.06511521,1,0.8291705,3.203426e-16,1.001236,0.02944058,0.8574343,0.01756894,0.3705086,-0.398125,1,0,0,0
1845,27.16146,34.80016,12.3357,28.37447,0.2440867,0.1122779,0.05789713,0.08459392,1,0.8301793,0.06478386,0.9976028,0.03016176,0.8580981,0.02278324,0.3730879,-0.3947952,1,0,0,0
1846,26.59704,34.64618,12.34493,28.25144,0.2399669,0.1149442,0.05798045,0.1121816,1,0.8170021,0.06371421,0.9944128,0.03087041,0.8552909,0.03013617,0.3705292,-0.3949008,1,0,0,0
1847,29.37665,34.495,12.35513,28.35224,0.1767273,0.1155982,0.05804181,0.1235588,1,0.8807635,0.04719446,0.991274,0.03104418,0.8575913,0.03315764,0.3783095,-0.3969806,1,0,0,0
1848,26.09644,34.3261,12.36419,27.99876,0.2856045,0.118156,0.05814098,0.1430195,1,0.8052133,0.07551946,0.9877592,0.03172358,0.8495084,0.03831125,0.3710626,-0.3943527,1,0,0,0
1849,25.53372,34.15095,12.37306,27.87695,0.1446921,0.1197637,0.05819122,0.1586641,1,0.7918456,0.03875333,0.9841052,0.03215046,0.8467124,0.04244097,0.3763699,-0.3917355,1,0,0,0
1850,25.53372,33.96681,12.38193,27.61659,0.08602243,0.1186207,0.05822109,0.169178,1,0.7918456,0.02316491,0.9802536,0.03184698,0.8407182,0.04520969,0.3743866,-0.3958584,1,0,0,0
1851,27.68248,33.80654,12.39154,27.60669,0.1992595,0.1200828,0.05829028,0.1644242,1,0.8422375,0.05310214,0.9768931,0.03223518,0.8404896,0.04395847,0.3758761,-0.3950248,1,0,0,0
1852,28.26994,33.64192,12.40135,27.75138,0.4592314,0.1237595,0.05844973,0.1929711,1,0.8557133,0.1195695,0.973433,0.03321087,0.8438246,0.05145583,0.3761255,-0.3985637,1,0,0,0
1853,26.05475,33.49954,12.4104,27.35165,0.2073915,0.1245797,0.05852174,0.1970093,1,0.8042272,0.05522832,0.9704337,0.03342846,0.8345926,0.05251325,0.3749528,-0.3946256,1,0,0,0
1854,26.17989,33.34092,12.41949,27.28319,0.1505971,0.1249884,0.05857404,0.1823118,1,0.8071854,0.04031298,0.967085,0.03353685,0.8330057,0.0486609,0.3745865,-0.401305,1,0,0,0
1855,29.37665,33.19723,12.42969,27.70339,0.06501436,0.1257108,0.05859661,0.1713665,1,0.8807635,0.01754189,0.9640448,0.03372843,0.8427193,0.04578535,0.3745723,-0.3991836,1,0,0,0
1856,24.09005,33.0154,12.43806,27.44536,4.639862e-16,0.1245891,0.05859661,0.1618085,1,0.7569729,0,0.9601882,0.03343095,0.8367622,0.04326956,0.3782594,-0.401024,1,0,0,0
1857,26.05475,32.88131,12.4471,27.20748,0.1335677,0.1252907,0.05864299,0.1545094,1,0.8042272,0.03581049,0.9573377,0.03361702,0.8312485,0.04134539,0.3762025,-0.400406,1,0,0,0
1858,26.59704,32.71504,12.45634,26.9491,0.2483746,0.1280504,0.05872923,0.1309166,1,0.8170021,0.06589632,0.9537951,0.03434874,0.8252356,0.03510831,0.3740896,-0.396126,1,0,0,0
1859,26.05475,32.57265,12.46538,26.89724,0.2209872,0.1297539,0.05880596,0.1343144,1,0.8042272,0.05877606,0.9507547,0.03480024,0.8240257,0.03600823,0.3747706,-0.3995936,1,0,0,0
1860,25.03313,32.39231,12.47408,26.70824,0.2724058,0.1311116,0.05890055,0.1502599,1,0.7798487,0.07211521,0.9468943,0.03515995,0.8196077,0.04022396,0.3824469,-0.4012377,1,0,0,0
1861,24.09005,32.24503,12.48244,26.04087,0.08953307,0.1313545,0.05893163,0.1529842,1,0.7569729,0.02410243,0.943734,0.03522431,0.8038988,0.04094299,0.3785624,-0.4015034,1,0,0,0
1862,28.22477,32.15199,12.49224,26.45294,0.07629505,0.1308323,0.05895812,0.1612737,1,0.8546817,0.020564,0.9417341,0.03508595,0.8136186,0.04312867,0.3753118,-0.4007066,1,0,0,0
1863,26.59704,32.03956,12.50148,26.48781,0.1184639,0.1291684,0.05899926,0.1598341,1,0.8170021,0.03180535,0.9393137,0.03464507,0.8144382,0.04274933,0.3778386,-0.4018552,1,0,0,0
1864,28.26994,31.89371,12.51129,26.65487,3.324606e-16,0.1280908,0.05899926,0.1315429,1,0.8557133,0,0.9361676,0.03435944,0.8183578,0.03527422,0.3774549,-0.4022977,1,0,0,0
1865,23.21948,31.71914,12.51935,26.28422,0.1184639,0.1267028,0.05904039,0.1198218,1,0.735529,0.03180535,0.9323928,0.03399149,0.8096468,0.03216588,0.3824978,-0.3982166,1,0,0,0
1866,24.61108,31.52475,12.5279,26.15663,0.3334704,0.1304081,0.05915618,0.130312,1,0.769656,0.08779818,0.928178,0.03497357,0.8066359,0.0349481,0.3735649,-0.401255,1,0,0,0
1867,26.66086,31.40603,12.53716,26.4053,0.1283304,0.1310514,0.05920074,0.1352342,1,0.8184982,0.03442296,0.925598,0.03514402,0.8124983,0.03625173,0.3784368,-0.401484,1,0,0,0
1868,27.11806,31.28275,12.54657,26.25045,2.814218e-16,0.1295068,0.05920074,0.1253961,1,0.8291705,0,0.9229136,0.03473474,0.8088504,0.03364497,0.3788704,-0.3981033,1,0,0,0
1869,27.68248,31.18238,12.55618,26.38868,0.1914464,0.1290296,0.05926721,0.134597,1,0.8422375,0.05105638,0.9207246,0.03460829,0.812107,0.03608304,0.3791877,-0.401082,1,0,0,0
1870,26.05475,31.02237,12.56523,26.13297,2.589206e-16,0.1290296,0.05926721,0.134597,1,0.8042272,0,0.917228,0.03460829,0.8060768,0.03608304,0.3826618,-0.4008134,1,0,0,0
1871,25.03313,30.90184,12.57392,26.29902,0.08602243,0.1277495,0.05929708,0.1311963,1,0.7798487,0.02316491,0.9145885,0.03426897,0.8099956,0.03518241,0.3855118,-0.4015124,1,0,0,0
1872,24.70938,30.73553,12.5825,26.26359,0.1335677,0.1269885,0.05934346,0.1089243,1,0.7720364,0.03581049,0.9109383,0.03406722,0.8091603,0.02926996,0.3845265,-0.4065465,1,0,0,0
1873,24.43736,30.60008,12.59099,25.99856,0.1009483,0.1235845,0.05937851,0.1070035,1,0.7654398,0.02714667,0.9079587,0.03316447,0.802897,0.02875891,0.3845392,-0.4065852,1,0,0,0
1874,22.71889,30.44554,12.59888,25.46088,2.191716e-16,0.1228622,0.05937851,0.1070035,1,0.7230524,0,0.9045517,0.03297281,0.7901062,0.02875891,0.3851716,-0.4047159,0,0,0,0
1875,25.61547,30.33914,12.60777,25.21404,0.1620044,0.1238797,0.05943476,0.1028202,1,0.7937954,0.04332116,0.9022013,0.03324276,0.7841958,0.02764527,0.3851982,-0.4047333,0,0,0,0
1876,24.05156,30.19144,12.61612,24.96318,0.2836166,0.1256051,0.05953324,0.1348181,1,0.7560316,0.07500724,0.8989321,0.0337004,0.7781644,0.03614159,0.38597,-0.4046876,0,0,0,0
1877,26.05475,30.08162,12.62517,25.03978,0.1232985,0.1264068,0.05957605,0.1383663,1,0.8042272,0.03308857,0.8964967,0.033913,0.7800089,0.03708064,0.3828621,-0.4063266,0,0,0,0
1878,26.09644,29.95464,12.63423,25.1939,0.3005784,0.1297466,0.05968042,0.1570894,1,0.8052133,0.07937186,0.8936755,0.03479828,0.7837126,0.04202581,0.3826952,-0.4055867,0,0,0,0
1879,23.10849,29.82775,12.64225,25.0193,0.06246511,0.1273633,0.05970211,0.1518998,1,0.7327719,0.01685807,0.8908507,0.0341666,0.7795159,0.04065684,0.3847014,-0.406945,0,0,0,0
1880,24.16709,29.6976,12.65065,25.16503,0.3476521,0.1286988,0.05982282,0.1934348,1,0.7588552,0.09141612,0.8879476,0.0345206,0.7830194,0.0515773,0.3809126,-0.4077375,0,0,0,0
1881,26.76735,29.61963,12.65994,25.28285,0.1443291,0.1272929,0.05987294,0.1908606,1,0.820991,0.03865739,0.8862057,0.03414794,0.7858458,0.05090287,0.387298,-0.4049239,0,0,0,0
1882,22.23792,29.45974,12.66766,25.01431,0.2533085,0.1286234,0.05996089,0.185205,1,0.7109625,0.06717533,0.882627,0.03450062,0.7793957,0.04942004,0.3843169,-0.4076089,0,0,0,0
1883,24.16709,29.30469,12.67605,24.78359,1.506343e-16,0.1275457,0.05996089,0.1692008,1,0.7588552,0,0.8791479,0.03421495,0.7738311,0.04521569,0.3894107,-0.4074401,0,0,0,0
1884,22.6645,29.1655,12.68392,24.36321,0.1446921,0.1271096,0.06001113,0.1518145,1,0.7216904,0.03875333,0.8760177,0.03409934,0.7636361,0.04063432,0.3837954,-0.406256,0,0,0,0
1885,24.61108,29.02335,12.69247,24.47721,0.1567431,0.1270217,0.06006556,0.163309,1,0.769656,0.0419345,0.8728138,0.03407603,0.766408,0.04366481,0.3883897,-0.4027548,0,0,0,0
1886,25.03313,28.91845,12.70116,24.58391,0.1914464,0.1278326,0.06013203,0.14808,1,0.7798487,0.05105638,0.8704451,0.03429101,0.7689976,0.03964837,0.3861602,-0.4073094,0,0,0,0
1887,26.05475,28.82429,12.71021,24.50474,0.06501436,0.1278031,0.0601546,0.1385056,1,0.8042272,0.01754189,0.8683155,0.03428319,0.7670765,0.0371175,0.3930945,-0.411706,0,0,0,0
1888,24.55216,28.7435,12.71873,24.73915,0.1738655,0.129735,0.06021497,0.1288507,1,0.7682274,0.04644238,0.8664857,0.03479521,0.7727568,0.03456087,0.3888368,-0.4084006,0,0,0,0
1889,24.16709,28.63544,12.72712,24.71818,1.173141e-16,0.1276078,0.06021497,0.1263953,1,0.7588552,0,0.8640347,0.03423141,0.7722495,0.03390995,0.3877884,-0.4102131,0,0,0,0
1890,23.64606,28.53722,12.73533,24.81183,0.105068,0.1259982,0.06025146,0.1201333,1,0.7460763,0.02824377,0.8618032,0.03380465,0.7745133,0.03224858,0.3866731,-0.4104896,0,0,0,0
1891,21.91525,28.36578,12.74294,24.48813,0.1283304,0.1274241,0.06029602,0.1174074,1,0.7027946,0.03442296,0.8579,0.03418271,0.7666732,0.03152478,0.3907301,-0.4093459,0,0,0,0
1892,24.2828,28.22862,12.75137,24.36096,0.3197768,0.1278259,0.06040705,0.1343717,1,0.7616779,0.08429611,0.8547696,0.03428922,0.7635815,0.03602339,0.3896845,-0.413491,0,0,0,0
1893,23.58945,28.10707,12.75957,24.05362,0.1093559,0.1290409,0.06044502,0.1391973,1,0.7446812,0.02938476,0.8519898,0.03461128,0.7560819,0.03730051,0.3841851,-0.4115257,0,0,0,0
1894,24.09005,27.99935,12.76793,23.95583,9.525157e-17,0.1290409,0.06044502,0.119879,1,0.7569729,0,0.8495219,0.03461128,0.7536876,0.03218107,0.3966607,-0.410114,0,0,0,0
1895,23.14547,27.89586,12.77597,23.8415,0.07629505,0.1251859,0.06047151,0.1278876,1,0.733691,0.020564,0.8471468,0.03358924,0.7508829,0.0343056,0.3909378,-0.4124739,0,0,0,0
1896,24.63104,27.80859,12.78452,23.95116,8.763567e-17,0.1225878,0.06047151,0.1125082,1,0.7701397,0,0.8451409,0.03290001,0.7535731,0.03022299,0.3968131,-0.4100746,0,0,0,0
1897,24.09005,27.72266,12.79288,24.16424,0.08953307,0.1227349,0.0605026,0.1077663,1,0.7569729,0.02410243,0.8431632,0.03293903,0.7587857,0.02896187,0.3895575,-0.4137349,0,0,0,0
1898,24.2828,27.65953,12.80132,24.13274,8.062871e-17,0.1203365,0.0605026,0.07223554,1,0.7616779,0,0.8417085,0.03230251,0.7580162,0.01947718,0.3900408,-0.4114119,0,0,0,0
1899,24.05156,27.55139,12.80967,24.14374,0.1567431,0.1214374,0.06055702,0.07711519,1,0.7560316,0.0419345,0.8392131,0.03259472,0.758285,0.02078347,0.394458,-0.4133843,0,0,0,0
1900,23.10849,27.44013,12.81769,24.00194,0.1009483,0.122559,0.06059208,0.08945331,1,0.7327719,0.02714667,0.8366413,0.03289237,0.754817,0.02408114,0.394314,-0.4152089,0,0,0,0
1901,25.07318,27.34893,12.8264,24.21658,0.08264944,0.1234773,0.06062077,0.09012188,1,0.7808124,0.02226357,0.8345296,0.03313603,0.7600631,0.02425961,0.3971384,-0.4148575,0,0,0,0
1902,23.14547,27.2154,12.83443,24.03414,0.07940871,0.122547,0.06064835,0.0983433,1,0.733691,0.02139704,0.8314324,0.03288918,0.7556052,0.02645254,0.3958487,-0.413536,0,0,0,0
1903,21.77581,27.05868,12.84199,23.74743,0.1992595,0.124761,0.06071753,0.1116275,1,0.6992505,0.05310214,0.8277888,0.03347654,0.7485713,0.02998884,0.3966107,-0.4169547,0,0,0,0
1904,23.10849,26.96185,12.85002,23.62128,6.27937e-17,0.124761,0.06071753,0.1116275,1,0.7327719,0,0.8255329,0.03347654,0.7454656,0.02998884,0.395117,-0.4109315,0,0,0,0
1905,23.14547,26.828,12.85805,23.49315,0.08953307,0.1257558,0.06074862,0.1033545,1,0.733691,0.02410243,0.8224089,0.03374037,0.7423045,0.02778755,0.3982012,-0.4144026,0,0,0,0
1906,24.09005,26.71263,12.86642,23.60264,5.777299e-17,0.1240142,0.06074862,0.08898669,1,0.7569729,0,0.8197106,0.03327845,0.7450064,0.02395656,0.3938969,-0.4144425,0,0,0,0
1907,22.64638,26.61066,12.87428,23.29513,0.445724,0.1262625,0.06090339,0.1329108,1,0.7212363,0.1161904,0.8173216,0.03387474,0.737405,0.03563654,0.3962907,-0.418675,0,0,0,0
1908,22.71889,26.52909,12.88217,23.2102,0.07042921,0.1270451,0.06092784,0.1293559,1,0.7230524,0.01899333,0.8154077,0.03408223,0.7352987,0.03469475,0.3975063,-0.4190724,0,0,0,0
1909,22.80963,26.4349,12.89009,23.32175,0.1505971,0.1266784,0.06098013,0.1249282,1,0.7253221,0.04031298,0.8131945,0.03398501,0.7380646,0.03352088,0.3999802,-0.4179657,0,0,0,0
1910,23.21948,26.32487,12.89815,23.32355,0.1589445,0.1284444,0.06103532,0.1404919,1,0.735529,0.04251486,0.8106048,0.03445319,0.7381094,0.03764293,0.3953729,-0.4163894,0,0,0,0
1911,21.53691,26.18879,12.90563,23.08671,0.3730022,0.1306019,0.06116483,0.1745293,1,0.693158,0.09786079,0.8073954,0.03502492,0.7322303,0.04661687,0.398923,-0.4153889,0,0,0,0
1912,26.66086,26.12973,12.91489,23.4215,0.3050577,0.1330731,0.06127076,0.2089996,1,0.8184982,0.08052227,0.8060004,0.03567952,0.7405335,0.05564841,0.4002771,-0.4146259,0,0,0,0
1913,25.61547,26.09421,12.92378,23.76749,0.1184639,0.132716,0.06131189,0.1739536,1,0.7937954,0.03180535,0.8051606,0.03558496,0.7490647,0.04646555,0.398034,-0.4189289,0,0,0,0
1914,20.92197,25.95807,12.93105,23.54847,4.139616e-17,0.1313461,0.06131189,0.1645205,1,0.6773566,0,0.8019376,0.03522208,0.7436702,0.04398383,0.3936786,-0.417124,0,0,0,0
1915,24.09005,25.89253,12.93941,23.68495,0.1390187,0.1300762,0.06136016,0.163037,1,0.7569729,0.03725323,0.8003837,0.03488563,0.7470341,0.04359318,0.3948314,-0.4170298,0,0,0,0
1916,22.20239,25.77394,12.94712,23.54049,0.1912302,0.132201,0.06142656,0.1666219,1,0.7100654,0.05099972,0.7975672,0.03544853,0.7434732,0.04453707,0.3973141,-0.417776,0,0,0,0
1917,20.97218,25.66044,12.9544,23.42127,0.322558,0.1343008,0.06153856,0.1638786,1,0.6786532,0.08500807,0.7948667,0.03600463,0.7405279,0.04381482,0.4004257,-0.4173556,0,0,0,0
1918,18.91335,25.50256,12.96097,22.49778,3.504109e-17,0.1313769,0.06153856,0.1280515,1,0.6245033,0,0.7911018,0.03523025,0.7175071,0.03434903,0.3998548,-0.418977,0,0,0,0
1919,20.49539,25.38893,12.96809,21.88809,0.1043714,0.1319683,0.0615748,0.1276453,1,0.6662927,0.02805831,0.7883859,0.03538692,0.7021048,0.03424137,0.4025135,-0.4173056,0,0,0,0
1920,22.20239,25.2959,12.9758,22.01431,0.2744058,0.1344017,0.06167008,0.1600164,1,0.7100654,0.07263158,0.7861585,0.03603134,0.7053071,0.04279737,0.4064331,-0.4221421,0,0,0,0
1921,21.36596,25.18566,12.98321,21.70553,0.2106129,0.135747,0.06174321,0.1688856,1,0.6887826,0.05606973,0.7835149,0.03638749,0.6974609,0.04513275,0.3974679,-0.4192357,0,0,0,0
1922,24.09005,25.09238,12.99158,21.91313,2.966164e-17,0.1347116,0.06174321,0.1440847,1,0.7569729,0,0.7812739,0.03611339,0.7027408,0.0385928,0.4041858,-0.4186139,0,0,0,0
1923,20.90524,25.00376,12.99884,21.87587,0.0511421,0.1342022,0.06176097,0.1132806,1,0.6769244,0.0138168,0.7791417,0.03597851,0.7017945,0.03042829,0.3986062,-0.4198721,0,0,0,0
1924,19.69175,24.88962,13.00568,21.91349,0.2425486,0.1362031,0.06184519,0.1429254,1,0.645216,0.06438461,0.776391,0.03650822,0.7027498,0.03828636,0.4046346,-0.4210872,0,0,0,0
1925,18.55612,24.78219,13.01212,21.64702,0.06766764,0.1353091,0.06186868,0.1387513,1,0.6148972,0.01825328,0.7737971,0.03627156,0.6959693,0.03718252,0.3994975,-0.4175525,0,0,0,0
1926,20.49539,24.65576,13.01923,21.4114,0.06766764,0.1360609,0.06189218,0.1165323,1,0.6662927,0.01825328,0.7707385,0.03647058,0.6899471,0.03129233,0.403376,-0.4194596,0,0,0,0
1927,22.20239,24.56925,13.02694,21.48337,0.3582321,0.1392268,0.06201656,0.13592,1,0.7100654,0.09410936,0.7686419,0.0373083,0.6917891,0.03643327,0.4021651,-0.4211017,0,0,0,0
1928,22.6645,24.48788,13.03481,21.30699,2.310051e-17,0.1378659,0.06201656,0.13592,1,0.7216904,0,0.7666671,0.03694826,0.6872703,0.03643327,0.4068849,-0.4226927,0,0,0,0
1929,22.19502,24.44453,13.04252,21.42967,0.1761264,0.1387875,0.06207772,0.1500225,1,0.7098793,0.04703658,0.7656139,0.03719208,0.6904149,0.04016129,0.3993697,-0.4243566,0,0,0,0
1930,21.82807,24.38799,13.0501,21.65281,0.368254,0.1428792,0.06220558,0.1669598,1,0.7005796,0.09665587,0.7642391,0.03827415,0.696117,0.04462599,0.4073256,-0.4222668,0,0,0,0
1931,22.71889,24.32681,13.05799,22.08918,0.06501436,0.1428497,0.06222816,0.1664691,1,0.7230524,0.01754189,0.7627501,0.03826635,0.7072032,0.04449682,0.4091624,-0.423611,0,0,0,0
1932,19.72327,24.22505,13.06484,21.96537,0.1636162,0.143123,0.06228497,0.1780656,1,0.6460483,0.0437457,0.7602699,0.03833861,0.7040663,0.04754603,0.4090757,-0.4204557,0,0,0,0
1933,19.22311,24.14915,13.07151,21.60597,0.1287051,0.1445531,0.06232966,0.1517787,1,0.6327814,0.03452227,0.7584171,0.03871658,0.694922,0.04062487,0.4063892,-0.4252168,0,0,0,0
1934,20.97218,24.08086,13.07879,21.3942,0.1009483,0.1456747,0.06236471,0.1641168,1,0.6786532,0.02714667,0.7567481,0.03901297,0.6895064,0.04387754,0.4064098,-0.423995,0,0,0,0
1935,21.33182,24.01609,13.0862,21.27814,0.1232985,0.1443326,0.06240752,0.1586222,1,0.6879074,0.03308857,0.7551633,0.03865832,0.6865298,0.04242992,0.406655,-0.4251248,0,0,0,0
1936,20.10161,23.94391,13.09318,21.04199,0.07330348,0.1424808,0.06243297,0.1266644,1,0.6560036,0.01976317,0.7533954,0.03816883,0.6804544,0.0339813,0.4105926,-0.4267446,0,0,0,0
1937,19.78634,23.83735,13.10005,20.68438,1.587673e-17,0.1405172,0.06243297,0.1144881,1,0.6477127,0,0.7507812,0.0376496,0.6712048,0.03074922,0.4058163,-0.4271778,0,0,0,0
1938,20.49539,23.77512,13.10717,20.74546,0.1792094,0.139335,0.0624952,0.1174294,1,0.6662927,0.04784642,0.7492523,0.03733692,0.672789,0.03153061,0.4102372,-0.4235462,0,0,0,0
1939,19.31341,23.70601,13.11387,20.71665,1.46073e-17,0.1377273,0.0624952,0.1014555,1,0.6351857,0,0.7475523,0.03691158,0.672042,0.0272818,0.4091586,-0.424154,0,0,0,0
1940,20.49539,23.65002,13.12099,20.63341,0.2073915,0.1390759,0.06256721,0.1138208,1,0.6662927,0.05522832,0.746174,0.03726837,0.6698816,0.03057189,0.4078889,-0.4297216,0,0,0,0
1941,20.92197,23.57491,13.12825,20.58103,0.1446921,0.1384695,0.06261745,0.1136611,1,0.6773566,0.03875333,0.7443224,0.03710797,0.6685208,0.03052944,0.4077061,-0.4256006,0,0,0,0
1942,22.6645,23.51263,13.13612,20.82139,0.1567431,0.1351086,0.06267188,0.1212842,1,0.7216904,0.0419345,0.7427854,0.03621848,0.6747557,0.03255408,0.4090928,-0.4266555,0,0,0,0
1943,17.87131,23.4217,13.14233,20.52257,0.1138188,0.1340689,0.0627114,0.1338792,1,0.5963014,0.03057136,0.7405385,0.03594321,0.6670001,0.03589298,0.4040309,-0.4261333,0,0,0,0
1944,16.94153,23.31905,13.14821,20.08347,0.2533085,0.1352101,0.06279935,0.1449269,1,0.5706639,0.06717533,0.7379978,0.03624536,0.6555278,0.03881538,0.4138448,-0.4274141,0,0,0,0
1945,19.29797,23.20706,13.15491,20.02851,0.1758364,0.1364415,0.06286041,0.1648734,1,0.6347749,0.04696038,0.7352208,0.0365713,0.6540855,0.04407676,0.408631,-0.4290593,0,0,0,0
1946,20.08554,23.16257,13.16189,19.95945,0.2322827,0.1390224,0.06294106,0.1680952,1,0.6555821,0.06171697,0.734116,0.03725422,0.652271,0.0449248,0.4137337,-0.426401,0,0,0,0
1947,17.46502,23.06713,13.16795,19.53637,0.1093559,0.1387534,0.06297903,0.1618001,1,0.5851545,0.02938476,0.7317432,0.03718305,0.6411051,0.04326735,0.4103194,-0.4296908,0,0,0,0
1948,16.8608,22.95895,13.1738,18.86871,0.105068,0.1371611,0.06301551,0.1572258,1,0.5684163,0.02824377,0.729049,0.03676174,0.6233064,0.04206179,0.4116839,-0.4285417,0,0,0,0
1949,20.08554,22.89262,13.18078,19.11018,9.629726e-18,0.1347057,0.06301551,0.1434196,1,0.6555821,0,0.7273948,0.03611181,0.629769,0.03841701,0.4139279,-0.4279131,0,0,0,0
1950,19.72327,22.83363,13.18763,19.39172,0.1505971,0.1333522,0.0630678,0.1306316,1,0.6460483,0.04031298,0.7259216,0.03575344,0.6372675,0.03503279,0.4116539,-0.429824,0,0,0,0
1951,16.4973,22.74926,13.19336,19.02644,8.859776e-18,0.1323574,0.0630678,0.1087541,1,0.5582519,0,0.7238125,0.03548998,0.6275309,0.02922466,0.4169135,-0.4291193,0,0,0,0
1952,20.00762,22.65796,13.2003,18.97242,0.1093559,0.1327248,0.06310577,0.0963106,1,0.6535369,0.02938476,0.7215265,0.03558727,0.6260855,0.02591066,0.4153022,-0.4286032,0,0,0,0
1953,20.34318,22.58847,13.20737,19.28597,8.151387e-18,0.1314085,0.06310577,0.0835917,1,0.6623243,0,0.7197842,0.03523862,0.6344555,0.02251542,0.4162046,-0.4261615,0,0,0,0
1954,17.54891,22.46935,13.21346,19.33862,0.09699002,0.1324862,0.06313945,0.08107682,1,0.5874631,0.0260918,0.7167925,0.03552408,0.6358561,0.02184314,0.4145532,-0.4295524,0,0,0,0
1955,20.23033,22.43614,13.22048,19.37331,0.1153251,0.1324513,0.06317949,0.09442025,1,0.659375,0.03097163,0.7159573,0.03551484,0.6367782,0.02540655,0.4127711,-0.4289509,0,0,0,0
1956,17.81427,22.36062,13.22667,19.13141,7.193574e-18,0.1287461,0.06317949,0.07693538,1,0.5947418,0,0.7140564,0.03453313,0.6303356,0.02073536,0.4124628,-0.4305802,0,0,0,0
1957,19.78634,22.28423,13.23354,19.47001,0.07330348,0.1281346,0.06320495,0.08191433,1,0.6477127,0.01976317,0.7121311,0.03437107,0.6393458,0.02206706,0.4175983,-0.4287876,0,0,0,0
1958,20.14984,22.20681,13.24054,19.45787,6.618408e-18,0.1281346,0.06320495,0.06976367,1,0.6572679,0,0.710177,0.03437107,0.6390238,0.01881501,0.414005,-0.4323559,0,0,0,0
1959,18.20687,22.10152,13.24686,19.17619,0.08264944,0.1269258,0.06323364,0.07790831,1,0.6054433,0.02226357,0.7075155,0.03405061,0.6315305,0.02099568,0.4159203,-0.4289149,0,0,0,0
1960,18.55612,22.01821,13.2533,19.25175,0.1009483,0.1280474,0.0632687,0.07537805,1,0.6148972,0.02714667,0.7054058,0.03434796,0.6335443,0.02031857,0.4172842,-0.4335838,0,0,0,0
1961,16.44465,21.92278,13.25901,18.7614,0.1697978,0.1289783,0.06332765,0.08259483,1,0.5567737,0.04537273,0.7029856,0.03459468,0.6204251,0.02224897,0.4191989,-0.4330455,0,0,0,0
1962,17.81427,21.84617,13.2652,18.74019,0.1987596,0.1297026,0.06339667,0.1050697,1,0.5947418,0.05297133,0.7010397,0.03478664,0.6198549,0.02824422,0.4159088,-0.4327214,0,0,0,0
1963,19.0105,21.78587,13.2718,18.65163,0.05540158,0.1291966,0.0634159,0.1022661,1,0.6271048,0.01496161,0.6995063,0.03465253,0.6174716,0.02749771,0.4146726,-0.4345764,0,0,0,0
1964,20.14984,21.75732,13.27879,18.64249,0.1505971,0.1308699,0.06346819,0.1195508,1,0.6572679,0.04031298,0.6987799,0.03509592,0.6172255,0.03209394,0.4154668,-0.4297571,0,0,0,0
1965,17.82853,21.6708,13.28498,18.56153,0.1505971,0.1307431,0.06352048,0.1274039,1,0.5951317,0.04031298,0.6965757,0.03506234,0.615043,0.03417735,0.4125159,-0.4369879,0,0,0,0
1966,18.55612,21.60974,13.29143,18.54435,0.2164855,0.1299972,0.06359565,0.1418322,1,0.6148972,0.05760233,0.6950181,0.0348647,0.6145796,0.03799735,0.4131297,-0.438199,0,0,0,0
1967,18.20687,21.52254,13.29775,18.72261,0.1335677,0.1301113,0.06364203,0.1392907,1,0.6054433,0.03581049,0.6927908,0.03489494,0.619382,0.03732521,0.4152403,-0.4367082,0,0,0,0
1968,21.77581,21.47454,13.30531,19.177,0.3141976,0.1302626,0.06375113,0.1536171,1,0.6992505,0.0828668,0.6915631,0.03493503,0.6315523,0.04110998,0.4174536,-0.4361004,0,0,0,0
1969,17.63293,21.4137,13.31143,19.00527,4.185062e-18,0.1295686,0.06375113,0.1474613,1,0.5897717,0,0.6900058,0.03475112,0.6269647,0.03948496,0.4186386,-0.4369947,0,0,0,0
1970,15.79984,21.32073,13.31692,18.46976,0.1567431,0.1274474,0.06380555,0.1475815,1,0.5385469,0.0419345,0.6876227,0.03418889,0.6125653,0.03951668,0.4188872,-0.4389239,0,0,0,0
1971,19.69175,21.24211,13.32376,18.66312,0.2326544,0.1284288,0.06388634,0.1576763,1,0.645216,0.06181365,0.6856045,0.03444903,0.6177811,0.04218055,0.4192595,-0.4339101,0,0,0,0
1972,14.43662,21.15543,13.32877,18.11398,0.1138188,0.1268789,0.06392586,0.145792,1,0.4992372,0.03057136,0.683376,0.03403817,0.6029184,0.03904395,0.4167828,-0.4368509,0,0,0,0
1973,19.31341,21.1015,13.33547,18.25295,3.542578e-18,0.1268789,0.06392586,0.1296864,1,0.6351857,0,0.6819876,0.03403817,0.6066942,0.03478235,0.4197673,-0.438379,0,0,0,0
1974,18.94991,21.06022,13.34205,17.96127,0.1987596,0.1274796,0.06399487,0.1162539,1,0.6254826,0.05297133,0.6809243,0.03419743,0.5987581,0.03121838,0.4275288,-0.4382611,0,0,0,0
1975,18.26509,20.98971,13.3484,18.02004,0.1184639,0.1270543,0.064036,0.1287791,1,0.6070237,0.03180535,0.6791059,0.03408468,0.6003605,0.03454189,0.423691,-0.4340729,0,0,0,0
1976,16.56319,20.8956,13.35415,18.06572,0.1505971,0.1266004,0.06408829,0.1271886,1,0.5600997,0.04031298,0.6766752,0.03396434,0.6016049,0.03412028,0.4198072,-0.4404661,0,0,0,0
1977,15.85043,20.78222,13.35965,17.62096,0.06766764,0.1266299,0.06411179,0.1083935,1,0.5399852,0.01825328,0.6737414,0.03397215,0.5894431,0.02912875,0.4218141,-0.4368235,0,0,0,0
1978,18.54129,20.71543,13.36609,18.09571,0.09699002,0.1257757,0.06414547,0.1064339,1,0.6144969,0.0260918,0.6720105,0.03374565,0.6024213,0.02860732,0.4167119,-0.4392996,0,0,0,0
1979,17.49297,20.64128,13.37216,17.86463,0.1914464,0.1279029,0.06421194,0.1298329,1,0.585924,0.05105638,0.670086,0.03430964,0.5961189,0.03482116,0.4248779,-0.4393908,0,0,0,0
1980,16.4578,20.56141,13.37788,17.55145,0.1232985,0.1281055,0.06425475,0.121145,1,0.5571433,0.03308857,0.6680105,0.03436334,0.5875329,0.03251713,0.4264928,-0.4401405,0,0,0,0
1981,16.14804,20.49733,13.38348,17.31234,2.538368e-18,0.1266796,0.06425475,0.1079824,1,0.5484182,0,0.6663432,0.03398532,0.5809432,0.02901936,0.4241371,-0.4399961,0,0,0,0
1982,17.46502,20.42157,13.38955,17.38429,2.434776e-18,0.1231265,0.06425475,0.09003428,1,0.5851545,0,0.6643696,0.03304294,0.5829293,0.02423623,0.4233417,-0.440504,0,0,0,0
1983,15.56448,20.33241,13.39495,17.29942,2.335412e-18,0.1219114,0.06425475,0.08251566,1,0.5318362,0,0.6620431,0.03272053,0.5805863,0.02222781,0.4258297,-0.4406906,0,0,0,0
1984,18.60065,20.27142,13.40141,17.31771,2.240102e-18,0.1219114,0.06425475,0.07066132,1,0.6160981,0,0.6604495,0.03272053,0.5810914,0.01905551,0.4268439,-0.4415059,0,0,0,0
1985,20.10161,20.23759,13.40839,17.60612,0.05766256,0.1217044,0.06427477,0.05515575,1,0.6560036,0.01556892,0.6595651,0.03266559,0.5890356,0.01489557,0.4234023,-0.4398845,0,0,0,0
1986,17.0935,20.15384,13.41433,17.66875,0.05322925,0.1222958,0.06429326,0.04796172,1,0.5748855,0.01437787,0.6573727,0.03282254,0.5907547,0.01296142,0.4259845,-0.4429951,0,0,0,0
1987,18.17778,20.08815,13.42064,17.8764,0.07940871,0.1221834,0.06432083,0.05685274,1,0.6046531,0.02139704,0.6556507,0.03279269,0.5964406,0.01535143,0.4223505,-0.4409264,0,0,0,0
1988,16.4578,20.00121,13.42635,17.72347,0.08602243,0.1231392,0.0643507,0.0673666,1,0.5571433,0.02316491,0.6533685,0.0330463,0.5922552,0.01817258,0.4296063,-0.4409802,0,0,0,0
1989,15.00716,19.90071,13.43156,17.62599,0.1093559,0.1226126,0.06438867,0.07981399,1,0.5158198,0.02938476,0.650726,0.0329066,0.5895811,0.02150544,0.4268568,-0.4430442,0,0,0,0
1990,17.11577,19.83413,13.43751,17.445,1.744593e-18,0.121491,0.06438867,0.07869235,1,0.575503,0,0.6489726,0.03260895,0.5846029,0.02120543,0.4303942,-0.4442533,0,0,0,0
1991,16.14804,19.73496,13.44311,17.00242,0.05322925,0.1211641,0.06440715,0.07690455,1,0.5484182,0.01437787,0.6463571,0.03252219,0.5723568,0.02072711,0.4287069,-0.4383908,0,0,0,0
1992,16.78021,19.66424,13.44894,16.95612,0.1767273,0.1222454,0.06446851,0.09038176,1,0.5661688,0.04719446,0.6444888,0.03280916,0.5710696,0.02432898,0.4302703,-0.4399337,0,0,0,0
1993,16.56319,19.60632,13.45469,16.74953,0.09318699,0.1210668,0.06450087,0.09233252,1,0.5600997,0.02507757,0.6429571,0.03249638,0.5653123,0.02484959,0.4254823,-0.4415705,0,0,0,0
1994,15.18032,19.51823,13.45996,16.55237,1.476766e-18,0.1210668,0.06450087,0.08110117,1,0.5208151,0,0.6406243,0.03249638,0.5597964,0.02184965,0.4299367,-0.442647,0,0,0,0
1995,16.27725,19.44191,13.46561,16.67625,0.2158553,0.1224704,0.06457582,0.09365952,1,0.5520638,0.05743794,0.6386003,0.03286886,0.5632647,0.02520362,0.4258304,-0.4451794,0,0,0,0
1996,15.85043,19.35036,13.47112,16.5056,1.358691e-18,0.1224704,0.06457582,0.09125412,1,0.5399852,0,0.6361684,0.03286886,0.5584847,0.02456181,0.426744,-0.4460092,0,0,0,0
1997,16.44465,19.28145,13.47683,16.51897,1.303242e-18,0.1175179,0.06457582,0.08385567,1,0.5567737,0,0.6343353,0.03155413,0.5588599,0.02258597,0.4275294,-0.4452112,0,0,0,0
1998,15.28975,19.19891,13.48214,16.2813,0.1093559,0.1179504,0.06461379,0.07409395,1,0.5239631,0.02938476,0.6321363,0.031669,0.552178,0.01997482,0.4290235,-0.4426966,0,0,0,0
1999,15.81248,19.12116,13.48763,16.17766,0.357195,0.120246,0.06473782,0.107397,1,0.5389065,0.09384557,0.6300621,0.03227849,0.5492546,0.02886361,0.4341142,-0.4440393,0,0,0,0
2000,12.7025,19.00431,13.49204,15.86793,0.1631399,0.1202926,0.06479446,0.1255947,1,0.4476328,0.04362026,0.6269389,0.03229086,0.5404825,0.03369766,0.4341771,-0.4468795,0,0,0,0
2001,13.1954,18.91162,13.49662,15.45332,0.1767273,0.1181118,0.06485583,0.1206258,1,0.4624892,0.04719446,0.6244569,0.03171184,0.5286557,0.03237931,0.4292512,-0.4480682,0,0,0,0
2002,13.76046,18.76828,13.5014,15.21359,0.07940871,0.1156045,0.0648834,0.1290666,1,0.4793346,0.02139704,0.6206101,0.03104587,0.5217728,0.03461809,0.43065,-0.4483844,0,0,0,0
2003,18.60065,18.69034,13.50786,15.44522,0.2856045,0.1174617,0.06498257,0.1639738,1,0.6160981,0.07551946,0.6185139,0.03153919,0.5284238,0.04383989,0.4339821,-0.4438663,0,0,0,0
2004,15.02579,18.62483,13.51307,15.37229,0.08264944,0.11838,0.06501127,0.1597163,1,0.516358,0.02226357,0.6167498,0.03178307,0.526333,0.0427183,0.4314002,-0.4463663,0,0,0,0
2005,18.17778,18.55914,13.51938,15.63414,0.1754972,0.1187853,0.0650722,0.1401614,1,0.6046531,0.04687125,0.6149786,0.0318907,0.5338253,0.03755551,0.4319332,-0.4416945,0,0,0,0
2006,15.73855,18.48732,13.52485,15.96231,8.957041e-19,0.1166605,0.0650722,0.1203615,1,0.5368024,0,0.6130396,0.0313264,0.5431612,0.03230915,0.4343083,-0.4478554,0,0,0,0
2007,14.43662,18.4147,13.52986,16.08452,0.2755546,0.1161383,0.06516788,0.1336521,1,0.4992372,0.07292808,0.6110765,0.03118766,0.5466222,0.03583286,0.4369124,-0.4468102,0,0,0,0
2008,11.72589,18.33484,13.53393,15.78273,8.240875e-19,0.1161383,0.06516788,0.1237513,1,0.4177368,0,0.6089145,0.03118766,0.5380599,0.03320869,0.4352754,-0.4484921,0,0,0,0
2009,15.63901,18.28088,13.53936,15.43306,0.08953307,0.1159734,0.06519897,0.1008332,1,0.5339643,0.02410243,0.6074519,0.03114386,0.5280752,0.02711601,0.4390077,-0.447673,0,0,0,0
2010,16.94153,18.22243,13.54525,15.65129,0.05766256,0.1135651,0.06521899,0.09732756,1,0.5706639,0.01556892,0.6058657,0.03050393,0.5343149,0.02618179,0.4336022,-0.4466312,0,0,0,0
2011,16.19968,18.16502,13.55087,15.43208,0.08602243,0.1121808,0.06524886,0.08834172,1,0.5498764,0.02316491,0.6043064,0.03013595,0.528047,0.02378435,0.434827,-0.4491927,0,0,0,0
2012,15.79984,18.07291,13.55636,15.42038,0.07629505,0.1130285,0.06527535,0.09766667,1,0.5385469,0.020564,0.6018007,0.0303613,0.527712,0.02627218,0.437335,-0.4499477,0,0,0,0
2013,18.17778,18.0426,13.56267,15.8651,0.07042921,0.1132428,0.06529981,0.07565751,1,0.6046531,0.01899333,0.6009753,0.03041826,0.5404022,0.02039337,0.4411243,-0.4494348,0,0,0,0
2014,13.63644,17.97532,13.5674,16.02223,0.05540158,0.1111634,0.06531904,0.08242882,1,0.4756544,0.01496161,0.5991414,0.02986545,0.5448592,0.02220459,0.4392067,-0.4490356,0,0,0,0
2015,14.02442,17.92497,13.57227,15.77531,0.04913679,0.1109575,0.0653361,0.07784561,1,0.4871369,0.01327752,0.5977672,0.0298107,0.5378488,0.02097891,0.4352611,-0.452831,0,0,0,0
2016,17.23915,17.88879,13.57826,15.80999,0.2020581,0.1124507,0.06540626,0.09554321,1,0.5789199,0.0538342,0.5967791,0.03020771,0.5388356,0.02570603,0.4351649,-0.4519363,0,0,0,0
2017,15.12143,17.81011,13.58351,15.65623,0.08264944,0.1093887,0.06543496,0.09520444,1,0.5191182,0.02226357,0.5946279,0.02939348,0.5344558,0.02561569,0.43574,-0.4481033,0,0,0,0
2018,11.48222,17.68586,13.5875,15.12121,0.05540158,0.1100043,0.0654542,0.09254271,1,0.4101802,0.01496161,0.5912243,0.0295572,0.5191118,0.02490567,0.4388252,-0.452773,0,0,0,0
2019,16.66692,17.62444,13.59328,14.97178,0.1839397,0.1100911,0.06551806,0.1059837,1,0.5630038,0.0490881,0.5895386,0.02958029,0.5147969,0.0284875,0.4404365,-0.448396,0,0,0,0
2020,15.91374,17.55873,13.59881,15.21145,0.06501436,0.1067218,0.06554064,0.1077742,1,0.5417832,0.01754189,0.587733,0.02868393,0.5217114,0.02896396,0.4358534,-0.4499328,0,0,0,0
2021,13.19978,17.45296,13.60339,15.08707,0.1767273,0.107963,0.065602,0.1233231,1,0.4626206,0.04719446,0.5848222,0.02901421,0.5181271,0.0330951,0.4381676,-0.4552875,0,0,0,0
2022,13.56079,17.38449,13.6081,14.64259,4.598698e-19,0.1061451,0.065602,0.09890856,1,0.4734048,0,0.5829347,0.02853045,0.5052457,0.02660319,0.4389359,-0.4518189,0,0,0,0
2023,13.1954,17.31751,13.61268,14.39117,4.411023e-19,0.104715,0.065602,0.08868988,1,0.4624892,0,0.581086,0.02814979,0.4979079,0.02387731,0.4397818,-0.4546315,0,0,0,0
2024,14.95419,17.25065,13.61788,14.77443,0.2864384,0.106776,0.06570146,0.1175433,1,0.5142882,0.07573426,0.579238,0.02869837,0.5090785,0.03156087,0.4410612,-0.4507264,0,0,0,0
2025,16.19968,17.19362,13.6235,14.72165,4.058337e-19,0.105406,0.06570146,0.09470714,1,0.5498764,0,0.5776601,0.02833374,0.5075454,0.02548306,0.4434908,-0.4528735,0,0,0,0
2026,16.14804,17.14969,13.62911,14.75099,0.258511,0.1074639,0.06579122,0.1190791,1,0.5484182,0.06852272,0.5764434,0.02888141,0.5083979,0.03196871,0.4410379,-0.4511466,0,0,0,0
2027,18.55612,17.13602,13.63555,15.3696,0.2846334,0.1106265,0.06589005,0.1342313,1,0.6148972,0.07526926,0.5760646,0.02972267,0.5262558,0.03598621,0.4452834,-0.4512814,0,0,0,0
2028,11.50977,17.03618,13.63955,15.09971,0.07330348,0.1094498,0.06591551,0.1419755,1,0.4110366,0.01976317,0.5732948,0.02940971,0.5184919,0.03803524,0.4425575,-0.452512,0,0,0,0
2029,16.14804,17.00101,13.64515,15.43151,0.1783715,0.1114317,0.06597744,0.1598076,1,0.5484182,0.04762637,0.5723177,0.02993678,0.5280309,0.04274236,0.4429502,-0.453918,0,0,0,0
2030,15.49008,16.9454,13.65053,15.52203,0.08264944,0.1100456,0.06600614,0.1362701,1,0.5297083,0.02226357,0.5707715,0.0295682,0.5306224,0.03652594,0.4440061,-0.4563593,0,0,0,0
2031,13.31016,16.86082,13.65515,15.20225,0.1631399,0.1102506,0.06606278,0.1542458,1,0.4659265,0.04362026,0.5684168,0.02962271,0.5214464,0.04127585,0.4457027,-0.4534151,0,0,0,0
2032,11.76338,16.7397,13.65924,14.69287,3.031649e-19,0.108509,0.06606278,0.12464,1,0.4188962,0,0.5650379,0.02915947,0.5067087,0.03344445,0.447127,-0.4541767,0,0,0,0
2033,14.19296,16.69883,13.66417,14.1591,0.1093559,0.1084594,0.06610075,0.1032064,1,0.4920966,0.02938476,0.563896,0.02914628,0.4911018,0.02774813,0.4425149,-0.4559456,0,0,0,0
2034,12.51819,16.64968,13.66851,14.24329,0.08264944,0.1065632,0.06612945,0.1042449,1,0.4420379,0.02226357,0.5625216,0.02864174,0.4935745,0.02802463,0.4474069,-0.456273,0,0,0,0
2035,15.28975,16.60515,13.67382,14.11583,0.07042921,0.105392,0.06615391,0.09108385,1,0.5239631,0.01899333,0.561275,0.02833002,0.4898292,0.02451637,0.4446557,-0.4571652,0,0,0,0
2036,11.98921,16.51519,13.67799,13.68519,0.07042921,0.1035937,0.06617836,0.0905086,1,0.4258589,0.01899333,0.5587538,0.02785124,0.4771021,0.02436284,0.4485717,-0.4557467,0,0,0,0
2037,18.20687,16.52343,13.68431,14.27116,2.461506e-19,0.1023786,0.06617836,0.06932022,1,0.6054433,0,0.558985,0.02752767,0.4943922,0.01869619,0.4473561,-0.4537437,0,0,0,0
2038,16.56319,16.52012,13.69006,14.85822,0.1767273,0.1031748,0.06623972,0.09092023,1,0.5600997,0.04719446,0.5588923,0.02773971,0.5115091,0.0244727,0.4489972,-0.45778,0,0,0,0
2039,12.80413,16.43922,13.6945,14.6724,0.0511421,0.1037431,0.06625748,0.08402546,1,0.4507087,0.0138168,0.5566213,0.02789102,0.5061133,0.02263134,0.4430949,-0.4556464,0,0,0,0
2040,15.22893,16.38928,13.69979,14.95457,0.05766256,0.1027104,0.0662775,0.08124914,1,0.5222141,0.01556892,0.5552177,0.02761605,0.5142991,0.02188921,0.4495215,-0.4594756,0,0,0,0
2041,16.4578,16.38884,13.70551,15.08722,0.05540158,0.103326,0.06629674,0.07923917,1,0.5571433,0.01496161,0.5552053,0.02777997,0.5181314,0.0213517,0.4492973,-0.4591969,0,0,0,0
2042,14.29915,16.32541,13.71047,15.32721,0.09699002,0.1031886,0.06633042,0.08242032,1,0.4952129,0.0260918,0.5534207,0.02774339,0.5250389,0.02220232,0.4462839,-0.4562309,0,0,0,0
2043,16.65559,16.28444,13.71625,15.13793,0.1998413,0.1054091,0.06639981,0.1060628,1,0.5626868,0.05325435,0.5522666,0.02833456,0.5195937,0.02850856,0.4495048,-0.4596716,0,0,0,0
2044,19.69175,16.30825,13.72309,15.55283,0.08264944,0.1052497,0.0664285,0.09591247,1,0.645216,0.02226357,0.5529373,0.02829214,0.531503,0.0258045,0.4514729,-0.4605221,0,0,0,0
2045,14.63179,16.24604,13.72817,15.76265,0.1390187,0.105513,0.06647678,0.1066752,1,0.5049312,0.03725323,0.5511843,0.02836222,0.5374885,0.02867154,0.4520751,-0.4563399,0,0,0,0
2046,13.19978,16.19477,13.73276,15.49231,0.105068,0.1066804,0.06651326,0.1108648,1,0.4626206,0.02824377,0.5497378,0.02867293,0.5297719,0.02978605,0.4476356,-0.4605419,0,0,0,0
2047,13.87055,16.12904,13.73757,15.19093,0.06501436,0.1065883,0.06653583,0.111737,1,0.4825941,0.01754189,0.5478812,0.02864842,0.5211207,0.03001795,0.4544604,-0.4564611,0,0,0,0
2048,14.63179,16.06773,13.74265,15.26289,0.1947589,0.1087523,0.06660346,0.1241486,1,0.5049312,0.05192407,0.5461473,0.02922419,0.523191,0.0333141,0.4474979,-0.458345,0,0,0,0
2049,13.87055,16.01955,13.74747,14.92237,1.492979e-19,0.107834,0.06660346,0.09990023,1,0.4825941,0,0.5447832,0.02897988,0.5133674,0.02686745,0.4496936,-0.4579334,0,0,0,0
2050,12.91899,15.95691,13.75195,14.13657,0.1839397,0.1087561,0.06666732,0.1124761,1,0.4541768,0.0490881,0.5430081,0.0292252,0.4904391,0.03021445,0.4552598,-0.4609036,0,0,0,0
2051,13.10175,15.91977,13.7565,13.96547,0.05540158,0.107485,0.06668656,0.1018373,1,0.4596784,0.01496161,0.5419544,0.02888704,0.4853983,0.02738348,0.4610292,-0.4611616,0,0,0,0
2052,13.95884,15.87693,13.76135,14.05424,0.2558202,0.108119,0.06677539,0.1214299,1,0.4852026,0.06782599,0.5407382,0.02905572,0.4880157,0.03259275,0.4574467,-0.461502,0,0,0,0
2053,14.02442,15.82153,13.76622,14.08054,0.2241008,0.1099935,0.0668532,0.1415962,1,0.4871369,0.05958733,0.5391637,0.02955433,0.4887905,0.03793495,0.4529223,-0.4617977,0,0,0,0
2054,13.19978,15.74431,13.7708,13.90194,1.212204e-19,0.1083202,0.0668532,0.1167737,1,0.4626206,0,0.5369663,0.02910924,0.4835218,0.03135646,0.4489326,-0.4609135,0,0,0,0
2055,13.76046,15.69911,13.77558,13.8626,0.1839397,0.1086907,0.06691707,0.1392552,1,0.4793346,0.0490881,0.5356784,0.02920779,0.4823589,0.03731582,0.4501901,-0.462157,0,0,0,0
2056,11.62021,15.62204,13.77962,13.66798,0.3024036,0.1096453,0.06702207,0.1529056,1,0.4144644,0.07984072,0.5334802,0.02946173,0.4765913,0.04092225,0.4584481,-0.4637148,0,0,0,0
2057,12.80413,15.56201,13.78406,13.571,0.1567431,0.1099028,0.06707649,0.1627447,1,0.4507087,0.0419345,0.5317655,0.02953022,0.4737087,0.04351618,0.4611489,-0.467401,0,0,0,0
2058,11.62021,15.44917,13.7881,13.31238,0.4040684,0.1109014,0.0672168,0.1828919,1,0.4144644,0.1057196,0.5285369,0.02979577,0.465993,0.04881315,0.4516763,-0.4627195,0,0,0,0
2059,12.97723,15.39744,13.7926,13.1608,0.1335677,0.1123855,0.06726317,0.1723349,1,0.4559324,0.03581049,0.5270543,0.03019036,0.4614514,0.04603998,0.449282,-0.4635872,0,0,0,0
2060,15.38551,15.39284,13.79794,13.40249,0.1914464,0.112771,0.06732965,0.1948155,1,0.526712,0.05105638,0.5269223,0.03029286,0.4686861,0.0519389,0.4567275,-0.462443,0,0,0,0
2061,12.31762,15.3109,13.80222,13.23115,0.1283304,0.1116119,0.06737421,0.18825,1,0.4359246,0.03442296,0.5245708,0.0299847,0.463561,0.05021858,0.458574,-0.4673363,0,0,0,0
2062,13.26318,15.29786,13.80683,13.43037,0.1697978,0.1122339,0.06743316,0.1754026,1,0.4645204,0.04537273,0.5241962,0.03015006,0.469518,0.04684638,0.4568921,-0.4664116,0,0,0,0
2063,12.7025,15.22441,13.81124,13.40251,8.331346e-20,0.1122339,0.06743316,0.1567716,1,0.4476328,0,0.5220842,0.03015006,0.4686866,0.04194203,0.4577375,-0.4673175,0,0,0,0
2064,12.38038,15.15142,13.81554,13.48545,0.3391537,0.1137938,0.06755093,0.152409,1,0.4378405,0.08924917,0.5199824,0.03056471,0.4711607,0.0407912,0.4555458,-0.4664469,0,0,0,0
2065,11.9795,15.08158,13.8197,13.33781,0.05322925,0.113069,0.06756941,0.1432914,1,0.42556,0.01437787,0.5179686,0.03037206,0.4667533,0.0383831,0.4517279,-0.4661312,0,0,0,0
2066,11.72589,15.02783,13.82377,12.92826,0.1390187,0.1129403,0.06761768,0.1382281,1,0.4177368,0.03725323,0.5164168,0.03033786,0.4544563,0.0370441,0.4555975,-0.4663469,0,0,0,0
2067,12.43854,14.98992,13.82809,12.8776,0.1093559,0.1134035,0.06765565,0.1373349,1,0.4396134,0.02938476,0.5153213,0.03046098,0.452928,0.03680775,0.4600622,-0.4667114,0,0,0,0
2068,14.32203,14.94304,13.83306,12.97035,0.1390187,0.1138705,0.06770392,0.1334961,1,0.4958835,0.03725323,0.5139655,0.0305851,0.455725,0.03579153,0.4602657,-0.4687608,0,0,0,0
2069,11.62021,14.87778,13.83709,12.83694,6.488458e-20,0.1117433,0.06770392,0.1329278,1,0.4144644,0,0.5120761,0.03001965,0.4517001,0.03564104,0.4602271,-0.4640605,0,0,0,0
2070,9.784503,14.80364,13.84049,12.48801,0.1842481,0.1124206,0.06776789,0.1171226,1,0.3564019,0.049169,0.5099262,0.03019969,0.4411198,0.03144913,0.4576237,-0.4686301,0,0,0,0
2071,13.76046,14.77711,13.84527,12.65593,0.2642739,0.1153569,0.06785966,0.1428928,1,0.4793346,0.0700138,0.5091562,0.03098008,0.4462211,0.03827774,0.4614725,-0.4678116,0,0,0,0
2072,15.28975,14.75294,13.85058,13.06292,0.2500308,0.1181351,0.06794647,0.1569279,1,0.5239631,0.06632579,0.5084544,0.03171803,0.4585112,0.04198324,0.4618818,-0.4669161,0,0,0,0
2073,11.16457,14.70405,13.85445,12.86036,0.1867969,0.1202106,0.06801133,0.1653875,1,0.4002694,0.04983758,0.5070336,0.0322691,0.4524074,0.04421212,0.4607703,-0.4685234,0,0,0,0
2074,10.82436,14.61765,13.85821,12.3732,0.2073915,0.1225149,0.06808334,0.1743705,1,0.3895784,0.05522832,0.5045193,0.03288068,0.4376214,0.04657514,0.4642558,-0.4672248,0,0,0,0
2075,13.32668,14.54237,13.86284,12.54831,0.1184639,0.1231905,0.06812448,0.1873048,1,0.4664207,0.03180535,0.5023252,0.03305992,0.4429536,0.04997076,0.4601887,-0.4710794,0,0,0,0
2076,11.26611,14.47762,13.86675,12.69144,0.2078852,0.1249089,0.06819666,0.1910736,1,0.4034447,0.05535731,0.5004352,0.03351577,0.4472978,0.05095867,0.4561778,-0.4686846,0,0,0,0
2077,9.784503,14.38436,13.87015,12.20427,0.1743703,0.125964,0.0682572,0.1822993,1,0.3564019,0.04657507,0.4977087,0.03379559,0.4324585,0.04865763,0.4661243,-0.4666806,0,0,0,0
2078,12.43854,14.3397,13.87447,11.8631,0.2194121,0.1274461,0.06833339,0.1791712,1,0.4396134,0.05836551,0.4964013,0.03418856,0.4219748,0.04783638,0.4655735,-0.4694118,0,0,0,0
2079,12.18089,14.3083,13.8787,11.95725,0.3799097,0.1304523,0.0684653,0.2048494,1,0.4317423,0.09961189,0.4954812,0.03498529,0.4248755,0.054564,0.4591985,-0.4686866,0,0,0,0
2080,10.39993,14.23368,13.88231,11.8821,0.2241008,0.1329423,0.06854312,0.2071522,1,0.376129,0.05958733,0.4932925,0.03564488,0.4225607,0.05516581,0.4647498,-0.4701437,0,0,0,0
2081,14.0132,14.20996,13.88718,11.96851,3.935449e-20,0.1323509,0.06854312,0.193374,1,0.4868063,0,0.4925961,0.03548824,0.425222,0.05156136,0.4656875,-0.4711674,0,0,0,0
2082,11.02318,14.14599,13.891,11.9089,3.774841e-20,0.1303872,0.06854312,0.1674332,1,0.3958357,0,0.4907163,0.03496804,0.4233865,0.04475058,0.4636234,-0.4749669,0,0,0,0
2083,11.26611,14.08714,13.89491,12.04287,0.1335677,0.1308359,0.06858949,0.1618936,1,0.4034447,0.03581049,0.4889846,0.03508692,0.4275084,0.04329199,0.4642544,-0.4688732,0,0,0,0
2084,14.05807,14.07467,13.8998,12.23236,0.08953307,0.1318307,0.06862058,0.1484574,1,0.4881286,0.02410243,0.4886174,0.03535046,0.4333181,0.03974804,0.4595934,-0.4695567,0,0,0,0
2085,13.76046,14.0467,13.90457,12.40787,0.1839397,0.1314761,0.06868445,0.126683,1,0.4793346,0.0490881,0.4877937,0.03525652,0.4386785,0.03398623,0.4626512,-0.4708982,0,0,0,0
2086,10.62486,13.98864,13.90826,12.4218,0.1009483,0.1325977,0.0687195,0.110761,1,0.3832723,0.02714667,0.4860819,0.03555363,0.4391032,0.02975844,0.46409,-0.4718041,0,0,0,0
2087,9.77668,13.91455,13.91166,11.91743,0.2158553,0.1349961,0.06879445,0.1354017,1,0.3561494,0.05743794,0.4838946,0.03618871,0.4236495,0.03629608,0.4686275,-0.4687889,0,0,0,0
2088,12.7025,13.8858,13.91607,12.11605,0.3431892,0.1375943,0.06891361,0.1728574,1,0.4476328,0.09027855,0.483045,0.03687638,0.4297549,0.04617737,0.4637617,-0.471961,0,0,0,0
2089,12.678,13.85098,13.92047,12.2696,0.1446921,0.1352331,0.06896385,0.1742171,1,0.4468902,0.03875333,0.4820151,0.03625146,0.4344574,0.0465348,0.4639507,-0.4739304,0,0,0,0
2090,10.91096,13.83107,13.92426,11.87021,0.3306899,0.1370948,0.06907868,0.2025594,1,0.3923074,0.08708777,0.4814261,0.0367442,0.4221939,0.05396531,0.4665943,-0.4742636,0,0,0,0
2091,11.26611,13.80963,13.92817,11.58138,0.1283304,0.1365571,0.06912324,0.1963806,1,0.4034447,0.03442296,0.4807915,0.03660189,0.41326,0.05234867,0.4687056,-0.4731781,0,0,0,0
2092,11.89494,13.78891,13.9323,11.70729,0.07629505,0.1365225,0.06914973,0.1926024,1,0.4229564,0.020564,0.4801776,0.03659273,0.4171616,0.05135925,0.4733513,-0.4731576,0,0,0,0
2093,11.34217,13.70826,13.93624,11.86612,0.1567431,0.1350907,0.06920415,0.187776,1,0.4058189,0.0419345,0.4777867,0.03621374,0.4220679,0.05009432,0.4756721,-0.4736803,0,0,0,0
2094,12.31762,13.67817,13.94052,11.82266,0.06501436,0.1348947,0.06922673,0.1538217,1,0.4359246,0.01754189,0.4768937,0.03616187,0.420727,0.04116397,0.4655201,-0.47678,0,0,0,0
2095,14.02442,13.63202,13.94539,11.99498,0.1767273,0.1349084,0.06928809,0.1587534,1,0.4871369,0.04719446,0.4755229,0.03616548,0.4260363,0.04246449,0.4714365,-0.4752615,0,0,0,0
2096,9.972867,13.56795,13.94885,11.87127,0.09699002,0.1359861,0.06932177,0.1323197,1,0.3624685,0.0260918,0.4736179,0.03645076,0.4222267,0.03547999,0.4680309,-0.4766153,0,0,0,0
2097,8.180873,13.49845,13.95169,11.48116,0.1283304,0.1343502,0.06936633,0.1325306,1,0.3036941,0.03442296,0.4715481,0.03601771,0.4101472,0.03553583,0.4757884,-0.4748642,0,0,0,0
2098,10.43319,13.48408,13.95531,11.27553,0.05540158,0.1349658,0.06938556,0.12928,1,0.3771874,0.01496161,0.4711201,0.03618069,0.4037391,0.03467464,0.4684215,-0.4769662,0,0,0,0
2099,13.19978,13.45698,13.95989,11.49948,0.1184639,0.1352873,0.0694267,0.126343,1,0.4626206,0.03180535,0.470312,0.03626578,0.4107169,0.03389608,0.4741211,-0.4722127,0,0,0,0
2100,9.738755,13.37695,13.96328,11.21244,0.2836865,0.1377986,0.0695252,0.1517448,1,0.3549246,0.07502525,0.4679231,0.03693045,0.4017671,0.04061592,0.4722572,-0.4757027,0,0,0,0
2101,12.97723,13.34114,13.96778,11.08738,1.710339e-20,0.1368428,0.0695252,0.129172,1,0.4559324,0,0.4668531,0.03667752,0.3978506,0.03464603,0.4637652,-0.4744806,0,0,0,0
2102,10.72681,13.28478,13.97151,11.12045,0.07042921,0.1367777,0.06954965,0.1242253,1,0.3864982,0.01899333,0.465167,0.03666027,0.3988873,0.03333443,0.4726903,-0.4753686,0,0,0,0
2103,10.6673,13.20133,13.97521,11.3912,0.1093559,0.1372102,0.06958762,0.1212565,1,0.384616,0.02938476,0.4626671,0.03677474,0.4073471,0.03254673,0.4757364,-0.4766809,0,0,0,0
2104,9.090072,13.15081,13.97837,11.22269,1.509369e-20,0.1365946,0.06958762,0.1127964,1,0.3338134,0,0.4611517,0.03661183,0.4020878,0.03029961,0.4723843,-0.4785073,0,0,0,0
2105,10.07209,13.1069,13.98186,10.83901,0.1176784,0.1373562,0.06962848,0.1127004,1,0.3656539,0.03159675,0.459833,0.03681337,0.3900404,0.03027409,0.4753385,-0.4765397,0,0,0,0
2106,12.4785,13.054,13.9862,11.1569,0.2636462,0.1380405,0.06972003,0.1110933,1,0.4408303,0.06985147,0.458243,0.03699445,0.4000289,0.02984681,0.4727692,-0.4758471,0,0,0,0
2107,10.85897,13.00664,13.98997,10.93347,1.332013e-20,0.1371222,0.06972003,0.1091559,1,0.3906697,0,0.456818,0.03675145,0.3930158,0.02933154,0.4748494,-0.4771397,0,0,0,0
2108,9.976177,12.98991,13.99343,10.82271,0.2923947,0.1397554,0.06982155,0.1346296,1,0.3625748,0.07726767,0.4563141,0.03744813,0.3895264,0.03609168,0.4729268,-0.4763951,0,0,0,0
2109,16.4578,12.98758,13.99915,11.51362,0.1093559,0.1389267,0.06985952,0.1316235,1,0.5571433,0.02938476,0.4562442,0.03722891,0.4111561,0.03529556,0.4699163,-0.4767614,0,0,0,0
2110,12.43854,12.94897,14.00346,11.90832,0.105068,0.1393718,0.06989601,0.1419751,1,0.4396134,0.02824377,0.4550808,0.03734664,0.4233688,0.03803513,0.4735614,-0.4782551,0,0,0,0
2111,13.95884,12.9574,14.00831,12.33958,0.2593308,0.1402896,0.06998605,0.1605957,1,0.4852026,0.06873494,0.455335,0.03758941,0.4365953,0.04295003,0.4721903,-0.481456,0,0,0,0
2112,10.91096,12.92796,14.0121,12.16416,0.3005784,0.1436293,0.07009042,0.1680391,1,0.3923074,0.07937186,0.4544474,0.03847244,0.4312299,0.04491002,0.4774467,-0.4788351,0,0,0,0
2113,10.20825,12.89477,14.01564,12.08011,1.037373e-20,0.1436293,0.07009042,0.166555,1,0.3700138,0,0.4534463,0.03847244,0.4286519,0.04451944,0.476836,-0.4776585,0,0,0,0
2114,11.72589,12.8589,14.01972,12.24861,9.950373e-21,0.1404467,0.07009042,0.1330719,1,0.4177368,0,0.4523635,0.03763096,0.4338152,0.0356792,0.4769779,-0.4791711,0,0,0,0
2115,12.68221,12.81982,14.02412,11.81711,0.09318699,0.1414821,0.07012278,0.1302669,1,0.4470178,0.02507757,0.4511828,0.03790477,0.4205558,0.03493617,0.4762279,-0.4812897,0,0,0,0
2116,8.705955,12.73713,14.02714,11.38106,0.06501436,0.1393321,0.07014535,0.1254173,1,0.3211653,0.01754189,0.4486815,0.03733616,0.4070313,0.03365059,0.4780223,-0.4819373,0,0,0,0
2117,11.24438,12.65589,14.03105,11.09576,0.1093559,0.1373846,0.07018332,0.1075701,1,0.4027657,0.02938476,0.4462198,0.03682089,0.3981134,0.02890966,0.4758003,-0.4819639,0,0,0,0
2118,12.43854,12.66621,14.03537,11.26256,8.422809e-21,0.1365701,0.07018332,0.07035925,1,0.4396134,0,0.4465328,0.03660535,0.4033339,0.01897458,0.4760104,-0.4815592,0,0,0,0
2119,11.05847,12.60966,14.03921,11.33903,0.1631399,0.1364009,0.07023997,0.08869088,1,0.3969436,0.04362026,0.4448171,0.03656055,0.405721,0.02387758,0.4748487,-0.4836036,0,0,0,0
2120,8.030097,12.52677,14.04199,10.89638,0.3044506,0.1388653,0.07034568,0.1222272,1,0.298638,0.0803664,0.4422987,0.03721267,0.3918482,0.03280432,0.4825356,-0.4828708,0,0,0,0
2121,11.50977,12.50676,14.04599,10.76882,0.1390187,0.1385973,0.07039395,0.1274383,1,0.4110366,0.03725323,0.4416903,0.03714177,0.3878255,0.03418649,0.4793053,-0.4847144,0,0,0,0
2122,18.17778,12.57803,14.0523,11.89105,0.1283304,0.1400232,0.07043851,0.1350516,1,0.6046531,0.03442296,0.4438569,0.03751896,0.4228365,0.03620341,0.4803521,-0.4824933,0,0,0,0
2123,22.23792,12.66742,14.06002,13.23362,0.1335677,0.1402922,0.07048489,0.1374843,1,0.7109625,0.03581049,0.4465696,0.03759011,0.463635,0.03684728,0.4810793,-0.4806383,0,0,0,0
2124,21.36596,12.76573,14.06744,14.32609,6.55969e-21,0.1393739,0.07048489,0.1367619,1,0.6887826,0,0.4495472,0.03734721,0.4960026,0.03665611,0.47548,-0.4815483,0,0,0,0
2125,20.59383,12.82466,14.07459,15.45857,0.06246511,0.1392854,0.07050658,0.1243063,1,0.6688535,0.01685807,0.4513292,0.0373238,0.5288061,0.03335592,0.4772292,-0.4821784,0,0,0,0
2126,24.05156,12.95869,14.08294,17.39516,0.2338332,0.141101,0.07058777,0.1179804,1,0.7560316,0.06212019,0.4553737,0.037804,0.5832292,0.03167695,0.4793229,-0.4812753,0,0,0,0
2127,21.7584,12.99815,14.0905,18.68476,0.105068,0.1422684,0.07062425,0.1139496,1,0.6988074,0.02824377,0.4565624,0.03811269,0.6183637,0.03060611,0.4774947,-0.4822904,0,0,0,0
2128,25.55415,13.09805,14.09937,19.67237,0.1471956,0.1419403,0.07067536,0.1170657,1,0.7923331,0.03941477,0.4595672,0.03802593,0.6447038,0.03143401,0.480831,-0.4846506,0,0,0,0
2129,26.05475,13.24528,14.10842,20.23929,5.326051e-21,0.1413721,0.07067536,0.1009086,1,0.8042272,0,0.4639843,0.03787568,0.6596096,0.0271361,0.4786203,-0.4869407,0,0,0,0
2130,24.05156,13.34331,14.11677,20.69673,0.3969731,0.1451422,0.0708132,0.1462754,1,0.7560316,0.1039285,0.4669178,0.03887226,0.6715252,0.03917168,0.4762296,-0.4843322,0,0,0,0
2131,25.2738,13.44127,14.12555,21.35335,0.1184639,0.1458429,0.07085433,0.1538138,1,0.7856289,0.03180535,0.4698432,0.0390574,0.6884595,0.04116188,0.4788933,-0.4874814,0,0,0,0
2132,22.30903,13.53026,14.13329,21.28843,0.1184639,0.1460815,0.07089546,0.1415287,1,0.7127565,0.03180535,0.472496,0.03912044,0.6867939,0.03791709,0.4823997,-0.486284,0,0,0,0
2133,23.14547,13.60237,14.14133,21.58119,0.2210263,0.1463169,0.07097221,0.1556537,1,0.733691,0.05878627,0.4746417,0.03918263,0.6942893,0.04164722,0.4857211,-0.4846188,0,0,0,0
2134,22.30903,13.63146,14.14907,21.3675,0.07042921,0.1461811,0.07099666,0.1479067,1,0.7127565,0.01899333,0.4755062,0.03914676,0.6888222,0.03960258,0.4813981,-0.4832864,0,0,0,0
2135,22.64638,13.72051,14.15694,21.12851,0.07042921,0.145419,0.07102112,0.1552071,1,0.7212363,0.01899333,0.4781501,0.0389454,0.6826831,0.04152944,0.4851961,-0.4853188,0,0,0,0
2136,22.80963,13.82728,14.16486,21.10531,3.978653e-21,0.1442516,0.07102112,0.1081696,1,0.7253221,0,0.4813139,0.0386369,0.6820858,0.02906918,0.4835862,-0.4883432,0,0,0,0
2137,24.05156,13.9404,14.17321,21.11609,0.2647499,0.1464708,0.07111305,0.1273653,1,0.7560316,0.0701369,0.4846582,0.03922331,0.6823633,0.03416712,0.4887084,-0.4908695,0,0,0,0
2138,25.15337,14.05731,14.18194,21.60076,0.08953307,0.1453017,0.07114413,0.1218967,1,0.7827393,0.02410243,0.4881063,0.0389144,0.6947888,0.03271663,0.4827101,-0.4860703,0,0,0,0
2139,20.23033,14.12798,14.18897,21.31877,3.511149e-21,0.1453017,0.07114413,0.09612318,1,0.659375,0,0.4901864,0.0389144,0.6875726,0.02586069,0.4854895,-0.486306,0,0,0,0
2140,24.55216,14.25723,14.19749,21.7026,0.3496686,0.1471431,0.07126555,0.1298676,1,0.7682274,0.09192985,0.4939837,0.0394009,0.6973863,0.03483035,0.4851598,-0.4843231,0,0,0,0
2141,24.55216,14.38446,14.20602,22.03206,0.08264944,0.1474458,0.07129424,0.1292622,1,0.7682274,0.02226357,0.4977116,0.03948087,0.7057568,0.03466994,0.483161,-0.4889178,0,0,0,0
2142,23.74051,14.49314,14.21426,22.27804,0.1390187,0.1461481,0.07134251,0.1429137,1,0.7484012,0.03725323,0.5008885,0.03913803,0.7119749,0.03828326,0.4858914,-0.4847988,0,0,0,0
2143,24.16709,14.60584,14.22265,22.44598,0.07330348,0.1444725,0.07136797,0.1224563,1,0.7588552,0.01976317,0.5041754,0.03869529,0.7162048,0.03286512,0.4812144,-0.4871334,0,0,0,0
2144,24.05156,14.72642,14.231,22.4605,0.2158553,0.1468709,0.07144292,0.1388905,1,0.7560316,0.05743794,0.5076838,0.039329,0.7165701,0.03721933,0.4886697,-0.4865046,0,0,0,0
2145,22.30903,14.8214,14.23875,22.79844,0.1567431,0.1465687,0.07149734,0.1570126,1,0.7127565,0.0419345,0.5104415,0.03924917,0.7250423,0.04200556,0.4816604,-0.4897258,0,0,0,0
2146,21.36596,14.92969,14.24617,22.58508,0.1335677,0.1446928,0.07154372,0.1337631,1,0.6887826,0.03581049,0.5135791,0.0387535,0.7196991,0.03586224,0.4868828,-0.4904585,0,0,0,0
2147,22.6645,15.03925,14.25404,22.50223,0.3814076,0.147189,0.07167615,0.1699812,1,0.7216904,0.09999133,0.5167466,0.03941303,0.7176189,0.04542099,0.4883065,-0.4920981,0,0,0,0
2148,24.2828,15.17994,14.26247,22.69409,0.06001581,0.1433662,0.07169699,0.16187,1,0.7616779,0.01620075,0.5208042,0.0384029,0.7224315,0.04328575,0.4913186,-0.4892557,0,0,0,0
2149,25.03313,15.3139,14.27116,22.94559,0.1520904,0.1435721,0.0717498,0.1705013,1,0.7798487,0.04070712,0.5246567,0.0384573,0.728716,0.04555779,0.4869885,-0.4919405,0,0,0,0
2150,25.03313,15.42109,14.27985,23.24357,2.220228e-21,0.1414449,0.0717498,0.1431346,1,0.7798487,0,0.5277323,0.03789493,0.7361267,0.03834166,0.4848159,-0.4923747,0,0,0,0
2151,23.74051,15.54801,14.2881,23.53852,0.1505971,0.1416923,0.07180209,0.1425803,1,0.7484012,0.04031298,0.5313653,0.03796035,0.7434247,0.03819514,0.4934278,-0.4892681,0,0,0,0
2152,21.36596,15.63804,14.29552,23.57395,0.2271723,0.1423298,0.07188097,0.1540791,1,0.6887826,0.06038716,0.5339369,0.0381289,0.7442988,0.04123187,0.4908148,-0.490233,0,0,0,0
2153,23.14547,15.75408,14.30355,23.63747,0.06501436,0.1430522,0.07190354,0.1181626,1,0.733691,0.01754189,0.5372444,0.03831987,0.7458647,0.03172534,0.4905038,-0.4899926,0,0,0,0
2154,20.10161,15.83987,14.31053,23.15885,0.525247,0.1451199,0.07208592,0.175691,1,0.6560036,0.1359713,0.539685,0.03886636,0.7340235,0.04692217,0.4926057,-0.492584,0,0,0,0
2155,23.5706,15.96866,14.31872,23.02942,0.2073915,0.1468328,0.07215793,0.1834459,1,0.744216,0.05522832,0.5433412,0.03931892,0.7308047,0.04895852,0.4905644,-0.4916538,0,0,0,0
2156,31.21191,16.18517,14.32955,23.79551,0.1390187,0.1468328,0.0722062,0.1978389,1,0.9213691,0.03725323,0.5494667,0.03931892,0.7497534,0.05273039,0.499467,-0.4951752,0,0,0,0
2157,30.62446,16.38724,14.34019,24.65891,0.2516289,0.1484136,0.07229357,0.2106931,1,0.9084955,0.06674005,0.5551602,0.03973646,0.7708147,0.05609067,0.4900075,-0.4931373,0,0,0,0
2158,35.19133,16.61912,14.35241,26.30214,0.2073915,0.1491733,0.07236558,0.2091641,1,1.005675,0.05522832,0.5616662,0.03993707,0.8100691,0.05569137,0.4897255,-0.4931261,0,0,0,0
2159,37.34504,16.90495,14.36537,28.00532,0.1184639,0.1504895,0.07240672,0.2164192,1,1.049327,0.03180535,0.5696458,0.04028459,0.8496587,0.05758504,0.4920811,-0.4915377,0,0,0,0
2160,35.27578,17.18818,14.37762,29.81605,1.463665e-21,0.1484423,0.07240672,0.1536476,1,1.007412,0,0.5775095,0.03974405,0.89059,0.04111803,0.4963779,-0.4929198,0,0,0,0
2161,35.19133,17.4263,14.38984,31.21744,0.07042921,0.1462885,0.07243117,0.1378958,1,1.005675,0.01899333,0.5840878,0.03917514,0.9214896,0.03695618,0.4913778,-0.4929348,0,0,0,0
2162,30.57553,17.59615,14.40046,31.23858,0.1446921,0.1451181,0.07248141,0.1388177,1,0.9074181,0.03875333,0.5887615,0.03886589,0.9219507,0.03720006,0.4920125,-0.4938129,0,0,0,0
2163,33.12208,17.84012,14.41196,31.62694,0.1992595,0.1452566,0.0725506,0.132757,1,0.962452,0.05310214,0.5954487,0.03890248,0.9303954,0.0355958,0.499043,-0.4982558,0,0,0,0
2164,33.17508,18.08846,14.42348,31.52365,0.180357,0.1449562,0.07261322,0.1309746,1,0.9635754,0.04814775,0.6022241,0.03882311,0.9281541,0.03512366,0.4943155,-0.4981065,0,0,0,0
2165,33.12208,18.30841,14.43498,31.17083,0.1093559,0.144855,0.0726512,0.1303951,1,0.962452,0.02938476,0.6081983,0.03879637,0.9204724,0.03497013,0.4937449,-0.497131,0,0,0,0
2166,33.12208,18.55125,14.44648,31.04611,0.105068,0.1437126,0.07268768,0.1432368,1,0.962452,0.02824377,0.6147658,0.03849444,0.9177473,0.03836867,0.4981578,-0.4960701,0,0,0,0
2167,35.19133,18.83355,14.4587,31.16988,0.2782598,0.1448669,0.0727843,0.1664791,1,1.005675,0.07362606,0.622363,0.03879951,0.9204519,0.04449948,0.5018055,-0.4962437,0,0,0,0
2168,29.98807,19.02855,14.46911,31.15833,0.2271723,0.1449531,0.07286317,0.1771729,1,0.8944188,0.06038716,0.6275873,0.0388223,0.9201996,0.04731153,0.4981165,-0.4949462,0,0,0,0
2169,31.82334,19.2468,14.48016,31.14284,1.005961e-21,0.1407319,0.07286317,0.155033,1,0.9346471,0,0.6334124,0.03770639,0.9198613,0.0414835,0.4992079,-0.4977989,0,0,0,0
2170,29.98807,19.46444,14.49057,30.84912,0.4725316,0.1434922,0.07302725,0.188862,1,0.8944188,0.122889,0.6391981,0.0384362,0.9134325,0.05037903,0.49102,-0.4948345,0,0,0,0
2171,30.57553,19.64847,14.50119,30.6331,0.1992595,0.1457062,0.07309644,0.2001469,1,0.9074181,0.05310214,0.644072,0.0390213,0.9086857,0.05333432,0.4999813,-0.4989607,0,0,0,0
2172,29.98807,19.85919,14.5116,30.3543,0.270746,0.1487145,0.07319044,0.2200192,1,0.8944188,0.07168654,0.6496328,0.03981593,0.9025363,0.05852377,0.4964719,-0.4982755,0,0,0,0
2173,30.62446,20.07428,14.52224,29.91861,8.515277e-22,0.1472304,0.07319044,0.188287,1,0.9084955,0,0.6552868,0.03942397,0.892874,0.0502283,0.4959848,-0.4976669,0,0,0,0
2174,32.48569,20.27903,14.53352,30.28984,0.2194121,0.1486735,0.07326663,0.1874643,1,0.9488945,0.05836551,0.6606486,0.0398051,0.9011109,0.05001258,0.501632,-0.4975783,0,0,0,0
2175,30.57553,20.46587,14.54413,30.24304,0.1470764,0.1482639,0.0733177,0.2036987,1,0.9074181,0.03938327,0.6655238,0.03969694,0.9000752,0.0542632,0.4962765,-0.4997702,0,0,0,0
2176,28.81223,20.66795,14.55414,30.19513,0.1992595,0.1493563,0.07338688,0.174065,1,0.8680423,0.05310214,0.6707785,0.03998539,0.8990139,0.04649484,0.5010757,-0.500119,0,0,0,0
2177,29.98807,20.89252,14.56455,30.21123,0.1476638,0.1485986,0.07343816,0.165735,1,0.8944188,0.03953844,0.6765955,0.03978532,0.8993707,0.0443036,0.4987003,-0.4986839,0,0,0,0
2178,29.37665,21.07779,14.57475,30.19989,0.2073915,0.1470897,0.07351017,0.1603331,1,0.8807635,0.05522832,0.6813769,0.03938681,0.8991195,0.04288084,0.4960973,-0.4981635,0,0,0,0
2179,25.53372,21.22063,14.58361,29.63982,0.1335677,0.1469661,0.07355655,0.1749682,1,0.7918456,0.03581049,0.6850526,0.03935415,0.8866569,0.04673221,0.5016967,-0.5026113,0,0,0,0
2180,29.65908,21.42894,14.59391,29.37715,6.361061e-22,0.1432918,0.07355655,0.1505891,1,0.8870872,0,0.6903962,0.03838322,0.8807748,0.04031086,0.4962389,-0.5004498,0,0,0,0
2181,28.78919,21.62364,14.60391,29.23476,0.1093559,0.143081,0.07359452,0.1459397,1,0.8675207,0.02938476,0.6953729,0.03832749,0.8775762,0.03908298,0.5022355,-0.500603,0,0,0,0
2182,31.18696,21.838,14.61474,29.60774,0.06766764,0.1429851,0.07361801,0.1295461,1,0.9208246,0.01825328,0.7008321,0.03830215,0.88594,0.03474515,0.5047332,-0.5015653,0,0,0,0
2183,28.81223,22.03211,14.62474,29.54006,0.1839397,0.1432873,0.07368188,0.1348981,1,0.8680423,0.0490881,0.705758,0.03838203,0.8844258,0.03616276,0.5020252,-0.5053328,0,0,0,0
2184,29.42365,22.22218,14.63496,29.64886,0.1697978,0.1444516,0.07374084,0.1267716,1,0.881818,0.04537273,0.7105651,0.03868975,0.8868589,0.03400972,0.5025534,-0.5025312,0,0,0,0
2185,29.37665,22.39276,14.64516,30.14036,0.3977043,0.1469069,0.07387893,0.1582347,1,0.8807635,0.1041132,0.7148657,0.0393385,0.8978,0.04232777,0.5027404,-0.5001758,0,0,0,0
2186,28.22477,22.59556,14.65496,29.94781,0.1567431,0.1475708,0.07393335,0.1758475,1,0.8546817,0.0419345,0.7199619,0.03951387,0.8935235,0.0469633,0.5052648,-0.5012746,0,0,0,0
2187,29.51775,22.83263,14.66521,30.01646,0.105068,0.1473123,0.07396984,0.1737427,1,0.8839263,0.02824377,0.7258968,0.03944559,0.8950496,0.04641009,0.4970874,-0.5013064,0,0,0,0
2188,31.18696,23.06323,14.67604,29.97197,0.2421492,0.1493873,0.07405392,0.1935157,1,0.9208246,0.06428092,0.7316462,0.03999358,0.8940607,0.05159847,0.5113621,-0.5019626,0,0,0,0
2189,29.37665,23.24297,14.68624,29.94614,0.244395,0.1507865,0.07413877,0.2016322,1,0.8807635,0.06486388,0.7361118,0.04036298,0.8934864,0.05372282,0.5041611,-0.505139,0,0,0,0
2190,29.37665,23.46117,14.69644,29.87537,0.07940871,0.1485168,0.07416635,0.1924713,1,0.8807635,0.02139704,0.7415143,0.03976371,0.8919115,0.05132489,0.503963,-0.5006292,0,0,0,0
2191,29.37665,23.64339,14.70664,29.81077,0.1567431,0.1502584,0.07422077,0.1666569,1,0.8807635,0.0419345,0.7460105,0.04022356,0.8904722,0.04454625,0.5044651,-0.500561,0,0,0,0
2192,28.36034,23.83932,14.71649,29.80122,0.2321289,0.152055,0.07430137,0.1760046,1,0.857776,0.06167697,0.7508294,0.04069779,0.8902593,0.04700456,0.5064,-0.502377,0,0,0,0
2193,29.98807,24.05399,14.7269,29.81865,0.1964683,0.1530229,0.07436959,0.1861291,1,0.8944188,0.05237162,0.756091,0.04095322,0.8906479,0.04966245,0.5071728,-0.5025741,0,0,0,0
2194,29.51775,24.28097,14.73715,29.59255,0.08264944,0.1539413,0.07439829,0.1673213,1,0.8839263,0.02226357,0.7616332,0.04119551,0.8856001,0.04472113,0.5137955,-0.5052012,0,0,0,0
2195,26.76735,24.46647,14.74644,29.23202,0.1628366,0.154443,0.07445483,0.1588535,1,0.820991,0.04354037,0.766147,0.04132788,0.8775145,0.04249088,0.5068765,-0.5033582,0,0,0,0
2196,26.76735,24.62523,14.75574,28.87149,0.2774689,0.1545966,0.07455117,0.1827757,1,0.820991,0.07342204,0.7699991,0.0413684,0.8693833,0.04878266,0.5061383,-0.5049257,0,0,0,0
2197,27.68248,24.81216,14.76535,28.59981,0.1184639,0.1559129,0.07459231,0.176747,1,0.8422375,0.03180535,0.7745213,0.04171557,0.8632257,0.04719963,0.5083696,-0.5052125,0,0,0,0
2198,26.09644,24.99128,14.77441,28.30503,0.09318699,0.1536995,0.07462466,0.1598203,1,0.8052133,0.02507757,0.7788412,0.04113172,0.8565144,0.04274568,0.5104509,-0.5035741,0,0,0,0
2199,29.37665,25.13482,14.78461,28.20991,0.1567431,0.154226,0.07467909,0.1571479,1,0.8807635,0.0419345,0.7822939,0.04127062,0.854342,0.04204125,0.508476,-0.5029831,0,0,0,0
2200,28.26994,25.31072,14.79443,28.05217,2.764506e-22,0.1530586,0.07467909,0.1427143,1,0.8557133,0,0.7865137,0.04096261,0.8507326,0.03823056,0.5075029,-0.5065377,0,0,0,0
2201,28.78919,25.4755,14.80442,28.25697,0.07330348,0.1509916,0.07470454,0.1313667,1,0.8675207,0.01976317,0.7904555,0.04041712,0.8554173,0.03522754,0.513859,-0.503306,0,0,0,0
2202,28.22477,25.66788,14.81422,28.39932,0.1188097,0.1489719,0.07474579,0.1120497,1,0.8546817,0.03189719,0.7950439,0.0398839,0.8586644,0.0301011,0.50863,-0.5051566,0,0,0,0
2203,27.74891,25.86278,14.82386,28.37475,0.1184639,0.1502882,0.07478693,0.113366,1,0.8437677,0.03180535,0.7996776,0.04023143,0.8581044,0.030451,0.5090596,-0.506762,0,0,0,0
2204,23.64606,25.99522,14.83207,28.00426,0.3605474,0.1542943,0.07491212,0.1446409,1,0.7460763,0.09469805,0.8028179,0.04128864,0.8496346,0.03873978,0.5108467,-0.509547,0,0,0,0
2205,26.59704,26.14983,14.8413,27.65121,0.2593308,0.1561403,0.07500216,0.1572868,1,0.8170021,0.06873494,0.8064753,0.04177555,0.8415167,0.04207786,0.5119822,-0.5083182,0,0,0,0
2206,25.07318,26.33169,14.85001,27.25447,0.3778919,0.1596167,0.07513337,0.2012596,1,0.7808124,0.09910058,0.8107653,0.04269204,0.8323395,0.05362536,0.51389,-0.5089899,0,0,0,0
2207,29.37665,26.53316,14.86021,27.31295,0.1481321,0.1600476,0.07518481,0.2095791,1,0.8807635,0.03966213,0.8155032,0.04280559,0.8336958,0.05579975,0.5129489,-0.5059671,0,0,0,0
2208,24.2828,26.66476,14.86864,26.81836,0.1232985,0.1614176,0.07522762,0.2091434,1,0.7616779,0.03308857,0.8185896,0.04316657,0.8221835,0.05568598,0.5114729,-0.5082982,0,0,0,0
2209,24.55216,26.81469,14.87716,26.45226,1.900015e-22,0.1596049,0.07522762,0.1944967,1,0.7682274,0,0.8220978,0.04268892,0.8136025,0.0518554,0.5170063,-0.5095073,0,0,0,0
2210,21.91525,26.96897,14.88477,26.1739,0.1697978,0.1581088,0.07528658,0.1751889,1,0.7027946,0.04537273,0.825699,0.04229457,0.8070439,0.04679023,0.5159344,-0.5075529,0,0,0,0
2211,22.6645,27.09291,14.89264,25.6689,0.1839397,0.1586079,0.07535045,0.1676409,1,0.7216904,0.0490881,0.8285854,0.04242614,0.7950682,0.04480523,0.5137883,-0.5063454,0,0,0,0
2212,22.30903,27.13882,14.90039,25.26313,0.1471956,0.1588175,0.07540156,0.1428916,1,0.7127565,0.03941477,0.829653,0.04248139,0.7853732,0.03827743,0.518362,-0.5091534,0,0,0,0
2213,19.69175,27.11052,14.90723,24.08569,1.608328e-22,0.1573334,0.07540156,0.1243887,1,0.645216,0,0.8289952,0.04209015,0.7568663,0.03337779,0.5090989,-0.5077515,0,0,0,0
2214,21.32474,27.11007,14.91463,23.66703,0.2073915,0.1596378,0.07547357,0.1341501,1,0.6877258,0.05522832,0.8289845,0.04269758,0.7465929,0.03596471,0.5116683,-0.5084248,0,0,0,0
2215,20.92197,27.11371,14.9219,23.16974,0.5410318,0.1649552,0.07566142,0.1958572,1,0.6773566,0.1398656,0.8290693,0.04409829,0.734294,0.05221165,0.5139316,-0.5121843,0,0,0,0
2216,18.55612,27.05265,14.92834,22.68907,0.1631399,0.1641697,0.07571807,0.1951885,1,0.6148972,0.04362026,0.8276485,0.04389146,0.7223059,0.05203657,0.511228,-0.5067022,0,0,0,0
2217,18.20687,27.01319,14.93466,22.0681,0.05766256,0.163643,0.07573809,0.180631,1,0.6054433,0.01556892,0.8267295,0.04375275,0.7066696,0.0482197,0.5121688,-0.5128095,0,0,0,0
2218,18.20687,26.93155,14.94098,21.46808,0.4013918,0.1664674,0.07587746,0.2106444,1,0.6054433,0.1050442,0.8248264,0.04449638,0.6913981,0.05607795,0.5200869,-0.5092765,0,0,0,0
2219,17.23915,26.8336,14.94697,21.06071,0.4348226,0.1712987,0.07602844,0.2610739,1,0.5789199,0.1134575,0.8225397,0.04576752,0.6809368,0.06918603,0.5143794,-0.5079068,0,0,0,0
2220,21.05594,26.80032,14.95428,20.93839,1.201449e-22,0.1668879,0.07602844,0.2371481,1,0.6808139,0,0.8217619,0.04460707,0.6777808,0.06298187,0.5195757,-0.5107233,0,0,0,0
2221,19.88107,26.7404,14.96118,20.71723,0.2109798,0.1679159,0.0761017,0.2010783,1,0.650209,0.05616554,0.8203605,0.0448776,0.672057,0.05357794,0.5108324,-0.5126675,0,0,0,0
2222,17.81427,26.69046,14.96737,20.51762,0.2850735,0.1697671,0.07620069,0.2152147,1,0.5947418,0.07538264,0.8191915,0.04536466,0.6668714,0.05727083,0.5204325,-0.5089269,0,0,0,0
2223,16.65559,26.61835,14.97315,20.19712,1.060275e-22,0.1673112,0.07620069,0.2066248,1,0.5626868,0,0.8175018,0.04471849,0.658506,0.055028,0.5154428,-0.5096931,0,0,0,0
2224,16.92053,26.55848,14.97903,19.91422,0.2850735,0.1696962,0.07629967,0.1959497,1,0.5700795,0.07538264,0.8160974,0.04534601,0.6510816,0.05223585,0.5175554,-0.5113341,0,0,0,0
2225,17.49297,26.50122,14.9851,19.83938,0.284888,0.172079,0.07639859,0.1806464,1,0.585924,0.07533485,0.814753,0.04597272,0.6491109,0.04822374,0.5191634,-0.5130847,0,0,0,0
2226,16.0134,26.4257,14.99066,19.15961,0.07940871,0.1729614,0.07642616,0.1872689,1,0.5446091,0.02139704,0.8129781,0.0462047,0.6310882,0.04996136,0.516377,-0.5091259,0,0,0,0
2227,17.87131,26.35703,14.99687,18.82729,8.975036e-23,0.1700197,0.07642616,0.1625105,1,0.5963014,0,0.8113621,0.04543111,0.6221948,0.04345447,0.5198262,-0.5133464,0,0,0,0
2228,17.11577,26.26773,15.00281,18.64989,0.06246511,0.1697189,0.07644785,0.1374348,1,0.575503,0.01685807,0.8092579,0.045352,0.6174248,0.03683419,0.5162819,-0.5150349,0,0,0,0
2229,13.76046,26.19584,15.00759,18.15469,0.07042921,0.1705015,0.0764723,0.1443013,1,0.4793346,0.01899333,0.8075618,0.04555784,0.6040257,0.03865004,0.5237736,-0.5134189,0,0,0,0
2230,9.992141,26.03406,15.01106,17.18179,0.105068,0.1677837,0.07650879,0.1254681,1,0.3630878,0.02824377,0.8037376,0.04484282,0.5773324,0.03366407,0.5166864,-0.5142225,0,0,0,0
2231,13.41151,25.91028,15.01571,16.55743,7.597204e-23,0.1668654,0.07650879,0.09299938,1,0.4689552,0,0.8008046,0.04460114,0.5599383,0.02502752,0.517455,-0.5136316,0,0,0,0
2232,11.75573,25.77711,15.0198,15.90136,0.1138188,0.1665854,0.07654831,0.09676727,1,0.4186596,0.03057136,0.7976427,0.04452744,0.541432,0.02603242,0.5266228,-0.5147073,0,0,0,0
2233,11.72589,25.63888,15.02387,15.04051,0.2491623,0.1685394,0.07663482,0.1259042,1,0.4177368,0.0661006,0.7943531,0.04504167,0.5167831,0.03377972,0.5215787,-0.5124078,0,0,0,0
2234,12.80413,25.5139,15.02831,14.44097,6.704509e-23,0.166141,0.07663482,0.1149575,1,0.4507087,0,0.7913726,0.04441047,0.4993643,0.03087396,0.5205826,-0.5143445,0,0,0,0
2235,13.26318,25.41339,15.03292,14.23756,0.1335677,0.1658835,0.0766812,0.1205755,1,0.4645204,0.03581049,0.7889711,0.04434268,0.4934065,0.03236598,0.5199419,-0.5139568,0,0,0,0
2236,13.76046,25.32889,15.0377,14.53057,0.2808696,0.1675202,0.07677872,0.139031,1,0.4793346,0.07429914,0.7869488,0.04477347,0.5019809,0.03725651,0.5209523,-0.5167251,0,0,0,0
2237,10.80706,25.19714,15.04145,14.03486,0.1877175,0.165368,0.0768439,0.1603284,1,0.3890328,0.05007897,0.7837903,0.04420699,0.4874446,0.04287958,0.5293191,-0.5151739,0,0,0,0
2238,12.18493,25.06272,15.04568,13.94813,5.675244e-23,0.1647012,0.0768439,0.1463118,1,0.4318662,0,0.7805607,0.04403142,0.4848862,0.03918131,0.5213614,-0.5142707,0,0,0,0
2239,11.50977,24.91246,15.04968,13.7792,0.07629505,0.163859,0.07687039,0.1279521,1,0.4110366,0.020564,0.7769419,0.04380966,0.47989,0.03432268,0.5243723,-0.5188993,0,0,0,0
2240,11.80505,24.76548,15.05378,13.55585,5.221477e-23,0.163859,0.07687039,0.1260654,1,0.4201834,0,0.7733933,0.04380966,0.4732578,0.03382248,0.5223048,-0.5186356,0,0,0,0
2241,11.48222,24.62928,15.05776,13.23372,0.1138188,0.1634504,0.07690991,0.123092,1,0.4101802,0.03057136,0.7700971,0.04370204,0.463638,0.0330338,0.5220309,-0.5149993,0,0,0,0
2242,11.50977,24.51976,15.06176,12.86365,0.1586108,0.1626886,0.07696499,0.1096345,1,0.4110366,0.04242691,0.7674413,0.0435014,0.452507,0.02945886,0.5285656,-0.5161803,0,0,0,0
2243,10.91096,24.38383,15.06555,12.77763,0.1093559,0.1631813,0.07700296,0.1021428,1,0.3923074,0.02938476,0.7641379,0.04363116,0.4499073,0.02746486,0.5294241,-0.5171233,0,0,0,0
2244,9.847157,24.26989,15.06897,12.39035,0.1184639,0.1586615,0.07704409,0.1143173,1,0.3584226,0.03180535,0.7613632,0.04244026,0.4381445,0.03070384,0.5214493,-0.5143406,0,0,0,0
2245,13.80446,24.16137,15.07376,12.56623,0.1390187,0.1579018,0.07709236,0.1168198,1,0.4806383,0.03725323,0.7587157,0.04224,0.4434984,0.03136871,0.5216103,-0.5147371,0,0,0,0
2246,11.9795,23.94768,15.07792,12.51254,0.2475871,0.1591081,0.07717833,0.1452678,1,0.42556,0.06569208,0.7534878,0.04255798,0.4418661,0.03890545,0.524404,-0.5185416,0,0,0,0
2247,11.24438,23.73235,15.08182,12.40875,0.2725863,0.1593409,0.07727298,0.1652967,1,0.4027657,0.07216182,0.7482005,0.04261936,0.4387056,0.0441882,0.5245551,-0.5173783,0,0,0,0
2248,10.43319,23.45726,15.08545,12.20276,0.244395,0.1597521,0.07735784,0.1730838,1,0.3771874,0.06486388,0.7414176,0.04272772,0.4324122,0.0462369,0.5265,-0.5187761,0,0,0,0
2249,8.107145,23.13239,15.08826,11.78976,0.2930962,0.1616925,0.07745961,0.1919247,1,0.3012239,0.07744817,0.7333661,0.04323899,0.4197111,0.05118169,0.5292072,-0.5185332,0,0,0,0
2250,9.902089,22.85046,15.0917,11.67193,0.1869707,0.1637699,0.07752453,0.201614,1,0.3601919,0.04988315,0.7263421,0.04378619,0.4160669,0.05371807,0.5308142,-0.5217941,0,0,0,0
2251,8.112661,22.54959,15.09452,10.90875,0.3980006,0.1674096,0.07766272,0.2324678,1,0.3014089,0.104188,0.7188084,0.04474437,0.3922376,0.0617651,0.5241432,-0.5199881,0,0,0,0
2252,13.76046,22.36275,15.09929,11.06159,0.2108089,0.1681442,0.07773592,0.2275561,1,0.4793346,0.0561209,0.7141101,0.04493769,0.3970415,0.06048709,0.5308256,-0.5194939,0,0,0,0
2253,9.286184,22.09791,15.10252,10.76213,0.1702935,0.1678224,0.07779505,0.2180824,1,0.3402285,0.04550314,0.707424,0.044853,0.3876143,0.05801881,0.5258979,-0.5184543,0,0,0,0
2254,7.442321,21.81199,15.1051,10.3245,0.1446921,0.1674261,0.07784529,0.2054445,1,0.2787564,0.03875333,0.7001709,0.04474871,0.3737256,0.05471956,0.5316319,-0.5193919,0,0,0,0
2255,9.253406,21.54678,15.10832,10.36031,0.3000258,0.1695447,0.07794947,0.2063827,1,0.3391583,0.07922987,0.6934103,0.04530615,0.3748671,0.05496474,0.5303445,-0.5187288,0,0,0,0
2256,11.50977,21.30665,15.11231,10.4889,0.0511421,0.1689455,0.07796722,0.1909766,1,0.4110366,0.0138168,0.6872615,0.04514851,0.3789588,0.05093326,0.5299019,-0.5232527,0,0,0,0
2257,7.715232,21.00136,15.11499,10.3319,0.2123221,0.1682128,0.07804095,0.1727047,1,0.2880217,0.05651597,0.6794063,0.04495575,0.3739615,0.04613724,0.5278431,-0.5194186,0,0,0,0
2258,7.241788,20.74862,15.11751,9.497889,0.2421492,0.1683792,0.07812503,0.1781835,1,0.2719101,0.06428092,0.6728708,0.04499953,0.3471217,0.04757698,0.531572,-0.5204033,0,0,0,0
2259,9.247385,20.49778,15.12072,9.443433,2.365794e-23,0.1683792,0.07812503,0.1584795,1,0.3389616,0,0.6663548,0.04499953,0.3453518,0.04239228,0.5318767,-0.5215644,0,0,0,0
2260,11.24811,20.28955,15.12462,9.880254,0.08953307,0.1641237,0.07815611,0.1521781,1,0.4028823,0.02410243,0.6609236,0.04387936,0.3594889,0.04073027,0.5328724,-0.5254328,0,0,0,0
2261,10.43319,20.06575,15.12824,9.978248,2.176635e-23,0.1619097,0.07815611,0.1188419,1,0.3771874,0,0.655063,0.04329623,0.3626414,0.03190571,0.534577,-0.5210848,0,0,0,0
2262,11.30214,19.85813,15.13217,9.950137,0.1697978,0.1607881,0.07821507,0.1326478,1,0.4045697,0.04537273,0.6496048,0.04300071,0.3617378,0.03556689,0.5334569,-0.5234197,0,0,0,0
2263,8.303852,19.61012,15.13505,9.977517,2.002601e-23,0.1607881,0.07821507,0.106288,1,0.3078051,0,0.6430578,0.04300071,0.3626179,0.02856849,0.5355946,-0.5193259,0,0,0,0
2264,10.91096,19.3704,15.13884,10.36417,0.05322925,0.1589416,0.07823355,0.08588832,1,0.3923074,0.01437787,0.6367011,0.0425141,0.37499,0.02312908,0.5303326,-0.5213528,0,0,0,0
2265,8.357811,19.12354,15.14174,10.21082,1.842482e-23,0.1573074,0.07823355,0.08440423,1,0.3096051,0,0.6301256,0.0420833,0.3700959,0.02273256,0.5369545,-0.5224589,0,0,0,0
2266,4.002234,18.84787,15.14313,9.2973,0.2073915,0.1573978,0.07830556,0.09668318,1,0.1565575,0.05522832,0.6227473,0.04210712,0.3405913,0.02601,0.5315937,-0.5222616,0,0,0,0
2267,7.794559,18.60128,15.14584,8.970647,0.2849753,0.1589234,0.07840451,0.1294278,1,0.2907037,0.07535735,0.616115,0.04250932,0.3298929,0.0347138,0.5353196,-0.5251349,0,0,0,0
2268,4.88834,18.32919,15.14754,8.17693,1.625985e-23,0.1566191,0.07840451,0.1105613,1,0.1890369,0,0.6087614,0.04190181,0.3035621,0.02970535,0.5324753,-0.5256609,0,0,0,0
2269,4.88834,18.09979,15.14923,7.723857,0.0511421,0.1557033,0.07842227,0.1159643,1,0.1890369,0.0138168,0.6025324,0.04166029,0.2883136,0.03114145,0.5346808,-0.5246646,0,0,0,0
2270,8.06217,17.85983,15.15203,7.365737,0.2665892,0.1586654,0.07851484,0.1426331,1,0.299715,0.07061242,0.5959876,0.04244129,0.2761456,0.03820908,0.5324823,-0.5256325,0,0,0,0
2271,11.05847,17.66282,15.15587,7.661102,0.05322925,0.1580417,0.07853332,0.1478742,1,0.3969436,0.01437787,0.590592,0.04227689,0.2861887,0.03959401,0.5346498,-0.5246369,0,0,0,0
2272,6.842797,17.39233,15.15825,7.924865,1.376366e-23,0.1572899,0.07853332,0.1230684,1,0.2581912,0,0.583151,0.04207867,0.2950985,0.03302752,0.5347013,-0.5270181,0,0,0,0
2273,8.6989,17.16885,15.16127,8.000768,0.2856045,0.1584195,0.07863249,0.1250966,1,0.320932,0.07551946,0.576974,0.04237647,0.2976524,0.03356555,0.5367603,-0.5295258,0,0,0,0
2274,3.845305,16.88464,15.1626,7.818188,0.1184639,0.1578491,0.07867362,0.1382593,1,0.1507284,0.03180535,0.5690804,0.04222611,0.2915017,0.03705233,0.5349517,-0.5282825,0,0,0,0
2275,10.39993,16.67379,15.16622,8.392759,0.3106869,0.1568822,0.0787815,0.169005,1,0.376129,0.08196671,0.5631959,0.0419712,0.3107697,0.04516418,0.53914,-0.5252704,0,0,0,0
2276,6.637569,16.43393,15.16852,8.175115,0.1697978,0.1570273,0.07884046,0.1573861,1,0.2510834,0.04537273,0.5564727,0.04200944,0.3035013,0.04210404,0.5364977,-0.5307487,0,0,0,0
2277,9.253406,16.20877,15.17173,7.952431,0.2642739,0.1587962,0.07893222,0.1807431,1,0.3391583,0.0700138,0.5501329,0.04247579,0.2960265,0.04824913,0.5416255,-0.5260698,0,0,0,0
2278,9.14078,15.96382,15.17491,8.193402,0.185651,0.1581685,0.07899668,0.2007183,1,0.3354749,0.04953704,0.5432038,0.04231031,0.3041134,0.05348378,0.5400957,-0.5265139,0,0,0,0
2279,3.410479,15.6753,15.17609,7.553614,1.02817e-23,0.155453,0.07899668,0.1657278,1,0.1344528,0,0.5349998,0.04159428,0.282542,0.04430171,0.5376466,-0.5270628,0,0,0,0
2280,5.511588,15.41014,15.178,7.689974,0.1505971,0.156244,0.07904897,0.168894,1,0.2114513,0.04031298,0.5274183,0.04180289,0.2871667,0.04513498,0.5375462,-0.5252218,0,0,0,0
2281,7.105007,15.16267,15.18047,7.312675,0.1093559,0.1557174,0.07908694,0.1433168,1,0.2672217,0.02938476,0.5203068,0.04166403,0.274334,0.03838982,0.5394604,-0.5266877,0,0,0,0
2282,6.913154,14.92437,15.18287,7.267215,0.1138188,0.1544029,0.07912646,0.1360192,1,0.2606198,0.03057136,0.5134252,0.04131729,0.27278,0.03645954,0.5361772,-0.52591,0,0,0,0
2283,2.083426e-23,14.59117,15.18287,6.135879,0.1232985,0.1535899,0.07916927,0.1198331,1,0,0.03308857,0.5037479,0.04110281,0.2335593,0.0321689,0.5379455,-0.5284842,0,0,0,0
2284,9.206116,14.36549,15.18607,6.162736,0.1914464,0.1547987,0.07923575,0.1209966,1,0.3376128,0.05105638,0.4971562,0.04142172,0.2345029,0.03247773,0.5319526,-0.527658,0,0,0,0
2285,6.989023,14.14573,15.1885,6.535192,0.3420435,0.1567899,0.07935451,0.1594683,1,0.2632342,0.08998639,0.4907085,0.04194685,0.2475246,0.04265291,0.5453319,-0.5277382,0,0,0,0
2286,8.246329,13.93994,15.19136,6.802792,0.07330348,0.1545214,0.07937997,0.1511263,1,0.3058836,0.01976317,0.4846444,0.04134857,0.2568084,0.04045268,0.5408376,-0.5310128,0,0,0,0
2287,3.845305,13.67508,15.19269,6.397603,0.06501436,0.1539275,0.07940254,0.1445627,1,0.1507284,0.01754189,0.476802,0.04119189,0.242728,0.03871913,0.5366763,-0.530701,0,0,0,0
2288,6.826416,13.46097,15.19506,6.383351,0.1631399,0.1547048,0.07945919,0.149165,1,0.2576251,0.04362026,0.4704309,0.04139693,0.2422301,0.03993487,0.5408196,-0.5310674,0,0,0,0
2289,3.410479,13.17245,15.19625,6.697438,0.1446921,0.1545709,0.07950943,0.1531497,1,0.1344528,0.03875333,0.4618011,0.04136162,0.2531605,0.04098667,0.5393535,-0.5305536,0,0,0,0
2290,5.295476,12.91718,15.19809,6.196782,0.2246645,0.1570672,0.07958744,0.1583421,1,0.2037184,0.05973415,0.4541224,0.04201996,0.2356981,0.04235607,0.5378721,-0.5304398,0,0,0,0
2291,6.697933,12.67172,15.20041,6.122936,0.07629505,0.1571004,0.07961393,0.1296622,1,0.2531777,0.020564,0.4467001,0.04202872,0.2331044,0.03477592,0.5411113,-0.5305076,0,0,0,0
2292,7.412714,12.44048,15.20299,5.987096,0.105068,0.1569477,0.07965041,0.1324724,1,0.2777476,0.02824377,0.4396724,0.04198846,0.2283211,0.03552042,0.5396751,-0.5290664,0,0,0,0
2293,3.694528,12.17321,15.20427,5.919129,0.3258553,0.1592521,0.07976355,0.1650753,1,0.1451056,0.08585171,0.4315071,0.04259593,0.2259219,0.04412992,0.541107,-0.5292376,0,0,0,0
2294,4.696666,11.96266,15.2059,5.613442,0.1631399,0.1570587,0.0798202,0.1662965,1,0.182073,0.04362026,0.425042,0.04201771,0.2150814,0.04445141,0.5390479,-0.531293,0,0,0,0
2295,9.847157,11.77655,15.20932,6.345177,0.1335677,0.1556613,0.07986658,0.1665446,1,0.3584226,0.03581049,0.419303,0.04164922,0.240896,0.0445167,0.5443012,-0.5330289,0,0,0,0
2296,7.099327,11.57684,15.21178,6.580017,0.1767273,0.1534261,0.07992794,0.1608775,1,0.2670267,0.04719446,0.4131192,0.0410596,0.2490839,0.04302428,0.5476052,-0.5317932,0,0,0,0
2297,6.558748,11.32331,15.21406,6.550821,4.85673e-24,0.1517802,0.07992794,0.1492339,1,0.2483443,0,0.4052305,0.04062527,0.2480685,0.03995307,0.5432631,-0.5305567,0,0,0,0
2298,2.906219,11.08579,15.21507,6.028075,0.1904813,0.1525267,0.07999408,0.1608407,1,0.1153454,0.05080348,0.3978007,0.04082227,0.2297658,0.04301458,0.5415945,-0.5332519,0,0,0,0
2299,9.423406,10.91769,15.21834,6.715007,0.09318699,0.1535621,0.08002644,0.1354558,1,0.3447002,0.02507757,0.3925193,0.04109548,0.2537695,0.03631041,0.5423971,-0.5319318,0,0,0,0
2300,8.337803,10.76683,15.22124,7.12264,0.1503171,0.1533457,0.08007863,0.1327392,1,0.3089379,0.04023906,0.3877628,0.04103837,0.267827,0.03559108,0.5477518,-0.5305274,0,0,0,0
2301,7.922986,10.60304,15.22399,6.874005,0.105068,0.1524693,0.08011511,0.1301485,1,0.2950353,0.02824377,0.3825808,0.04080712,0.2592689,0.0349048,0.5439974,-0.5330322,0,0,0,0
2302,8.010873,10.44417,15.22677,6.988266,0.1992595,0.1530478,0.0801843,0.1348661,1,0.297992,0.05310214,0.3775368,0.04095978,0.2632082,0.03615429,0.5482558,-0.5314512,0,0,0,0
2303,7.412714,10.30774,15.22934,7.06886,0.1184639,0.1543641,0.08022543,0.1461716,1,0.2777476,0.03180535,0.3731909,0.04130705,0.2659802,0.03914426,0.5483772,-0.5328003,0,0,0,0
2304,4.696666,10.12298,15.23098,7.277259,0.08264944,0.152978,0.08025413,0.1337924,1,0.182073,0.02226357,0.3672849,0.04094137,0.2731235,0.03587,0.5466811,-0.5368943,0,0,0,0
2305,4.002234,9.934983,15.23236,6.603821,3.479999e-24,0.1469666,0.08025413,0.1199862,1,0.1565575,0,0.3612504,0.03935427,0.2499112,0.03220953,0.5450175,-0.5363451,0,0,0,0
2306,8.705955,9.825536,15.23539,6.667709,0.1335677,0.146638,0.08030051,0.1177226,1,0.3211653,0.03581049,0.3577256,0.03926747,0.2521295,0.03160848,0.5494739,-0.534656,0,0,0,0
2307,5.707602,9.686656,15.23737,6.382157,0.1567431,0.1477389,0.08035493,0.1222695,1,0.2184293,0.0419345,0.3532404,0.03955827,0.2421885,0.03281554,0.5435018,-0.5338145,0,0,0,0
2308,7.412714,9.566721,15.23994,6.296494,0.4423476,0.1481939,0.08050853,0.1521314,1,0.2777476,0.1153446,0.3493558,0.03967845,0.2391928,0.04071796,0.5543973,-0.5348067,0,0,0,0
2309,3.845305,9.4179,15.24128,5.904947,0.1567431,0.1451042,0.08056295,0.1581263,1,0.1507284,0.0419345,0.3445211,0.03886222,0.2254207,0.04229918,0.5534199,-0.532927,0,0,0,0
2310,4.002234,9.228414,15.24267,5.811017,0.1390187,0.1466488,0.08061122,0.1642609,1,0.1565575,0.03725323,0.3383417,0.03927033,0.2220973,0.04391547,0.5508972,-0.5365044,0,0,0,0
2311,7.190392,9.087407,15.24516,6.166205,0.1390187,0.1458493,0.08065949,0.180037,1,0.2701503,0.03725323,0.3337261,0.03905909,0.2346247,0.04806373,0.5464667,-0.5330883,0,0,0,0
2312,7.389056,8.971571,15.24773,6.025171,0.180929,0.1446921,0.08072231,0.186045,1,0.2769411,0.04829792,0.3299233,0.03875332,0.2296635,0.04964038,0.5485708,-0.5373769,0,0,0,0
2313,8.201694,8.877639,15.25058,6.393423,2.493528e-24,0.1446921,0.08072231,0.1672591,1,0.3043909,0,0.3268322,0.03875332,0.2425819,0.04470477,0.5513961,-0.5350232,0,0,0,0
2314,5.931042,8.755534,15.25264,6.192403,0.1697978,0.1434113,0.08078127,0.1367353,1,0.2263427,0.04537273,0.3228041,0.0384148,0.2355444,0.03664906,0.5499786,-0.535439,0,0,0,0
2315,9.461044,8.66629,15.25592,6.843841,0.09318699,0.1412812,0.08081363,0.1269084,1,0.3459244,0.02507757,0.3198529,0.03785166,0.2582272,0.03404599,0.5528371,-0.537208,0,0,0,0
2316,7.122057,8.567497,15.2584,7.177996,0.2338332,0.1429971,0.08089482,0.139227,1,0.267807,0.06212019,0.3165789,0.03830531,0.2697254,0.03730836,0.5534,-0.5370775,0,0,0,0
2317,8.733645,8.465968,15.26143,7.403783,2.110726e-24,0.1429971,0.08089482,0.1230581,1,0.3220808,0,0.3132064,0.03830531,0.2774432,0.0330248,0.5518008,-0.5377882,0,0,0,0
2318,6.486792,8.347868,15.26368,7.299758,0.1992595,0.144517,0.08096401,0.1254962,1,0.2458391,0.05310214,0.3092735,0.03870705,0.2738926,0.03367152,0.555503,-0.5348491,0,0,0,0
2319,7.195285,8.274922,15.26618,7.229988,0.2187119,0.1461646,0.08103995,0.1506199,1,0.2703179,0.05818294,0.306839,0.0391424,0.2715063,0.04031901,0.5536168,-0.5396463,0,0,0,0
2320,4.165569,8.210182,15.26763,7.02127,0.06246511,0.1456912,0.08106164,0.1368919,1,0.1625996,0.01685807,0.3046749,0.03901734,0.2643439,0.0366905,0.5549892,-0.5387915,0,0,0,0
2321,7.255784,8.141785,15.27014,6.782439,0.07042921,0.1464738,0.08108609,0.1342981,1,0.272389,0.01899333,0.302385,0.03922409,0.2561044,0.0360039,0.5605198,-0.5393372,0,0,0,0
2322,7.696763,8.096685,15.27282,6.849451,0.1009483,0.1463308,0.08112114,0.1194873,1,0.2873965,0.02714667,0.3008731,0.03918631,0.2584211,0.03207708,0.5456421,-0.5386592,0,0,0,0
2323,4.165569,8.012682,15.27426,6.347121,0.1154174,0.1448447,0.08116122,0.1299732,1,0.1625996,0.03099614,0.2980528,0.03879365,0.240964,0.03485835,0.5515407,-0.5415766,0,0,0,0
2324,5.95953,7.936631,15.27633,6.302568,0.1258308,0.1462428,0.08120491,0.1214,1,0.2273486,0.03376026,0.2954947,0.03916308,0.2394055,0.03258479,0.5511792,-0.5377096,0,0,0,0
2325,5.73652,7.853001,15.27832,6.09481,0.08953307,0.1457536,0.081236,0.1065575,1,0.2194559,0.02410243,0.2926764,0.03903381,0.2321153,0.02864021,0.555833,-0.541086,0,0,0,0
2326,6.558748,7.772982,15.2806,6.354712,0.1328943,0.1441094,0.08128214,0.1138959,1,0.2483443,0.03563217,0.2899747,0.03859932,0.2412294,0.03059184,0.5524057,-0.5375203,0,0,0,0
2327,3.694528,7.693954,15.28188,5.927192,1.391476e-24,0.1420236,0.08128214,0.1060704,1,0.1451056,0,0.2873015,0.03804797,0.2262067,0.02851059,0.555047,-0.5414308,0,0,0,0
2328,5.931042,7.624466,15.28394,5.76461,0.0511421,0.1425919,0.0812999,0.09898821,1,0.2263427,0.0138168,0.2849468,0.0381982,0.2204524,0.02662442,0.5543223,-0.537966,0,0,0,0
2329,10.59943,7.614351,15.28762,6.49255,0.08602243,0.1427,0.08132977,0.0956425,1,0.3824663,0.02316491,0.2846037,0.03822677,0.2460397,0.02573251,0.553629,-0.5404768,0,0,0,0
2330,6.826416,7.559033,15.28999,6.572078,0.0511421,0.1432682,0.08134753,0.08624181,1,0.2576251,0.0138168,0.282726,0.03837699,0.2488079,0.02322351,0.552981,-0.5388889,0,0,0,0
2331,8.391194,7.524688,15.29291,6.872244,0.06001581,0.1426704,0.08136837,0.08246154,1,0.3107176,0.01620075,0.281559,0.03821896,0.2592081,0.02221334,0.5579457,-0.5450665,0,0,0,0
2332,9.053909,7.497401,15.29605,7.161073,0.1446921,0.1425158,0.08141861,0.0831661,1,0.3326274,0.03875333,0.2806312,0.03817807,0.2691453,0.02240167,0.554597,-0.5388597,0,0,0,0
2333,7.860097,7.463503,15.29878,7.628885,1.083683e-24,0.1413007,0.08141861,0.08184983,1,0.2929158,0,0.2794776,0.0378568,0.2850966,0.02204981,0.5580923,-0.5407624,0,0,0,0
2334,6.093257,7.421793,15.3009,7.662426,0.06766764,0.1407363,0.0814421,0.08351954,1,0.2320607,0.01825328,0.278057,0.03770755,0.2862336,0.02249613,0.55982,-0.5409019,0,0,0,0
2335,7.539833,7.352186,15.30352,7.361778,0.1335677,0.1406757,0.08148848,0.09028643,1,0.2820737,0.03581049,0.2756832,0.03769153,0.2760105,0.02430353,0.5518066,-0.5432491,0,0,0,0
2336,5.602408,7.281329,15.30546,7.191294,9.563468e-25,0.1379247,0.08148848,0.08311988,1,0.2146886,0,0.2732627,0.03696382,0.2701811,0.02238932,0.5611525,-0.5428522,0,0,0,0
2337,2.195915e-24,7.156392,15.30546,6.195521,0.1335677,0.1363801,0.08153486,0.09103481,1,0,0.03581049,0.2689848,0.03655506,0.2356538,0.02450328,0.5649093,-0.5399306,0,0,0,0
2338,2.577585,7.069107,15.30636,5.422206,0.4372482,0.1385229,0.08168668,0.1234844,1,0.1027552,0.1140661,0.2659887,0.03712208,0.2082581,0.03313789,0.5614123,-0.5418689,0,0,0,0
2339,4.696666,7.031213,15.30799,5.080173,0.1138188,0.1365309,0.0817262,0.135654,1,0.182073,0.03057136,0.264686,0.03659498,0.1959731,0.03636286,0.5629168,-0.5432913,0,0,0,0
2340,6.316698,6.991375,15.31018,5.130716,0.05540158,0.1350691,0.08174544,0.133362,1,0.2398999,0.01496161,0.2633152,0.03620802,0.1977951,0.03575603,0.5581171,-0.5428532,0,0,0,0
2341,6.687232,6.975537,15.3125,5.030392,0.1567431,0.1323884,0.08179986,0.136134,1,0.2528066,0.0419345,0.2627698,0.03549819,0.1941764,0.03648992,0.5582935,-0.5425019,0,0,0,0
2342,2.906219,6.854934,15.31351,4.681006,0.2456404,0.1327754,0.08188515,0.1641464,1,0.1153454,0.06518705,0.2586104,0.03560069,0.1815026,0.04388532,0.558903,-0.5445542,0,0,0,0
2343,4.335569,6.799928,15.31502,5.119779,0.07629505,0.131731,0.08191164,0.1586305,1,0.1688616,0.020564,0.2567093,0.03532405,0.197401,0.0424321,0.5580686,-0.5466348,0,0,0,0
2344,6.425022,6.788624,15.31725,5.552761,0.1138188,0.131388,0.08195116,0.1220719,1,0.2436851,0.03057136,0.2563184,0.03523318,0.2129198,0.03276312,0.5579342,-0.5435733,0,0,0,0
2345,1.573442e-24,6.685809,15.31725,4.925786,6.572869e-25,0.1280544,0.08195116,0.10839,1,0,0,0.2527573,0.03434979,0.1903935,0.0291278,0.5586885,-0.5477536,0,0,0,0
2346,8.030097,6.647146,15.32004,5.126253,0.08264944,0.1284044,0.08197986,0.1097377,1,0.298638,0.02226357,0.2514159,0.03444258,0.1976343,0.02948629,0.5645224,-0.5432311,0,0,0,0
2347,3.410479,6.599315,15.32122,4.703023,0.2235319,0.128529,0.08205748,0.1196423,1,0.1344528,0.05943914,0.2497547,0.0344756,0.1823045,0.03211825,0.5633235,-0.548131,0,0,0,0
2348,3.148269,6.553831,15.32231,4.692823,0.05540158,0.126454,0.08207671,0.09690628,1,0.1245487,0.01496161,0.2481732,0.03392551,0.181933,0.02606948,0.5629573,-0.5480377,0,0,0,0
2349,6.685012,6.525361,15.32463,4.948203,0.2033519,0.1287135,0.08214732,0.110853,1,0.2527297,0.05417253,0.2471824,0.0345245,0.191205,0.02978292,0.559587,-0.5470557,0,0,0,0
2350,9.492732,6.505856,15.32793,5.34825,0.3328272,0.1314167,0.08226289,0.1381913,1,0.3469542,0.08763386,0.2465033,0.0352408,0.2056106,0.03703436,0.5621903,-0.5452557,0,0,0,0
2351,6.455882,6.461664,15.33017,6.056682,0.2533085,0.1342313,0.08235084,0.1683687,1,0.2447616,0.06717533,0.2449633,0.03598621,0.2307734,0.04499676,0.5606928,-0.5443325,0,0,0,0
2352,2.792264,6.36711,15.33114,5.420207,0.1283304,0.1337705,0.0823954,0.1737486,1,0.1109921,0.03442296,0.2416627,0.03586422,0.2081866,0.04641166,0.5661563,-0.5446741,0,0,0,0
2353,7.150504,6.354295,15.33362,5.868931,0.2699622,0.1367701,0.08248914,0.1806247,1,0.2687829,0.07148406,0.2412148,0.03665828,0.2241473,0.04821803,0.561033,-0.5486149,0,0,0,0
2354,4.002234,6.277531,15.33501,5.942068,4.517462e-25,0.1361787,0.08248914,0.1730708,1,0.1565575,0,0.2385289,0.03650175,0.2267321,0.04623348,0.5668144,-0.5467019,0,0,0,0
2355,3.549664,6.224108,15.33625,5.569398,0.06246511,0.1368727,0.08251083,0.157116,1,0.1396825,0.01685807,0.2366566,0.03668544,0.2135128,0.04203283,0.5606049,-0.5459983,0,0,0,0
2356,4.165569,6.225922,15.33769,4.9509,0.2636462,0.1374978,0.08260237,0.150882,1,0.1625996,0.06985147,0.2367203,0.03685085,0.1913026,0.04038819,0.5622031,-0.5447633,0,0,0,0
2357,10.21653,6.252833,15.34124,5.441216,0.141424,0.1359028,0.08265148,0.1400218,1,0.3702785,0.03788941,0.2376636,0.03642872,0.2089378,0.03751858,0.5655236,-0.547509,0,0,0,0
2358,6.455882,6.27025,15.34348,5.854117,0.1184639,0.137219,0.08269261,0.1396735,1,0.2447616,0.03180535,0.2382739,0.03677708,0.2236232,0.03742647,0.5630689,-0.5457543,0,0,0,0
2359,4.88834,6.27025,15.34518,5.539309,0.07330348,0.1374653,0.08271806,0.1176812,1,0.1890369,0.01976317,0.2382739,0.03684224,0.2124402,0.03159751,0.5609093,-0.5462769,0,0,0,0
2360,3.148269,6.215651,15.34627,5.403555,0.1839397,0.136547,0.08278193,0.1395945,1,0.1245487,0.0490881,0.2363601,0.03659922,0.2075909,0.03740557,0.5649669,-0.5491489,0,0,0,0
2361,3.024824,6.126389,15.34732,5.285614,0.1335677,0.1374396,0.08282831,0.148312,1,0.1198624,0.03581049,0.2332258,0.03683545,0.2033646,0.03970964,0.5633904,-0.5485283,0,0,0,0
2362,6.553505,6.123174,15.3496,5.523157,0.1631399,0.1392523,0.08288495,0.1373496,1,0.2481619,0.04362026,0.2331128,0.03731503,0.2118641,0.03681165,0.5669518,-0.5496788,0,0,0,0
2363,4.165569,6.072804,15.35104,4.809778,0.1335677,0.137563,0.08293133,0.1379608,1,0.1625996,0.03581049,0.231341,0.03686809,0.1861867,0.03697336,0.5673221,-0.5493342,0,0,0,0
2364,4.696666,6.082264,15.35267,4.598792,0.09318699,0.1372821,0.08296369,0.1354358,1,0.182073,0.02507757,0.2316739,0.03679377,0.178504,0.03630511,0.563504,-0.5465572,0,0,0,0
2365,9.400847,6.071163,15.35594,5.120859,0.1390187,0.1353747,0.08301196,0.1427981,1,0.3439661,0.03725323,0.2312832,0.03628893,0.19744,0.0382527,0.5633432,-0.5529249,0,0,0,0
2366,6.202743,6.066331,15.35809,5.466916,0.3093917,0.1369257,0.08311939,0.1601749,1,0.2359073,0.08163448,0.2311131,0.03669946,0.2098562,0.04283912,0.5715439,-0.5495129,0,0,0,0
2367,6.291401e-25,5.963516,15.35809,5.130824,0.5735026,0.1403616,0.08331852,0.2139447,1,0,0.1478437,0.2274892,0.03760846,0.197799,0.05693945,0.567068,-0.5514005,0,0,0,0
2368,9.29771,5.965259,15.36132,5.510404,0.3464955,0.1421488,0.08343883,0.2333092,1,0.3406046,0.09112141,0.2275507,0.03808105,0.211409,0.06198392,0.5695524,-0.5504074,0,0,0,0
2369,3.845305,5.970091,15.36266,5.465359,0.2158553,0.1445472,0.08351378,0.243586,1,0.1507284,0.05743794,0.2277212,0.03871502,0.2098006,0.0646539,0.5673839,-0.5493517,0,0,0,0
2370,6.960143,5.986186,15.36507,5.724006,0.3040732,0.1462525,0.08361936,0.2697808,1,0.2622396,0.08026949,0.228289,0.03916562,0.2190117,0.0714372,0.564584,-0.5536356,0,0,0,0
2371,2.906219,5.939533,15.36608,4.96037,0.3545863,0.1489772,0.08374248,0.295931,1,0.1153454,0.09318186,0.2266426,0.0398853,0.1916453,0.0781773,0.5696495,-0.5501055,0,0,0,0
2372,6.301576,5.932737,15.36827,5.009077,0.07629505,0.1485603,0.08376897,0.2681498,1,0.2393707,0.020564,0.2264026,0.0397752,0.1934064,0.07101577,0.5776259,-0.5543455,0,0,0,0
2373,5.382735,5.992545,15.37014,5.618794,0.2116509,0.149542,0.08384246,0.229448,1,0.2068457,0.05634073,0.2285133,0.04003442,0.2152719,0.06097948,0.5760694,-0.5551451,0,0,0,0
2374,6.455882,5.961987,15.37238,5.303378,0.2972603,0.1507177,0.08394568,0.2260156,1,0.2447616,0.07851907,0.2274353,0.04034482,0.2040019,0.06008602,0.5725964,-0.5513094,0,0,0,0
2375,8.194366,5.97538,15.37523,5.877656,1.883159e-25,0.1469172,0.08394568,0.2020317,1,0.3041457,0,0.2279079,0.03934123,0.2244559,0.05382731,0.5700215,-0.5523896,0,0,0,0
2376,4.696666,5.935939,15.37686,5.58912,0.198889,0.1483126,0.08401474,0.1916361,1,0.182073,0.0530052,0.2265157,0.03970979,0.2142154,0.05110608,0.5712308,-0.5509459,0,0,0,0
2377,7.789259,5.979761,15.37956,6.180333,0.3260256,0.1512127,0.08412794,0.1896015,1,0.2905247,0.08589525,0.2280624,0.04047549,0.2351208,0.05057289,0.5689211,-0.555029,0,0,0,0
2378,7.922986,5.991945,15.38231,6.413543,0.1867969,0.1514756,0.0841928,0.2033395,1,0.2950353,0.04983758,0.2284922,0.04054487,0.2432844,0.05416927,0.5726616,-0.5530019,0,0,0,0
2379,6.687232,6.028353,15.38463,6.558511,0.2464048,0.1526057,0.08427836,0.2076794,1,0.2528066,0.06538539,0.2297756,0.04084313,0.248336,0.05530354,0.5735823,-0.5543236,0,0,0,0
2380,6.751523,6.044532,15.38698,6.560902,0.2533085,0.152924,0.08436631,0.2019123,1,0.2550344,0.06717533,0.2303455,0.04092711,0.2484192,0.05379609,0.5760466,-0.5544894,0,0,0,0
2381,4.002234,6.01458,15.38837,6.067847,0.3009595,0.1554203,0.08447081,0.2358817,1,0.1565575,0.07946977,0.2292902,0.04158565,0.2311665,0.06265274,0.5730124,-0.5526486,0,0,0,0
2382,2.577585,5.960856,15.38926,5.830008,0.2322827,0.1568338,0.08455146,0.2407472,1,0.1027552,0.06171697,0.2273953,0.04195841,0.2227698,0.06391685,0.5730582,-0.5552622,0,0,0,0
2383,4.335569,5.967979,15.39077,5.414988,0.1659626,0.1550572,0.08460909,0.2218068,1,0.1688616,0.04436351,0.2276467,0.04148988,0.2079999,0.05898967,0.5704938,-0.552472,0,0,0,0
2384,3.276752,5.952202,15.39191,4.890679,0.06001581,0.1539114,0.08462993,0.2083869,1,0.1294102,0.01620075,0.2270899,0.04118762,0.1891217,0.05548837,0.5708757,-0.5552626,0,0,0,0
2385,6.600747,5.916131,15.3942,4.91497,0.1446921,0.154035,0.08468017,0.1979991,1,0.2498044,0.03875333,0.225816,0.04122023,0.1900018,0.05277231,0.5790856,-0.5524916,0,0,0,0
2386,7.195285,5.917197,15.3967,4.997941,0.4583455,0.1571641,0.08483932,0.2229443,1,0.2703179,0.1193481,0.2258536,0.0420455,0.1930039,0.05928606,0.5774394,-0.5549167,0,0,0,0
2387,6.820958,5.92011,15.39907,5.273404,1.142193e-25,0.1571641,0.08483932,0.187933,1,0.2574365,0,0.2259565,0.0420455,0.2029263,0.05013548,0.5810334,-0.5561583,0,0,0,0
2388,3.024824,5.921428,15.40012,5.284974,1.09558e-25,0.1550476,0.08483932,0.1608075,1,0.1198624,0,0.2260031,0.04148736,0.2033416,0.04300584,0.5763379,-0.5572809,0,0,0,0
2389,3.549664,5.856164,15.40135,5.182777,0.1772433,0.1559816,0.08490086,0.1632158,1,0.1396825,0.04733002,0.2236957,0.04173368,0.1996694,0.04364027,0.5764558,-0.5555263,0,0,0,0
2390,3.845305,5.806248,15.40268,5.253694,0.07042921,0.1550939,0.08492531,0.1631117,1,0.1507284,0.01899333,0.2219283,0.04149957,0.2022187,0.04361283,0.5776517,-0.5561445,0,0,0,0
2391,2.314477e-25,5.718214,15.40268,4.486669,0.3928697,0.1582917,0.08506173,0.1935681,1,0,0.1028916,0.2188061,0.04234279,0.1744046,0.05161219,0.5766187,-0.5578005,0,0,0,0
2392,2.792264,5.66023,15.40365,3.955653,0.2421492,0.1587683,0.08514581,0.1704241,1,0.1109921,0.06428092,0.2167459,0.04246841,0.1548297,0.0455375,0.5765447,-0.5571417,0,0,0,0
2393,8.862234,5.676336,15.40673,4.234646,0.1009483,0.1585736,0.08518086,0.1812782,1,0.3263246,0.02714667,0.2173185,0.04241711,0.1651474,0.0483896,0.5762877,-0.5580159,0,0,0,0
2394,2.042519e-25,5.62415,15.40673,3.84637,0.06501436,0.1583777,0.08520343,0.188189,1,0,0.01754189,0.2154626,0.04236546,0.1507681,0.05020259,0.5771814,-0.5575815,0,0,0,0
2395,4.165569,5.625965,15.40818,3.856634,0.1446921,0.1599854,0.08525367,0.1846352,1,0.1625996,0.03875333,0.2155271,0.0427892,0.15115,0.04927057,0.5833164,-0.5585855,0,0,0,0
2396,3.276752,5.565641,15.40931,3.76095,0.2467943,0.1612435,0.08533937,0.2035358,1,0.1294102,0.06548642,0.2133789,0.0431207,0.1475853,0.05422061,0.5805339,-0.5557709,0,0,0,0
2397,1.802517e-25,5.502223,15.40931,3.76095,7.529803e-26,0.1595019,0.08533937,0.1535114,1,0,0,0.211117,0.04266177,0.1475853,0.04108209,0.5771412,-0.5577344,0,0,0,0
2398,3.148269,5.45484,15.41041,3.732179,0.2647499,0.1575286,0.08543129,0.1551143,1,0.1245487,0.0701369,0.2094248,0.04214161,0.1465118,0.04150494,0.5788706,-0.5553501,0,0,0,0
2399,1.658395e-25,5.412115,15.41041,2.704761,6.927753e-26,0.155787,0.08543129,0.1414994,1,0,0,0.2078971,0.04168237,0.1076404,0.03790935,0.5805047,-0.5570252,0,0,0,0
2400,6.913154,5.444458,15.41281,3.472367,0.3409591,0.1580308,0.08554968,0.1725698,1,0.2606198,0.08970978,0.2090537,0.042274,0.1367805,0.04610175,0.581021,-0.5591943,0,0,0,0
2401,1.525797e-25,5.364565,15.41281,2.977235,0.06246511,0.1571802,0.08557137,0.1601876,1,0,0.01685807,0.2061951,0.04204975,0.1180517,0.0428425,0.5770648,-0.5604577,0,0,0,0
2402,2.682778,5.312273,15.41374,2.871029,0.05766256,0.1558105,0.08559139,0.138966,1,0.1067972,0.01556892,0.204321,0.04168858,0.1140025,0.0372393,0.5815825,-0.5604309,0,0,0,0
2403,3.276752,5.257551,15.41488,3.211713,0.08602243,0.1567663,0.08562126,0.1471282,1,0.1294102,0.02316491,0.2023572,0.04194063,0.1269513,0.03939695,0.5835991,-0.5612621,0,0,0,0
2404,4.165569,5.237935,15.41632,3.299298,0.06766764,0.1556316,0.08564476,0.1226791,1,0.1625996,0.01825328,0.2016525,0.04164138,0.1302616,0.03292423,0.5813106,-0.5581902,0,0,0,0
2405,3.694528,5.173863,15.41761,3.659803,5.39534e-26,0.1545962,0.08564476,0.1226791,1,0.1451056,0,0.1993486,0.04136828,0.1438075,0.03292423,0.5828846,-0.5590041,0,0,0,0
2406,9.847157,5.204142,15.42103,4.043031,5.175153e-26,0.151998,0.08564476,0.08258487,1,0.3584226,0,0.2004379,0.04068275,0.1580691,0.02224631,0.5792189,-0.5597166,0,0,0,0
2407,4.165569,5.153385,15.42247,4.465609,0.07629505,0.1528457,0.08567125,0.08134675,1,0.1625996,0.020564,0.1986115,0.04090646,0.1736333,0.02191531,0.5859408,-0.5607572,0,0,0,0
2408,5.73652,5.145049,15.42446,4.780619,0.2023547,0.1528801,0.08574151,0.09759652,1,0.2194559,0.05391177,0.1983114,0.04091553,0.1851273,0.02625348,0.5764325,-0.5609559,0,0,0,0
2409,3.694528,5.106151,15.42575,4.793787,0.1335677,0.1519341,0.08578789,0.1016256,1,0.1451056,0.03581049,0.1969099,0.04066588,0.1856058,0.0273271,0.5758451,-0.5595837,0,0,0,0
2410,4.696666,5.112053,15.42738,4.829966,0.1335677,0.1527241,0.08583427,0.1076173,1,0.182073,0.03581049,0.1971226,0.04087436,0.1869196,0.02892224,0.5814695,-0.5602784,0,0,0,0
2411,6.054488,5.098705,15.42948,5.114986,0.1208969,0.1532849,0.08587624,0.1190496,1,0.2306962,0.03245127,0.1966414,0.04102233,0.1972283,0.03196088,0.5847465,-0.5600114,0,0,0,0
2412,7.721489,5.09898,15.43216,4.935955,0.2014838,0.1544019,0.0859462,0.1410945,1,0.2882334,0.053684,0.1966513,0.04131703,0.1907617,0.03780228,0.5813599,-0.5609979,0,0,0,0
2413,2.792264,5.083721,15.43313,4.766218,3.86593e-26,0.1531195,0.0859462,0.1307733,1,0.1109921,0,0.1961011,0.0409787,0.1846039,0.03507032,0.5858864,-0.5639519,0,0,0,0
2414,6.908453,5.094264,15.43553,4.936785,0.05766256,0.1523621,0.08596623,0.1146702,1,0.2604577,0.01556892,0.1964813,0.04077883,0.1907917,0.03079761,0.5825917,-0.559655,0,0,0,0
2415,3.148269,5.065506,15.43662,4.837729,0.07629505,0.152215,0.08599272,0.1075466,1,0.1245487,0.020564,0.195444,0.04074001,0.1872014,0.02890342,0.5839662,-0.5637432,0,0,0,0
2416,6.743153,5.067555,15.43896,5.060093,0.2027072,0.1529907,0.0860631,0.1123884,1,0.2547446,0.05400395,0.1955179,0.04094471,0.1952486,0.03019113,0.5822472,-0.560005,0,0,0,0
2417,4.165569,5.072789,15.44041,4.820709,0.1138188,0.1542553,0.08610262,0.1128666,1,0.1625996,0.03057136,0.1957068,0.04127837,0.1865836,0.03031825,0.5793796,-0.5631036,0,0,0,0
2418,6.486792,5.078964,15.44266,4.721986,0.1335677,0.1551712,0.086149,0.1068044,1,0.2458391,0.03581049,0.1959295,0.04151995,0.1829949,0.02870592,0.5914546,-0.5656945,0,0,0,0
2419,7.612321,5.045774,15.44531,5.302689,0.06501436,0.1549378,0.08617157,0.1127812,1,0.2845349,0.01754189,0.1947318,0.04145838,0.2039772,0.03029557,0.5926988,-0.5648243,0,0,0,0
2420,3.410479,5.007819,15.44649,4.909194,0.2073915,0.1566739,0.08624358,0.1309396,1,0.1344528,0.05522832,0.1933609,0.04191625,0.1897926,0.03511439,0.5827463,-0.5618673,0,0,0,0
2421,7.190392,4.994476,15.44899,5.438212,0.246597,0.158747,0.08632921,0.1482368,1,0.2701503,0.06543524,0.1928787,0.0424628,0.2088304,0.03968976,0.5813223,-0.565511,0,0,0,0
2422,6.422889,4.965243,15.45122,5.442967,0.05540158,0.1577549,0.08634844,0.1297945,1,0.2436107,0.01496161,0.1918216,0.04220127,0.2090004,0.03481099,0.5875589,-0.5646491,0,0,0,0
2423,7.195285,4.957856,15.45371,5.761081,0.2073915,0.1600592,0.08642046,0.1413742,1,0.2703179,0.05522832,0.1915543,0.04280865,0.2203273,0.03787623,0.5901513,-0.5650241,0,0,0,0
2424,5.851914e-26,4.890153,15.45371,5.040326,0.1280918,0.1607306,0.08646493,0.1414666,1,0,0.03435971,0.1891026,0.04298557,0.1945351,0.03790068,0.586363,-0.5643579,0,0,0,0
2425,6.993574,4.884084,15.45614,5.002998,0.1446921,0.1608542,0.08651517,0.1503197,1,0.2633909,0.03875333,0.1888827,0.04301814,0.1931867,0.04023974,0.5860062,-0.5669875,0,0,0,0
2426,3.845305,4.86456,15.45748,5.05763,0.1505971,0.1625275,0.08656746,0.1429403,1,0.1507284,0.04031298,0.1881748,0.04345896,0.1951597,0.03829031,0.5907643,-0.5630409,0,0,0,0
2427,2.577585,4.8932,15.45837,4.573735,0.07042921,0.161826,0.08659192,0.1241487,1,0.1027552,0.01899333,0.1892131,0.04327416,0.1775889,0.03331412,0.5852658,-0.567831,0,0,0,0
2428,3.410479,4.902455,15.45956,4.241936,0.09318699,0.1580031,0.08662427,0.1264408,1,0.1344528,0.02507757,0.1895484,0.0422667,0.165416,0.03392202,0.5875522,-0.5668333,0,0,0,0
2429,3.024824,4.883879,15.46061,3.812161,0.2439555,0.159449,0.08670898,0.1332141,1,0.1198624,0.06474982,0.1888752,0.04264784,0.1494943,0.03571687,0.5902324,-0.5669402,0,0,0,0
2430,7.190392,4.893586,15.4631,4.614174,0.1567431,0.160575,0.08676341,0.1343507,1,0.2701503,0.0419345,0.1892271,0.04294458,0.1790655,0.03601784,0.5933654,-0.5676612,0,0,0,0
2431,3.024824,4.852893,15.46415,4.206811,0.1387602,0.1603752,0.08681159,0.1345394,1,0.1198624,0.03718485,0.1877516,0.04289193,0.1641213,0.03606778,0.5864127,-0.5654622,0,0,0,0
2432,3.694528,4.861652,15.46544,4.2013,0.2098627,0.1599777,0.08688446,0.1428155,1,0.1451056,0.05587383,0.1880693,0.04278717,0.163918,0.03825732,0.587833,-0.5671194,0,0,0,0
2433,5.73652,4.877218,15.46743,4.579623,0.1283304,0.1605559,0.08692901,0.1497191,1,0.2194559,0.03442296,0.1886338,0.04293953,0.177804,0.04008118,0.5960789,-0.5681404,0,0,0,0
2434,6.553505,4.878646,15.4697,4.955381,0.2923947,0.16254,0.08703054,0.1743502,1,0.2481619,0.07726767,0.1886855,0.04346227,0.1914648,0.04656981,0.5914038,-0.5687808,0,0,0,0
2435,5.73652,4.942385,15.4717,5.279369,0.1767273,0.1645037,0.0870919,0.1688441,1,0.2194559,0.04719446,0.1909944,0.04397941,0.2031405,0.04512184,0.5904902,-0.5672988,0,0,0,0
2436,3.549366e-26,4.853161,15.4717,4.371024,1.482706e-26,0.1635854,0.0870919,0.1514282,1,0,0,0.1877613,0.04373758,0.1701641,0.04053236,0.5893286,-0.567187,0,0,0,0
2437,2.682778,4.845076,15.47263,4.316543,0.3476521,0.1649645,0.08721262,0.1776535,1,0.1067972,0.09141612,0.187468,0.04410074,0.1681621,0.04743776,0.592357,-0.5675846,0,0,0,0
2438,2.682778,4.839904,15.47356,4.170196,0.2399669,0.1670152,0.08729594,0.1814163,1,0.1067972,0.06371421,0.1872803,0.04464057,0.1627705,0.04842585,0.5931302,-0.5711433,0,0,0,0
2439,3.132304e-26,4.765626,15.47356,3.491755,0.1835977,0.1667957,0.08735969,0.188113,1,0,0.04899836,0.1845823,0.0445828,0.137509,0.05018268,0.5926391,-0.5691777,0,0,0,0
2440,3.694528,4.701201,15.47484,3.162956,1.255084e-26,0.1630976,0.08735969,0.1541406,1,0.1451056,0,0.1822382,0.04360913,0.1251053,0.04124811,0.5937878,-0.5701671,0,0,0,0
2441,5.95953,4.695686,15.47691,3.18668,0.3522971,0.1641975,0.08748201,0.1762195,1,0.2273486,0.09259917,0.1820373,0.04389878,0.1260038,0.04706103,0.5905014,-0.5696614,0,0,0,0
2442,4.512507,4.7148,15.47848,3.652414,0.1335677,0.1642557,0.08752839,0.1903057,1,0.1753503,0.03581049,0.1827333,0.04391411,0.1435311,0.05075745,0.5897501,-0.5689662,0,0,0,0
2443,3.024824,4.668959,15.47953,3.693003,0.2884365,0.164461,0.08762854,0.186931,1,0.1198624,0.07624883,0.1810636,0.04396816,0.1450486,0.04987276,0.5939452,-0.5658563,0,0,0,0
2444,7.071787,4.703065,15.48198,4.182486,0.2330381,0.1670503,0.08770946,0.1881098,1,0.2660808,0.06191344,0.1823061,0.0446498,0.163224,0.05018184,0.5926745,-0.5695297,0,0,0,0
2445,2.476516,4.691141,15.48284,4.45019,0.07330348,0.1671707,0.08773491,0.1758216,1,0.09886099,0.01976317,0.1818718,0.0446815,0.1730683,0.04695649,0.5949735,-0.5674418,0,0,0,0
2446,3.148269,4.679838,15.48394,4.349552,0.4252797,0.1689666,0.08788258,0.225548,1,0.1245487,0.1110609,0.18146,0.04515408,0.1693754,0.05996424,0.5928739,-0.5707806,0,0,0,0
2447,2.244394e-26,4.566321,15.48394,3.641097,0.06766764,0.1681471,0.08790607,0.1934097,1,0,0.01825328,0.177318,0.04493845,0.1431078,0.05157071,0.5895776,-0.5703227,0,0,0,0
2448,7.150504,4.574039,15.48642,3.941583,0.1283304,0.1682567,0.08795063,0.1927696,1,0.2687829,0.03442296,0.1776,0.0449673,0.1543074,0.05140303,0.5977987,-0.5706695,0,0,0,0
2449,4.335569,4.567897,15.48793,4.050813,0.1842481,0.1694895,0.08801461,0.1825179,1,0.1688616,0.049169,0.1773756,0.04529163,0.1583572,0.048715,0.5978688,-0.569702,0,0,0,0
2450,1.980671e-26,4.532916,15.48793,3.227164,0.1446921,0.1690534,0.08806485,0.172005,1,0,0.03875333,0.1760969,0.0451769,0.1275359,0.04595325,0.6004276,-0.5718362,0,0,0,0
2451,7.122057,4.578441,15.4904,3.742576,0.09318699,0.1686047,0.0880972,0.1725097,1,0.267807,0.02507757,0.1777608,0.04505885,0.1468998,0.04608596,0.5974514,-0.5703214,0,0,0,0
2452,3.276752,4.542033,15.49154,3.721895,0.2884365,0.1699969,0.08819736,0.1598942,1,0.1294102,0.07624883,0.1764303,0.04542511,0.1461278,0.04276517,0.6014172,-0.5706381,0,0,0,0
2453,4.165569,4.542033,15.49298,4.151073,0.2158553,0.1709112,0.08827231,0.1764536,1,0.1625996,0.05743794,0.1764303,0.0456656,0.1620644,0.04712253,0.5984697,-0.5713217,0,0,0,0
2454,4.696666,4.542033,15.49461,3.930609,0.264416,0.1728137,0.08836412,0.1930889,1,0.182073,0.07005054,0.1764303,0.04616589,0.1539,0.05148668,0.5993567,-0.5737603,0,0,0,0
2455,3.549664,4.47702,15.49585,3.805021,0.2330381,0.1738584,0.08844503,0.1994916,1,0.1396825,0.06191344,0.1740512,0.04644052,0.1492283,0.05316287,0.6034527,-0.5738282,0,0,0,0
2456,3.694528,4.449151,15.49713,4.213848,0.1914464,0.1725479,0.08851151,0.2051404,1,0.1451056,0.05105638,0.1730302,0.04609599,0.1643808,0.05464008,0.5979608,-0.5684863,0,0,0,0
2457,2.906219,4.481442,15.49814,3.749073,0.07940871,0.167058,0.08853908,0.2037093,1,0.1153454,0.02139704,0.1742132,0.04465182,0.1471423,0.05426596,0.5976766,-0.569986,0,0,0,0
2458,6.486792,4.45021,15.50039,4.139926,0.06501436,0.1639304,0.08856165,0.1785716,1,0.2458391,0.01754189,0.173069,0.04382845,0.1616527,0.04767891,0.6041867,-0.5726242,0,0,0,0
2459,2.682778,4.437293,15.50132,3.971371,0.07629505,0.1623797,0.08858815,0.161202,1,0.1067972,0.020564,0.1725956,0.04342004,0.155413,0.04310977,0.5970594,-0.5725683,0,0,0,0
2460,3.276752,4.396366,15.50246,3.770118,0.1446921,0.1606088,0.08863839,0.1477654,1,0.1294102,0.03875333,0.1710944,0.04295348,0.1479273,0.03956528,0.5979462,-0.5764197,0,0,0,0
2461,2.577585,4.392715,15.50335,3.65714,0.2044863,0.158941,0.08870939,0.1453233,1,0.1027552,0.0544691,0.1709604,0.04251396,0.1437079,0.03892012,0.5971129,-0.5735691,0,0,0,0
2462,1.201338e-26,4.322697,15.50335,3.205586,0.2744058,0.1611423,0.08880467,0.1552582,1,0,0.07263158,0.1683884,0.04309404,0.1267195,0.0415429,0.5981784,-0.5770736,0,0,0,0
2463,4.88834,4.317204,15.50505,3.416398,0.2669272,0.1617565,0.08889735,0.1776335,1,0.1890369,0.07069978,0.1681864,0.04325585,0.1346756,0.04743252,0.6027775,-0.5705871,0,0,0,0
2464,1.105284e-26,4.245472,15.50505,2.622826,0.1623175,0.1602571,0.08895371,0.1869997,1,0,0.04340364,0.1655462,0.04286079,0.104495,0.04989075,0.6043649,-0.5783755,0,0,0,0
2465,2.906219,4.186715,15.50606,2.616205,0.105068,0.1614245,0.08899019,0.1894005,1,0.1153454,0.02824377,0.16338,0.0431684,0.1042405,0.05052019,0.5994215,-0.5761932,0,0,0,0
2466,2.906219,4.166821,15.50707,2.607326,0.07330348,0.1600291,0.08901565,0.1822829,1,0.1153454,0.01976317,0.1626459,0.04280072,0.1038991,0.04865331,0.5997384,-0.5744043,0,0,0,0
2467,3.845305,4.122999,15.50841,2.761101,0.1335677,0.1578907,0.08906202,0.1720243,1,0.1507284,0.03581049,0.1610273,0.04223708,0.1097994,0.04595832,0.6000459,-0.5751232,0,0,0,0
2468,5.698483,4.098282,15.51038,3.427773,3.908371e-27,0.1558152,0.08906202,0.1388685,1,0.2181054,0,0.1601136,0.0416898,0.1351037,0.0372135,0.6038182,-0.574095,0,0,0,0
2469,7.304771,4.105144,15.51292,3.77743,0.1505971,0.1547506,0.08911431,0.1255762,1,0.2740639,0.04031298,0.1603673,0.04140903,0.1481999,0.03369275,0.6009036,-0.5742938,0,0,0,0
2470,3.845305,4.072853,15.51426,4.206361,0.1960328,0.1541142,0.08918238,0.1315005,1,0.1507284,0.0522576,0.159173,0.04124115,0.1641047,0.03526299,0.6042425,-0.5707865,0,0,0,0
2471,3.845305,4.071109,15.51559,4.287213,0.3214194,0.1543416,0.08929398,0.1551965,1,0.1507284,0.08471666,0.1591084,0.04130112,0.1670831,0.04152662,0.600292,-0.5729949,0,0,0,0
2472,7.919705e-27,4.042469,15.51559,3.914161,0.1009483,0.1528823,0.08932904,0.1579057,1,0,0.02714667,0.1580483,0.04091611,0.153289,0.04224103,0.6005005,-0.5755477,0,0,0,0
2473,9.423406,4.099001,15.51886,4.605045,0.1446921,0.152646,0.08937928,0.1575446,1,0.3447002,0.03875333,0.1601402,0.04085375,0.1787323,0.04214583,0.6010887,-0.5769507,0,0,0,0
2474,3.694528,4.103642,15.52015,4.344858,0.1987596,0.1541876,0.08944829,0.1792481,1,0.1451056,0.05297133,0.1603118,0.04126049,0.169203,0.04785658,0.6067486,-0.5761462,0,0,0,0
2475,3.410479,4.068195,15.52133,3.922537,0.2246645,0.1550761,0.0895263,0.1891596,1,0.1344528,0.05973415,0.1590006,0.04149489,0.1536001,0.05045705,0.6014936,-0.5741264,0,0,0,0
2476,6.703886e-27,3.988247,15.52133,3.4603,0.1960328,0.1521616,0.08959437,0.1866124,1,0,0.0522576,0.156039,0.04072591,0.1363269,0.04978919,0.6011831,-0.5783402,0,0,0,0
2477,2.906219,3.94475,15.52234,3.388248,0.2540481,0.1549843,0.08968258,0.1811976,1,0.1153454,0.06736694,0.154425,0.04147067,0.1336157,0.04836844,0.6022902,-0.575169,0,0,0,0
2478,2.476516,3.938658,15.5232,3.611483,0.1720449,0.1568959,0.08974231,0.1895829,1,0.09886099,0.04596373,0.1541989,0.0419748,0.1419993,0.05056801,0.606618,-0.577653,0,0,0,0
2479,3.276752,3.935626,15.52434,2.916757,2.471406e-27,0.1549266,0.08974231,0.1714588,1,0.1294102,0,0.1540862,0.04145543,0.1157473,0.04580962,0.6059141,-0.57746,0,0,0,0
2480,2.792264,3.923925,15.52531,2.847531,0.1232985,0.155514,0.08978513,0.1628366,1,0.1109921,0.03308857,0.1536517,0.04161037,0.1131051,0.04354037,0.6020412,-0.57779,0,0,0,0
2481,5.443128e-27,3.923925,15.52531,2.389455,0.07042921,0.1519313,0.08980958,0.1454464,1,0,0.01899333,0.1536517,0.04066515,0.09549803,0.03895266,0.6123028,-0.5783682,0,0,0,0
2482,6.422889,3.964266,15.52754,3.138066,0.07629505,0.1500885,0.08983607,0.1297851,1,0.2436107,0.020564,0.1551494,0.04017871,0.124162,0.0348085,0.6128177,-0.5794216,0,0,0,0
2483,5.00792e-27,3.865796,15.52754,2.768869,0.07330348,0.1497813,0.08986153,0.1081185,1,0,0.01976317,0.1514909,0.04009762,0.1100968,0.02905557,0.6011791,-0.5781476,0,0,0,0
2484,2.577585,3.894436,15.52843,2.756553,0.08264944,0.1499773,0.08989022,0.09616603,1,0.1027552,0.02226357,0.1525559,0.04014935,0.1096252,0.02587211,0.6064152,-0.578438,0,0,0,0
2485,6.751523,3.923169,15.53078,3.178215,0.1670481,0.1502257,0.08994823,0.1139937,1,0.2550344,0.04464923,0.1536236,0.04021493,0.1256833,0.03061783,0.6090096,-0.5771767,0,0,0,0
2486,6.848347,3.962853,15.53315,3.663934,0.3229584,0.1510719,0.09006036,0.1376394,1,0.2583829,0.08511053,0.1550969,0.04043833,0.143962,0.03688831,0.6091462,-0.5775216,0,0,0,0
2487,7.721489,4.048648,15.53583,4.57538,1.77084e-27,0.1510719,0.09006036,0.1289316,1,0.2882334,0,0.158277,0.04043833,0.177649,0.03458231,0.6086848,-0.5779046,0,0,0,0
2488,6.687232,4.087969,15.53816,4.606978,0.1767273,0.1500939,0.09012173,0.141332,1,0.2528066,0.04719446,0.1597322,0.04018014,0.1788029,0.03786508,0.6072631,-0.5775032,0,0,0,0
2489,3.276752,4.124378,15.53929,4.977662,1.629251e-27,0.1500939,0.09012173,0.1323394,1,0.1294102,0,0.1610783,0.04018014,0.1922707,0.03548522,0.6042915,-0.5781346,0,0,0,0
2490,3.741004e-27,4.047565,15.53929,4.654855,0.06246511,0.1469995,0.09014342,0.1291831,1,0,0.01685807,0.158237,0.03936298,0.1805495,0.03464896,0.6112377,-0.5819752,0,0,0,0
2491,3.024824,4.081174,15.54034,4.245747,0.1138188,0.1475701,0.09018294,0.1222613,1,0.1198624,0.03057136,0.1594809,0.0395137,0.1655564,0.03281338,0.6099385,-0.5781032,0,0,0,0
2492,5.725854,4.114986,15.54233,4.184646,0.2972603,0.1502323,0.09028615,0.1196599,1,0.2190773,0.07851907,0.1607312,0.04021669,0.1633037,0.03212291,0.6106549,-0.5797355,0,0,0,0
2493,6.341928,4.149044,15.54453,4.047512,0.2246645,0.1517728,0.09036416,0.1441531,1,0.2407824,0.05973415,0.1619895,0.04062331,0.158235,0.03861086,0.6077918,-0.582199,0,0,0,0
2494,2.792264,4.133785,15.5455,3.645763,1.322848e-27,0.1510209,0.09036416,0.1227132,1,0.1109921,0,0.1614259,0.04042486,0.1432823,0.03293327,0.6114873,-0.582352,0,0,0,0
2495,3.410479,4.130629,15.54669,3.666225,0.406651,0.1555393,0.09050536,0.1712475,1,0.1344528,0.106371,0.1613093,0.04161704,0.1440476,0.04575405,0.6050749,-0.5832844,0,0,0,0
2496,2.913497e-27,4.021216,15.54669,3.633933,0.2730225,0.1585729,0.09060016,0.1968619,1,0,0.07227445,0.157261,0.04241691,0.1428397,0.05247466,0.6101406,-0.581608,0,0,0,0
2497,3.024824,4.008541,15.54774,3.624817,0.1567431,0.1594667,0.09065458,0.2018887,1,0.1198624,0.0419345,0.1567913,0.04265251,0.1424985,0.05378992,0.6099999,-0.5812498,0,0,0,0
2498,2.680546e-27,3.944802,15.54774,2.925294,1.119767e-27,0.1572183,0.09065458,0.1688598,1,0,0,0.1544269,0.04205982,0.1160728,0.04512598,0.6160682,-0.5820671,0,0,0,0
2499,3.276752,3.94016,15.54888,2.539963,0.08953307,0.1567291,0.09068567,0.1531667,1,0.1294102,0.02410243,0.1542546,0.04193081,0.1013069,0.04099116,0.6166331,-0.5798995,0,0,0,0
2500,7.922986,3.976008,15.55163,3.155351,0.09699002,0.1563227,0.09071935,0.1628429,1,0.2950353,0.0260918,0.155585,0.04182364,0.1248171,0.04354205,0.6088033,-0.5794148,0,0,0,0
2501,7.696763,3.994255,15.5543,3.674399,0.1283304,0.1564052,0.09076391,0.129773,1,0.2873965,0.03442296,0.1562617,0.04184541,0.1443533,0.03480529,0.6112168,-0.5813135,0,0,0,0
2502,3.410479,3.946355,15.55548,4.091235,0.07042921,0.1549491,0.09078836,0.1069235,1,0.1344528,0.01899333,0.1544846,0.04146137,0.159853,0.02873762,0.6129603,-0.5807889,0,0,0,0
2503,2.176433e-27,3.91533,15.55548,3.650439,0.1283304,0.156375,0.09083292,0.1035848,1,0,0.03442296,0.1533324,0.04183744,0.1434573,0.02784887,0.6099902,-0.5811709,0,0,0,0
2504,2.087612e-27,3.838569,15.55548,3.609389,0.1335677,0.1572184,0.0908793,0.1177013,1,0,0.03581049,0.1504777,0.04205982,0.1419208,0.03160282,0.6144503,-0.5828295,0,0,0,0
2505,5.831047,3.868378,15.55751,3.920095,8.364855e-28,0.1563706,0.0908793,0.1052569,1,0.2228066,0,0.1515869,0.04183629,0.1535094,0.02829404,0.6149325,-0.5848943,0,0,0,0
2506,3.410479,3.831348,15.55869,3.456599,0.1567431,0.1558599,0.09093372,0.1114595,1,0.1344528,0.0419345,0.1502089,0.04170161,0.1361878,0.02994419,0.6171104,-0.5852062,0,0,0,0
2507,1.842311e-27,3.785064,15.55869,2.569112,0.2025429,0.1568458,0.09100405,0.1191331,1,0,0.053961,0.1484845,0.04196157,0.1024291,0.03198304,0.6204799,-0.5820661,0,0,0,0
2508,1.767125e-27,3.712989,15.55869,2.162653,0.1138188,0.1566263,0.09104357,0.1233072,1,0,0.03057136,0.1457952,0.04190371,0.0867003,0.03309089,0.6103486,-0.5856194,0,0,0,0
2509,1.695008e-27,3.628407,15.55869,2.126245,0.105068,0.1570714,0.09108005,0.1218899,1,0,0.02824377,0.1426329,0.04202106,0.085283,0.03271483,0.6112565,-0.5827102,0,0,0,0
2510,7.483838,3.673667,15.56129,3.009911,0.2421492,0.1574576,0.09116413,0.1352751,1,0.2801697,0.06428092,0.1443259,0.04212289,0.1192952,0.03626257,0.6132754,-0.5845015,0,0,0,0
2511,6.820958,3.669562,15.56366,3.195689,0.07940871,0.1555999,0.09119171,0.1441981,1,0.2574365,0.02139704,0.1441724,0.04163303,0.1263449,0.03862276,0.6171417,-0.5846407,0,0,0,0
2512,2.682778,3.628005,15.56459,3.073277,0.05766256,0.155625,0.09121173,0.1329821,1,0.1067972,0.01556892,0.1426178,0.04163966,0.1217036,0.03565542,0.615456,-0.5826803,0,0,0,0
2513,3.549664,3.587498,15.56582,3.507125,0.1523916,0.1550139,0.09126464,0.1282885,1,0.1396825,0.04078662,0.1411009,0.04147848,0.1380862,0.03441185,0.6136033,-0.5820877,0,0,0,0
2514,1.376238e-27,3.587498,15.56582,3.478485,5.749075e-28,0.1535907,0.09126464,0.1147236,1,0,0,0.1411009,0.04110302,0.1370104,0.0308118,0.6180602,-0.5877283,0,0,0,0
2515,1.320073e-27,3.509792,15.56582,3.403468,0.09318699,0.1530184,0.091297,0.1125828,1,0,0.02507757,0.1381863,0.04095202,0.1341889,0.03024282,0.6137077,-0.5857053,0,0,0,0
2516,1.2662e-27,3.467066,15.56582,2.495838,5.289405e-28,0.1513451,0.091297,0.08208893,1,0,0,0.1365813,0.04051043,0.09960626,0.02211373,0.6183206,-0.5848863,0,0,0,0
2517,6.687232,3.512729,15.56815,2.469487,0.1446921,0.1521703,0.09134724,0.09095033,1,0.2528066,0.03875333,0.1382966,0.04072821,0.09858977,0.02448074,0.6149279,-0.5890643,0,0,0,0
2518,1.164961e-27,3.474835,15.56815,2.097098,0.1380969,0.1526693,0.09139519,0.09945825,1,0,0.03700936,0.1368733,0.04085989,0.08414738,0.02674968,0.6200122,-0.5869403,0,0,0,0
2519,3.410479,3.47912,15.56933,2.083119,0.1593259,0.1517289,0.09145051,0.101999,1,0.1344528,0.0426154,0.1370343,0.04061173,0.0836024,0.02742657,0.6210595,-0.5887147,0,0,0,0
2520,5.940533,3.465233,15.57139,2.809184,4.477384e-28,0.1499873,0.09145051,0.101305,1,0.2266779,0,0.1365124,0.04015201,0.1116394,0.0272417,0.6200705,-0.5845347,0,0,0,0
2521,7.071787,3.510199,15.57385,3.639905,0.3071367,0.1518582,0.09155715,0.1272251,1,0.2660808,0.08105589,0.1382016,0.04064585,0.1430631,0.03412997,0.6224268,-0.588245,0,0,0,0
2522,6.574487,3.542198,15.57613,4.379833,0.2433761,0.1522306,0.09164166,0.1536682,1,0.2488916,0.06459942,0.1394025,0.04074412,0.1704876,0.04112347,0.6196846,-0.5859308,0,0,0,0
2523,2.792264,3.509484,15.5771,3.907618,0.07042921,0.1515872,0.09166611,0.143703,1,0.1109921,0.01899333,0.1381748,0.04057433,0.1530458,0.03849192,0.6221363,-0.5853702,0,0,0,0
2524,9.072722e-28,3.436668,15.5771,3.876593,0.3431284,0.1521509,0.09178526,0.1702969,1,0,0.09026305,0.1354383,0.0407231,0.1518925,0.04550402,0.619836,-0.5855184,0,0,0,0
2525,2.577585,3.401568,15.578,3.774795,0.105068,0.1513547,0.09182174,0.1609173,1,0.1027552,0.02824377,0.1341173,0.04051296,0.1481017,0.04303476,0.6198711,-0.5893453,0,0,0,0
2526,8.347308e-28,3.401568,15.578,3.114735,0.1721825,0.1532678,0.09188152,0.1789282,1,0,0.04599993,0.1341173,0.04101784,0.1232772,0.04777258,0.6199884,-0.5901113,0,0,0,0
2527,5.087837,3.428291,15.57976,2.917219,3.344685e-28,0.149405,0.09188152,0.1430603,1,0.1962496,0,0.1351231,0.03999826,0.1157649,0.03832204,0.6179937,-0.5857391,0,0,0,0
2528,7.679894e-28,3.398483,15.57976,2.18672,0.2574825,0.1495997,0.09197093,0.1474886,1,0,0.06825647,0.1340012,0.04004965,0.08763642,0.03949217,0.6256993,-0.5870422,0,0,0,0
2529,3.694528,3.439533,15.58104,2.291614,0.1844767,0.1496094,0.09203498,0.1612155,1,0.1451056,0.049229,0.135546,0.04005223,0.09170932,0.04311334,0.6156164,-0.5925632,0,0,0,0
2530,7.065843e-28,3.398483,15.58104,2.20358,2.951674e-28,0.1496094,0.09203498,0.1220125,1,0,0,0.1340012,0.04005223,0.08829186,0.03274735,0.6223699,-0.5890808,0,0,0,0
2531,6.777482e-28,3.332266,15.58104,1.831663,0.2322827,0.1482759,0.09211564,0.1373025,1,0,0.06171697,0.1315057,0.03970011,0.07376398,0.03679916,0.6220611,-0.5899431,0,0,0,0
2532,6.574487,3.355177,15.58333,2.597317,0.2123221,0.149151,0.09218936,0.143339,1,0.2488916,0.05651597,0.1323696,0.03993118,0.1035142,0.0383957,0.6247125,-0.5928599,0,0,0,0
2533,3.845305,3.364293,15.58466,2.501983,0.1857636,0.1480102,0.09225386,0.1646176,1,0.1507284,0.04956657,0.1327132,0.03962992,0.09984323,0.04400939,0.6210385,-0.5912458,0,0,0,0
2534,7.442321,3.36841,15.58725,3.4116,0.2952892,0.1487018,0.09235639,0.1706152,1,0.2787564,0.07801225,0.1328684,0.03981258,0.134495,0.04558775,0.6235189,-0.5928478,0,0,0,0
2535,7.241788,3.421358,15.58976,3.821415,0.2376863,0.1505283,0.09243892,0.1791683,1,0.2719101,0.06312174,0.1348622,0.04029483,0.149839,0.04783564,0.6240249,-0.588697,0,0,0,0
2536,2.792264,3.417402,15.59073,4.124798,2.298766e-28,0.145803,0.09243892,0.1774268,1,0.1109921,0,0.1347134,0.03904687,0.1610938,0.0473782,0.6284156,-0.5894377,0,0,0,0
2537,5.278309e-28,3.417402,15.59073,4.124798,0.1813631,0.1470663,0.09250189,0.1715337,1,0,0.04841188,0.1347134,0.03938061,0.1610938,0.04582931,0.6250908,-0.5897359,0,0,0,0
2538,6.182971,3.406652,15.59288,4.149995,0.2817954,0.1487714,0.09259974,0.1811193,1,0.2352134,0.07453781,0.1343087,0.03983096,0.1620246,0.04834789,0.6259409,-0.5921287,0,0,0,0
2539,2.792264,3.389504,15.59385,4.064016,0.1467243,0.1483545,0.09265069,0.1772445,1,0.1109921,0.03929026,0.133663,0.03972086,0.158846,0.04733032,0.6272928,-0.5946939,0,0,0,0
2540,5.295476,3.448342,15.59569,3.801163,0.2073915,0.1490512,0.0927227,0.1670919,1,0.2037184,0.05522832,0.1358774,0.03990483,0.1490845,0.04466075,0.6239372,-0.5930555,0,0,0,0
2541,3.024824,3.402818,15.59674,3.290432,0.3227848,0.1516023,0.09283477,0.1792514,1,0.1198624,0.08506612,0.1341644,0.0405783,0.1299269,0.04785746,0.6289064,-0.5938503,0,0,0,0
2542,2.577585,3.395049,15.59763,3.26541,0.1446921,0.1500051,0.09288502,0.1962953,1,0.1027552,0.03875333,0.1338719,0.0401567,0.1289817,0.05232635,0.6264507,-0.5903113,0,0,0,0
2543,6.574487,3.421815,15.59991,4.029517,1.717218e-28,0.1476067,0.09288502,0.1744506,1,0.2488916,0,0.1348794,0.03952336,0.1575686,0.04659619,0.6241792,-0.5907937,0,0,0,0
2544,7.715232,3.455354,15.60259,4.285494,0.07042921,0.1454513,0.09290947,0.1517481,1,0.2880217,0.01899333,0.136141,0.03895394,0.1670199,0.04061678,0.6290864,-0.5926693,0,0,0,0
2545,3.782073e-28,3.415914,15.60259,3.975242,0.2914703,0.1461005,0.09301067,0.1700341,1,0,0.07702979,0.1346574,0.03912548,0.1555566,0.0454349,0.6271745,-0.5915052,0,0,0,0
2546,5.511588,3.436103,15.60451,4.060494,1.51544e-28,0.1439734,0.09301067,0.1469906,1,0.2114513,0,0.135417,0.03856337,0.1587156,0.03936062,0.626781,-0.5970642,0,0,0,0
2547,5.087837,3.460343,15.60627,4.271947,0.1467243,0.1447213,0.09306162,0.1274509,1,0.1962496,0.03929026,0.1363286,0.03876105,0.1665213,0.03418982,0.6233447,-0.5929593,0,0,0,0
2548,3.410479,3.426162,15.60746,4.402385,0.06001581,0.1446658,0.09308246,0.1171749,1,0.1344528,0.01620075,0.135043,0.03874637,0.1713153,0.03146301,0.6316364,-0.5943321,0,0,0,0
2549,3.201456e-28,3.396354,15.60746,3.633992,1.337371e-28,0.1438181,0.09308246,0.1154046,1,0,0,0.133921,0.03852232,0.1428419,0.03099274,0.6201563,-0.5926782,0,0,0,0
2550,3.070803e-28,3.359945,15.60746,2.710738,0.06246511,0.1429044,0.09310415,0.1152137,1,0,0.01685807,0.1325493,0.03828082,0.1078696,0.03094203,0.6294647,-0.5975811,0,0,0,0
2551,3.410479,3.3692,15.60864,3.048999,1.230441e-28,0.1406323,0.09310415,0.0794155,1,0.1344528,0,0.1328981,0.03768006,0.1207813,0.02139886,0.6271376,-0.5963942,0,0,0,0
2552,9.286184,3.472379,15.61187,3.498529,0.1232985,0.1389534,0.09314696,0.09178114,1,0.3402285,0.03308857,0.136781,0.03723597,0.1377634,0.02470246,0.6271275,-0.5914681,0,0,0,0
2553,2.906219,3.450356,15.61288,3.257393,0.08264944,0.1369058,0.09317566,0.08479749,1,0.1153454,0.02226357,0.1359531,0.0366942,0.1286788,0.02283764,0.6309911,-0.5971108,0,0,0,0
2554,6.316698,3.520541,15.61507,3.650492,0.1390187,0.136647,0.09322393,0.0913077,1,0.2398999,0.03725323,0.1385898,0.03662569,0.1434592,0.02457611,0.6270945,-0.5968769,0,0,0,0
2555,7.018347,3.566232,15.61751,4.47965,0.3008024,0.1388218,0.09332837,0.126905,1,0.2642434,0.0794294,0.1403038,0.03720116,0.1741476,0.0340451,0.6285499,-0.5975755,0,0,0,0
2556,3.148269,3.568921,15.6186,4.864438,0.08953307,0.1390021,0.09335946,0.1289942,1,0.1245487,0.02410243,0.1404046,0.03724886,0.1881704,0.03459891,0.6274129,-0.5931394,0,0,0,0
2557,2.792264,3.557221,15.61957,4.770241,0.2417417,0.1402041,0.0934434,0.1585404,1,0.1109921,0.06417511,0.1399659,0.03756679,0.1847501,0.04240836,0.6339845,-0.5946122,0,0,0,0
2558,2.200326e-28,3.493904,15.61957,3.738443,0.1138188,0.1414687,0.09348292,0.1558909,1,0,0.03057136,0.1375897,0.03790123,0.1467455,0.04170977,0.6315966,-0.5935855,0,0,0,0
2559,6.687232,3.487043,15.62189,4.191808,0.2817954,0.1429265,0.09358077,0.1790995,1,0.2528066,0.07453781,0.1373319,0.03828665,0.1635679,0.04781757,0.6276656,-0.5944086,0,0,0,0
2560,2.577585,3.472957,15.62279,3.804991,8.456687e-29,0.1407483,0.09358077,0.163653,1,0.1027552,0,0.1368027,0.03771074,0.1492272,0.0437554,0.6268415,-0.5956905,0,0,0,0
2561,1.941781e-28,3.430231,15.62279,3.025174,0.05322925,0.1377684,0.09359925,0.1341554,1,0,0.01437787,0.1351961,0.03692246,0.1198757,0.03596612,0.6306976,-0.5934919,0,0,0,0
2562,3.276752,3.46664,15.62392,3.002809,0.1767273,0.1386104,0.09366061,0.1434482,1,0.1294102,0.04719446,0.1365653,0.03714524,0.119025,0.03842456,0.6300125,-0.5958087,0,0,0,0
2563,3.410479,3.399829,15.62511,3.066668,7.463e-29,0.1370027,0.09366061,0.1145239,1,0.1344528,0,0.1340519,0.03671984,0.1214526,0.03075874,0.6340041,-0.5955433,0,0,0,0
2564,6.425022,3.430168,15.62734,3.769256,0.1755555,0.1367449,0.09372157,0.1200532,1,0.2436851,0.04688656,0.1351938,0.03665161,0.1478951,0.03222732,0.6309559,-0.5994771,0,0,0,0
2565,3.276752,3.428682,15.62848,3.346258,0.1697978,0.1361353,0.09378053,0.1068547,1,0.1294102,0.04537273,0.1351379,0.03649026,0.1320333,0.0287193,0.6297092,-0.5972509,0,0,0,0
2566,1.576603e-28,3.428682,15.62848,3.028834,0.2158553,0.1363555,0.09385548,0.133237,1,0,0.05743794,0.1351379,0.03654855,0.1200149,0.03572293,0.6309969,-0.5971683,0,0,0,0
2567,2.792264,3.427416,15.62945,3.370111,0.08602243,0.1344886,0.09388535,0.1358213,1,0.1109921,0.02316491,0.1350902,0.03605434,0.1329325,0.03640716,0.6292403,-0.5952731,0,0,0,0
2568,4.165569,3.446183,15.63089,3.446453,0.1390187,0.1341216,0.09393362,0.1300451,1,0.1625996,0.03725323,0.1357962,0.03595718,0.1358063,0.03487739,0.6300647,-0.5940153,0,0,0,0
2569,6.316698,3.479961,15.63309,3.808526,0.2593768,0.1370036,0.09402368,0.1601164,1,0.2398999,0.06874684,0.1370659,0.03672007,0.1493589,0.04282373,0.6354645,-0.6003417,0,0,0,0
2570,1.334565e-28,3.448935,15.63309,3.035796,0.1138188,0.1368983,0.0940632,0.1522171,1,0,0.03057136,0.1358997,0.03669219,0.1202796,0.04074057,0.6325461,-0.5986747,0,0,0,0
2571,2.792264,3.479961,15.63405,2.97938,0.05540158,0.1367313,0.09408243,0.1365355,1,0.1109921,0.01496161,0.1370659,0.036648,0.1181334,0.03659618,0.6345012,-0.6011621,0,0,0,0
2572,3.549664,3.448036,15.63529,3.384588,0.0511421,0.1364518,0.09410019,0.1171946,1,0.1396825,0.0138168,0.1358658,0.03657404,0.1334779,0.03146825,0.6342258,-0.5951022,0,0,0,0
2573,3.276752,3.484444,15.63642,3.401779,0.1631399,0.13745,0.09415684,0.1275759,1,0.1294102,0.04362026,0.1372343,0.0368382,0.1341253,0.03422295,0.6357905,-0.5995483,0,0,0,0
2574,1.129685e-28,3.455804,15.63642,2.853213,0.265054,0.1394767,0.09424887,0.1437423,1,0,0.07021553,0.1361579,0.03737441,0.1133221,0.03850229,0.6303846,-0.5985528,0,0,0,0
2575,8.845139,3.479067,15.6395,3.23243,4.526538e-29,0.1376206,0.09424887,0.1116841,1,0.3257612,0,0.1370323,0.03688335,0.127735,0.03000389,0.6326221,-0.5969343,0,0,0,0
2576,3.276752,3.439382,15.64063,3.571682,0.08602243,0.134988,0.09427874,0.1095514,1,0.1294102,0.02316491,0.1355404,0.03618656,0.1405081,0.02943675,0.640241,-0.6013905,0,0,0,0
2577,9.969437e-29,3.353588,15.64063,3.204899,0.06501436,0.1357104,0.09430131,0.1097116,1,0,0.01754189,0.1323097,0.03637779,0.1266935,0.02947936,0.635906,-0.5989175,0,0,0,0
2578,2.682778,3.309094,15.64157,3.100493,0.06501436,0.1344691,0.09432389,0.1113085,1,0.1067972,0.01754189,0.1306314,0.03604919,0.1227368,0.02990403,0.6357669,-0.6010119,0,0,0,0
2579,3.845305,3.315411,15.6429,3.206391,0.1335677,0.1359532,0.09437027,0.1095068,1,0.1507284,0.03581049,0.1308698,0.03644207,0.12675,0.02942488,0.6332511,-0.5993631,0,0,0,0
2580,3.410479,3.353306,15.64408,3.623228,3.675261e-29,0.1352592,0.09437027,0.07936227,1,0.1344528,0,0.1322991,0.03625834,0.142439,0.02138462,0.6326199,-0.5965912,0,0,0,0
2581,8.438946e-29,3.319696,15.64408,2.60254,0.2682079,0.1369746,0.09446339,0.1121432,1,0,0.0710308,0.1310315,0.03671239,0.1037151,0.03012596,0.6316239,-0.5998355,0,0,0,0
2582,7.027058,3.334154,15.64652,2.994139,0.244395,0.1363872,0.09454825,0.1310857,1,0.2645431,0.06486388,0.1315769,0.03655693,0.1186951,0.0351531,0.6394898,-0.6009564,0,0,0,0
2583,7.764206e-29,3.263688,15.64652,2.961848,0.3534547,0.1378182,0.09467098,0.1661436,1,0,0.09289385,0.1289167,0.03693563,0.1174657,0.04441115,0.638159,-0.6048003,0,0,0,0
2584,3.276752,3.269072,15.64766,2.994068,3.111041e-29,0.1378182,0.09467098,0.1573751,1,0.1294102,0,0.1291201,0.03693563,0.1186924,0.04210115,0.6376687,-0.5999508,0,0,0,0
2585,2.906219,3.263469,15.64867,2.844035,0.08953307,0.1342947,0.09470207,0.1501349,1,0.1153454,0.02410243,0.1289084,0.036003,0.1129715,0.04019098,0.6318911,-0.60279,0,0,0,0
2586,3.694528,3.304519,15.64995,2.881665,0.08264944,0.1321794,0.09473077,0.1592417,1,0.1451056,0.02226357,0.1304587,0.03544283,0.1144085,0.04259321,0.639017,-0.6002601,0,0,0,0
2587,2.906219,3.303201,15.65096,3.205845,2.745484e-29,0.1304378,0.09473077,0.1267548,1,0.1153454,0,0.130409,0.03498145,0.1267293,0.03400528,0.631999,-0.6011385,0,0,0,0
2588,6.304041e-29,3.303201,15.65096,2.42506,0.1697978,0.1323245,0.09478972,0.1190882,1,0,0.04537273,0.130409,0.03548125,0.09687433,0.03197113,0.6365712,-0.6027874,0,0,0,0
2589,4.002234,3.311262,15.65235,2.83992,0.1446921,0.1329373,0.09483996,0.09436902,1,0.1565575,0.03875333,0.1307132,0.03564357,0.1128143,0.02539288,0.6401943,-0.6040253,0,0,0,0
2590,5.588997,3.285329,15.65429,3.130296,0.1138188,0.1331243,0.09487948,0.1082802,1,0.214211,0.03057136,0.1297342,0.03569309,0.1238674,0.0290986,0.6385369,-0.6015712,0,0,0,0
2591,5.563296e-29,3.199809,15.65429,2.807383,2.324002e-29,0.1316984,0.09487948,0.09774066,1,0,0,0.1265009,0.03531542,0.1115705,0.02629191,0.6401806,-0.6045235,0,0,0,0
2592,5.336255e-29,3.161915,15.65429,2.360471,0.2421492,0.1336064,0.09496356,0.1161898,1,0,0.06428092,0.1250658,0.03582076,0.09437674,0.03120134,0.6368717,-0.6017641,0,0,0,0
2593,3.024824,3.195524,15.65534,2.369365,0.4278556,0.1369345,0.09511212,0.1684832,1,0.1198624,0.1117082,0.1263387,0.03670178,0.09472089,0.04502689,0.6368492,-0.6043229,0,0,0,0
2594,4.909592e-29,3.195524,15.65534,2.297976,0.1446921,0.1370581,0.09516236,0.1653508,1,0,0.03875333,0.1263387,0.03673449,0.09195597,0.04420244,0.6407338,-0.6007121,0,0,0,0
2595,4.002234,3.175204,15.65673,2.306036,0.1184639,0.1383744,0.0952035,0.1618662,1,0.1565575,0.03180535,0.1255693,0.03708278,0.09226844,0.04328475,0.6388441,-0.6059372,0,0,0,0
2596,3.024824,3.170919,15.65778,2.054737,0.09699002,0.1377104,0.09523718,0.1586756,1,0.1198624,0.0260918,0.125407,0.03690711,0.08249529,0.04244398,0.6396726,-0.6010131,0,0,0,0
2597,6.574487,3.243969,15.66007,2.827261,0.2164855,0.1378654,0.09531234,0.1841791,1,0.2488916,0.05760233,0.1281714,0.03694811,0.1123305,0.04915091,0.6433873,-0.6031452,0,0,0,0
2598,3.276752,3.280377,15.6612,3.181469,0.408903,0.1411441,0.09545432,0.205706,1,0.1294102,0.1069388,0.1295472,0.03781539,0.1258065,0.0547879,0.6415788,-0.6046242,0,0,0,0
2599,3.986276e-29,3.280377,15.6612,2.775192,0.1232985,0.1413466,0.09549714,0.1703544,1,0,0.03308857,0.1295472,0.03786895,0.1103388,0.04551914,0.6427613,-0.6043349,0,0,0,0
2600,2.906219,3.229515,15.66221,3.130396,0.1184639,0.1399723,0.09553827,0.1674917,1,0.1153454,0.03180535,0.1276248,0.03750551,0.1238712,0.04476598,0.6377957,-0.6037261,0,0,0,0
2601,5.831047,3.218516,15.66424,3.367362,0.05766256,0.1397307,0.09555829,0.1607611,1,0.2228066,0.01556892,0.1272087,0.0374416,0.1328289,0.04299362,0.6368484,-0.6060211,0,0,0,0
2602,3.517876e-29,3.188707,15.66424,2.99183,1.469552e-29,0.13909,0.09555829,0.1494162,1,0,0,0.1260806,0.03727212,0.1186072,0.04000122,0.6443419,-0.6007612,0,0,0,0
2603,6.719352,3.223926,15.66657,3.046177,0.1335677,0.1388809,0.09560467,0.1398745,1,0.25392,0.03581049,0.1274134,0.03721679,0.1206741,0.03747964,0.6450907,-0.6018529,0,0,0,0
2604,3.236602e-29,3.223926,15.66657,2.682093,1.352053e-29,0.1388809,0.09560467,0.09149584,1,0,0,0.1274134,0.03721679,0.1067709,0.02462632,0.6394319,-0.6051549,0,0,0,0
2605,3.104515e-29,3.223926,15.66657,2.583814,0.1426653,0.1394306,0.09565421,0.09523287,1,0,0.0382176,0.1274134,0.03736222,0.1029949,0.02562327,0.640246,-0.6025001,0,0,0,0
2606,2.977818e-29,3.223926,15.66657,2.224492,1.243949e-29,0.1394306,0.09565421,0.08111441,1,0,0,0.1274134,0.03736222,0.08910439,0.02185319,0.6405234,-0.6057449,0,0,0,0
2607,5.588997,3.211723,15.66851,2.259698,0.06501436,0.1385453,0.09567678,0.08193128,1,0.214211,0.01754189,0.1269517,0.03712801,0.09047127,0.02207159,0.6432636,-0.609701,0,0,0,0
2608,2.906219,3.244015,15.66952,2.585094,0.1505971,0.1386842,0.09572907,0.09961521,1,0.1153454,0.04031298,0.1281731,0.03716476,0.1030441,0.0267915,0.6436359,-0.6031576,0,0,0,0
2609,2.627915e-29,3.20612,15.66952,1.795773,0.1966812,0.1390993,0.09579736,0.1073291,1,0,0.05242736,0.1267397,0.03727456,0.0723543,0.02884554,0.6466382,-0.608361,0,0,0,0
2610,2.577585,3.168754,15.67042,2.072917,0.3340204,0.1428106,0.09591334,0.1481538,1,0.1027552,0.08793867,0.1253249,0.03825602,0.08320454,0.03966785,0.6421977,-0.605881,0,0,0,0
2611,2.417799e-29,3.090179,15.67042,2.072917,0.1839397,0.1414418,0.09597721,0.1518035,1,0,0.0490881,0.1223454,0.03789411,0.08320454,0.04063143,0.6474385,-0.6064245,0,0,0,0
2612,2.792264,3.048154,15.67139,2.336116,0.07330348,0.1395521,0.09600266,0.1580474,1,0.1109921,0.01976317,0.1207492,0.03739434,0.0934338,0.04227838,0.6452895,-0.6073921,0,0,0,0
2613,2.224482e-29,3.017129,15.67139,1.715116,0.2073915,0.1410739,0.09607467,0.1722441,1,0,0.05522832,0.1195698,0.03779683,0.06918116,0.04601612,0.6469031,-0.6052791,0,0,0,0
2614,5.95953,3.083346,15.67345,2.084181,0.1767273,0.139225,0.09613604,0.1771111,1,0.2273486,0.04719446,0.122086,0.03730781,0.08364382,0.04729529,0.6470331,-0.6054935,0,0,0,0
2615,2.906219,3.086998,15.67446,2.407095,8.549526e-30,0.1380575,0.09613604,0.1542628,1,0.1153454,0,0.1222246,0.03699896,0.09618004,0.04128034,0.648219,-0.6081422,0,0,0,0
2616,1.963099e-29,3.086998,15.67446,2.079646,0.1505971,0.1378177,0.09618833,0.1346374,1,0,0.04031298,0.1222246,0.0369355,0.08346696,0.03609375,0.6409113,-0.6075173,0,0,0,0
2617,2.577585,3.059106,15.67536,2.362393,7.865944e-30,0.1378177,0.09618833,0.1141997,1,0.1027552,0,0.1211654,0.0369355,0.0944511,0.03067257,0.6457051,-0.6063613,0,0,0,0
2618,2.682778,3.088915,15.67629,2.380036,0.1546526,0.1366751,0.09624203,0.1230702,1,0.1067972,0.04138316,0.1222974,0.03663315,0.09513375,0.03302801,0.6509335,-0.608855,0,0,0,0
2619,6.687232,3.122167,15.67861,3.152895,0.1567431,0.136367,0.09629645,0.1175765,1,0.2528066,0.0419345,0.1235591,0.03655159,0.1247241,0.03156969,0.649619,-0.6058344,0,0,0,0
2620,3.410479,3.160061,15.6798,2.845462,0.1335677,0.1378511,0.09634283,0.1130004,1,0.1344528,0.03581049,0.1249956,0.03694433,0.113026,0.03035383,0.6520338,-0.6071663,0,0,0,0
2621,1.593911e-29,3.160061,15.6798,2.522548,0.1184639,0.1365864,0.09638396,0.1274793,1,0,0.03180535,0.1249956,0.03660966,0.1006359,0.03419736,0.6472427,-0.6098996,0,0,0,0
2622,1.528863e-29,3.087011,15.6798,2.522548,0.105068,0.1353947,0.09642044,0.1208974,1,0,0.02824377,0.1222251,0.03629423,0.1006359,0.03245141,0.6481364,-0.6063427,0,0,0,0
2623,1.466469e-29,3.044286,15.6798,2.202541,0.1867969,0.1354062,0.0964853,0.1389742,1,0,0.04983758,0.1206022,0.03629727,0.08825146,0.03724147,0.6481439,-0.6088526,0,0,0,0
2624,3.410479,2.999487,15.68098,2.321291,0.1992595,0.1343392,0.09655449,0.1445368,1,0.1344528,0.05310214,0.1188986,0.03601479,0.09285957,0.03871229,0.6457354,-0.6107895,0,0,0,0
2625,1.349217e-29,2.919023,15.68098,1.533796,0.1335677,0.1331823,0.09660087,0.1421296,1,0,0.03581049,0.1158337,0.03570845,0.06202227,0.03807598,0.6430513,-0.6073778,0,0,0,0
2626,1.294154e-29,2.887998,15.68098,1.121245,0.3717065,0.1373124,0.09672993,0.1716419,1,0,0.0975321,0.1146502,0.03680179,0.04560028,0.04585776,0.6489471,-0.6076612,0,0,0,0
2627,2.577585,2.916638,15.68188,1.363233,0.2433761,0.1380014,0.09681444,0.1858198,1,0.1027552,0.06459942,0.1157428,0.03698411,0.0552555,0.04958132,0.6477559,-0.6085989,0,0,0,0
2628,1.190679e-29,2.847938,15.68188,1.326825,0.1505971,0.1365437,0.09686673,0.1880085,1,0,0.04031298,0.1131206,0.03659835,0.05380695,0.05015529,0.648235,-0.6106259,0,0,0,0
2629,1.142087e-29,2.816913,15.68188,1.326825,0.05322925,0.1355048,0.09688521,0.1723891,1,0,0.01437787,0.1119349,0.03632338,0.05380695,0.04605425,0.6482014,-0.6108845,0,0,0,0
2630,4.165569,2.804358,15.68332,1.424716,0.2158553,0.1355989,0.09696016,0.1753152,1,0.1625996,0.05743794,0.1114548,0.03634828,0.0576984,0.04682342,0.6499143,-0.6136651,0,0,0,0
2631,2.476516,2.798266,15.68418,1.662612,0.1132451,0.1332707,0.09699948,0.1736747,1,0.09886099,0.03041886,0.1112217,0.03573184,0.06711185,0.04639224,0.6538107,-0.6095497,0,0,0,0
2632,3.024824,2.803235,15.68523,2.032313,0.1631399,0.1334756,0.09705613,0.1523133,1,0.1198624,0.04362026,0.1114118,0.03578613,0.08161996,0.04076597,0.6511734,-0.6113104,0,0,0,0
2633,9.66756e-30,2.730185,15.68523,1.671255,0.2662604,0.1364341,0.09714858,0.1563304,1,0,0.07052743,0.1086151,0.03656935,0.06745269,0.04182568,0.6543778,-0.6101098,0,0,0,0
2634,9.273021e-30,2.644461,15.68523,1.671255,0.1839397,0.1376953,0.09721245,0.1620789,1,0,0.0490881,0.1053262,0.03690311,0.06745269,0.0433408,0.6476685,-0.6087741,0,0,0,0
2635,3.845305,2.687186,15.68657,2.141237,0.3157736,0.1379654,0.09732209,0.1931739,1,0.1507284,0.0832707,0.1069663,0.03697456,0.08586677,0.05150896,0.6531457,-0.6097273,0,0,0,0
2636,3.276752,2.662355,15.68771,2.078888,0.1649609,0.1397983,0.09737937,0.1893519,1,0.1294102,0.04409981,0.1060133,0.03745946,0.08343739,0.05050746,0.6512766,-0.6113125,0,0,0,0
2637,8.183412e-30,2.605823,15.68771,1.741619,0.08953307,0.1391628,0.09741046,0.1869897,1,0,0.02410243,0.1038413,0.03729137,0.0702246,0.04988813,0.6503173,-0.6084368,0,0,0,0
2638,2.682778,2.597738,15.68864,1.701131,3.279013e-30,0.138496,0.09741046,0.1671897,1,0.1067972,0,0.1035304,0.03711495,0.06863029,0.0446865,0.6532428,-0.6114221,0,0,0,0
2639,7.071787,2.676313,15.69109,2.565461,0.2046254,0.1407696,0.09748151,0.1604297,1,0.2660808,0.05450547,0.1065491,0.03771635,0.1022886,0.04290627,0.6518731,-0.6143308,0,0,0,0
2640,3.276752,2.712721,15.69223,2.937313,0.2187119,0.1425056,0.09755745,0.163012,1,0.1294102,0.05818294,0.1079457,0.0381754,0.116531,0.04358659,0.653683,-0.6107911,0,0,0,0
2641,3.024824,2.708436,15.69328,2.879758,0.2215174,0.1449669,0.09763437,0.1529566,1,0.1198624,0.05891424,0.1077814,0.03882596,0.1143357,0.04093572,0.6550382,-0.6114551,0,0,0,0
2642,6.64441e-30,2.605257,15.69328,2.484649,0.105068,0.1447644,0.09767085,0.1466548,1,0,0.02824377,0.1038196,0.03877243,0.09917474,0.03927191,0.6582008,-0.6131898,0,0,0,0
2643,3.148269,2.607946,15.69437,2.869437,0.1232985,0.145216,0.09771366,0.1494722,1,0.1245487,0.03308857,0.103923,0.03889178,0.1139417,0.04001599,0.6571552,-0.6126186,0,0,0,0
2644,2.476516,2.565277,15.69523,2.807819,0.1697978,0.145558,0.09777262,0.1682616,1,0.09886099,0.04537273,0.1022815,0.03898215,0.1115871,0.04496857,0.6553778,-0.6121723,0,0,0,0
2645,3.276752,2.523704,15.69637,2.390266,0.1833143,0.1442526,0.09783627,0.1679305,1,0.1294102,0.04892399,0.1006805,0.03863718,0.0955294,0.04488145,0.6556898,-0.6165158,0,0,0,0
2646,2.906219,2.521015,15.69738,2.381387,0.07330348,0.1440723,0.09786172,0.1509152,1,0.1153454,0.01976317,0.1005768,0.03858951,0.09518599,0.04039695,0.6547889,-0.6138147,0,0,0,0
2647,3.024824,2.523599,15.69843,2.386356,2.253631e-30,0.1413863,0.09786172,0.1263022,1,0.1198624,0,0.1006764,0.03787943,0.0953782,0.03388525,0.6536392,-0.614105,0,0,0,0
2648,5.174672e-30,2.523599,15.69843,2.356547,2.161659e-30,0.1401216,0.09786172,0.1129096,1,0,0,0.1006764,0.03754498,0.09422486,0.03032968,0.6557038,-0.6119195,0,0,0,0
2649,3.694528,2.490346,15.69971,2.383991,0.259953,0.1398789,0.09795198,0.1292402,1,0.1451056,0.06889599,0.09939449,0.03748079,0.0952867,0.03466409,0.6597847,-0.6121508,0,0,0,0
2650,4.760928e-30,2.461706,15.69971,2.070928,1.988822e-30,0.1398789,0.09795198,0.1088897,1,0,0,0.09828948,0.03748079,0.08312695,0.02926074,0.6550663,-0.6154256,0,0,0,0
2651,3.276752,2.498115,15.70085,2.107336,0.2602348,0.142179,0.09804234,0.1190116,1,0.1294102,0.06896889,0.09969407,0.03808903,0.08454637,0.03195079,0.6523231,-0.6129999,0,0,0,0
2652,4.380265e-30,2.461706,15.70085,1.784423,0.3831992,0.1444731,0.0981754,0.1565348,1,0,0.1004451,0.09828948,0.03869545,0.0719082,0.04187959,0.657605,-0.612221,0,0,0,0
2653,3.410479,2.461706,15.70204,1.865168,0.3470796,0.1483296,0.09829591,0.1968802,1,0.1344528,0.09127026,0.09828948,0.03971427,0.07507879,0.05247944,0.6566274,-0.6135743,0,0,0,0
2654,3.148269,2.425298,15.70313,2.212062,1.683502e-30,0.1463789,0.09829591,0.1946662,1,0.1245487,0,0.09688352,0.03919903,0.08862147,0.05189978,0.6555998,-0.6186419,0,0,0,0
2655,3.86557e-30,2.38889,15.70313,1.801559,0.1992595,0.1467063,0.0983651,0.1886523,1,0,0.05310214,0.09547619,0.03928551,0.07258166,0.05032408,0.6586396,-0.6138836,0,0,0,0
2656,3.707814e-30,2.38889,15.70313,1.801559,0.08264944,0.1452262,0.0983938,0.1946239,1,0,0.02226357,0.09547619,0.03889447,0.07258166,0.0518887,0.6552421,-0.618021,0,0,0,0
2657,2.906219,2.390156,15.70414,1.76404,1.485685e-30,0.1442704,0.0983938,0.1630047,1,0.1153454,0,0.09552515,0.03864188,0.07110672,0.04358466,0.6603295,-0.6159092,0,0,0,0
2658,6.637569,2.417623,15.70644,2.575298,0.105068,0.1438932,0.09843028,0.1315954,1,0.2510834,0.02824377,0.09658694,0.03854218,0.1026672,0.03528812,0.6666628,-0.6172253,0,0,0,0
2659,3.272135e-30,2.347437,15.70644,2.196356,1.366896e-30,0.1410112,0.09843028,0.09243954,1,0,0,0.0938722,0.03778026,0.08801106,0.02487815,0.6607792,-0.616343,0,0,0,0
2660,3.138597e-30,2.347437,15.70644,1.800265,1.311112e-30,0.1397466,0.09843028,0.09004115,1,0,0,0.0938722,0.03744579,0.07253079,0.02423806,0.6555079,-0.6176096,0,0,0,0
2661,5.817088,2.381046,15.70846,2.483725,0.1631399,0.1409437,0.09848692,0.08658224,1,0.2223123,0.04362026,0.09517282,0.03776239,0.09913909,0.02331444,0.6554257,-0.6153756,0,0,0,0
2662,2.476516,2.369122,15.70932,2.752801,0.2896788,0.1435941,0.09858751,0.1109915,1,0.09886099,0.07656869,0.09471152,0.03846312,0.1094815,0.02981974,0.6549811,-0.6198167,0,0,0,0
2663,3.148269,2.367695,15.71042,2.814677,0.09318699,0.1428168,0.09861986,0.1194226,1,0.1245487,0.02507757,0.09465628,0.03825766,0.1118494,0.0320599,0.6584272,-0.6160873,0,0,0,0
2664,2.656765e-30,2.367695,15.71042,2.077169,0.2662604,0.1428302,0.09871231,0.1382475,1,0,0.07052743,0.09465628,0.0382612,0.08337037,0.03704922,0.6610067,-0.6161972,0,0,0,0
2665,2.577585,2.298055,15.71131,2.349481,0.2516074,0.1456259,0.09879968,0.1654909,1,0.1027552,0.06673447,0.09195906,0.03900006,0.09395134,0.04423934,0.6603279,-0.6190382,0,0,0,0
2666,2.577585,2.290287,15.71221,2.628111,0.2307145,0.1472335,0.09887979,0.1918565,1,0.1027552,0.06130904,0.09165786,0.03942479,0.1046981,0.05116381,0.6599478,-0.6165591,0,0,0,0
2667,2.577585,2.318927,15.7131,2.296806,0.1992595,0.1487252,0.09894897,0.1970889,1,0.1027552,0.05310214,0.09276796,0.03981874,0.09191064,0.05253409,0.6631649,-0.6186496,0,0,0,0
2668,2.248903e-30,2.289118,15.7131,1.991829,0.3209233,0.1515686,0.09906041,0.2041264,1,0,0.08458964,0.09161254,0.04056942,0.08003836,0.054375,0.6595424,-0.6151811,0,0,0,0
2669,4.335569,2.294565,15.71461,2.093349,9.011135e-31,0.1500845,0.09906041,0.1914986,1,0.1688616,0,0.09182376,0.04017766,0.08400123,0.05107006,0.6597546,-0.6191858,0,0,0,0
2670,2.069091e-30,2.256671,15.71461,2.056941,0.1992595,0.1522985,0.09912959,0.183838,1,0,0.05310214,0.09035381,0.04076205,0.08258126,0.0490614,0.6587591,-0.6193152,0,0,0,0
2671,2.682778,2.28648,15.71554,2.064828,0.2640882,0.1522527,0.09922129,0.1856977,1,0.1067972,0.06996577,0.09151024,0.04074997,0.08288901,0.04954929,0.6596655,-0.6191574,0,0,0,0
2672,6.743153,2.283325,15.71788,2.602593,7.952298e-31,0.1495372,0.09922129,0.1588953,1,0.2547446,0,0.09138791,0.04003317,0.1037171,0.04250191,0.6633466,-0.6167875,0,0,0,0
2673,1.825966e-30,2.283325,15.71788,2.281214,0.4164484,0.1502372,0.09936589,0.1862847,1,0,0.1088395,0.09138791,0.04021796,0.09130602,0.04970324,0.6612957,-0.620832,0,0,0,0
2674,3.024824,2.280526,15.71893,2.623398,0.2210263,0.152693,0.09944264,0.1757542,1,0.1198624,0.05878627,0.09127934,0.04086616,0.1045169,0.04693877,0.6594349,-0.619558,0,0,0,0
2675,6.321821,2.318477,15.72112,2.877927,0.275207,0.154756,0.09953819,0.2073538,1,0.2400792,0.07283837,0.09275055,0.04141045,0.1142658,0.05521847,0.6582171,-0.6156263,0,0,0,0
2676,1.611409e-30,2.277427,15.72112,2.845635,0.3582321,0.1578181,0.09966258,0.2281833,1,0,0.09410936,0.09115913,0.04221793,0.1130326,0.06065034,0.6650923,-0.6173419,0,0,0,0
2677,3.276752,2.281544,15.72226,2.914432,0.1567431,0.1595597,0.09971701,0.2179976,1,0.1294102,0.0419345,0.09131882,0.042677,0.1156586,0.05799671,0.6654876,-0.623115,0,0,0,0
2678,2.682778,2.311353,15.72319,2.493087,0.07042921,0.1584556,0.09974146,0.2266057,1,0.1067972,0.01899333,0.09247447,0.04238599,0.0995002,0.06023964,0.6610128,-0.621105,0,0,0,0
2679,2.906219,2.299175,15.7242,2.807242,0.1446921,0.1584556,0.0997917,0.1951298,1,0.1153454,0.03875333,0.09200245,0.04238599,0.1115651,0.0520212,0.658428,-0.6207594,0,0,0,0
2680,2.577585,2.265714,15.7251,2.786188,0.2623171,0.1601056,0.09988278,0.2026323,1,0.1027552,0.06950769,0.09070475,0.04282086,0.1107597,0.05398438,0.6619252,-0.6240299,0,0,0,0
2681,5.831047,2.330504,15.72712,2.760039,0.1767273,0.1620692,0.09994415,0.1907623,1,0.2228066,0.04719446,0.09321646,0.04333824,0.1097587,0.05087711,0.6568277,-0.6182892,0,0,0,0
2682,7.922986,2.418537,15.72987,3.728404,0.06501436,0.160101,0.09996672,0.1546472,1,0.2950353,0.01754189,0.09662228,0.04281967,0.1463708,0.04138173,0.6615796,-0.6195433,0,0,0,0
2683,3.148269,2.419909,15.73097,3.711214,0.2278198,0.1578784,0.1000458,0.1612195,1,0.1245487,0.06055573,0.09667528,0.04223384,0.1457289,0.04311438,0.6592774,-0.6188607,0,0,0,0
2684,3.276752,2.456317,15.7321,3.778639,0.3361386,0.1600056,0.1001625,0.1944776,1,0.1294102,0.08847955,0.09808144,0.04279452,0.148245,0.0518504,0.6622384,-0.619325,0,0,0,0
2685,1.107504e-30,2.411848,15.7321,3.455726,0.1567431,0.1604309,0.100217,0.1953442,1,0,0.0419345,0.09636377,0.0429066,0.136155,0.05207732,0.6638625,-0.622878,0,0,0,0
2686,2.906219,2.41053,15.73311,3.524532,0.08602243,0.1603091,0.1002468,0.1757934,1,0.1153454,0.02316491,0.09631283,0.04287449,0.1387396,0.04694907,0.6657665,-0.6229879,0,0,0,0
2687,1.018953e-30,2.33748,15.73311,2.844347,0.2322056,0.1604837,0.1003275,0.1845377,1,0,0.06169692,0.09348664,0.04292051,0.1129834,0.04924499,0.6639742,-0.6214333,0,0,0,0
2688,3.148269,2.336052,15.73421,2.275053,0.1631399,0.157753,0.1003841,0.1960858,1,0.1245487,0.04362026,0.09343136,0.04220078,0.09106704,0.05227149,0.6614216,-0.621948,0,0,0,0
2689,9.374823e-31,2.336052,15.73421,1.925245,0.1184639,0.1576993,0.1004252,0.1852514,1,0,0.03180535,0.09343136,0.04218662,0.0774333,0.04943221,0.6688359,-0.6225938,0,0,0,0
2690,3.148269,2.338742,15.7353,1.94595,0.1009483,0.1575047,0.1004603,0.1602408,1,0.1245487,0.02714667,0.09353551,0.04213531,0.07824387,0.0428565,0.6584603,-0.6207244,0,0,0,0
2691,3.276752,2.310361,15.73644,2.281808,0.1093559,0.1580791,0.1004983,0.1543779,1,0.1294102,0.02938476,0.09243604,0.04228674,0.09132904,0.04131071,0.664896,-0.6213029,0,0,0,0
2692,6.826416,2.38621,15.73881,2.765717,0.2278198,0.1606104,0.1005774,0.1694459,1,0.2576251,0.06055573,0.09537254,0.04295389,0.1099761,0.04528016,0.6669329,-0.6245829,0,0,0,0
2693,4.335569,2.359723,15.74031,3.260639,0.07330348,0.1599408,0.1006028,0.1515692,1,0.1688616,0.01976317,0.0943478,0.04277744,0.1288015,0.04056956,0.6641793,-0.6231752,0,0,0,0
2694,4.696666,2.411909,15.74194,3.484869,0.1138188,0.1612054,0.1006423,0.1443952,1,0.182073,0.03057136,0.09636611,0.04311068,0.1372503,0.03867487,0.6649428,-0.6228757,0,0,0,0
2695,7.301119e-31,2.411909,15.74194,3.456229,0.08602243,0.1605761,0.1006722,0.1389508,1,0,0.02316491,0.09636611,0.04294485,0.1361739,0.03723529,0.6699564,-0.6226677,0,0,0,0
2696,7.003157e-31,2.411909,15.74194,3.077781,0.2808696,0.1636968,0.1007697,0.1594993,1,0,0.07429914,0.09636611,0.04376695,0.1218747,0.0426611,0.664035,-0.6221368,0,0,0,0
2697,6.717354e-31,2.349809,15.74194,2.685058,2.806096e-31,0.1629745,0.1007697,0.1451347,1,0,0,0.09396401,0.04357669,0.1068847,0.03887028,0.6698605,-0.624519,0,0,0,0
2698,6.443215e-31,2.317517,15.74194,1.926567,0.1446921,0.1629089,0.10082,0.1339401,1,0,0.03875333,0.09271336,0.04355941,0.07748508,0.03590913,0.668576,-0.6225857,0,0,0,0
2699,3.148269,2.352498,15.74304,1.781453,0.09318699,0.1617589,0.1008523,0.1371848,1,0.1245487,0.02507757,0.09406812,0.0432565,0.07179143,0.03676803,0.6664405,-0.6224985,0,0,0,0
2700,5.928044e-31,2.323858,15.74304,1.259601,0.2305577,0.1606093,0.1009324,0.1505036,1,0,0.06126823,0.09295903,0.04295361,0.05112854,0.04028829,0.6687809,-0.6236893,0,0,0,0
2701,5.686117e-31,2.323858,15.74304,1.229792,2.375309e-31,0.1585656,0.1009324,0.1380112,1,0,0,0.09295903,0.04241498,0.04993928,0.0369867,0.6724781,-0.6240706,0,0,0,0
2702,3.148269,2.327814,15.74413,1.539657,0.1208969,0.1590944,0.1009744,0.1215798,1,0.1245487,0.03245127,0.09311226,0.04255437,0.06225422,0.03263251,0.6630212,-0.6233705,0,0,0,0
2703,3.410479,2.365708,15.74531,1.956493,0.1697978,0.1586767,0.1010333,0.1377056,1,0.1344528,0.04537273,0.0945794,0.04244427,0.07865646,0.03690584,0.672567,-0.6259716,0,0,0,0
2704,7.018347,2.377473,15.74775,2.780682,0.07940871,0.1575953,0.1010609,0.1288784,1,0.2642434,0.02139704,0.09503458,0.04215921,0.1105489,0.0345682,0.6731867,-0.6221179,0,0,0,0
2705,4.813194e-31,2.345181,15.74775,2.360632,2.010656e-31,0.1575953,0.1010609,0.1154664,1,0,0,0.09378486,0.04215921,0.09438295,0.03100917,0.6656139,-0.6238022,0,0,0,0
2706,4.616765e-31,2.345181,15.74775,2.360632,0.2158553,0.1583204,0.1011358,0.1122509,1,0,0.05743794,0.09378486,0.04235037,0.09438295,0.03015457,0.6689992,-0.6241363,0,0,0,0
2707,4.428353e-31,2.316542,15.74775,2.324223,1.849893e-31,0.1583204,0.1011358,0.1105093,1,0,0,0.09267555,0.04235037,0.09297317,0.0296915,0.6646033,-0.6249318,0,0,0,0
2708,4.247629e-31,2.286733,15.74775,1.944607,0.1839397,0.1586459,0.1011997,0.1187752,1,0,0.0490881,0.09152006,0.04243615,0.07819132,0.03188803,0.6678554,-0.6248915,0,0,0,0
2709,4.074281e-31,2.21243,15.74775,1.533374,0.2957617,0.1601905,0.1013024,0.1344498,1,0,0.07813377,0.08863578,0.04284325,0.06200556,0.03604407,0.6641248,-0.6231815,0,0,0,0
2710,3.908008e-31,2.174536,15.74775,0.7249175,0.2158553,0.1611048,0.1013774,0.1490943,1,0,0.05743794,0.08716258,0.04308417,0.0296461,0.03991621,0.6674014,-0.6263673,0,0,0,0
2711,2.792264,2.205561,15.74872,1.001405,0.2896158,0.1630065,0.1014779,0.1825281,1,0.1109921,0.07655245,0.08836885,0.04358513,0.04079471,0.04871768,0.6615657,-0.6237472,0,0,0,0
2712,3.410479,2.243456,15.7499,1.330208,1.501995e-31,0.1618391,0.1014779,0.1578218,1,0.1344528,0,0.08984081,0.04327761,0.05394163,0.04221892,0.6725206,-0.6225227,0,0,0,0
2713,2.682778,2.273264,15.75084,1.623122,0.1232985,0.1611335,0.1015207,0.1703603,1,0.1067972,0.03308857,0.09099765,0.04309174,0.0655535,0.04552071,0.6748558,-0.6292015,0,0,0,0
2714,3.308057e-31,2.23537,15.75084,1.586714,0.05322925,0.159511,0.1015392,0.1526935,1,0,0.01437787,0.08952687,0.04266417,0.06411526,0.04086629,0.6699747,-0.6250036,0,0,0,0
2715,2.476516,2.262887,15.7517,1.889399,0.1446921,0.1596346,0.1015894,0.1357741,1,0.09886099,0.03875333,0.09059503,0.04269675,0.07602891,0.03639465,0.6758902,-0.6232761,0,0,0,0
2716,3.043559e-31,2.262887,15.7517,1.857108,0.08953307,0.1564993,0.1016205,0.1217773,1,0,0.02410243,0.09059503,0.04187022,0.07476261,0.03268493,0.6775914,-0.625385,0,0,0,0
2717,2.577585,2.262887,15.75259,1.861895,1.219524e-31,0.1537951,0.1016205,0.08701769,1,0.1027552,0,0.09059503,0.04115696,0.07495039,0.02343075,0.6725967,-0.6270523,0,0,0,0
2718,3.024824,2.296496,15.75364,1.817672,1.169755e-31,0.1521218,0.1016205,0.08520502,1,0.1198624,0,0.09189861,0.04071543,0.07321464,0.02294653,0.6685973,-0.6290284,0,0,0,0
2719,3.549664,2.335937,15.75487,1.953434,0.09699002,0.1526081,0.1016542,0.08204326,1,0.1396825,0.0260918,0.09342688,0.04084374,0.07853674,0.02210152,0.6727009,-0.624359,0,0,0,0
2720,3.276752,2.326061,15.75601,2.318945,1.076227e-31,0.1502097,0.1016542,0.07500726,1,0.1294102,0,0.09304436,0.04021071,0.09276867,0.02021932,0.6726741,-0.6279271,0,0,0,0
2721,2.471176e-31,2.298544,15.75601,2.007368,0.3439516,0.1527731,0.1017736,0.09975382,1,0,0.09047297,0.09197801,0.04088729,0.08064564,0.02682844,0.6749979,-0.6259078,0,0,0,0
2722,2.682778,2.294744,15.75694,2.259414,0.2143528,0.1533421,0.1018481,0.113473,1,0.1067972,0.05704595,0.09183067,0.04103744,0.09046026,0.03047945,0.672527,-0.6278954,0,0,0,0
2723,2.273592e-31,2.294744,15.75694,1.924843,0.3010387,0.1537285,0.1019526,0.1494522,1,0,0.0794901,0.09183067,0.04113939,0.07741755,0.04001071,0.6729227,-0.625576,0,0,0,0
2724,3.024824,2.328353,15.75799,1.906267,0.1767273,0.1536484,0.102014,0.1697875,1,0.1198624,0.04719446,0.09313314,0.04111825,0.07668993,0.04537004,0.6719283,-0.6262248,0,0,0,0
2725,3.148269,2.320608,15.75909,1.896648,8.738275e-32,0.1501398,0.102014,0.1580551,1,0.1245487,0,0.0928331,0.04019226,0.07631303,0.04228041,0.6683978,-0.6259792,0,0,0,0
2726,7.885232,2.371813,15.76182,2.496315,0.08264944,0.1492252,0.1020427,0.1650359,1,0.2937633,0.02226357,0.09481563,0.03995079,0.09962467,0.04411954,0.6736143,-0.6269717,0,0,0,0
2727,1.924554e-31,2.371813,15.76182,2.496315,0.2950937,0.1515092,0.1021451,0.162886,1,0,0.07796197,0.09481563,0.04055375,0.09962467,0.0435534,0.6756804,-0.6282303,0,0,0,0
2728,2.682778,2.371813,15.76276,2.526124,0.1283304,0.1529351,0.1021897,0.1531462,1,0.1067972,0.03442296,0.09481563,0.04093005,0.1007737,0.04098574,0.6750723,-0.62944,0,0,0,0
2729,1.770675e-31,2.293238,15.76276,2.491143,0.09699002,0.1517392,0.1022234,0.1305164,1,0,0.0260918,0.09177229,0.04061444,0.09942521,0.03500227,0.6790864,-0.6271267,0,0,0,0
2730,7.576048,2.341008,15.76539,3.081013,0.1914464,0.1514362,0.1022898,0.1317173,1,0.2833038,0.05105638,0.09362326,0.04053448,0.1219974,0.03532041,0.6727798,-0.6302902,0,0,0,0
2731,1.6291e-31,2.307399,15.76539,2.731205,0.2300466,0.151531,0.1023697,0.1598341,1,0,0.06113524,0.09232123,0.0405595,0.1086542,0.04274932,0.6804199,-0.6315274,0,0,0,0
2732,3.845305,2.350124,15.76672,2.290069,0.2593308,0.153245,0.1024598,0.1810035,1,0.1507284,0.06873494,0.09397622,0.04101182,0.09164943,0.04831748,0.6820421,-0.6285463,0,0,0,0
2733,1.498844e-31,2.315143,15.76672,2.252175,0.2281543,0.1544101,0.102539,0.1742142,1,0,0.06064278,0.09262137,0.0413192,0.0901793,0.04653404,0.6765684,-0.6284561,0,0,0,0
2734,2.577585,2.316266,15.76762,2.191145,0.09318699,0.1535589,0.1025713,0.1704625,1,0.1027552,0.02507757,0.09266488,0.04109463,0.08780847,0.04554757,0.6803142,-0.6272755,0,0,0,0
2735,2.792264,2.310883,15.76859,2.532422,0.2012353,0.153758,0.1026412,0.1842812,1,0.1109921,0.05361902,0.09245628,0.04114716,0.1010163,0.0491777,0.6781273,-0.6328731,0,0,0,0
2736,5.988064,2.345126,15.77067,2.422513,0.2972603,0.1562464,0.1027444,0.1969428,1,0.2283553,0.07851907,0.09378272,0.04180353,0.09677592,0.05249584,0.6728036,-0.6297222,0,0,0,0
2737,3.410479,2.349411,15.77185,2.83935,0.2835229,0.1593967,0.1028429,0.2060349,1,0.1344528,0.07498309,0.09394862,0.04263404,0.1127925,0.05487384,0.6759584,-0.6300878,0,0,0,0
2738,2.577585,2.378051,15.77274,2.727132,0.2425486,0.1620916,0.1029271,0.2048214,1,0.1027552,0.06438461,0.09505695,0.04334415,0.1084981,0.05455669,0.6774484,-0.6298024,0,0,0,0
2739,4.335569,2.385174,15.77425,3.257034,0.385653,0.1634883,0.103061,0.22332,1,0.1688616,0.1010662,0.09533246,0.04371202,0.1286652,0.05938394,0.6807972,-0.632511,0,0,0,0
2740,1.119663e-31,2.385174,15.77425,2.970636,0.09318699,0.1645237,0.1030933,0.2219571,1,0,0.02507757,0.09533246,0.04398469,0.1178004,0.05902882,0.6798906,-0.6321615,0,0,0,0
2741,1.073969e-31,2.348765,15.77425,2.629359,0.2158553,0.1640306,0.1031683,0.2227619,1,0,0.05743794,0.09392361,0.04385484,0.104746,0.05923854,0.6797311,-0.6321835,0,0,0,0
2742,3.410479,2.386659,15.77543,2.342961,0.1593259,0.1615431,0.1032236,0.2092062,1,0.1344528,0.0426154,0.09538992,0.04319965,0.09369889,0.05570237,0.6807503,-0.631567,0,0,0,0
2743,9.88099e-32,2.348765,15.77543,1.93421,0.2070058,0.1599868,0.1032955,0.2016344,1,0,0.05512756,0.09392361,0.04278956,0.07778434,0.05372339,0.6797244,-0.632993,0,0,0,0
2744,9.477742e-32,2.313784,15.77543,1.647812,0.1567431,0.1617283,0.1033499,0.1932506,1,0,0.0419345,0.09256871,0.04324844,0.06652801,0.05152903,0.6807761,-0.6319831,0,0,0,0
2745,5.087837,2.370316,15.7772,1.760412,0.1232985,0.1608843,0.1033927,0.1638624,1,0.1962496,0.03308857,0.0947577,0.04302608,0.07096402,0.04381054,0.6760264,-0.6316629,0,0,0,0
2746,2.476516,2.397833,15.77806,2.063097,0.09699002,0.1610437,0.1034264,0.1643678,1,0.09886099,0.0260918,0.09582199,0.04306806,0.08282148,0.04394362,0.6823082,-0.6310317,0,0,0,0
2747,2.682778,2.39535,15.77899,2.362353,0.2951912,0.1643236,0.1035289,0.1764628,1,0.1067972,0.07798705,0.09572601,0.04393199,0.09444955,0.04712496,0.6787126,-0.6325685,0,0,0,0
2748,2.682778,2.351408,15.77992,2.277696,3.351404e-32,0.1631562,0.1035289,0.1587599,1,0.1067972,0,0.09402592,0.04362455,0.09116959,0.04246621,0.6812365,-0.6290324,0,0,0,0
2749,2.792264,2.382433,15.78089,2.579532,0.09318699,0.1641916,0.1035613,0.1460711,1,0.1109921,0.02507757,0.09522647,0.04389722,0.1028301,0.03911771,0.6773273,-0.6306935,0,0,0,0
2750,7.381273e-32,2.382433,15.78089,2.543124,0.1697978,0.1660782,0.1036202,0.1494083,1,0,0.04537273,0.09522647,0.04439394,0.1014286,0.03999912,0.6792351,-0.6312087,0,0,0,0
2751,4.512507,2.367938,15.78246,2.529337,0.3821101,0.1685112,0.1037529,0.1785891,1,0.1753503,0.1001693,0.09466568,0.04503426,0.1008975,0.04768352,0.6796851,-0.6328501,0,0,0,0
2752,3.410479,2.378315,15.78364,2.641197,0.1567431,0.1670341,0.1038073,0.1845882,1,0.1344528,0.0419345,0.09506717,0.04464556,0.1052008,0.04925825,0.6834378,-0.6359479,0,0,0,0
2753,3.024824,2.376944,15.78469,2.712811,0.1567431,0.1677403,0.1038617,0.1676018,1,0.1198624,0.0419345,0.09501411,0.04483141,0.1079491,0.04479496,0.6824458,-0.6327925,0,0,0,0
2754,6.248113e-32,2.376944,15.78469,2.381115,0.3675928,0.1688662,0.1039894,0.2105662,1,0,0.09648801,0.09501411,0.04512767,0.09517549,0.05605753,0.6853177,-0.6314597,0,0,0,0
2755,5.698483,2.41162,15.78667,2.732364,0.2972603,0.1693735,0.1040926,0.2365439,1,0.2181054,0.07851907,0.09635497,0.04526112,0.1086986,0.06282485,0.6814693,-0.6353948,0,0,0,0
2756,2.682778,2.412789,15.7876,2.972646,0.2593308,0.1696915,0.1041826,0.2484551,1,0.1067972,0.06873494,0.09640014,0.04534477,0.1178769,0.06591722,0.6768226,-0.6330354,0,0,0,0
2757,3.276752,2.420558,15.78874,2.871748,0.1714814,0.1693828,0.1042422,0.2236785,1,0.1294102,0.04581556,0.09670035,0.04526357,0.1140299,0.05947732,0.6823923,-0.6339057,0,0,0,0
2758,5.288913e-32,2.420558,15.78874,2.462997,0.1460382,0.1674396,0.1042929,0.2226858,1,0,0.03910902,0.09670035,0.04475228,0.0983393,0.0592187,0.6831083,-0.6350061,0,0,0,0
2759,3.549664,2.411825,15.78998,2.560753,0.3214194,0.171011,0.1044045,0.2434768,1,0.1396825,0.08471666,0.0963629,0.04569184,0.1021074,0.06462557,0.6854875,-0.6343148,0,0,0,0
2760,3.549664,2.451266,15.79121,2.910423,2.032729e-32,0.168797,0.1044045,0.200506,1,0.1396825,0,0.09788644,0.04510944,0.1155057,0.05342826,0.6855404,-0.635954,0,0,0,0
2761,2.577585,2.450097,15.7921,2.592296,0.2636462,0.1687921,0.104496,0.1971445,1,0.1027552,0.06985147,0.09784131,0.04510815,0.1033211,0.05254862,0.6915449,-0.6349918,0,0,0,0
2762,2.476516,2.40269,15.79296,2.554169,0.2515454,0.171587,0.1045834,0.1961929,1,0.09886099,0.06671841,0.09600978,0.04584333,0.1018539,0.05229953,0.6862029,-0.6371012,0,0,0,0
2763,2.792264,2.433715,15.79393,2.531363,0.06501436,0.1676822,0.104606,0.1825506,1,0.1109921,0.01754189,0.09720868,0.04481611,0.1009755,0.04872356,0.6831079,-0.6370718,0,0,0,0
2764,2.906219,2.432397,15.79494,2.857927,0.05540158,0.1658419,0.1046252,0.17206,1,0.1153454,0.01496161,0.09715777,0.04433174,0.1135022,0.04596771,0.6869069,-0.6341931,0,0,0,0
2765,3.950911e-32,2.362155,15.79494,2.432495,0.2338332,0.1653822,0.1047064,0.1626904,1,0,0.06212019,0.0944419,0.04421072,0.09716155,0.04350187,0.6861556,-0.6365052,0,0,0,0
2766,3.789672e-32,2.362155,15.79494,1.971554,0.105068,0.1625693,0.1047429,0.1722291,1,0,0.02824377,0.0944419,0.04346997,0.07924561,0.04601218,0.6852148,-0.6379086,0,0,0,0
2767,2.682778,2.355555,15.79587,1.975157,0.1232985,0.1621977,0.1047857,0.1548547,1,0.1067972,0.03308857,0.09418646,0.04337208,0.0793865,0.04143647,0.6827039,-0.6343846,0,0,0,0
2768,3.486666e-32,2.325747,15.79587,1.671348,0.2932957,0.164674,0.1048875,0.1600574,1,0,0.07749947,0.09303218,0.04402424,0.06745637,0.04280819,0.6844459,-0.6329259,0,0,0,0
2769,3.344374e-32,2.293455,15.79587,1.312924,0.2123221,0.1654254,0.1049612,0.1744991,1,0,0.05651597,0.09178071,0.04422209,0.0532535,0.04660892,0.6863065,-0.6374747,0,0,0,0
2770,3.207888e-32,2.264815,15.79587,0.9900105,0.2856045,0.1656842,0.1050604,0.2022152,1,0,0.07551946,0.09066986,0.04429021,0.04033696,0.05387529,0.6850743,-0.6363553,0,0,0,0
2771,6.377306,2.270885,15.79809,1.769459,0.2473865,0.1664693,0.1051463,0.2040714,1,0.242019,0.06564005,0.09090535,0.04449688,0.07131984,0.05436064,0.6843437,-0.6369117,0,0,0,0
2772,2.906219,2.215143,15.7991,2.086769,1.232913e-32,0.1657469,0.1051463,0.1906269,1,0.1153454,0,0.08874118,0.04430672,0.08374472,0.05084163,0.6826977,-0.637453,0,0,0,0
2773,3.549664,2.219603,15.80033,2.222531,0.4487444,0.1682016,0.1053021,0.2294736,1,0.1396825,0.1169467,0.08891446,0.04495279,0.08902819,0.06098614,0.686455,-0.6364217,0,0,0,0
2774,2.715419e-32,2.183195,15.80033,2.222531,0.1505971,0.16614,0.1053544,0.2135499,1,0,0.04031298,0.08749933,0.04441021,0.08902819,0.05683641,0.6866991,-0.6363505,0,0,0,0
2775,6.049647,2.250413,15.80243,2.9054,0.3275899,0.1680383,0.1054682,0.2286273,1,0.2305257,0.08629531,0.09011091,0.04490982,0.1153142,0.0607659,0.68878,-0.6372051,0,0,0,0
2776,3.148269,2.253102,15.80352,3.262672,0.3626644,0.1711121,0.1055941,0.2401415,1,0.1245487,0.09523614,0.0902153,0.04571844,0.1288783,0.06375954,0.687484,-0.6390431,0,0,0,0
2777,3.694528,2.294153,15.80481,2.975827,1.001047e-32,0.1685321,0.1055941,0.2093742,1,0.1451056,0,0.09180776,0.04503974,0.1179981,0.05574624,0.68572,-0.6347654,0,0,0,0
2778,2.298552e-32,2.259172,15.80481,2.623105,9.601934e-33,0.1667194,0.1055941,0.2093742,1,0,0,0.09045087,0.04456272,0.1045057,0.05574624,0.6843955,-0.6369671,0,0,0,0
2779,3.276752,2.29558,15.80594,2.598165,0.3361386,0.169138,0.1057108,0.1995619,1,0.1294102,0.08847955,0.09186311,0.04519917,0.1035469,0.05318125,0.6887156,-0.639824,0,0,0,0
2780,2.792264,2.291625,15.80691,2.939442,0.1505971,0.1696897,0.1057631,0.1993485,1,0.1109921,0.04031298,0.09170974,0.04534429,0.1166121,0.05312543,0.6850174,-0.6364509,0,0,0,0
2781,2.476516,2.282733,15.80777,2.519805,0.2401302,0.1711427,0.1058465,0.1880532,1,0.09886099,0.06375661,0.09136494,0.04572649,0.1005302,0.050167,0.6885334,-0.6354239,0,0,0,0
2782,2.577585,2.235524,15.80867,2.447141,0.1732851,0.1705368,0.1059066,0.1671949,1,0.1027552,0.04628981,0.08953284,0.04556712,0.09772719,0.04468786,0.6880741,-0.6370776,0,0,0,0
2783,1.866278e-32,2.187351,15.80867,2.003029,0.0511421,0.1702905,0.1059244,0.171704,1,0,0.0138168,0.08766095,0.04550235,0.0804761,0.04587409,0.6916058,-0.6404931,0,0,0,0
2784,3.694528,2.176216,15.80995,2.454583,0.1009483,0.1701475,0.1059594,0.1799577,1,0.1451056,0.02714667,0.08722793,0.04546474,0.09801449,0.04804292,0.6901641,-0.6373004,0,0,0,0
2785,1.717059e-32,2.176216,15.80995,2.027183,0.2558202,0.1720342,0.1060483,0.170573,1,0,0.06782599,0.08722793,0.04596091,0.08141963,0.04557666,0.6883113,-0.6369859,0,0,0,0
2786,2.682778,2.206025,15.81088,2.015017,0.1232985,0.1702834,0.1060911,0.1660284,1,0.1067972,0.03308857,0.08838686,0.04550047,0.08094449,0.04438083,0.6868239,-0.6399089,0,0,0,0
2787,7.612321,2.290606,15.81353,2.633835,0.2540481,0.1731061,0.1061793,0.1684922,1,0.2845349,0.06736694,0.09167024,0.04624276,0.104918,0.04502926,0.6894262,-0.6391516,0,0,0,0
2788,3.845305,2.333332,15.81486,2.817419,0.09318699,0.1725338,0.1062117,0.1590052,1,0.1507284,0.02507757,0.09332599,0.0460923,0.1119542,0.04253086,0.6867016,-0.6361393,0,0,0,0
2789,2.577585,2.326991,15.81576,3.093016,0.1958342,0.1736744,0.1062797,0.1736867,1,0.1027552,0.05220563,0.09308038,0.04639214,0.122453,0.04639539,0.6873874,-0.6350257,0,0,0,0
2790,5.295476,2.385829,15.81759,3.290297,0.08602243,0.1720684,0.1063095,0.1729841,1,0.2037184,0.02316491,0.09535783,0.04596992,0.1299218,0.04621068,0.6857391,-0.6386127,0,0,0,0
2791,2.792264,2.416855,15.81856,3.602934,0.3128453,0.1755445,0.1064181,0.1798669,1,0.1109921,0.08252016,0.09655726,0.04688366,0.1416791,0.04801906,0.6879286,-0.6407526,0,0,0,0
2792,1.282673e-32,2.381874,15.81856,3.277331,0.08953307,0.175196,0.1064492,0.174315,1,0,0.02410243,0.09520483,0.04679208,0.1294321,0.04656054,0.6871375,-0.6420802,0,0,0,0
2793,2.906219,2.376271,15.81957,2.755697,5.139545e-33,0.1733093,0.1064492,0.1453651,1,0.1153454,0,0.09498809,0.04629619,0.1095924,0.03893116,0.6870981,-0.6383897,0,0,0,0
2794,2.682778,2.328098,15.8205,2.624044,0.1620582,0.1742277,0.1065055,0.1542025,1,0.1067972,0.04333533,0.09312326,0.04653759,0.1045418,0.04126443,0.686789,-0.6420451,0,0,0,0
2795,1.131955e-32,2.328098,15.8205,2.337646,0.1901139,0.1763401,0.1065715,0.1530811,1,0,0.05070718,0.09312326,0.04709271,0.09349307,0.04096857,0.6934848,-0.635637,0,0,0,0
2796,1.085759e-32,2.328098,15.8205,1.74926,0.1937277,0.1760942,0.1066388,0.1660335,1,0,0.051654,0.09312326,0.04702811,0.07052527,0.04438217,0.6868559,-0.6388099,0,0,0,0
2797,1.041449e-32,2.328098,15.8205,1.4092,4.350531e-33,0.1760942,0.1066388,0.1299029,1,0,0,0.09312326,0.04702811,0.05708227,0.03483972,0.6955168,-0.64173,0,0,0,0
2798,9.989466e-33,2.328098,15.8205,1.4092,0.3083397,0.1774764,0.1067458,0.1543819,1,0,0.08136459,0.09312326,0.04739125,0.05708227,0.04131176,0.6897476,-0.6411045,0,0,0,0
2799,9.581791e-33,2.328098,15.8205,1.086286,0.2755546,0.1772519,0.1068415,0.1857017,1,0,0.07292808,0.09312326,0.04733227,0.04420011,0.04955033,0.6921189,-0.640103,0,0,0,0
2800,3.410479,2.365992,15.82169,1.205036,0.1888931,0.1769523,0.1069071,0.1876088,1,0.1344528,0.05038719,0.0945904,0.04725357,0.04895085,0.05005047,0.6892316,-0.6405627,0,0,0,0
2801,2.792264,2.365992,15.82266,1.475454,3.682645e-33,0.1737344,0.1069071,0.1637363,1,0.1109921,0,0.0945904,0.04640792,0.05971124,0.04377732,0.6911008,-0.6384609,0,0,0,0
2802,5.812437,2.392681,15.82468,2.153572,0.06001581,0.1744012,0.106928,0.1495462,1,0.2221476,0.01620075,0.09562278,0.04658319,0.08634692,0.04003555,0.6904357,-0.643218,0,0,0,0
2803,3.410479,2.400766,15.82586,2.530968,0.07940871,0.1739135,0.1069555,0.1542657,1,0.1344528,0.02139704,0.0959354,0.04645501,0.1009603,0.0412811,0.6943117,-0.6420865,0,0,0,0
2804,7.779804e-33,2.400766,15.82586,2.530968,0.2194121,0.17576,0.1070317,0.1451495,1,0,0.05836551,0.0959354,0.0469403,0.1009603,0.03887418,0.6950599,-0.6415839,0,0,0,0
2805,2.906219,2.405541,15.82687,2.818954,0.06766764,0.1749042,0.1070552,0.1191629,1,0.1153454,0.01825328,0.09611998,0.04671539,0.1120129,0.03199095,0.6972672,-0.6413195,0,0,0,0
2806,6.425022,2.47693,15.8291,3.190311,2.990073e-33,0.1739094,0.1070552,0.09414516,1,0.2436851,0,0.09887694,0.04645392,0.1261413,0.02533317,0.6986306,-0.6428445,0,0,0,0
2807,6.865653e-33,2.44829,15.8291,2.839009,0.1390187,0.175454,0.1071035,0.1111363,1,0,0.03725323,0.09777153,0.04685989,0.1127795,0.02985825,0.6940761,-0.6428133,0,0,0,0
2808,6.585462e-33,2.414681,15.8291,2.193183,2.751e-33,0.175454,0.1071035,0.1044679,1,0,0,0.09647325,0.04685989,0.0878877,0.02808401,0.6915085,-0.6427774,0,0,0,0
2809,4.335569,2.423413,15.83061,2.307735,0.105068,0.1755438,0.10714,0.1047515,1,0.1688616,0.02824377,0.09681068,0.04688348,0.09233429,0.02815951,0.6896991,-0.6459704,0,0,0,0
2810,6.058918e-33,2.387005,15.83061,2.27671,2.531042e-33,0.1755438,0.10714,0.07869906,1,0,0,0.09540328,0.04688348,0.09113133,0.02120722,0.6939816,-0.6421935,0,0,0,0
2811,2.906219,2.419296,15.83161,2.281485,0.2972603,0.175025,0.1072432,0.1048441,1,0.1153454,0.07851907,0.09665161,0.04674714,0.09131651,0.02818417,0.6974551,-0.641572,0,0,0,0
2812,5.574473e-33,2.389487,15.83161,1.538954,0.2059987,0.1749322,0.1073147,0.1280964,1,0,0.05486438,0.09549929,0.04672275,0.06222639,0.03436093,0.6955064,-0.6404974,0,0,0,0
2813,5.346976e-33,2.389487,15.83161,1.538954,0.05322925,0.1721787,0.1073332,0.1185874,1,0,0.01437787,0.09549929,0.04599893,0.06222639,0.03183815,0.6933083,-0.6424318,0,0,0,0
2814,5.128763e-33,2.355878,15.83161,1.497903,0.2846334,0.1733777,0.107432,0.1522543,1,0,0.07526926,0.09419896,0.04631415,0.06060093,0.04075038,0.6896281,-0.6422063,0,0,0,0
2815,6.558748,2.393772,15.83389,1.817798,2.055045e-33,0.1733777,0.107432,0.1377376,1,0.2483443,0,0.095665,0.04631415,0.07321957,0.0369143,0.6945392,-0.6420624,0,0,0,0
2816,3.276752,2.342567,15.83503,2.188481,1.971178e-33,0.1724594,0.107432,0.1363676,1,0.1294102,0,0.09368363,0.04607272,0.0877049,0.03655175,0.6966137,-0.6412727,0,0,0,0
2817,2.682778,2.372376,15.83596,2.108882,0.2730225,0.1722141,0.1075268,0.1338854,1,0.1067972,0.07227445,0.0948374,0.04600823,0.08460661,0.03589462,0.6957916,-0.6420236,0,0,0,0
2818,4.341404e-33,2.342567,15.83596,2.066156,0.2195901,0.1732281,0.1076031,0.1368,1,0,0.0584119,0.09368363,0.04627483,0.08294082,0.03666619,0.6962945,-0.643934,0,0,0,0
2819,5.602408,2.404816,15.83791,2.722255,0.1335677,0.1736345,0.1076494,0.1450346,1,0.2146886,0.03581049,0.09609197,0.04638167,0.1083112,0.03884384,0.6938425,-0.6461949,0,0,0,0
2820,2.682778,2.350446,15.83884,2.991312,0.1335677,0.1729914,0.1076958,0.1287778,1,0.1067972,0.03581049,0.09398869,0.04621261,0.1185875,0.03454155,0.6958456,-0.6456211,0,0,0,0
2821,3.276752,2.386855,15.83998,2.632029,0.2094479,0.1727626,0.1077685,0.150901,1,0.1294102,0.05576549,0.09539748,0.04615244,0.1048486,0.04039319,0.6980992,-0.6434143,0,0,0,0
2822,3.674919e-33,2.344129,15.83998,2.267945,0.1283304,0.171307,0.1078131,0.165591,1,0,0.03442296,0.09374411,0.0457697,0.0907913,0.04426568,0.6956668,-0.6452013,0,0,0,0
2823,3.524944e-33,2.344129,15.83998,1.937567,0.105068,0.1699394,0.1078496,0.1480968,1,0,0.02824377,0.09374411,0.04540998,0.07791577,0.03965279,0.6953103,-0.6443259,0,0,0,0
2824,3.381089e-33,2.315489,15.83998,1.907759,0.2300058,0.1714596,0.1079294,0.1500091,1,0,0.06112464,0.09263477,0.04580982,0.07674839,0.04015774,0.6958112,-0.645058,0,0,0,0
2825,3.148269,2.319445,15.84107,1.670057,1.354769e-33,0.1692236,0.1079294,0.1330558,1,0.1245487,0,0.09278804,0.0452217,0.06740548,0.03567495,0.6982809,-0.6456318,0,0,0,0
2826,2.682778,2.282719,15.842,1.699866,0.1184639,0.167237,0.1079706,0.1305414,1,0.1067972,0.03180535,0.09136441,0.04469895,0.06858043,0.03500889,0.6996598,-0.6447976,0,0,0,0
2827,6.574487,2.317875,15.84428,2.139331,0.4079735,0.1686198,0.1081122,0.1571328,1,0.2488916,0.1067044,0.09272722,0.04506283,0.08579258,0.04203726,0.7006374,-0.6468202,0,0,0,0
2828,2.86203e-33,2.289235,15.84428,2.139331,0.1093559,0.1671399,0.1081502,0.1528136,1,0,0.02938476,0.09161709,0.04467338,0.08579258,0.04089798,0.7009729,-0.6435835,0,0,0,0
2829,2.745229e-33,2.241062,15.84428,2.139331,0.1826594,0.1648844,0.1082136,0.1604027,1,0,0.04875214,0.0897479,0.04407965,0.08579258,0.04289917,0.6997789,-0.6452678,0,0,0,0
2830,2.633195e-33,2.241062,15.84428,2.101437,0.1567431,0.1655906,0.1082681,0.1519052,1,0,0.0419345,0.0897479,0.04426557,0.08431647,0.04065825,0.6925496,-0.6467386,0,0,0,0
2831,3.549664,2.280503,15.84552,2.154452,0.3880682,0.167504,0.1084028,0.1993357,1,0.1396825,0.1016774,0.09127845,0.04476923,0.08638116,0.05312209,0.7024146,-0.6450285,0,0,0,0
2832,2.422656e-33,2.242609,15.84552,1.791783,0.2399669,0.1684001,0.1084861,0.2148355,1,0,0.06371421,0.08980794,0.04500501,0.07219747,0.0571719,0.6946765,-0.6449247,0,0,0,0
2833,2.682778,2.272417,15.84645,1.351285,9.707346e-34,0.1661,0.1084861,0.1686228,1,0.1067972,0,0.09096481,0.04439968,0.05478029,0.04506363,0.7020453,-0.6492552,0,0,0,0
2834,2.682778,2.302226,15.84738,1.67918,0.1570058,0.1661029,0.1085406,0.1732239,1,0.1067972,0.04200378,0.09212074,0.04440045,0.06776515,0.04627372,0.7017035,-0.6435077,0,0,0,0
2835,2.137987e-33,2.245695,15.84738,1.646889,0.390706,0.1690741,0.1086763,0.1999295,1,0,0.1023446,0.08992775,0.04518236,0.06649157,0.05327743,0.6976396,-0.6472606,0,0,0,0
2836,2.050734e-33,2.218178,15.84738,1.575499,0.214282,0.1703774,0.1087507,0.2087036,1,0,0.05702747,0.08885909,0.04552519,0.06367196,0.05557109,0.6990227,-0.6484037,0,0,0,0
2837,2.577585,2.217009,15.84827,1.496131,0.246848,0.1698402,0.1088364,0.1942106,1,0.1027552,0.06550036,0.08881368,0.0453839,0.0605307,0.05178046,0.6993541,-0.6476924,0,0,0,0
2838,1.886766e-33,2.1872,15.84827,1.496131,0.2020581,0.1720853,0.1089066,0.1922435,1,0,0.0538342,0.08765509,0.04597436,0.0605307,0.05126523,0.6966172,-0.6488674,0,0,0,0
2839,3.148269,2.191156,15.84937,1.53466,0.07940871,0.1719322,0.1089341,0.2007816,1,0.1245487,0.02139704,0.08780889,0.04593411,0.06205645,0.05350035,0.6956177,-0.6474584,0,0,0,0
2840,2.792264,2.222181,15.85034,1.57785,0.3582321,0.1740259,0.1090585,0.2271205,1,0.1109921,0.09410936,0.08901461,0.04648456,0.06376488,0.06037367,0.6970563,-0.6444705,0,0,0,0
2841,3.694528,2.213092,15.85162,1.997112,0.1390187,0.1713249,0.1091068,0.197397,1,0.1451056,0.03725323,0.08866151,0.0457744,0.08024485,0.05261472,0.6973611,-0.6507769,0,0,0,0
2842,1.597113e-33,2.175198,15.85162,1.997112,0.4203893,0.1742543,0.1092528,0.2226799,1,0,0.1098312,0.08718833,0.04654459,0.08024485,0.05921717,0.7013401,-0.6467153,0,0,0,0
2843,2.682778,2.171398,15.85255,2.038609,6.399477e-34,0.1725127,0.1092528,0.1946609,1,0.1067972,0,0.08704051,0.04608675,0.08186578,0.0518984,0.6969076,-0.6489573,0,0,0,0
2844,1.469415e-33,2.171398,15.85255,2.038609,0.1567431,0.1701699,0.1093072,0.1882049,1,0,0.0419345,0.08704051,0.04547063,0.08186578,0.05020677,0.7002901,-0.6469797,0,0,0,0
2845,1.409448e-33,2.108081,15.85255,1.615926,0.2744058,0.169916,0.1094025,0.2129202,1,0,0.07263158,0.0845754,0.04540384,0.06526934,0.05667207,0.6992582,-0.6448303,0,0,0,0
2846,3.694528,2.119323,15.85383,1.72082,0.1446921,0.1686422,0.1094527,0.1908012,1,0.1451056,0.03875333,0.08501338,0.04506873,0.06940578,0.05088731,0.7028844,-0.6493878,0,0,0,0
2847,1.296754e-33,2.082914,15.85383,1.280508,5.41704e-34,0.1667369,0.1094527,0.1723211,1,0,0,0.08359442,0.04456732,0.05196207,0.04603637,0.7050111,-0.6505779,0,0,0,0
2848,2.476516,2.110431,15.85469,1.583193,0.1979214,0.1673134,0.1095214,0.1473617,1,0.09886099,0.05275197,0.08466697,0.04471904,0.0639761,0.03945864,0.70102,-0.6469977,0,0,0,0
2849,2.906219,2.103282,15.8557,1.578062,4.983918e-34,0.163742,0.1095214,0.1458776,1,0.1153454,0,0.08438838,0.04377885,0.06377327,0.03906658,0.6995937,-0.6497162,0,0,0,0
2850,1.144382e-33,2.063841,15.8557,1.548254,0.2338332,0.1663402,0.1096026,0.1555572,1,0,0.06212019,0.08285051,0.0444629,0.06259439,0.04162178,0.7066119,-0.6489584,0,0,0,0
2851,1.097679e-33,2.035201,15.8557,1.511845,0.1767273,0.1653744,0.109664,0.1443405,1,0,0.04719446,0.08173275,0.04420867,0.06115319,0.03866041,0.6997249,-0.6473593,0,0,0,0
2852,1.052882e-33,2.007685,15.8557,1.101342,0.06766764,0.1633313,0.1096875,0.1351082,1,0,0.01825328,0.080658,0.04367068,0.0448033,0.03621839,0.7034881,-0.6504039,0,0,0,0
2853,1.009913e-33,1.976659,15.8557,1.101342,0.2367432,0.1652394,0.1097697,0.1628761,1,0,0.06287664,0.07944527,0.04417313,0.0448033,0.04355077,0.7065552,-0.6482779,0,0,0,0
2854,9.686982e-34,1.944368,15.8557,0.8261736,0.06001581,0.1652907,0.1097905,0.1456645,1,0,0.01620075,0.07818197,0.04418663,0.03373899,0.03901026,0.7049016,-0.6489811,0,0,0,0
2855,4.002234,1.988837,15.85709,0.9574417,0.2321289,0.1652718,0.1098711,0.1740358,1,0.1565575,0.06167697,0.07992142,0.04418164,0.03902776,0.04648715,0.7009457,-0.6499905,0,0,0,0
2856,8.912454e-34,1.988837,15.85709,0.927633,0.2533085,0.1669189,0.1099591,0.177698,1,0,0.06717533,0.07992142,0.04461522,0.03782847,0.04744945,0.7012114,-0.6497999,0,0,0,0
2857,8.548732e-34,1.959029,15.85709,0.8545832,0.1767273,0.1675125,0.1100204,0.1751286,1,0,0.04719446,0.07875565,0.04477146,0.03488525,0.04677436,0.7045409,-0.6477321,0,0,0,0
2858,8.199853e-34,1.959029,15.85709,0.8545832,0.1814865,0.1662702,0.1100835,0.1885765,1,0,0.04844427,0.07875565,0.04444448,0.03488525,0.0503042,0.7008401,-0.6478007,0,0,0,0
2859,7.865213e-34,1.959029,15.85709,0.8545832,0.1767273,0.1658747,0.1101448,0.1818422,1,0,0.04719446,0.07875565,0.04434038,0.03488525,0.04853765,0.7016878,-0.6497417,0,0,0,0
2860,3.549664,1.998469,15.85832,1.288431,0.190177,0.1648144,0.1102109,0.1966761,1,0.1396825,0.05072372,0.0802979,0.04406122,0.05227783,0.05242601,0.7014192,-0.6517407,0,0,0,0
2861,5.95953,1.993827,15.86039,1.532685,3.022899e-34,0.1620657,0.1102109,0.1665721,1,0.2273486,0,0.08011647,0.04333731,0.06197828,0.04452394,0.7021266,-0.6517153,0,0,0,0
2862,2.906219,1.993827,15.8614,1.887889,2.899533e-34,0.1620657,0.1102109,0.1357604,1,0.1153454,0,0.08011647,0.04333731,0.07596972,0.03639103,0.7056131,-0.6520953,0,0,0,0
2863,6.657759e-34,1.954387,15.8614,1.85808,0.1093559,0.1582947,0.1102488,0.1294898,1,0,0.02938476,0.07857404,0.04234358,0.07480076,0.03473023,0.7033865,-0.6495884,0,0,0,0
2864,6.386052e-34,1.954387,15.8614,1.828272,0.1446921,0.1582291,0.1102991,0.1252647,1,0,0.03875333,0.07857404,0.04232628,0.07363086,0.03361012,0.7079718,-0.6509777,0,0,0,0
2865,6.125434e-34,1.887168,15.8614,1.828272,0.2533085,0.1574037,0.110387,0.132247,1,0,0.06717533,0.07594147,0.04210869,0.07363086,0.03546074,0.7055867,-0.6533458,0,0,0,0
2866,3.024824,1.885797,15.86245,1.803565,0.1697978,0.1552608,0.110446,0.1294884,1,0.1198624,0.04537273,0.0758877,0.04154358,0.07266048,0.03472988,0.7098827,-0.6492751,0,0,0,0
2867,5.635671e-34,1.844747,15.86245,1.112756,0.05540158,0.1558763,0.1104652,0.133517,1,0,0.01496161,0.07427756,0.04170593,0.0452604,0.03579707,0.7052101,-0.6517884,0,0,0,0
2868,3.276752,1.881155,15.86359,1.190334,0.05322925,0.1564678,0.1104837,0.1377777,1,0.1294102,0.01437787,0.07570571,0.0418619,0.04836353,0.03692491,0.7089155,-0.6485919,0,0,0,0
2869,3.024824,1.878356,15.86464,1.525054,0.0511421,0.1533011,0.1105015,0.1309954,1,0.1198624,0.0138168,0.07559597,0.04102663,0.06167623,0.03512918,0.7117828,-0.651376,0,0,0,0
2870,2.682778,1.877139,15.86557,1.821924,2.077606e-34,0.1516278,0.1105015,0.1109381,1,0.1067972,0,0.07554827,0.04058506,0.07338161,0.02980555,0.7028734,-0.6505121,0,0,0,0
2871,4.770493e-34,1.849622,15.86557,1.780874,0.2338332,0.1515579,0.1105827,0.1098277,1,0,0.06212019,0.0744689,0.04056659,0.07176867,0.02951024,0.7060451,-0.6545439,0,0,0,0
2872,4.575806e-34,1.820982,15.86557,1.444782,0.4375457,0.1544941,0.1107346,0.1397681,1,0,0.1141407,0.07334463,0.04134136,0.05849478,0.03745148,0.7066576,-0.6477665,0,0,0,0
2873,4.389065e-34,1.820982,15.86557,1.414974,0.08264944,0.1548442,0.1107633,0.143714,1,0,0.02226357,0.07334463,0.0414337,0.05731158,0.03849481,0.7096785,-0.6515294,0,0,0,0
2874,4.209945e-34,1.779932,15.86557,1.05089,0.3398672,0.1574988,0.1108813,0.1775974,1,0,0.08943123,0.07173165,0.04213377,0.04278101,0.04742302,0.7093264,-0.6507525,0,0,0,0
2875,3.410479,1.817826,15.86676,1.131635,0.3560337,0.1586123,0.1110049,0.2123812,1,0.1344528,0.09355016,0.07322069,0.04242731,0.04601618,0.05653138,0.7076278,-0.653652,0,0,0,0
2876,3.873336e-34,1.788018,15.86676,0.7924981,0.1767273,0.159206,0.1110663,0.2323735,1,0,0.04719446,0.0720495,0.04258379,0.03237907,0.06174058,0.7124276,-0.6557167,0,0,0,0
2877,3.715264e-34,1.703436,15.86676,0.7924981,0.07629505,0.1572309,0.1110928,0.215717,1,0,0.020564,0.0687211,0.04206314,0.03237907,0.05740187,0.7099453,-0.6525831,0,0,0,0
2878,5.831047,1.7255,15.86878,1.477665,0.05322925,0.156787,0.1111112,0.1714075,1,0.2228066,0.01437787,0.06959008,0.04194608,0.05979887,0.04579611,0.707437,-0.6517813,0,0,0,0
2879,2.682778,1.726669,15.86971,1.773269,0.2617246,0.1575191,0.1112021,0.1942128,1,0.1067972,0.06935441,0.0696361,0.04213911,0.07146965,0.05178104,0.7036858,-0.649967,0,0,0,0
2880,2.682778,1.697639,15.87065,2.101164,0.1567431,0.1583049,0.1112565,0.1730091,1,0.1067972,0.0419345,0.06849269,0.04234627,0.08430583,0.04621725,0.7048666,-0.650753,0,0,0,0
2881,3.144903e-34,1.666614,15.87065,1.722222,0.3752616,0.1589984,0.1113868,0.1773514,1,0,0.0984338,0.06726968,0.04252907,0.06946099,0.04735842,0.7095789,-0.6521241,0,0,0,0
2882,2.906219,1.698905,15.87165,2.077426,1.260132e-34,0.1580036,0.1113868,0.1569632,1,0.1153454,0,0.06854258,0.04226684,0.08338039,0.04199254,0.7092491,-0.65477,0,0,0,0
2883,2.89345e-34,1.666614,15.87165,2.077426,0.1409711,0.1595699,0.1114358,0.1630853,1,0,0.03776965,0.06726968,0.0426797,0.08338039,0.04360588,0.706533,-0.6551318,0,0,0,0
2884,3.276752,1.673214,15.87279,1.830024,0.2679906,0.160747,0.1115288,0.1892585,1,0.1294102,0.07097463,0.06752992,0.04298988,0.07369965,0.05048298,0.7117937,-0.6522452,0,0,0,0
2885,2.662103e-34,1.673214,15.87279,1.487468,0.214424,0.1610171,0.1116033,0.1838062,1,0,0.05706451,0.06752992,0.04306105,0.06018744,0.04905305,0.7156262,-0.6552817,0,0,0,0
2886,2.553461e-34,1.673214,15.87279,1.189382,0.2158553,0.1612629,0.1116783,0.189958,1,0,0.05743794,0.06752992,0.04312583,0.04832546,0.05066633,0.7121726,-0.6547572,0,0,0,0
2887,2.449253e-34,1.673214,15.87279,1.189382,0.05540158,0.1618785,0.1116975,0.15307,1,0,0.01496161,0.06752992,0.043288,0.04832546,0.04096562,0.7095163,-0.656463,0,0,0,0
2888,2.349297e-34,1.673214,15.87279,0.8664685,0.07330348,0.159267,0.1117229,0.1600128,1,0,0.01976317,0.06752992,0.04259986,0.03536452,0.04279641,0.7105947,-0.6562223,0,0,0,0
2889,4.165569,1.719498,15.87424,1.375594,0.07629505,0.157053,0.1117494,0.1517106,1,0.1625996,0.020564,0.06935373,0.04201622,0.05574696,0.0406069,0.7077821,-0.6546803,0,0,0,0
2890,2.161458e-34,1.681603,15.87424,0.9720693,0.0511421,0.1555224,0.1117672,0.1260715,1,0,0.0138168,0.06786069,0.0416126,0.03961591,0.03382409,0.7129143,-0.6561357,0,0,0,0
2891,2.073248e-34,1.650578,15.87424,0.9058523,0.169606,0.1574069,0.1118261,0.1229762,1,0,0.04532228,0.06663715,0.04210954,0.03695154,0.03300308,0.7094076,-0.650968,0,0,0,0
2892,1.988637e-34,1.585996,15.87424,0.873561,0.1697978,0.1586267,0.111885,0.1197454,1,0,0.04537273,0.06408687,0.04243111,0.03565045,0.0321456,0.713744,-0.652432,0,0,0,0
2893,1.90748e-34,1.548101,15.87424,0.873561,0.2012353,0.1599804,0.1119549,0.13697,1,0,0.05361902,0.06258837,0.04278787,0.03565045,0.03671118,0.7147621,-0.659105,0,0,0,0
2894,1.829635e-34,1.548101,15.87424,0.873561,0.4348226,0.1623738,0.1121059,0.1803625,1,0,0.1134575,0.06258837,0.04341848,0.03565045,0.04814919,0.7106492,-0.6529998,0,0,0,0
2895,1.754966e-34,1.51581,15.87424,0.41072,0.2556651,0.1644627,0.1121947,0.2003187,1,0,0.06778583,0.06131021,0.04396861,0.01687146,0.05337924,0.710926,-0.6549924,0,0,0,0
2896,2.906219,1.476712,15.87525,0.7323154,0.2475871,0.1672136,0.1122806,0.2230102,1,0.1153454,0.06569208,0.05976112,0.0446928,0.02994552,0.05930322,0.7119099,-0.6529602,0,0,0,0
2897,3.024824,1.510322,15.8763,1.102016,6.744999e-35,0.165669,0.1122806,0.2035495,1,0.1198624,0,0.06109285,0.04428622,0.0448303,0.0542242,0.7031804,-0.6549462,0,0,0,0
2898,3.148269,1.545302,15.87739,1.450396,0.1586108,0.1674313,0.1123357,0.2034774,1,0.1245487,0.04242691,0.06247762,0.04475009,0.0587175,0.05420535,0.707909,-0.6551965,0,0,0,0
2899,3.148269,1.53211,15.87848,1.801575,0.3043276,0.1696453,0.1124414,0.2177453,1,0.1245487,0.0803348,0.06195554,0.04533263,0.0725823,0.05793091,0.7104369,-0.6537657,0,0,0,0
2900,3.276752,1.568518,15.87962,2.172259,0.1204159,0.1709833,0.1124832,0.1841492,1,0.1294102,0.03232361,0.06339594,0.04568456,0.087074,0.04914306,0.7127792,-0.6539439,0,0,0,0
2901,3.549664,1.575668,15.88085,2.606107,0.1390187,0.169225,0.1125315,0.170135,1,0.1396825,0.03725323,0.06367861,0.04522207,0.1038522,0.04546144,0.7080587,-0.653146,0,0,0,0
2902,3.845305,1.618393,15.88219,2.753175,0.3252112,0.1705496,0.1126444,0.1775117,1,0.1507284,0.08568694,0.06536677,0.0455705,0.1094958,0.04740052,0.7081269,-0.6570633,0,0,0,0
2903,2.906219,1.650685,15.8832,2.772288,0.3090422,0.173392,0.1127517,0.2143652,1,0.1153454,0.08154484,0.06664135,0.04631791,0.1102277,0.05704918,0.7086954,-0.651922,0,0,0,0
2904,4.696666,1.70287,15.88483,2.996517,0.07940871,0.1711117,0.1127793,0.202671,1,0.182073,0.02139704,0.06869878,0.04571834,0.1187856,0.05399449,0.7147232,-0.6542879,0,0,0,0
2905,1.156945e-34,1.629995,15.88483,2.608815,4.833003e-35,0.1711117,0.1127793,0.1649009,1,0,0,0.06582483,0.04571834,0.1039564,0.044084,0.7095662,-0.6554727,0,0,0,0
2906,1.109729e-34,1.593587,15.88483,2.244732,0.1009483,0.1722334,0.1128143,0.1618958,1,0,0.02714667,0.06438686,0.0460133,0.08989036,0.04329257,0.7123571,-0.6539752,0,0,0,0
2907,3.549664,1.603219,15.88606,2.284172,0.1138188,0.1704644,0.1128538,0.1595128,1,0.1396825,0.03057136,0.06476742,0.0455481,0.09142075,0.04266465,0.7061977,-0.6560352,0,0,0,0
2908,1.021e-34,1.603219,15.88606,1.792127,0.06501436,0.1687469,0.1128764,0.130733,1,0,0.01754189,0.06476742,0.04509627,0.072211,0.03505965,0.710096,-0.6565584,0,0,0,0
2909,2.577585,1.569609,15.88696,1.754443,0.06766764,0.1680147,0.1128999,0.1017574,1,0.1027552,0.01825328,0.06343908,0.04490361,0.07072921,0.02736221,0.7136932,-0.6570637,0,0,0,0
2910,2.906219,1.572092,15.88797,1.557987,0.2483746,0.1692903,0.1129861,0.1215495,1,0.1153454,0.06589632,0.06353725,0.04523924,0.06297945,0.03262448,0.7113677,-0.6564515,0,0,0,0
2911,9.010297e-35,1.535684,15.88797,1.557987,0.1009483,0.1680848,0.1130212,0.129718,1,0,0.02714667,0.06209699,0.04492205,0.06297945,0.03479072,0.7175174,-0.6562153,0,0,0,0
2912,8.642582e-35,1.535684,15.88797,1.525696,0.2836166,0.1698102,0.1131197,0.1531658,1,0,0.07500724,0.06209699,0.045376,0.06170164,0.04099092,0.7156724,-0.6538109,0,0,0,0
2913,8.289873e-35,1.535684,15.88797,1.131289,0.06001581,0.1693096,0.1131405,0.1462882,1,0,0.01620075,0.06209699,0.04524431,0.04600234,0.03917506,0.7155577,-0.6568178,0,0,0,0
2914,2.682778,1.565492,15.8889,1.422776,0.09699002,0.1678317,0.1131742,0.147941,1,0.1067972,0.0260918,0.06327628,0.04485544,0.05762136,0.03961166,0.7118732,-0.6576389,0,0,0,0
2915,7.627052e-35,1.530512,15.8889,1.136377,0.07940871,0.168714,0.1132018,0.1477454,1,0,0.02139704,0.06189227,0.04508761,0.04620598,0.03956,0.7133083,-0.6577468,0,0,0,0
2916,7.315788e-35,1.500703,15.8889,0.8134642,0.1697978,0.1692843,0.1132607,0.1385029,1,0,0.04537273,0.06071185,0.04523767,0.03322589,0.0371168,0.7154106,-0.6573614,0,0,0,0
2917,7.017226e-35,1.427653,15.8889,0.8134642,0.1446921,0.166359,0.113311,0.1443555,1,0,0.03875333,0.05781499,0.04446786,0.03322589,0.03866436,0.7120256,-0.6583339,0,0,0,0
2918,2.792264,1.458678,15.88987,1.154741,0.1914464,0.1672711,0.1133774,0.135427,1,0.1109921,0.05105638,0.05904603,0.04470792,0.04694063,0.03630279,0.716949,-0.6546956,0,0,0,0
2919,3.410479,1.496573,15.89105,1.525293,0.1093559,0.1664566,0.1134154,0.1412766,1,0.1344528,0.02938476,0.0605482,0.04449356,0.06168569,0.03785044,0.7162552,-0.6578872,0,0,0,0
2920,7.244192,1.577064,15.89357,2.112608,0.1009483,0.1658367,0.1134505,0.1422698,1,0.2719924,0.02714667,0.06373379,0.04433037,0.08475178,0.03811305,0.7113104,-0.6562016,0,0,0,0
2921,3.410479,1.575517,15.89475,2.529444,0.2744058,0.1645738,0.1135457,0.1651006,1,0.1344528,0.07263158,0.06367265,0.04399787,0.1009016,0.04413658,0.7176113,-0.6581635,0,0,0,0
2922,6.719352,1.650177,15.89708,3.350698,2.380081e-35,0.1619075,0.1135457,0.1443476,1,0.25392,0,0.0666213,0.04329564,0.1322008,0.03866227,0.714007,-0.6582334,0,0,0,0
2923,5.465021e-35,1.620368,15.89708,3.350698,0.2724958,0.1649352,0.1136403,0.1593398,1,0,0.07213846,0.06544475,0.04409303,0.1322008,0.04261905,0.7116854,-0.6586536,0,0,0,0
2924,4.002234,1.635029,15.89847,3.529609,0.522584,0.1689972,0.1138218,0.1971079,1,0.1565575,0.1353133,0.06602352,0.04516212,0.1389301,0.05253907,0.7155494,-0.6559675,0,0,0,0
2925,2.682778,1.664837,15.89941,3.478562,0.2556651,0.1674967,0.1139106,0.2133645,1,0.1067972,0.06778583,0.06719961,0.0447673,0.1370133,0.05678804,0.7149538,-0.6583186,0,0,0,0
2926,4.822864e-35,1.664837,15.89941,2.64136,0.2783204,0.1682083,0.1140072,0.233414,1,0,0.0736417,0.06719961,0.04495455,0.1052071,0.06201119,0.7167915,-0.6615798,0,0,0,0
2927,3.024824,1.669806,15.90046,2.59851,0.05540158,0.1660811,0.1140264,0.2096958,1,0.1198624,0.01496161,0.06739558,0.0443947,0.1035601,0.05583024,0.7197287,-0.6593729,0,0,0,0
2928,4.437249e-35,1.669806,15.90046,1.816934,0.1335677,0.1653201,0.1140728,0.2242584,1,0,0.03581049,0.06739558,0.04419436,0.07318565,0.05962837,0.7196758,-0.6573417,0,0,0,0
2929,4.256163e-35,1.634826,15.90046,1.781953,0.2905462,0.1676661,0.1141737,0.2261108,1,0,0.07679196,0.06601552,0.04481186,0.07181112,0.06011081,0.7138107,-0.656626,0,0,0,0
2930,4.082467e-35,1.603801,15.90046,1.300852,0.1877175,0.1657714,0.1142389,0.1896513,1,0,0.05007897,0.06479041,0.04431319,0.05277272,0.05058592,0.7096595,-0.6605731,0,0,0,0
2931,3.915859e-35,1.56275,15.90046,0.9633253,0.2299566,0.1667819,0.1143187,0.1878052,1,0,0.06111183,0.06316783,0.04457916,0.03926435,0.05010197,0.7185585,-0.6607404,0,0,0,0
2932,3.276752,1.599159,15.90159,1.321092,0.1283304,0.1635368,0.1143633,0.168952,1,0.1294102,0.03442296,0.06460702,0.04372479,0.05357872,0.04515024,0.7201543,-0.6588217,0,0,0,0
2933,3.602764e-35,1.56935,15.90159,0.9527088,0.08264944,0.1644551,0.114392,0.1694641,1,0,0.02226357,0.06342882,0.04396662,0.03883741,0.04528496,0.7180694,-0.6554474,0,0,0,0
2934,3.455733e-35,1.56935,15.90159,0.9005236,0.07330348,0.163528,0.1144174,0.1627003,1,0,0.01976317,0.06342882,0.04372248,0.03673692,0.04350447,0.714705,-0.6651312,0,0,0,0
2935,3.314703e-35,1.56935,15.90159,0.9005236,1.384679e-35,0.160479,0.1144174,0.1304173,1,0,0,0.06342882,0.04291928,0.03673692,0.03497603,0.7151344,-0.6588662,0,0,0,0
2936,5.260363,1.586748,15.90342,1.543457,0.1839397,0.1609151,0.1144813,0.1309197,1,0.2024581,0.0490881,0.0641166,0.04303419,0.0624046,0.03510913,0.7230451,-0.6591346,0,0,0,0
2937,3.049674e-35,1.586748,15.90342,1.504016,0.1232985,0.1622851,0.1145241,0.1191742,1,0,0.03308857,0.0641166,0.04339511,0.0608431,0.03199394,0.7182309,-0.6621547,0,0,0,0
2938,3.845305,1.601957,15.90475,1.609914,0.08264944,0.1610043,0.1145528,0.1142944,1,0.1507284,0.02226357,0.06471758,0.04305769,0.06503191,0.03069775,0.719841,-0.6605206,0,0,0,0
2939,2.805836e-35,1.569666,15.90475,1.581274,0.267349,0.1639749,0.1146457,0.1370353,1,0,0.07080883,0.0634413,0.04384016,0.06390025,0.03672846,0.7212973,-0.6638079,0,0,0,0
2940,2.682778,1.599474,15.90455,1.876878,0.1649609,0.1632096,0.114502,0.1462926,1,0.1067972,0.04409981,0.06461949,0.04363862,0.07553803,0.03917623,0.7171299,-0.6614923,0,0,0,0
2941,2.581493e-35,1.599474,15.90455,1.876878,0.2431012,0.1639471,0.1145864,0.1748834,1,0,0.06452807,0.06461949,0.04383285,0.07553803,0.04670992,0.715531,-0.661378,0,0,0,0
2942,3.276752,1.635883,15.90569,1.692885,0.1979214,0.1653944,0.1146551,0.1754847,1,0.1294102,0.05275197,0.06605724,0.04421392,0.06830536,0.04686796,0.7194459,-0.6604208,0,0,0,0
2943,2.906219,1.668174,15.9067,2.04809,0.1871223,0.164843,0.1147201,0.1839885,1,0.1153454,0.04992292,0.06733119,0.04406876,0.08223587,0.04910091,0.7212826,-0.6617367,0,0,0,0
2944,3.024824,1.701783,15.90775,1.960726,0.4676664,0.1693725,0.1148825,0.2308868,1,0.1198624,0.1216756,0.06865596,0.04526085,0.07882205,0.06135387,0.7189046,-0.6615486,0,0,0,0
2945,2.577585,1.685954,15.90864,2.275764,0.2962495,0.1700849,0.1149854,0.2365073,1,0.1027552,0.0782592,0.06803217,0.04544827,0.09109463,0.06281536,0.7228483,-0.6582662,0,0,0,0
2946,3.694528,1.727004,15.90539,2.429231,0.3132419,0.1707508,0.1150513,0.2545768,1,0.1451056,0.08262184,0.06964929,0.04562343,0.09703545,0.06750393,0.7218798,-0.6588225,0,0,0,0
2947,2.906219,1.759295,15.9064,2.784435,0.1009483,0.1699089,0.1150864,0.238296,1,0.1153454,0.02714667,0.07092009,0.04540196,0.1106926,0.06328015,0.7207624,-0.658868,0,0,0,0
2948,2.792264,1.79032,15.90737,2.730603,0.3128453,0.1713684,0.115195,0.2524142,1,0.1109921,0.08252016,0.07214,0.04578584,0.1086311,0.06694359,0.7194166,-0.661211,0,0,0,0
2949,6.528083,1.862855,15.90964,3.167673,0.2421492,0.1720953,0.1152791,0.2600038,1,0.2472772,0.06428092,0.07498804,0.04597699,0.125284,0.06890912,0.7266525,-0.6627485,0,0,0,0
2950,1.774233e-35,1.823414,15.90964,2.75109,0.1567431,0.1717238,0.1153335,0.2260767,1,0,0.0419345,0.07344011,0.04587931,0.109416,0.06010192,0.7250455,-0.6590331,0,0,0,0
2951,2.682778,1.787006,15.91057,2.754693,7.109177e-36,0.1717238,0.1153335,0.1901111,1,0.1067972,0,0.07200971,0.04587931,0.109554,0.05070646,0.7205142,-0.6653327,0,0,0,0
2952,1.632373e-35,1.754714,15.91057,2.26953,0.08602243,0.1726796,0.1153105,0.1658203,1,0,0.02316491,0.07073987,0.04613063,0.0908528,0.04432606,0.7256528,-0.6605359,0,0,0,0
2953,6.842797,1.830745,15.91294,2.782959,6.540758e-36,0.1714646,0.1153105,0.1515761,1,0.2581912,0,0.07372797,0.04581113,0.1106361,0.0405714,0.7240046,-0.663476,0,0,0,0
2954,1.501856e-35,1.830745,15.91294,2.428238,0.1283304,0.1712828,0.115355,0.1266939,1,0,0.03442296,0.07372797,0.04576332,0.0969971,0.03398912,0.7233846,-0.6637032,0,0,0,0
2955,3.410479,1.86864,15.91413,2.089923,6.017788e-36,0.1684682,0.115355,0.09694768,1,0.1344528,0,0.07521495,0.04502294,0.08386768,0.02608052,0.719487,-0.6617088,0,0,0,0
2956,1.381774e-35,1.83503,15.91413,2.089923,0.1335677,0.1680657,0.1154014,0.09276427,1,0,0.03581049,0.0738962,0.04491702,0.08386768,0.02496479,0.7222089,-0.6610209,0,0,0,0
2957,1.325383e-35,1.83503,15.91413,1.758228,0.2158553,0.1698485,0.1154763,0.118531,1,0,0.05743794,0.0738962,0.04538608,0.07087809,0.03182317,0.7211279,-0.6626084,0,0,0,0
2958,8.167803,1.889375,15.91563,2.756515,0.4252797,0.1739824,0.1155516,0.1594675,1,0.3032565,0.1110609,0.07602798,0.04647311,0.1096237,0.04265271,0.7225338,-0.6662421,0,0,0,0
2959,1.219411e-35,1.855766,15.91563,1.996204,5.093948e-36,0.1734141,0.1155516,0.1562392,1,0,0,0.07470997,0.04632374,0.08020936,0.04180163,0.7199214,-0.6638478,0,0,0,0
2960,1.169646e-35,1.825958,15.91563,1.996204,0.2185415,0.1758424,0.1156275,0.1666052,1,0,0.05813851,0.07353999,0.04696194,0.08020936,0.04453265,0.7234375,-0.6614215,0,0,0,0
2961,1.121912e-35,1.825958,15.91563,1.617262,4.686658e-36,0.1732442,0.1156275,0.1640501,1,0,0,0.07353999,0.04627907,0.06532209,0.04385997,0.7218623,-0.6678765,0,0,0,0
2962,3.549664,1.865398,15.91686,2.014701,0.05322925,0.168974,0.1156459,0.1542891,1,0.1396825,0.01437787,0.07508782,0.04515603,0.08093213,0.04128728,0.7214186,-0.6641406,0,0,0,0
2963,1.032209e-35,1.865398,15.91686,2.014701,0.1138188,0.1693204,0.1156855,0.1432981,1,0,0.03057136,0.07508782,0.04524714,0.08093213,0.03838488,0.7199827,-0.6624929,0,0,0,0
2964,9.900842e-36,1.865398,15.91492,1.107167,0.3178515,0.1690757,0.1156829,0.1340788,1,0,0.08380303,0.07508782,0.04518279,0.04503662,0.03594584,0.7278086,-0.6631661,0,0,0,0
2965,7.847539,1.914699,15.91765,2.066311,0.1156944,0.1664053,0.1157231,0.1482192,1,0.2924922,0.03106973,0.07702027,0.04448004,0.08294686,0.03968513,0.7207497,-0.662469,0,0,0,0
2966,2.906219,1.94699,15.91865,2.363067,0.3329092,0.1681407,0.1158387,0.162582,1,0.1153454,0.08765481,0.07828459,0.04493675,0.09447721,0.04347331,0.7226617,-0.6671501,0,0,0,0
2967,2.792264,1.978015,15.91962,2.704344,0.06246511,0.167987,0.1158604,0.1688466,1,0.1109921,0.01685807,0.0794983,0.04489632,0.1076244,0.0451225,0.7224947,-0.6611658,0,0,0,0
2968,8.380882e-36,1.913226,15.91962,2.267211,0.2158553,0.169794,0.1159353,0.1883962,1,0,0.05743794,0.07696257,0.04537173,0.09076282,0.05025693,0.7262302,-0.6618597,0,0,0,0
2969,8.038853e-36,1.883417,15.91962,2.267211,0.1009483,0.1680075,0.1159704,0.1851173,1,0,0.02714667,0.07579442,0.04490172,0.09076282,0.04939704,0.7253876,-0.6613574,0,0,0,0
2970,7.710783e-36,1.853609,15.91417,2.237403,0.2386357,0.1689175,0.1159595,0.1771341,1,0,0.0633684,0.07462532,0.04514115,0.0896058,0.04730133,0.7238141,-0.6640061,0,0,0,0
2971,4.165569,1.899893,15.91561,1.874579,0.1335677,0.166232,0.1160059,0.177903,1,0.1625996,0.03581049,0.07644018,0.04443442,0.07544787,0.04750331,0.7222548,-0.6673402,0,0,0,0
2972,4.002234,1.912071,15.917,2.004419,0.2268922,0.168753,0.1160847,0.1664452,1,0.1565575,0.06031423,0.07691731,0.04509787,0.08053042,0.04449055,0.7288509,-0.6654387,0,0,0,0
2973,2.682778,1.941879,15.91793,1.989772,0.214282,0.1695676,0.1161591,0.1836156,1,0.1067972,0.05702747,0.07808456,0.04531218,0.07995793,0.04900304,0.7247338,-0.663927,0,0,0,0
2974,6.527037e-36,1.905471,15.91793,1.956162,2.726594e-36,0.1665899,0.1161591,0.1544353,1,0,0,0.07665876,0.04452863,0.07864351,0.04132586,0.7263579,-0.6684718,0,0,0,0
2975,5.087837,1.962003,15.9197,2.549369,0.2393925,0.1668673,0.1162422,0.1691863,1,0.1962496,0.06356502,0.078872,0.04460165,0.1016691,0.04521187,0.7249035,-0.6646708,0,0,0,0
2976,2.682778,1.991811,15.91812,2.836214,0.4151148,0.1690813,0.1162647,0.189927,1,0.1067972,0.1085037,0.08003767,0.04518425,0.1126726,0.0506582,0.7204352,-0.6651238,0,0,0,0
2977,3.845305,2.034537,15.91945,2.811063,0.1390187,0.1700104,0.1163129,0.1909557,1,0.1507284,0.03725323,0.0817068,0.04542867,0.1117112,0.05092778,0.7295731,-0.6643386,0,0,0,0
2978,6.02618,2.101494,15.92154,3.071879,0.1767273,0.1711595,0.1163743,0.1838694,1,0.229699,0.04719446,0.08431872,0.04573092,0.1216505,0.04906965,0.716873,-0.6662991,0,0,0,0
2979,5.753269,2.119136,15.92354,3.404435,0.3212103,0.1738808,0.1164858,0.1966288,1,0.2200502,0.08466312,0.08500608,0.04644642,0.1342253,0.05241363,0.7290803,-0.6664873,0,0,0,0
2980,5.083262e-36,2.119136,15.92354,3.404435,0.1505971,0.1749859,0.1165381,0.2132935,1,0,0.04031298,0.08500608,0.04673687,0.1342253,0.0567695,0.7173569,-0.6675285,0,0,0,0
2981,4.875811e-36,2.119136,15.92354,2.809311,0.1589445,0.1748674,0.1165933,0.2061209,1,0,0.04251486,0.08500608,0.04670573,0.1116442,0.05489631,0.7274493,-0.6624268,0,0,0,0
2982,3.549664,2.158576,15.92243,2.945073,0.206346,0.1752735,0.1164515,0.1842613,1,0.1396825,0.05495514,0.08654167,0.04681246,0.1168267,0.04917246,0.7268808,-0.6663806,0,0,0,0
2983,4.485963e-36,2.158576,15.92243,2.441786,0.1009483,0.1741592,0.1164865,0.1811529,1,0,0.02714667,0.08654167,0.04651959,0.09752037,0.0483567,0.7280114,-0.6640885,0,0,0,0
2984,4.302888e-36,2.158576,15.92243,1.77221,0.1946011,0.1714901,0.1165541,0.1838752,1,0,0.05188274,0.08654167,0.04581784,0.07142802,0.04907117,0.7273433,-0.6655703,0,0,0,0
2985,4.127285e-36,2.158576,15.92243,1.095064,0.3841188,0.1729174,0.1166874,0.195133,1,0,0.1006779,0.08654167,0.04619313,0.0445518,0.05202202,0.7292313,-0.6670188,0,0,0,0
2986,3.958848e-36,2.126285,15.92243,1.095064,0.3099103,0.1736098,0.1167951,0.2147938,1,0,0.08176752,0.08528456,0.04637518,0.0445518,0.05716102,0.725101,-0.6648449,0,0,0,0
2987,3.549664,2.132116,15.92366,1.528912,0.3328272,0.1773079,0.1169106,0.2354138,1,0.1396825,0.08763386,0.08551166,0.04734699,0.06182893,0.06253112,0.7285615,-0.6673791,0,0,0,0
2988,2.906219,2.129427,15.92251,1.398956,0.2755546,0.1786073,0.1167724,0.24144,1,0.1153454,0.07292808,0.08540693,0.04768829,0.05667536,0.06409678,0.7286837,-0.6641073,0,0,0,0
2989,2.682778,2.124255,15.92344,1.726851,0.1987596,0.1774343,0.1168414,0.2545164,1,0.1067972,0.05297133,0.0852055,0.04738019,0.06964325,0.06748828,0.7261295,-0.6669906,0,0,0,0
2990,3.024824,2.121456,15.92449,2.096551,0.3072382,0.1795101,0.1169481,0.2680172,1,0.1198624,0.08108195,0.08509646,0.04792539,0.08412606,0.0709815,0.7238906,-0.6679747,0,0,0,0
2991,3.214333e-36,2.082015,15.92449,2.096551,0.08264944,0.1788838,0.1169768,0.2354389,1,0,0.02226357,0.08355934,0.04776091,0.08412606,0.06253764,0.726984,-0.6678508,0,0,0,0
2992,3.083154e-36,2.039289,15.92449,2.057111,0.1390187,0.176815,0.1170251,0.2174042,1,0,0.03725323,0.08189235,0.04721749,0.0825879,0.05784193,0.7288544,-0.6669154,0,0,0,0
2993,2.957329e-36,2.006998,15.92449,1.662704,0.08602243,0.174337,0.1170549,0.1896726,1,0,0.02316491,0.08063118,0.04656632,0.06711546,0.05059151,0.7252645,-0.6685733,0,0,0,0
2994,6.054488,2.022085,15.92545,2.079783,1.184973e-36,0.1734547,0.1168956,0.1555237,1,0.2306962,0,0.08122055,0.04633439,0.08347232,0.04161293,0.723963,-0.6660505,0,0,0,0
2995,2.720874e-36,2.022085,15.92545,1.694502,0.262793,0.1763746,0.1169869,0.164273,1,0,0.06963079,0.08122055,0.04710178,0.06836907,0.04391865,0.7236586,-0.6677482,0,0,0,0
2996,2.609834e-36,2.022085,15.92545,1.326119,0.2246645,0.1777492,0.1170649,0.1538954,1,0,0.05973415,0.08122055,0.04746291,0.05377887,0.0411834,0.7266375,-0.6639794,0,0,0,0
2997,2.906219,2.014936,15.92646,1.650299,0.2241008,0.1789746,0.1171427,0.1714081,1,0.1153454,0.05958733,0.08094129,0.04778475,0.06662612,0.04579629,0.7257387,-0.6664889,0,0,0,0
2998,5.511588,2.076175,15.92838,2.323937,0.406651,0.1827705,0.1172839,0.203265,1,0.2114513,0.106371,0.08333161,0.04878129,0.09296208,0.05414981,0.7291178,-0.6667799,0,0,0,0
2999,2.906219,2.079827,15.92939,2.679142,0.2246645,0.1845149,0.1173619,0.2200443,1,0.1153454,0.05973415,0.08347402,0.04923902,0.1066576,0.05853031,0.7277467,-0.6698135,0,0,0,0
3000,2.209176e-36,2.047536,15.92615,2.006421,9.228577e-37,0.1817552,0.1173208,0.2173928,1,0,0,0.08221424,0.04851481,0.08060862,0.05783898,0.7290962,-0.6664137,0,0,0,0
3001,5.475042,2.108369,15.92805,2.629308,0.423924,0.1853438,0.1174679,0.2385224,1,0.2101465,0.1107201,0.08458664,0.04945647,0.1047441,0.06333898,0.7258158,-0.6675674,0,0,0,0
3002,2.03254e-36,2.108369,15.92805,2.584839,0.08602243,0.1831483,0.1174978,0.2215525,1,0,0.02316491,0.08458664,0.04888044,0.1030343,0.05892341,0.7316991,-0.6662532,0,0,0,0
3003,2.682778,2.138178,15.92898,2.560012,0.5410318,0.188493,0.1176857,0.2603976,1,0.1067972,0.1398656,0.08574769,0.0502823,0.1020789,0.06901105,0.7292038,-0.6704834,0,0,0,0
3004,3.024824,2.141979,15.93003,2.317314,0.3865528,0.1917103,0.1178199,0.2624595,1,0.1198624,0.101294,0.08589565,0.05112553,0.0927055,0.06954453,0.7299542,-0.6704777,0,0,0,0
3005,3.845305,2.184704,15.93137,2.407851,0.1914464,0.1929552,0.1178864,0.2582359,1,0.1507284,0.05105638,0.08755803,0.05145166,0.0962093,0.06845152,0.7258849,-0.6711962,0,0,0,0
3006,2.792264,2.215729,15.93234,2.719319,0.1992595,0.1932826,0.11781,0.2779775,1,0.1109921,0.05310214,0.08876397,0.05153741,0.1081986,0.07355325,0.7246797,-0.6717176,0,0,0,0
3007,3.410479,2.253624,15.93352,2.485092,0.2376863,0.1943158,0.1178925,0.2583807,1,0.1344528,0.06312174,0.09023553,0.05180803,0.09919183,0.068489,0.7275465,-0.6697918,0,0,0,0
3008,2.906219,2.25489,15.93453,2.773339,0.522584,0.1979951,0.118074,0.3107304,1,0.1153454,0.1353133,0.09028468,0.05277127,0.1102679,0.08197786,0.7258997,-0.6701289,0,0,0,0
3009,3.410479,2.25489,15.93571,2.828164,0.1697978,0.1986667,0.1181329,0.2677998,1,0.1344528,0.04537273,0.09028468,0.05294702,0.112365,0.07092533,0.7289801,-0.6680037,0,0,0,0
3010,4.512507,2.224538,15.93728,3.043601,0.2098627,0.1998769,0.1182058,0.2488261,1,0.1753503,0.05587383,0.08910616,0.05326366,0.1205762,0.06601341,0.7291643,-0.6664101,0,0,0,0
3011,1.396943e-36,2.186643,15.93728,2.616345,0.4914049,0.202288,0.1183764,0.2858488,1,0,0.1275864,0.08763344,0.05389433,0.1042458,0.07558239,0.7292258,-0.670386,0,0,0,0
3012,2.682778,2.141793,15.93642,2.594548,0.2558202,0.2051304,0.1183318,0.292683,1,0.1067972,0.06782599,0.08588842,0.05463746,0.1034077,0.07734185,0.7284904,-0.669142,0,0,0,0
3013,3.410479,2.179687,15.93761,2.632442,0.180961,0.2041134,0.1183946,0.2872693,1,0.1344528,0.04830634,0.08736292,0.0543716,0.1048645,0.07594826,0.728847,-0.6668642,0,0,0,0
3014,1.232798e-36,2.135218,15.93761,2.309529,0.4161109,0.2029303,0.1185391,0.2779001,1,0,0.1087545,0.08563242,0.0540623,0.09240378,0.0735333,0.726757,-0.6708353,0,0,0,0
3015,1.182487e-36,2.105409,15.93761,1.930587,0.0511421,0.2006578,0.1185569,0.2610164,1,0,0.0138168,0.08447127,0.05346797,0.07764246,0.06917117,0.7309079,-0.6702273,0,0,0,0
3016,4.696666,2.157594,15.93924,2.003234,0.259953,0.2004538,0.1186471,0.266027,1,0.182073,0.06889599,0.08650345,0.05341459,0.08048409,0.07046708,0.7302214,-0.6710525,0,0,0,0
3017,3.024824,2.157594,15.94029,2.333494,0.09318699,0.2008736,0.1186795,0.2191179,1,0.1198624,0.02507757,0.08650345,0.05352441,0.09333227,0.05828879,0.7344166,-0.6723805,0,0,0,0
3018,3.410479,2.195488,15.94147,2.419952,0.3132419,0.20287,0.1186326,0.2259168,1,0.1344528,0.08262184,0.08797732,0.05404652,0.09667697,0.06006028,0.7353881,-0.6670355,0,0,0,0
3019,1.000954e-36,2.195488,15.94147,2.011202,0.198255,0.2018445,0.1187014,0.2278327,1,0,0.05283929,0.08797732,0.05377836,0.08079541,0.06055909,0.728209,-0.668941,0,0,0,0
3020,9.601041e-37,2.195488,15.94147,1.977592,0.2809297,0.2028802,0.1187989,0.2125203,1,0,0.07431464,0.08797732,0.0540492,0.07948176,0.05656769,0.7278237,-0.6708026,0,0,0,0
3021,9.209218e-37,2.195488,15.94147,1.977592,0.3196712,0.203877,0.1189099,0.2449904,1,0,0.08426906,0.08797732,0.05430982,0.07948176,0.0650184,0.7296579,-0.6698214,0,0,0,0
3022,8.833384e-37,2.15908,15.94147,1.455741,0.2957617,0.2057374,0.1190126,0.2507108,1,0,0.07813377,0.08656127,0.0547961,0.05892951,0.06650206,0.7273438,-0.6708338,0,0,0,0
3023,8.472889e-37,2.15908,15.94147,1.119649,0.08264944,0.2057374,0.1190413,0.2495024,1,0,0.02226357,0.08656127,0.0547961,0.04553641,0.0661888,0.7274819,-0.6680458,0,0,0,0
3024,8.127106e-37,2.15908,15.94054,0.673435,0.1283304,0.2063488,0.1188236,0.2303826,1,0,0.03442296,0.08656127,0.05495588,0.02756066,0.06122268,0.732759,-0.671006,0,0,0,0
3025,7.795434e-37,2.15908,15.94054,0.673435,3.256452e-37,0.2063488,0.1188236,0.2054344,1,0,0,0.08656127,0.05495588,0.02756066,0.0547169,0.7308822,-0.672266,0,0,0,0
3026,2.906219,2.132923,15.94155,1.028639,0.3132419,0.2077855,0.1189323,0.2100088,1,0.1153454,0.08262184,0.08554306,0.05533126,0.04188822,0.05591198,0.7350331,-0.6714808,0,0,0,0
3027,3.410479,2.170817,15.94273,1.413185,0.3000258,0.2097491,0.1190365,0.2086696,1,0.1344528,0.07922987,0.08701792,0.05584417,0.05724053,0.05556221,0.7285883,-0.6707989,0,0,0,0
3028,3.276752,2.1645,15.94387,1.752437,0.07629505,0.2096785,0.119063,0.1806138,1,0.1294102,0.020564,0.08677215,0.05582573,0.07065026,0.04821517,0.7314084,-0.6711211,0,0,0,0
3029,6.598693e-37,2.1645,15.94387,1.720145,0.5378735,0.2126844,0.1192498,0.2346743,1,0,0.1390873,0.08677215,0.05661051,0.06937923,0.06233888,0.7342852,-0.6723185,0,0,0,0
3030,2.577585,2.163331,15.94387,2.035183,2.644032e-37,0.2108515,0.1191702,0.2204154,1,0.1027552,0,0.08672667,0.05613202,0.08173205,0.05862704,0.7372223,-0.6716412,0,0,0,0
3031,6.054488,2.230603,15.94597,2.714343,0.1390187,0.209695,0.1192184,0.2326963,1,0.2306962,0.03725323,0.08934174,0.05583003,0.1080078,0.06182454,0.7353467,-0.6718031,0,0,0,0
3032,5.823326e-37,2.194195,15.94597,2.391429,0.2636462,0.2104253,0.11931,0.2291593,1,0,0.06985147,0.08792703,0.05602073,0.09557439,0.06090435,0.732835,-0.671948,0,0,0,0
3033,6.558748,2.234778,15.94825,2.784303,0.347963,0.2122124,0.1194308,0.2323404,1,0.2483443,0.09149534,0.08950389,0.05648731,0.1106875,0.06173197,0.7311812,-0.675732,0,0,0,0
3034,6.993574,2.278876,15.95068,3.241381,0.2856045,0.2101895,0.11953,0.2544754,1,0.2633909,0.07551946,0.09121532,0.05595916,0.1280735,0.06747764,0.7343232,-0.6718657,0,0,0,0
3035,5.602408,2.312485,15.95263,3.883394,0.0511421,0.2074661,0.1195477,0.1988352,1,0.2146886,0.0138168,0.09251834,0.05524781,0.1521454,0.0529911,0.7362558,-0.6705133,0,0,0,0
3036,4.929339e-37,2.271434,15.95153,3.565971,0.1510368,0.2056638,0.1194801,0.2150812,1,0,0.04042905,0.09092667,0.05477686,0.140294,0.057236,0.7360089,-0.6714271,0,0,0,0
3037,4.72817e-37,2.239143,15.95153,2.855355,0.1835977,0.2065821,0.1195438,0.2194335,1,0,0.04899836,0.08967338,0.05501684,0.1134039,0.05837107,0.7336416,-0.6730745,0,0,0,0
3038,4.535211e-37,2.208118,15.95153,2.823064,0.1335677,0.2045901,0.1195902,0.2006579,1,0,0.03581049,0.08846821,0.05449624,0.11217,0.05346798,0.7320846,-0.6729707,0,0,0,0
3039,3.549664,2.175024,15.95276,2.490268,0.05322925,0.202491,0.1196087,0.1666145,1,0.1396825,0.01437787,0.08718158,0.05394742,0.09939146,0.0445351,0.7389655,-0.6714312,0,0,0,0
3040,2.792264,2.20605,15.95373,2.004342,1.743053e-37,0.2007494,0.1196087,0.1325488,1,0.1109921,0,0.08838782,0.05349193,0.0805274,0.03554068,0.734058,-0.6700341,0,0,0,0
3041,4.002309e-37,2.176241,15.95373,1.381852,0.05540158,0.201365,0.1196279,0.1281776,1,0,0.01496161,0.08722889,0.05365294,0.05599573,0.03438247,0.7360954,-0.6727283,0,0,0,0
3042,6.182971,2.244941,15.95499,2.10774,0.3021585,0.2037665,0.1194657,0.1454838,1,0.2352134,0.07977778,0.08989847,0.05428093,0.0845621,0.03896253,0.7358918,-0.6718119,0,0,0,0
3043,3.682302e-37,2.168909,15.95499,2.069846,0.2515454,0.2065615,0.119553,0.1538178,1,0,0.06671841,0.08694371,0.05501145,0.08308473,0.04116295,0.7381157,-0.6753052,0,0,0,0
3044,3.532026e-37,2.168909,15.95499,2.069846,0.1794725,0.2071297,0.1196153,0.156289,1,0,0.04791551,0.08694371,0.05515993,0.08308473,0.04181477,0.7316683,-0.6725644,0,0,0,0
3045,3.387882e-37,2.131015,15.95499,1.675439,0.2162171,0.2095321,0.1196904,0.176233,1,0,0.05753233,0.08546878,0.05578749,0.06761765,0.04706457,0.7333229,-0.6726332,0,0,0,0
3046,3.249621e-37,2.131015,15.95499,1.313002,0.1697978,0.2099347,0.1197494,0.1940977,1,0,0.04537273,0.08546878,0.05589262,0.05325662,0.0517509,0.7334737,-0.6747411,0,0,0,0
3047,3.117002e-37,2.131015,15.95499,1.279393,0.1839397,0.2095801,0.1198132,0.209388,1,0,0.0490881,0.08546878,0.05580001,0.05191763,0.05574986,0.7386404,-0.6745582,0,0,0,0
3048,5.854337,2.10531,15.95512,1.270032,0.1567431,0.2065963,0.1196334,0.1914919,1,0.223631,0.0419345,0.08446742,0.05502056,0.05154447,0.05106829,0.7340964,-0.6733573,0,0,0,0
3049,3.845305,2.148036,15.95645,1.740013,0.1283304,0.2080222,0.1196779,0.1770244,1,0.1507284,0.03442296,0.08613144,0.0553931,0.0701614,0.04727251,0.7354926,-0.6750917,0,0,0,0
3050,2.750744e-37,2.148036,15.95645,1.740013,0.3582321,0.2095743,0.1198023,0.1977455,1,0,0.09410936,0.08613144,0.05579852,0.0701614,0.05270594,0.7313127,-0.675101,0,0,0,0
3051,2.638485e-37,2.148036,15.95645,1.740013,0.1932276,0.2117213,0.1198694,0.1937862,1,0,0.051523,0.08613144,0.05635912,0.0701614,0.05166932,0.7328458,-0.6744575,0,0,0,0
3052,2.530807e-37,2.108595,15.95645,1.740013,1.057215e-37,0.2111299,0.1198694,0.1716335,1,0,0,0.08459542,0.05620471,0.0701614,0.04585556,0.7400135,-0.6756752,0,0,0,0
3053,3.694528,2.149645,15.95774,2.191567,0.4914049,0.2153253,0.12004,0.210338,1,0.1451056,0.1275864,0.08619409,0.05729967,0.08782487,0.05599796,0.7371786,-0.6752708,0,0,0,0
3054,2.577585,2.178285,15.95758,1.856123,0.3328272,0.2154917,0.1200623,0.2321751,1,0.1027552,0.08763386,0.0873084,0.05734308,0.07472397,0.06168899,0.7330623,-0.6718122,0,0,0,0
3055,4.512507,2.141229,15.95915,1.980396,0.2162171,0.2166086,0.1201374,0.2443427,1,0.1753503,0.05753233,0.08586648,0.05763444,0.07959137,0.06485031,0.7377504,-0.6695209,0,0,0,0
3056,2.577585,2.137578,15.96004,2.263142,8.949133e-38,0.2129096,0.1201374,0.2010587,1,0.1027552,0,0.08572432,0.0566693,0.09060495,0.05357282,0.7307526,-0.6779993,0,0,0,0
3057,2.054854e-37,2.106553,15.96004,2.225248,0.1767273,0.2141792,0.1201988,0.1978554,1,0,0.04719446,0.08451584,0.05700063,0.08913376,0.05273469,0.7317407,-0.6757787,0,0,0,0
3058,1.970994e-37,2.106553,15.96004,2.18884,0.1232985,0.2131508,0.1202416,0.2120774,1,0,0.03308857,0.08451584,0.05673225,0.08771884,0.05645209,0.7381898,-0.6719057,0,0,0,0
3059,2.682778,2.136361,15.96097,2.106232,0.1914464,0.2141563,0.120308,0.1748995,1,0.1067972,0.05105638,0.08567695,0.05699467,0.08450334,0.04671417,0.7337648,-0.6698813,0,0,0,0
3060,3.276752,2.17277,15.95736,2.191686,0.1697978,0.2133914,0.1201307,0.1586718,1,0.1294102,0.04537273,0.08709387,0.05679506,0.08782949,0.04244298,0.742492,-0.6727542,0,0,0,0
3061,1.739397e-37,2.126485,15.95736,1.623024,0.1446921,0.213515,0.120181,0.1507876,1,0,0.03875333,0.08529237,0.05682732,0.06554962,0.04036327,0.7362508,-0.6752486,0,0,0,0
3062,1.668411e-37,2.082016,15.95736,1.336626,0.4871417,0.2164067,0.1203501,0.2073978,1,0,0.1265267,0.08355939,0.05758178,0.05419704,0.05522996,0.7370046,-0.6697666,0,0,0,0
3063,1.600322e-37,2.052208,15.95736,1.263751,0.239435,0.2166862,0.1204332,0.2131594,1,0,0.06357603,0.08239657,0.05765468,0.05129403,0.05673451,0.7387283,-0.6727523,0,0,0,0
3064,1.535012e-37,2.052208,15.95736,1.186044,0.2158553,0.2190846,0.1205082,0.2226685,1,0,0.05743794,0.08239657,0.05828011,0.0481921,0.05921419,0.7379478,-0.6739159,0,0,0,0
3065,2.577585,2.024316,15.95825,1.140747,0.2103042,0.2187614,0.1205812,0.2265323,1,0.1027552,0.05598912,0.08130768,0.05819584,0.04638082,0.06022054,0.7347124,-0.6740444,0,0,0,0
3066,1.412279e-37,1.994507,15.95619,0.7766634,0.4273158,0.2188969,0.1205658,0.2582152,1,0,0.1115726,0.08014304,0.05823119,0.03173918,0.06844614,0.7353432,-0.6729079,0,0,0,0
3067,1.354643e-37,1.951782,15.95619,0.7766634,0.1697978,0.2192389,0.1206247,0.2608513,1,0,0.04537273,0.07847209,0.05832035,0.03173918,0.06912845,0.7389125,-0.677694,0,0,0,0
3068,1.29936e-37,1.884824,15.95619,0.7766634,0.1839397,0.2193191,0.1206886,0.2277219,1,0,0.0490881,0.07584956,0.05834125,0.03173918,0.06053025,0.7397085,-0.6727446,0,0,0,0
3069,1.246332e-37,1.820899,15.95619,0.7372227,0.0511421,0.2163183,0.1207064,0.2067773,1,0,0.0138168,0.07334135,0.05755872,0.03014411,0.05506785,0.7392584,-0.6745295,0,0,0,0
3070,1.195469e-37,1.820899,15.95619,0.7061976,0.2151213,0.2170352,0.1207811,0.209086,1,0,0.05724646,0.07334135,0.05774572,0.02888815,0.05567098,0.7450714,-0.6721125,0,0,0,0
3071,2.577585,1.849539,15.95709,0.7348374,4.790126e-38,0.2152692,0.1207811,0.1851033,1,0.1027552,0,0.07446562,0.05728504,0.03004758,0.04939337,0.7353613,-0.6728898,0,0,0,0
3072,3.549664,1.849539,15.9539,1.099985,0.1697978,0.2148631,0.1206714,0.1550195,1,0.1396825,0.04537273,0.07446562,0.05717909,0.04474896,0.04147994,0.7403885,-0.6781663,0,0,0,0
3073,3.148269,1.884519,15.95499,1.484774,4.407128e-38,0.2137414,0.1206714,0.1333581,1,0.1245487,0,0.07583763,0.05688641,0.06008066,0.035755,0.7421613,-0.6752819,0,0,0,0
3074,1.011942e-37,1.884519,15.95499,1.484774,0.1567431,0.2133208,0.1207259,0.1300837,1,0,0.0419345,0.07583763,0.05677663,0.06008066,0.03488763,0.7399576,-0.6729236,0,0,0,0
3075,3.549664,1.92396,15.95623,1.918622,0.2416821,0.2117382,0.1208098,0.1515378,1,0.1396825,0.06415964,0.07738299,0.05636352,0.07717392,0.04056128,0.7426237,-0.6766399,0,0,0,0
3076,2.577585,1.9526,15.95712,2.23366,0.2433761,0.2109989,0.1208943,0.1554947,1,0.1027552,0.06459942,0.07850412,0.05617052,0.08946045,0.04160529,0.742219,-0.6770526,0,0,0,0
3077,3.148269,1.94814,15.95821,2.33205,0.2143528,0.2096825,0.1209687,0.1796497,1,0.1245487,0.05704595,0.07832959,0.05582677,0.09327634,0.04796202,0.7405391,-0.6747739,0,0,0,0
3078,8.565907e-38,1.915849,15.95642,1.872595,0.1992595,0.2088348,0.1209635,0.1833956,1,0,0.05310214,0.0770653,0.05560537,0.07537007,0.04894532,0.7415774,-0.6764853,0,0,0,0
3079,3.694528,1.92709,15.95771,1.931615,0.1631399,0.208439,0.1210202,0.201909,1,0.1451056,0.04362026,0.07750557,0.05550199,0.07768273,0.05379522,0.7419281,-0.6732354,0,0,0,0
3080,7.881015e-38,1.893481,15.95771,1.931615,0.08602243,0.2059811,0.12105,0.1910266,1,0,0.02316491,0.07618891,0.05485978,0.07768273,0.05094637,0.7399586,-0.6736583,0,0,0,0
3081,7.559386e-38,1.893481,15.95771,1.537208,0.3674009,0.209145,0.1211776,0.2069306,1,0,0.09643927,0.07618891,0.05568638,0.0621573,0.05510791,0.7378961,-0.6716321,0,0,0,0
3082,2.577585,1.922121,15.9586,1.565848,0.3296741,0.2112634,0.1212921,0.2201823,1,0.1027552,0.08682814,0.07731096,0.05623957,0.06329033,0.05856629,0.7408972,-0.6735396,0,0,0,0
3083,6.954971e-38,1.922121,15.9586,1.17499,0.09699002,0.2113852,0.1213258,0.2027596,1,0,0.0260918,0.07731096,0.05627138,0.04775028,0.05401766,0.7428771,-0.6725085,0,0,0,0
3084,6.671135e-38,1.854849,15.95662,1.14635,0.1567431,0.2131268,0.1213312,0.1960791,1,0,0.0419345,0.07467398,0.056726,0.04660498,0.05226973,0.7438208,-0.6733502,0,0,0,0
3085,3.148269,1.88983,15.95771,1.070496,0.2524472,0.2130119,0.1214189,0.2064047,1,0.1245487,0.06695214,0.07604579,0.056696,0.04356723,0.05497048,0.7375268,-0.6779619,0,0,0,0
3086,6.13774e-38,1.88983,15.95771,1.041856,0.3382782,0.2142742,0.1215363,0.2381917,1,0,0.08902572,0.07604579,0.05702544,0.0424186,0.06325306,0.743816,-0.6728486,0,0,0,0
3087,2.577585,1.886178,15.95861,1.356894,0.2871296,0.2149746,0.121636,0.2304994,1,0.1027552,0.07591228,0.07590266,0.05720817,0.05500342,0.06125307,0.742515,-0.6787716,0,0,0,0
3088,5.646994e-38,1.824938,15.95861,1.070496,0.05540158,0.2110718,0.1216553,0.1992703,1,0,0.01496161,0.07349998,0.05618955,0.04356723,0.05310496,0.7364507,-0.676449,0,0,0,0
3089,5.416537e-38,1.792647,15.95861,1.040688,0.05540158,0.2091911,0.1216745,0.1931377,1,0,0.01496161,0.07223145,0.05569842,0.04237171,0.05149947,0.7447989,-0.675246,0,0,0,0
3090,3.024824,1.826256,15.95865,1.37398,0.1505971,0.2108644,0.1216654,0.1922415,1,0.1198624,0.04031298,0.07355172,0.0561354,0.0556828,0.05126469,0.7388437,-0.6761993,0,0,0,0
3091,2.476516,1.792939,15.95951,1.326857,0.1136072,0.2074164,0.1217049,0.1764694,1,0.09886099,0.03051511,0.07224293,0.05523484,0.05380826,0.0471267,0.7450146,-0.67796,0,0,0,0
3092,4.780077e-38,1.792939,15.95951,1.326857,0.1232985,0.2078306,0.1217477,0.1485401,1,0,0.03308857,0.07224293,0.05534305,0.05380826,0.03976987,0.7419943,-0.6739784,0,0,0,0
3093,4.584999e-38,1.763131,15.95951,1.040459,0.1498379,0.203484,0.1217997,0.13229,1,0,0.04011256,0.07107095,0.05420707,0.04236254,0.03547211,0.7422093,-0.6754951,0,0,0,0
3094,5.483803,1.790453,15.96141,1.710702,0.385653,0.203474,0.1219336,0.1708712,1,0.2104594,0.1010662,0.0721452,0.05420445,0.06900731,0.04565508,0.7408823,-0.6772493,0,0,0,0
3095,4.218403e-38,1.747727,15.96141,1.682062,0.1567431,0.2030884,0.1219881,0.1815362,1,0,0.0419345,0.07046496,0.05410364,0.06787877,0.04845734,0.7416566,-0.6787926,0,0,0,0
3096,4.046248e-38,1.716702,15.96008,1.34597,0.3751376,0.2050426,0.1220361,0.2059054,1,0,0.09840237,0.06924362,0.05461451,0.05456888,0.05484001,0.7400021,-0.6805404,0,0,0,0
3097,3.881118e-38,1.678808,15.96008,1.070802,0.08602243,0.2033575,0.122066,0.2019096,1,0,0.02316491,0.06775048,0.05417398,0.04357949,0.05379538,0.7445133,-0.6792769,0,0,0,0
3098,3.276752,1.682925,15.96122,1.471294,0.1335677,0.1990351,0.1221123,0.2024909,1,0.1294102,0.03581049,0.06791278,0.05304341,0.0595463,0.0539474,0.741721,-0.6765368,0,0,0,0
3099,3.570801e-38,1.64503,15.96122,1.471294,1.491661e-38,0.1971484,0.1221123,0.185274,1,0,0,0.06641825,0.05254966,0.0595463,0.04943816,0.7390335,-0.678417,0,0,0,0
3100,4.335569,1.643065,15.96272,1.391885,0.3141976,0.1983077,0.1222214,0.1784354,1,0.1688616,0.0828668,0.06634068,0.05285307,0.05639445,0.04764314,0.743159,-0.6771322,0,0,0,0
3101,2.792264,1.67409,15.96369,1.704522,0.09318699,0.1938831,0.1222538,0.172409,1,0.1109921,0.02507757,0.06756447,0.05169469,0.06876387,0.04605948,0.742745,-0.6759616,0,0,0,0
3102,2.792264,1.675306,15.96163,2.006358,0.105068,0.192208,0.1221947,0.1416821,1,0.1109921,0.02824377,0.06761243,0.05125592,0.08060618,0.03795765,0.7430018,-0.6781625,0,0,0,0
3103,6.093257,1.705115,15.96374,2.716109,0.2070058,0.1924974,0.1222665,0.1574247,1,0.2320607,0.05512756,0.06878722,0.05133174,0.1080755,0.04211423,0.745326,-0.6811877,0,0,0,0
3104,3.148269,1.740096,15.96484,2.736814,0.1446921,0.1894817,0.1223168,0.1585269,1,0.1245487,0.03875333,0.07016464,0.05054147,0.1088691,0.04240479,0.7369326,-0.6783774,0,0,0,0
3105,3.410479,1.77799,15.96602,3.114209,1.161706e-38,0.1889134,0.1223168,0.1558415,1,0.1344528,0,0.07165529,0.05039251,0.1232572,0.04169675,0.7399015,-0.6765812,0,0,0,0
3106,2.667451e-38,1.725805,15.96602,2.60384,1.114297e-38,0.186025,0.1223168,0.1182265,1,0,0,0.06960207,0.04963515,0.1037651,0.03174231,0.7417029,-0.6808708,0,0,0,0
3107,5.588997,1.754295,15.96796,2.941707,0.3122701,0.1884593,0.1224252,0.143657,1,0.214211,0.08237269,0.0707234,0.05027347,0.1166984,0.03847977,0.7425258,-0.6798009,0,0,0,0
3108,2.454173e-38,1.716401,15.9652,2.631455,0.1992595,0.1871928,0.1224944,0.1541228,1,0,0.05310214,0.06923179,0.0499414,0.1048266,0.0412434,0.7437234,-0.6765409,0,0,0,0
3109,3.694528,1.757452,15.96649,2.36493,9.833633e-39,0.18499,0.1224944,0.1293095,1,0.1451056,0,0.07084756,0.04936365,0.09454929,0.03468245,0.7441439,-0.6754321,0,0,0,0
3110,2.682778,1.78726,15.96742,2.343017,0.1938289,0.1840222,0.1225617,0.1359669,1,0.1067972,0.05168051,0.07201972,0.04910974,0.09370107,0.0364457,0.740425,-0.6750051,0,0,0,0
3111,3.845305,1.829986,15.96875,2.434057,0.1697978,0.1823569,0.1226207,0.1526378,1,0.1507284,0.04537273,0.07369816,0.04867275,0.09722187,0.04085158,0.7412749,-0.6771678,0,0,0,0
3112,2.682778,1.859794,15.96968,2.733312,0.1646577,0.1809002,0.1226778,0.1690996,1,0.1067972,0.04401995,0.074868,0.04829038,0.1087349,0.04518905,0.74265,-0.6794717,0,0,0,0
3113,1.992633e-38,1.859794,15.96968,2.112312,0.3122701,0.1834516,0.1227863,0.1714916,1,0,0.08237269,0.074868,0.04896002,0.08474027,0.04581823,0.7412705,-0.6774776,0,0,0,0
3114,1.911312e-38,1.859794,15.96629,2.112312,7.984284e-39,0.1820257,0.1226739,0.14761,1,0,0,0.074868,0.04858581,0.08474027,0.03952423,0.7443439,-0.6743134,0,0,0,0
3115,1.83331e-38,1.859794,15.96629,1.666829,0.05540158,0.1826413,0.1226931,0.1515764,1,0,0.01496161,0.074868,0.04874737,0.06727815,0.04057146,0.7475254,-0.6778124,0,0,0,0
3116,1.758492e-38,1.827503,15.96629,1.368742,0.07330348,0.1799753,0.1227186,0.1352405,1,0,0.01976317,0.07360068,0.04804753,0.05547457,0.0362534,0.7384642,-0.679159,0,0,0,0
3117,2.577585,1.818249,15.96719,1.227884,0.1184639,0.1779579,0.1227597,0.1276626,1,0.1027552,0.03180535,0.07323727,0.04751773,0.04986313,0.03424595,0.7452578,-0.6791801,0,0,0,0
3118,2.476516,1.809357,15.96805,1.232483,0.2539115,0.1799314,0.1228479,0.1397854,1,0.09886099,0.06733157,0.07288802,0.04803602,0.05004668,0.03745606,0.746895,-0.6780002,0,0,0,0
3119,1.551864e-38,1.809357,15.96805,1.232483,0.105068,0.1751225,0.1228844,0.1173148,1,0,0.02824377,0.07288802,0.04677276,0.05004668,0.03150019,0.7439932,-0.6792474,0,0,0,0
3120,4.335569,1.82889,15.96683,1.728777,0.2774689,0.1782055,0.1228774,0.1495544,1,0.1688616,0.07342204,0.07365514,0.04758275,0.06971909,0.0400377,0.7496349,-0.6798865,0,0,0,0
3121,2.682778,1.791427,15.96776,2.029155,0.3728519,0.1808036,0.1230069,0.1877071,1,0.1067972,0.09782267,0.07218349,0.04826501,0.08149667,0.05007626,0.7448643,-0.6788231,0,0,0,0
3122,3.024824,1.825036,15.96881,2.398856,0.403631,0.182359,0.123147,0.227525,1,0.1198624,0.1056092,0.07350381,0.04867329,0.09586155,0.06047898,0.7464774,-0.6790774,0,0,0,0
3123,7.715232,1.837886,15.97149,3.05543,0.3420435,0.1822932,0.1232658,0.2545028,1,0.2880217,0.08998639,0.07400829,0.04865603,0.1210257,0.06748475,0.7418309,-0.6802248,0,0,0,0
3124,4.696666,1.812365,15.97312,3.293368,5.263564e-39,0.1791198,0.1232658,0.2220054,1,0.182073,0,0.07300616,0.0478229,0.1300377,0.0590414,0.7467642,-0.6799452,0,0,0,0
3125,6.960143,1.827451,15.97554,4.144052,5.048755e-39,0.1785516,0.1232658,0.2085895,1,0.2622396,0,0.07359862,0.04767366,0.1618051,0.0555413,0.7456592,-0.6796487,0,0,0,0
3126,4.335569,1.875624,15.97704,4.192225,0.313737,0.1803594,0.1231843,0.2119371,1,0.1688616,0.08274875,0.07548884,0.04814838,0.1635833,0.05641546,0.7428557,-0.6788559,0,0,0,0
3127,1.111959e-38,1.875624,15.97704,3.894138,0.2108089,0.1806617,0.1232575,0.1953188,1,0,0.0561209,0.07548884,0.04822776,0.1525449,0.05207068,0.7387167,-0.6780269,0,0,0,0
3128,1.066579e-38,1.875624,15.97704,3.521638,0.2758066,0.1822422,0.1233532,0.1826966,1,0,0.07299311,0.07548884,0.04864262,0.138631,0.04876188,0.7399613,-0.6820294,0,0,0,0
3129,2.906219,1.868474,15.97805,3.019595,0.2108089,0.183993,0.1234264,0.1704573,1,0.1153454,0.0561209,0.07520846,0.04910209,0.1196635,0.04554621,0.7464002,-0.681626,0,0,0,0
3130,2.792264,1.868474,15.97902,2.790847,0.0511421,0.1845613,0.1234442,0.1732169,1,0.1109921,0.0138168,0.07520846,0.04925118,0.1109379,0.04627188,0.7404962,-0.6791937,0,0,0,0
3131,2.906219,1.900766,15.98003,2.341677,0.09699002,0.1850234,0.1234779,0.1840358,1,0.1153454,0.0260918,0.07647438,0.0493724,0.09364918,0.04911331,0.7504402,-0.6799796,0,0,0,0
3132,9.028399e-39,1.832066,15.97741,1.828922,0.1086308,0.1828731,0.1233746,0.1612858,1,0,0.02919188,0.07377982,0.04880821,0.0736564,0.04313185,0.7460232,-0.6812671,0,0,0,0
3133,2.476516,1.859583,15.97827,2.063905,0.2636462,0.1830075,0.1234661,0.167786,1,0.09886099,0.06985147,0.0748597,0.04884349,0.08285297,0.04484342,0.7504061,-0.6818322,0,0,0,0
3134,2.577585,1.888223,15.97917,2.343962,0.1697978,0.1829,0.1235251,0.1562862,1,0.1027552,0.04537273,0.07598279,0.04881528,0.09373765,0.04181401,0.7460449,-0.6827665,0,0,0,0
3135,2.906219,1.920514,15.98018,2.338359,0.2593768,0.1833796,0.1236152,0.1645646,1,0.1153454,0.06874684,0.07724802,0.04894112,0.09352069,0.04399544,0.7546979,-0.6806526,0,0,0,0
3136,7.642375e-39,1.920514,15.98018,2.028107,0.09318699,0.1825284,0.1236475,0.1702716,1,0,0.02507757,0.07724802,0.04871774,0.08145575,0.04549738,0.7488469,-0.6798075,0,0,0,0
3137,7.330485e-39,1.920514,15.98018,1.643094,0.2433761,0.1831888,0.123732,0.1857713,1,0,0.06459942,0.07724802,0.04889105,0.06634185,0.04956858,0.7503282,-0.6755326,0,0,0,0
3138,7.031324e-39,1.855466,15.97701,1.643094,0.2533085,0.1842617,0.1237198,0.2024471,1,0,0.06717533,0.07469818,0.04917258,0.06634185,0.05393594,0.7464815,-0.6822424,0,0,0,0
3139,2.577585,1.84138,15.9779,1.641914,0.07042921,0.1836184,0.1237442,0.1817611,1,0.1027552,0.01899333,0.07414543,0.04900378,0.06629526,0.04851636,0.7465515,-0.6806417,0,0,0,0
3140,3.845305,1.884106,15.97924,1.795688,0.239435,0.1822984,0.1238274,0.1900053,1,0.1507284,0.06357603,0.0758214,0.04865738,0.07235097,0.05067872,0.7460257,-0.6796001,0,0,0,0
3141,3.024824,1.917715,15.98029,1.79975,0.1009483,0.1812731,0.1238624,0.1716371,1,0.1198624,0.02714667,0.07713839,0.04838825,0.07251059,0.04585651,0.7475458,-0.6806263,0,0,0,0
3142,5.951888e-39,1.917715,15.98029,1.769942,0.2332466,0.1838647,0.1239434,0.1879614,1,0,0.06196764,0.07713839,0.04906842,0.07133882,0.05014293,0.7427144,-0.6823261,0,0,0,0
3143,5.708988e-39,1.876664,15.98029,1.769942,0.2440867,0.1811167,0.1240282,0.1872828,1,0,0.06478386,0.07552965,0.0483472,0.07133882,0.04996498,0.7414544,-0.6804164,0,0,0,0
3144,5.476001e-39,1.848025,15.97685,1.769942,0.2433761,0.1801228,0.1239894,0.1888833,1,0,0.06459942,0.07440621,0.04808627,0.07133882,0.05038463,0.7490625,-0.6812134,0,0,0,0
3145,5.252522e-39,1.797886,15.97685,1.483543,0.2563269,0.1805685,0.1240784,0.2117711,1,0,0.06795722,0.07243731,0.04820328,0.06003189,0.05637213,0.7493875,-0.6824985,0,0,0,0
3146,5.038164e-39,1.769246,15.97685,1.056287,0.1232985,0.1819385,0.1241212,0.1994226,1,0,0.03308857,0.07131145,0.04856291,0.04299748,0.05314481,0.7497313,-0.6825342,0,0,0,0
3147,4.832554e-39,1.769246,15.97685,0.6915559,0.1631399,0.1817875,0.1241779,0.2068292,1,0,0.04362026,0.07131145,0.04852328,0.02829504,0.0550814,0.7481667,-0.6836119,0,0,0,0
3148,4.635335e-39,1.769246,15.97685,0.664039,0.2046254,0.1826911,0.1242489,0.2031014,1,0,0.05450547,0.07131145,0.04876046,0.02717972,0.05410704,0.7452673,-0.6805453,0,0,0,0
3149,3.410479,1.777331,15.97803,1.080875,0.07629505,0.1814117,0.1242754,0.1841382,1,0.1344528,0.020564,0.0716294,0.04842463,0.04398327,0.04914018,0.7420974,-0.6796842,0,0,0,0
3150,9.581825,1.847388,15.98031,2.203814,0.1335677,0.1810091,0.1242623,0.1703384,1,0.3498456,0.03581049,0.07438121,0.04831896,0.08830095,0.04551493,0.7487121,-0.6786167,0,0,0,0
3151,3.024824,1.880997,15.98136,2.543706,0.1966812,0.1815868,0.1243306,0.1617536,1,0.1198624,0.05242736,0.07569952,0.0484706,0.101451,0.0432551,0.7442562,-0.6837849,0,0,0,0
3152,3.276752,1.917405,15.98249,2.910589,0.1283304,0.1776,0.1243751,0.1592538,1,0.1294102,0.03442296,0.07712626,0.04742371,0.1155121,0.04259639,0.7487319,-0.6770836,0,0,0,0
3153,2.792264,1.94843,15.98346,3.166141,0.2492065,0.1777085,0.1244617,0.1677852,1,0.1109921,0.06611205,0.07834095,0.04745223,0.125226,0.04484323,0.7498501,-0.6824724,0,0,0,0
3154,3.410479,1.986325,15.98465,3.530792,0.307832,0.1787305,0.1245685,0.182673,1,0.1344528,0.08123432,0.07982318,0.04772065,0.1389746,0.0487557,0.7482271,-0.6792368,0,0,0,0
3155,3.410479,1.995579,15.98583,3.491352,1.446493e-39,0.1763938,0.1245685,0.1741958,1,0.1344528,0,0.08018494,0.04710683,0.1374938,0.0465292,0.7472995,-0.681187,0,0,0,0
3156,3.694528,2.036629,15.98611,2.830085,1.38746e-39,0.1716458,0.1243469,0.155869,1,0.1451056,0,0.0817885,0.0458588,0.1124384,0.04170399,0.7476088,-0.6837604,0,0,0,0
3157,3.185816e-39,2.036629,15.98611,2.493993,0.2298136,0.1723127,0.1244267,0.1597615,1,0,0.06107462,0.0817885,0.04603415,0.09953514,0.04273019,0.7492418,-0.681262,0,0,0,0
3158,3.055801e-39,2.036629,15.98611,2.12991,0.2903107,0.1734946,0.1245275,0.1779205,1,0,0.07673135,0.0817885,0.04634488,0.08542573,0.04750789,0.7461371,-0.6817504,0,0,0,0
3159,2.931092e-39,2.036629,15.98611,1.787367,0.4423476,0.1778413,0.1246811,0.2019532,1,0,0.1153446,0.0817885,0.0474871,0.07202391,0.05380679,0.7506103,-0.6821094,0,0,0,0
3160,2.682778,2.066438,15.98704,1.705295,0.105068,0.1766185,0.1247176,0.1800231,1,0.1067972,0.02824377,0.08295181,0.04716587,0.0687943,0.04806008,0.7497337,-0.6805735,0,0,0,0
3161,2.682778,2.067607,15.98797,1.621956,0.1914464,0.1787457,0.1247841,0.2023444,1,0.1067972,0.05105638,0.0829974,0.04772464,0.06550746,0.05390909,0.7469191,-0.6823862,0,0,0,0
3162,3.276752,2.064574,15.9881,1.611945,1.080555e-39,0.176859,0.1247311,0.2011374,1,0.1294102,0,0.0828791,0.04722906,0.06511212,0.05359342,0.7463217,-0.6821175,0,0,0,0
3163,2.577585,2.058233,15.98899,1.899466,0.4205588,0.1815319,0.1248772,0.2240748,1,0.1027552,0.1098738,0.08263171,0.0484562,0.07642347,0.05958056,0.746568,-0.6818936,0,0,0,0
3164,6.848347,2.134326,15.99137,2.707847,0.1093559,0.1810054,0.1249151,0.2032971,1,0.2583829,0.02938476,0.08559771,0.04831798,0.1077588,0.05415821,0.7445393,-0.6842129,0,0,0,0
3165,4.88834,2.1492,15.99307,3.273019,0.3605474,0.1823261,0.1250403,0.1953323,1,0.1890369,0.09469805,0.08617678,0.04866466,0.1292692,0.05207422,0.7506614,-0.6842845,0,0,0,0
3166,2.189577e-39,2.120561,15.99307,2.974933,0.1675331,0.1814834,0.1250985,0.203099,1,0,0.04477688,0.08506159,0.04844347,0.117964,0.0541064,0.752767,-0.6825098,0,0,0,0
3167,2.100219e-39,2.08558,15.99307,2.676846,0.1839397,0.1811455,0.1251624,0.2016045,1,0,0.0490881,0.08369834,0.04835476,0.1065696,0.05371558,0.7469233,-0.6811066,0,0,0,0
3168,4.335569,2.133753,15.99247,2.842666,0.5131155,0.1846328,0.1251957,0.2615041,1,0.1688616,0.1329712,0.08557538,0.04926994,0.1129192,0.06929734,0.745717,-0.6853736,0,0,0,0
3169,4.165569,2.138987,15.99391,3.036752,0.2158553,0.1852185,0.1252706,0.2403751,1,0.1625996,0.05743794,0.08577917,0.04942359,0.1203159,0.06382022,0.7486701,-0.6832611,0,0,0,0
3170,1.853437e-39,2.138987,15.99391,2.233099,0.1636162,0.1860807,0.1253274,0.2455616,1,0,0.0437457,0.08577917,0.04964973,0.08943869,0.06516661,0.7516308,-0.6801796,0,0,0,0
3171,1.777797e-39,2.138987,15.99391,1.656341,0.2629848,0.1849205,0.1254188,0.2365217,1,0,0.06968039,0.08577917,0.04934541,0.06686451,0.06281909,0.7502627,-0.6831122,0,0,0,0
3172,4.335569,2.15852,15.99542,2.186244,0.2338332,0.1838556,0.1254999,0.2438949,1,0.1688616,0.06212019,0.08653946,0.04906603,0.08761792,0.06473408,0.7497085,-0.684135,0,0,0,0
3173,2.476516,2.186037,15.99628,2.48893,0.2591141,0.185657,0.1255899,0.2524146,1,0.09886099,0.06867884,0.08760984,0.0495386,0.09933984,0.06694368,0.7461802,-0.6837144,0,0,0,0
3174,3.276752,2.222445,15.99498,2.407692,0.2433761,0.1866195,0.1254936,0.2224435,1,0.1294102,0.06459942,0.08902486,0.04979107,0.09620313,0.05915558,0.7498426,-0.6838639,0,0,0,0
3175,2.577585,2.216104,15.99587,2.259889,0.285282,0.1869844,0.1255926,0.2304793,1,0.1027552,0.07543635,0.08877852,0.04988674,0.09047869,0.06124784,0.7475678,-0.6823894,0,0,0,0
3176,1.443458e-39,2.216104,15.99587,2.259889,0.3548739,0.1871688,0.1257158,0.2543032,1,0,0.09325504,0.08877852,0.0499351,0.09047869,0.06743305,0.7492449,-0.6817563,0,0,0,0
3177,3.549664,2.226905,15.9971,2.693737,0.2338332,0.1865766,0.125797,0.2518497,1,0.1396825,0.06212019,0.08919811,0.0497798,0.1072176,0.06679727,0.7478937,-0.6832473,0,0,0,0
3178,1.328046e-39,2.226905,15.9971,2.212007,5.547756e-40,0.185961,0.125797,0.2235946,1,0,0,0.08919811,0.04961836,0.08861932,0.05945546,0.7519889,-0.684121,0,0,0,0
3179,3.694528,2.267955,15.99839,2.350497,0.1567431,0.187087,0.1258515,0.2131139,1,0.1451056,0.0419345,0.09079169,0.04991366,0.09399068,0.05672262,0.7551883,-0.6818135,0,0,0,0
3180,3.148269,2.269327,15.99948,2.264738,0.2250411,0.1879142,0.125902,0.212093,1,0.1245487,0.05983223,0.0908449,0.05013055,0.09066685,0.05645616,0.7511452,-0.6856222,0,0,0,0
3181,2.476516,2.269327,16.00034,2.247415,0.2576913,0.1895151,0.1259915,0.2097053,1,0.09886099,0.06831053,0.0908449,0.05055024,0.08999455,0.05583272,0.7488528,-0.6850452,0,0,0,0
3182,1.124166e-39,2.269327,16.00034,2.211007,0.2338332,0.1907433,0.1260727,0.1974286,1,0,0.06212019,0.0908449,0.05087213,0.08858047,0.05262299,0.7513499,-0.6863333,0,0,0,0
3183,2.577585,2.297967,16.00123,2.100613,0.3178515,0.1926101,0.1261831,0.2075267,1,0.1027552,0.08380303,0.09195562,0.05136126,0.08428437,0.05526364,0.7497957,-0.6855466,0,0,0,0
3184,6.794499,2.31253,16.00359,2.893158,0.1519982,0.1900139,0.1262358,0.2226839,1,0.2565216,0.0406828,0.0925201,0.05068098,0.1148471,0.0592182,0.7499731,-0.6832255,0,0,0,0
3185,6.637569,2.386281,16.0059,3.256019,0.1567431,0.1900139,0.1262903,0.2244255,1,0.2510834,0.0419345,0.09537528,0.05068098,0.1286268,0.05967189,0.7459958,-0.6852425,0,0,0,0
3186,3.148269,2.421261,16.00554,3.249949,0.07330348,0.1866602,0.1260573,0.2083802,1,0.1245487,0.01976317,0.09672755,0.04980174,0.1283974,0.05548662,0.7563936,-0.6853829,0,0,0,0
3187,9.127515e-40,2.421261,16.00554,2.974781,0.2338332,0.1883026,0.1261385,0.205774,1,0,0.06212019,0.09672755,0.05023238,0.1179582,0.05480566,0.7477,-0.6800184,0,0,0,0
3188,4.512507,2.434992,16.00711,3.526309,0.105068,0.1879859,0.126175,0.1894085,1,0.1753503,0.02824377,0.09725799,0.05014936,0.1388063,0.05052229,0.7503649,-0.6859034,0,0,0,0
3189,6.685012,2.50927,16.00943,4.056968,0.1335677,0.18947,0.1262213,0.1655016,1,0.2527297,0.03581049,0.1001242,0.05053841,0.1585851,0.04424215,0.7494169,-0.6865285,0,0,0,0
3190,4.335569,2.50927,16.01094,3.802118,0.07629505,0.1868266,0.1262478,0.1567704,1,0.1688616,0.020564,0.1001242,0.04984538,0.1491201,0.04194171,0.753686,-0.6836662,0,0,0,0
3191,7.726275e-40,2.478245,16.01094,3.034802,0.2572432,0.1886495,0.1263371,0.1686682,1,0,0.06819449,0.09892768,0.05032333,0.1202417,0.04507556,0.750227,-0.6847192,0,0,0,0
3192,3.148269,2.4822,16.01085,3.033374,0.1505971,0.1891554,0.1261432,0.1789297,1,0.1245487,0.04031298,0.09908028,0.05045594,0.1201875,0.04777296,0.7500305,-0.6813215,0,0,0,0
3193,7.108516e-40,2.414498,16.01085,3.004734,0.3198556,0.1904092,0.1262543,0.1873688,1,0,0.08431629,0.09646617,0.05078459,0.1190983,0.04998755,0.7587333,-0.6849884,0,0,0,0
3194,6.818414e-40,2.379517,16.01085,2.427252,0.3969731,0.1932124,0.1263921,0.2229984,1,0,0.1039285,0.09511366,0.05151902,0.09695899,0.05930016,0.7556146,-0.6852883,0,0,0,0
3195,6.685012,2.4159,16.01317,2.447215,0.3972139,0.1976259,0.12653,0.2526999,1,0.2527297,0.1039893,0.09652039,0.05267463,0.09773003,0.06701761,0.7506664,-0.6812106,0,0,0,0
3196,3.024824,2.44951,16.01422,2.335186,0.2744058,0.2006748,0.1266253,0.2758997,1,0.1198624,0.07263158,0.09781863,0.05347241,0.09339779,0.07301714,0.7502918,-0.6816328,0,0,0,0
3197,3.024824,2.421019,16.01527,2.704886,0.1582013,0.1989629,0.1266802,0.264609,1,0.1198624,0.04231897,0.09671818,0.05302454,0.1076452,0.07010046,0.7574815,-0.6816094,0,0,0,0
3198,5.771662e-40,2.421019,16.01208,2.306906,2.411045e-40,0.1967489,0.1265165,0.2421747,1,0,0,0.09671818,0.0524451,0.09230212,0.06428754,0.7522209,-0.6831439,0,0,0,0
3199,5.536118e-40,2.379968,16.01208,2.260622,0.1697978,0.1986356,0.1265755,0.2249899,1,0,0.04537273,0.09513113,0.05293888,0.09050712,0.05981889,0.7569242,-0.6840234,0,0,0,0
3200,4.002234,2.394629,16.01347,2.749784,0.2890078,0.1996931,0.1266758,0.214387,1,0.1565575,0.07639592,0.09569813,0.05321559,0.1093659,0.05705486,0.7530144,-0.6890106,0,0,0,0
3201,3.276752,2.388312,16.01461,2.407496,0.398519,0.2022345,0.1268142,0.2160379,1,0.1294102,0.1043189,0.09545384,0.05388034,0.09619558,0.05748559,0.7527648,-0.6864815,0,0,0,0
3202,2.906219,2.390795,16.01562,2.378436,0.2011133,0.2026395,0.126884,0.2075308,1,0.1153454,0.05358711,0.09554984,0.05398626,0.09507186,0.05526471,0.7472476,-0.6858311,0,0,0,0
3203,4.165569,2.437079,16.01707,2.523953,0.1914464,0.2012971,0.1269505,0.2104728,1,0.1625996,0.05105638,0.09733859,0.05363517,0.1006901,0.05603315,0.7534645,-0.6847074,0,0,0,0
3204,4.494975e-40,2.437079,16.01384,2.487545,0.1941352,0.2034541,0.1269626,0.2314963,1,0,0.05176074,0.09733859,0.05419925,0.09928643,0.0615124,0.7517889,-0.6863967,0,0,0,0
3205,3.148269,2.472059,16.01493,2.843693,0.2158553,0.2052369,0.1270375,0.2358424,1,0.1245487,0.05743794,0.09868902,0.0546653,0.1129584,0.06264251,0.7518834,-0.6859432,0,0,0,0
3206,3.410479,2.509954,16.01612,2.815837,0.2158553,0.2068208,0.1271125,0.2261696,1,0.1344528,0.05743794,0.1001505,0.05507923,0.1118937,0.06012612,0.7562135,-0.6849758,0,0,0,0
3207,4.512507,2.531453,16.01769,2.963841,0.3053883,0.2088978,0.1272185,0.2166168,1,0.1753503,0.08060714,0.100979,0.05562181,0.1175417,0.0576366,0.7558143,-0.6828849,0,0,0,0
3208,3.804914e-40,2.503936,16.01769,2.640928,0.07940871,0.2069589,0.1272461,0.2039764,1,0,0.02139704,0.09991851,0.05511529,0.1051905,0.05433581,0.7541705,-0.6851181,0,0,0,0
3209,3.649634e-40,2.503936,16.01769,2.137037,0.3868761,0.2100901,0.1273804,0.2282479,1,0,0.1013758,0.09991851,0.0559332,0.08570325,0.06066715,0.7508545,-0.6873383,0,0,0,0
3210,5.295476,2.514602,16.01863,2.749281,0.09318699,0.2080425,0.1273368,0.2155664,1,0.2037184,0.02507757,0.1003297,0.0553984,0.1093467,0.05736257,0.7513115,-0.6833985,0,0,0,0
3211,3.357825e-40,2.484793,16.01863,2.371956,0.1767273,0.2058633,0.1273982,0.2103192,1,0,0.04719446,0.09918028,0.05482901,0.09482116,0.05599304,0.7518743,-0.6800939,0,0,0,0
3212,2.792264,2.482209,16.0196,2.334291,0.2338332,0.2039767,0.1274793,0.2123168,1,0.1109921,0.06212019,0.09908061,0.05433587,0.09336314,0.05651456,0.7600029,-0.6872402,0,0,0,0
3213,2.682778,2.426293,16.02053,2.132156,0.1136072,0.2014385,0.1275188,0.1887384,1,0.1067972,0.03051511,0.09692194,0.05367216,0.08551322,0.05034663,0.7545779,-0.6856248,0,0,0,0
3214,2.96327e-40,2.374108,16.02053,2.056662,0.1348103,0.2029364,0.1275656,0.1947031,1,0,0.03613951,0.0949044,0.05406388,0.0825704,0.05190946,0.7517673,-0.6866576,0,0,0,0
3215,2.842338e-40,2.296773,16.02053,1.982911,0.2860833,0.2061151,0.1276649,0.184941,1,0,0.07564279,0.09190933,0.0548948,0.07968973,0.0493508,0.7508911,-0.6865245,0,0,0,0
3216,3.148269,2.28358,16.02162,1.744333,0.1335677,0.2041132,0.1276492,0.1900974,1,0.1245487,0.03581049,0.0913978,0.05437156,0.07033139,0.05070285,0.7536288,-0.6840315,0,0,0,0
3217,3.024824,2.31719,16.02267,2.114033,0.3328272,0.205469,0.1277648,0.2085417,1,0.1198624,0.08763386,0.09270065,0.05472594,0.08480732,0.05552881,0.7500016,-0.6854802,0,0,0,0
3218,2.508354e-40,2.31719,16.02267,1.753643,0.05766256,0.2030451,0.1277848,0.1884405,1,0,0.01556892,0.09270065,0.05409232,0.07069772,0.05026853,0.7547599,-0.6843808,0,0,0,0
3219,5.602408,2.347147,16.02462,2.066017,1.005073e-40,0.2007028,0.1277848,0.1743334,1,0.2146886,0,0.09386098,0.05347974,0.0829354,0.04656537,0.7511534,-0.6848578,0,0,0,0
3220,2.307797e-40,2.316122,16.02462,2.017844,0.4871417,0.2055473,0.127954,0.2180463,1,0,0.1265267,0.09265929,0.05474641,0.08105492,0.05800939,0.7560875,-0.6847633,0,0,0,0
3221,2.906219,2.316122,16.02563,2.373049,0.3144899,0.2079639,0.1280632,0.2218386,1,0.1153454,0.08294172,0.09265929,0.05537788,0.09486344,0.05899796,0.7525698,-0.6845189,0,0,0,0
3222,2.476516,2.343639,16.0217,2.290946,0.06501436,0.2074793,0.127973,0.2132707,1,0.09886099,0.01754189,0.09372514,0.05525127,0.09168342,0.05676355,0.7502122,-0.6893588,0,0,0,0
3223,3.410479,2.354016,16.02289,2.371691,0.1697978,0.2064365,0.1280319,0.193489,1,0.1344528,0.04537273,0.0941269,0.05497881,0.09481089,0.05159148,0.7544513,-0.6849096,0,0,0,0
3224,2.577585,2.354016,16.02378,2.686729,0.1536901,0.2062576,0.1280853,0.2014556,1,0.1027552,0.04112924,0.0941269,0.05493204,0.1069488,0.05367663,0.752187,-0.6899421,0,0,0,0
3225,2.577585,2.350365,16.02468,2.304999,0.267349,0.2063461,0.1281781,0.2297181,1,0.1027552,0.07080883,0.09398554,0.05495518,0.09222823,0.06104977,0.7616351,-0.6849244,0,0,0,0
3226,5.854337,2.415413,16.02671,2.98692,0.1567431,0.2070523,0.1282325,0.1916998,1,0.223631,0.0419345,0.09650155,0.05513971,0.1184204,0.05112275,0.7528771,-0.6872313,0,0,0,0
3227,1.723965e-40,2.415413,16.02671,2.630398,0.2188869,0.2067802,0.1283085,0.1817515,1,0,0.05822857,0.09650155,0.05506861,0.1047859,0.04851383,0.7509812,-0.6852967,0,0,0,0
3228,1.653609e-40,2.415413,16.02457,2.355229,0.09699002,0.2050434,0.1282476,0.186382,1,0,0.0260918,0.09650155,0.0546147,0.09417384,0.04972877,0.7542276,-0.6872926,0,0,0,0
3229,1.586124e-40,2.386773,16.02457,1.976287,0.1276835,0.2056795,0.1282919,0.1812347,1,0,0.03425147,0.09539433,0.05478097,0.07943071,0.04837818,0.7538572,-0.6842206,0,0,0,0
3230,2.682778,2.373856,16.0255,1.973315,0.1283304,0.204445,0.1283365,0.1766317,1,0.1067972,0.03442296,0.09489468,0.0544583,0.07931447,0.04716932,0.7537241,-0.6871204,0,0,0,0
3231,6.301576,2.410265,16.02769,2.420701,0.1274372,0.2047393,0.1283807,0.1580739,1,0.2393707,0.03418618,0.09630258,0.05453524,0.09670588,0.04228537,0.7545535,-0.6847076,0,0,0,0
3232,1.39975e-40,2.410265,16.02769,1.737927,0.3167474,0.2056671,0.1284907,0.1771369,1,0,0.0835202,0.09630258,0.05477773,0.0700793,0.04730207,0.7503352,-0.6874841,0,0,0,0
3233,1.342625e-40,2.410265,16.02769,1.691643,5.608661e-41,0.202955,0.1284907,0.150689,1,0,0,0.09630258,0.05406876,0.06825641,0.04033724,0.7535063,-0.6888599,0,0,0,0
3234,3.148269,2.445245,16.02591,2.076432,0.3753862,0.2044218,0.1285966,0.1836358,1,0.1245487,0.09846539,0.09765398,0.05445224,0.08334161,0.04900836,0.7502545,-0.6847038,0,0,0,0
3235,3.410479,2.48314,16.02709,2.458287,0.07042921,0.2023563,0.128621,0.1756584,1,0.1344528,0.01899333,0.0991165,0.0539122,0.0981575,0.04691359,0.7603009,-0.6870844,0,0,0,0
3236,3.276752,2.519548,16.02823,2.522799,0.1390187,0.202531,0.1286693,0.1759922,1,0.1294102,0.03725323,0.1005203,0.05395787,0.1006456,0.04700132,0.757618,-0.6838464,0,0,0,0
3237,1.136508e-40,2.519548,16.02823,1.772484,0.2386357,0.2033698,0.1287522,0.1876059,1,0,0.0633684,0.1005203,0.05417721,0.07143882,0.05004972,0.7558452,-0.686581,0,0,0,0
3238,1.090126e-40,2.519548,16.02823,1.772484,0.1631399,0.2029089,0.1288088,0.1714688,1,0,0.04362026,0.1005203,0.05405669,0.07143882,0.04581224,0.7501641,-0.6853989,0,0,0,0
3239,1.045638e-40,2.481654,16.02823,1.772484,0.1914464,0.2041883,0.1288753,0.1905691,1,0,0.05105638,0.09905919,0.0543912,0.07143882,0.05082649,0.7567611,-0.6873169,0,0,0,0
3240,2.792264,2.406214,16.02471,1.705115,0.2817954,0.2058353,0.1288955,0.1822658,1,0.1109921,0.07453781,0.09614601,0.05482168,0.06878722,0.04864883,0.7524408,-0.6868843,0,0,0,0
3241,2.476516,2.400122,16.02557,1.628858,0.1390187,0.2051946,0.1289438,0.1894679,1,0.09886099,0.03725323,0.0959105,0.05465424,0.06577995,0.05053786,0.7572292,-0.6857112,0,0,0,0
3242,6.232442,2.432963,16.02773,1.995492,0.2073915,0.2060731,0.1290158,0.1967711,1,0.2369489,0.05522832,0.09717961,0.05488382,0.08018154,0.05245088,0.7553131,-0.6878206,0,0,0,0
3243,8.851131e-41,2.401938,16.02773,1.965684,0.07042921,0.2040866,0.1290403,0.1776017,1,0,0.01899333,0.0959807,0.05436462,0.079016,0.04742416,0.7579257,-0.6890349,0,0,0,0
3244,4.165569,2.410328,16.02918,2.474809,0.358908,0.2046542,0.1291649,0.2018437,1,0.1625996,0.09428124,0.09630501,0.05451297,0.0987951,0.05377814,0.7599081,-0.686367,0,0,0,0
3245,8.143434e-41,2.372433,16.02918,2.474809,0.1767273,0.2066178,0.1292262,0.1989932,1,0,0.04719446,0.09483963,0.05502617,0.0987951,0.05303245,0.7585524,-0.6843533,0,0,0,0
3246,7.811096e-41,2.331383,16.02702,2.129576,0.2158553,0.2090162,0.1291042,0.1925808,1,0,0.05743794,0.09325051,0.05565274,0.08541274,0.05135358,0.7539115,-0.6879004,0,0,0,0
3247,7.492321e-41,2.331383,16.02702,1.820799,0.1697978,0.2083493,0.1291631,0.1941893,1,0,0.04537273,0.09325051,0.05547856,0.07333741,0.05177489,0.7533715,-0.6886405,0,0,0,0
3248,7.186555e-41,2.331383,16.02702,1.128305,3.0021e-41,0.2051237,0.1291631,0.1705051,1,0,0,0.09325051,0.0546357,0.04588291,0.04555878,0.7595835,-0.6910336,0,0,0,0
3249,6.893268e-41,2.331383,16.02702,1.066056,0.09318699,0.2012441,0.1291955,0.1740691,1,0,0.02507757,0.09325051,0.05362132,0.04338921,0.04649591,0.7560264,-0.6868764,0,0,0,0
3250,3.845305,2.3443,16.02836,1.073197,0.09699002,0.2011543,0.1292292,0.1406321,1,0.1507284,0.0260918,0.09375073,0.05359784,0.04367549,0.03768,0.7526125,-0.6874164,0,0,0,0
3251,2.577585,2.343131,16.02925,1.355944,0.2014838,0.2012659,0.1292991,0.1421272,1,0.1027552,0.053684,0.09370548,0.05362701,0.05496561,0.03807534,0.7542118,-0.685985,0,0,0,0
3252,6.083288e-41,2.306723,16.02439,1.328427,2.541222e-41,0.2012659,0.1292106,0.1174209,1,0,0,0.09229504,0.05362701,0.05387073,0.03152836,0.758787,-0.6869795,0,0,0,0
3253,6.054488,2.345355,16.02649,2.030526,0.3130784,0.2000716,0.1293193,0.134933,1,0.2306962,0.08257991,0.09379158,0.05331462,0.08155018,0.03617199,0.7594733,-0.6873482,0,0,0,0
3254,3.694528,2.310313,16.02777,2.453439,0.1505971,0.2005299,0.1293716,0.1516316,1,0.1451056,0.04031298,0.09243417,0.0534345,0.09797034,0.04058605,0.7519563,-0.6850001,0,0,0,0
3255,3.694528,2.297048,16.02906,2.876353,0.2836865,0.1996759,0.1294701,0.1729798,1,0.1451056,0.07502525,0.09192001,0.05321108,0.1142057,0.04620954,0.7521336,-0.6897729,0,0,0,0
3256,2.577585,2.325688,16.02995,2.699087,0.1563498,0.1995516,0.1295244,0.1795709,1,0.1027552,0.0418308,0.09302991,0.05317857,0.1074228,0.04794135,0.756206,-0.6894206,0,0,0,0
3257,2.476516,2.353205,16.03081,2.715374,2.063311e-41,0.1975078,0.1295244,0.1547518,1,0.09886099,0,0.09409548,0.05264374,0.1080474,0.04140932,0.7597383,-0.6883464,0,0,0,0
3258,3.410479,2.342926,16.0311,3.13221,0.2556651,0.1946473,0.1294076,0.1849221,1,0.1344528,0.06778583,0.09369753,0.05189483,0.1239399,0.04934582,0.7595966,-0.6869521,0,0,0,0
3259,2.792264,2.327667,16.03207,2.800766,0.105068,0.1934163,0.129444,0.1615585,1,0.1109921,0.02824377,0.09310658,0.05157244,0.1113174,0.0432037,0.760764,-0.6899948,0,0,0,0
3260,4.358866e-41,2.327667,16.03207,2.360454,0.1839397,0.1936421,0.1295079,0.1658811,1,0,0.0490881,0.09310658,0.05163159,0.09437607,0.04434206,0.7556996,-0.6873798,0,0,0,0
3261,4.180978e-41,2.327667,16.03207,1.879933,1.746555e-41,0.1907201,0.1295079,0.1329444,1,0,0,0.09310658,0.05086604,0.07565783,0.03564545,0.7559111,-0.6874639,0,0,0,0
3262,4.01035e-41,2.279494,16.03207,1.593535,1.675277e-41,0.1881219,0.1295079,0.1120528,1,0,0,0.09123931,0.05018502,0.06438483,0.03010193,0.7566463,-0.6887142,0,0,0,0
3263,2.682778,2.281786,16.033,1.646262,0.4550927,0.1902995,0.1296659,0.1676753,1,0.1067972,0.118535,0.0913282,0.05075581,0.06646684,0.04481428,0.7554595,-0.6895567,0,0,0,0
3264,3.276752,2.281786,16.03189,1.632831,0.1992595,0.1898093,0.1295471,0.159451,1,0.1294102,0.05310214,0.0913282,0.05062734,0.06593677,0.04264836,0.7573109,-0.6876495,0,0,0,0
3265,3.148269,2.288127,16.03298,1.669474,0.2972603,0.1899424,0.1296503,0.183326,1,0.1245487,0.07851907,0.09157411,0.05066223,0.06738245,0.04892707,0.7536377,-0.6905189,0,0,0,0
3266,3.394688e-41,2.288127,16.03298,1.633065,0.1138188,0.187264,0.1296898,0.1752548,1,0,0.03057136,0.09157411,0.04996006,0.06594603,0.04680755,0.7538042,-0.6897477,0,0,0,0
3267,3.256149e-41,2.248686,16.03298,1.633065,0.225605,0.1871726,0.1297681,0.2001773,1,0,0.05997909,0.09004387,0.04993609,0.06594603,0.05334225,0.7522705,-0.6875772,0,0,0,0
3268,3.123264e-41,2.248686,16.03298,1.633065,0.06766764,0.1879244,0.1297916,0.2066351,1,0,0.01825328,0.09004387,0.05013323,0.06594603,0.05503069,0.7541764,-0.6920643,0,0,0,0
3269,2.906219,2.239927,16.03399,1.690183,1.251461e-41,0.1861828,0.1297916,0.1539421,1,0.1153454,0,0.08970382,0.04967653,0.06819887,0.04119572,0.7535616,-0.6889572,0,0,0,0
3270,2.873542e-41,2.204946,16.03036,1.295074,0.06246511,0.1843764,0.129704,0.1363057,1,0,0.01685807,0.08834495,0.04920268,0.05254254,0.03653536,0.7627385,-0.688186,0,0,0,0
3271,2.756271e-41,2.177429,16.03036,0.9177499,0.2856045,0.1846866,0.1298032,0.1366393,1,0,0.07551946,0.08727512,0.04928405,0.03743063,0.03662366,0.7510195,-0.6901262,0,0,0,0
3272,3.549664,2.21687,16.03159,1.282348,0.1335677,0.1835725,0.1298496,0.1380134,1,0.1396825,0.03581049,0.08880829,0.04899175,0.05203543,0.03698727,0.7562286,-0.6852239,0,0,0,0
3273,2.535892e-41,2.18823,16.03159,1.282348,0.1877175,0.1821266,0.1299148,0.1351069,1,0,0.05007897,0.08769514,0.04861229,0.05203543,0.03621802,0.7575696,-0.6860678,0,0,0,0
3274,2.4324e-41,2.112736,16.03159,1.236064,0.07042921,0.1812203,0.1299392,0.1322084,1,0,0.01899333,0.08475677,0.04837439,0.05018959,0.0354505,0.7575317,-0.6895959,0,0,0,0
3275,4.002234,2.083454,16.03298,1.402313,0.1467243,0.1811089,0.1299902,0.1481777,1,0.1565575,0.03929026,0.08361547,0.04834516,0.05680874,0.03967416,0.7564011,-0.6885459,0,0,0,0
3276,3.148269,2.083454,16.03098,1.787101,0.1887647,0.1823918,0.129847,0.16191,1,0.1245487,0.05035352,0.08361547,0.04868191,0.07201348,0.04329629,0.7567863,-0.6879613,0,0,0,0
3277,2.792264,2.11448,16.03195,2.128378,0.1631399,0.1816064,0.1299036,0.1482288,1,0.1109921,0.04362026,0.0848247,0.04847574,0.08536609,0.03968766,0.7592189,-0.6912424,0,0,0,0
3278,3.024824,2.09795,16.033,2.103672,0.1839397,0.1824827,0.1299675,0.1558695,1,0.1198624,0.0490881,0.08418056,0.04870576,0.08440357,0.04170413,0.7602257,-0.6872426,0,0,0,0
3279,6.054488,2.090944,16.03511,2.843665,0.2073915,0.183303,0.1300395,0.1593244,1,0.2306962,0.05522832,0.08390747,0.04892102,0.1129574,0.042615,0.7590364,-0.6920274,0,0,0,0
3280,2.682778,2.07258,16.03604,3.128834,0.1009483,0.1835769,0.1300745,0.1627594,1,0.1067972,0.02714667,0.08319137,0.0489929,0.1238119,0.04352005,0.7607968,-0.6889604,0,0,0,0
3281,3.694528,2.11363,16.03732,3.107055,0.2342252,0.1833211,0.1301559,0.1728455,1,0.1451056,0.06222211,0.0847916,0.04892579,0.1229858,0.04617425,0.7611763,-0.6851529,0,0,0,0
3282,7.027058,2.156728,16.03976,3.61611,0.1567431,0.1833894,0.1300759,0.1710292,1,0.2645431,0.0419345,0.08646972,0.04894371,0.1421725,0.04569663,0.7599856,-0.6916202,0,0,0,0
3283,1.671763e-41,2.156728,16.03976,3.238586,0.1484875,0.1814853,0.1301275,0.1675723,1,0,0.03975599,0.08646972,0.04844397,0.1279678,0.0447872,0.7637525,-0.6868315,0,0,0,0
3284,2.906219,2.189019,16.04077,3.216649,0.1283304,0.1785004,0.1301721,0.1611461,1,0.1153454,0.03442296,0.0877258,0.04766022,0.1271381,0.04309505,0.7548198,-0.6900187,0,0,0,0
3285,3.549664,2.154182,16.042,2.936726,0.1839397,0.1761307,0.1302359,0.1574321,1,0.1396825,0.0490881,0.08637065,0.04703771,0.1165086,0.04211617,0.7554478,-0.6884281,0,0,0,0
3286,1.475325e-41,2.120572,16.042,2.609999,0.1567431,0.1748233,0.1302903,0.1636359,1,0,0.0419345,0.08506206,0.04669415,0.1040019,0.04375089,0.7583577,-0.6897669,0,0,0,0
3287,3.845305,2.129689,16.04334,2.641961,0.3837618,0.1773296,0.1304236,0.1845151,1,0.1507284,0.1005875,0.08541713,0.04735268,0.1052302,0.04923905,0.7573844,-0.6907347,0,0,0,0
3288,3.845305,2.172415,16.04225,2.293264,0.1697978,0.1792162,0.1302277,0.1850115,1,0.1507284,0.04537273,0.08708006,0.04784821,0.09177332,0.04936929,0.7561,-0.6900718,0,0,0,0
3289,1.30197e-41,2.172415,16.04225,2.262239,0.1697978,0.1792162,0.1302867,0.1880985,1,0,0.04537273,0.08708006,0.04784821,0.0905699,0.05017888,0.7566131,-0.686847,0,0,0,0
3290,2.906219,2.160237,16.04326,2.294531,0.1232985,0.177375,0.1303295,0.1868656,1,0.1153454,0.03308857,0.08660627,0.04736461,0.09182241,0.0498556,0.7497256,-0.6893282,0,0,0,0
3291,3.410479,2.161722,16.04444,2.31696,0.06766764,0.1736989,0.130353,0.1746984,1,0.1344528,0.01825328,0.08666409,0.04639859,0.09269176,0.0466613,0.7574444,-0.6904475,0,0,0,0
3292,1.148985e-41,2.129431,16.04444,2.31696,0.2399669,0.1741306,0.1304363,0.1866118,1,0,0.06371421,0.08540709,0.04651207,0.09269176,0.04978903,0.7601128,-0.691047,0,0,0,0
3293,7.394968,2.165313,16.04701,2.763725,4.603869e-42,0.1720034,0.1304363,0.138915,1,0.2771427,0,0.08680381,0.04595283,0.1098998,0.03722581,0.7571396,-0.6911232,0,0,0,0
3294,1.057117e-41,2.165313,16.04372,2.30006,0.1767273,0.17181,0.1303916,0.1394346,1,0,0.04719446,0.08680381,0.04590197,0.09203678,0.03736326,0.7534207,-0.6876963,0,0,0,0
3295,2.906219,2.162624,16.04473,2.620284,0.105068,0.170579,0.130428,0.1301069,1,0.1153454,0.02824377,0.08669917,0.04557823,0.1043972,0.03489377,0.7598715,-0.6898152,0,0,0,0
3296,9.725945e-42,2.12473,16.04473,2.297371,0.1767273,0.1701443,0.1304894,0.1367424,1,0,0.04719446,0.08522399,0.04546388,0.09193252,0.03665095,0.7569475,-0.6928577,0,0,0,0
3297,9.329024e-42,2.074591,16.04473,1.918429,0.3406828,0.1705364,0.1306077,0.1683561,1,0,0.0896393,0.08326981,0.04556703,0.07716635,0.04499344,0.7593935,-0.6932712,0,0,0,0
3298,8.948301e-42,2.074591,16.04473,1.918429,0.2322056,0.1722342,0.1306883,0.1693219,1,0,0.06169692,0.08326981,0.0460135,0.07716635,0.04524756,0.757812,-0.68811,0,0,0,0
3299,3.549664,2.114031,16.04596,1.498322,0.1767273,0.1698992,0.1307497,0.1909219,1,0.1396825,0.04719446,0.08480724,0.04539941,0.06061751,0.05091894,0.7576531,-0.6879537,0,0,0,0
3300,8.232834e-42,2.055193,16.04503,1.498322,0.2951912,0.1721437,0.1306256,0.2066704,1,0,0.07798705,0.08251306,0.04598971,0.06061751,0.05503993,0.7628946,-0.6899192,0,0,0,0
3301,3.024824,2.088802,16.04608,1.545109,0.1839397,0.1722238,0.1306895,0.2143044,1,0.1198624,0.0490881,0.08382396,0.04601078,0.06246999,0.0570333,0.7599754,-0.6916617,0,0,0,0
3302,2.682778,2.087585,16.04701,1.833564,0.1232985,0.1709956,0.1307323,0.2082537,1,0.1067972,0.03308857,0.08377654,0.04568781,0.07383862,0.05545358,0.7561811,-0.6891334,0,0,0,0
3303,3.024824,2.091386,16.04806,2.203264,0.3913312,0.1740815,0.1308682,0.2161437,1,0.1198624,0.1025026,0.0839247,0.04649916,0.08827958,0.05751318,0.7552792,-0.6888669,0,0,0,0
3304,3.410479,2.12928,16.04925,2.620101,0.1670481,0.1744397,0.1309262,0.2099775,1,0.1344528,0.04464923,0.08540121,0.0465933,0.1043902,0.05590381,0.7588618,-0.6868272,0,0,0,0
3305,3.410479,2.167174,16.05043,2.598061,0.1390187,0.1728056,0.1309744,0.205702,1,0.1344528,0.03725323,0.08687621,0.04616375,0.1035429,0.05478686,0.7569215,-0.6836384,0,0,0,0
3306,2.792264,2.163219,16.04911,2.904357,0.1631399,0.1731342,0.1307853,0.1907449,1,0.1109921,0.04362026,0.08672231,0.04625014,0.1152744,0.05087256,0.7584491,-0.6888577,0,0,0,0
3307,6.150071e-42,2.12961,16.04911,2.53724,0.1647575,0.1712667,0.1308425,0.1886316,1,0,0.04404625,0.08541404,0.04575911,0.101202,0.05031863,0.7545794,-0.6882616,0,0,0,0
3308,2.682778,2.159418,16.05005,2.53344,0.1064585,0.1718089,0.1308794,0.1858995,1,0.1067972,0.02861387,0.08657444,0.04590169,0.1010556,0.04960223,0.7554672,-0.6914449,0,0,0,0
3309,3.148269,2.13215,16.05114,2.514864,0.3073139,0.1752235,0.1309861,0.1776745,1,0.1245487,0.08110138,0.08551297,0.04679932,0.1003398,0.0474433,0.7574579,-0.6894546,0,0,0,0
3310,5.427419e-42,2.13215,16.05114,2.106114,0.3229584,0.1733993,0.1310983,0.1974647,1,0,0.08511053,0.08551297,0.04631983,0.08449873,0.05263244,0.7585045,-0.6901049,0,0,0,0
3311,3.549664,2.139299,16.05237,2.119969,0.237169,0.1725401,0.1311806,0.208403,1,0.1396825,0.0629873,0.08579135,0.04609396,0.08503855,0.05549257,0.7616621,-0.6940508,0,0,0,0
3312,3.410479,2.149677,16.05356,2.148475,0.196602,0.1740022,0.1311349,0.2125639,1,0.1344528,0.05240662,0.08619532,0.04647833,0.08614855,0.05657907,0.7619927,-0.6893226,0,0,0,0
3313,6.422889,2.183148,16.05579,2.933495,2.000833e-42,0.1721156,0.1311349,0.1926076,1,0.2436107,0,0.08749752,0.04598233,0.1163854,0.05136061,0.7544745,-0.6859635,0,0,0,0
3314,3.845305,2.197234,16.05712,3.073099,0.1093559,0.171623,0.1311729,0.1927187,1,0.1507284,0.02938476,0.08804517,0.04585279,0.1216969,0.05138971,0.7521263,-0.6907373,0,0,0,0
3315,2.577585,2.197234,16.05802,2.998889,0.3345368,0.1723695,0.131289,0.1974168,1,0.1027552,0.08807055,0.08804517,0.0460491,0.1188759,0.05261991,0.7609132,-0.6873783,0,0,0,0
3316,2.577585,2.160825,16.05891,3.313927,0.1283304,0.1720538,0.1313336,0.1754758,1,0.1027552,0.03442296,0.08662919,0.04596609,0.1308138,0.0468656,0.7535862,-0.6899317,0,0,0,0
3317,4.054377e-42,2.160825,16.05891,2.876794,0.2158553,0.1720201,0.1314086,0.171242,1,0,0.05743794,0.08662919,0.04595723,0.1142226,0.04575259,0.7619398,-0.6892605,0,0,0,0
3318,3.888916e-42,2.160825,16.05408,2.455126,0.105068,0.1721099,0.1313845,0.1603523,1,0,0.02824377,0.08662919,0.04598083,0.09803548,0.04288588,0.7611349,-0.6899528,0,0,0,0
3319,3.730207e-42,2.160825,16.05408,1.741472,0.2965145,0.1739858,0.1314875,0.1947063,1,0,0.07832732,0.08662919,0.04647401,0.07021881,0.05191029,0.7599936,-0.6932498,0,0,0,0
3320,3.694528,2.172067,16.05537,1.733478,0.2483746,0.1753196,0.1315737,0.2115426,1,0.1451056,0.06589632,0.08706655,0.04682457,0.06990416,0.05631246,0.7621705,-0.6886348,0,0,0,0
3321,4.165569,2.148334,16.05681,1.918311,0.07330348,0.1747181,0.1315992,0.1825793,1,0.1625996,0.01976317,0.08614304,0.0466665,0.07716174,0.0487311,0.7610081,-0.6884605,0,0,0,0
3322,3.291896e-42,2.148334,16.05681,1.631912,1.375151e-42,0.1711987,0.1315992,0.165654,1,0,0,0.08614304,0.04574122,0.06590053,0.04428228,0.7604434,-0.6887709,0,0,0,0
3323,3.157552e-42,2.148334,16.05681,1.549746,0.1093559,0.1724138,0.1316372,0.1550358,1,0,0.02938476,0.08614304,0.04606073,0.06265344,0.04148426,0.7595215,-0.6906626,0,0,0,0
3324,8.6989,2.210007,16.05638,2.612945,0.1567431,0.1699844,0.1315015,0.1605555,1,0.320932,0.0419345,0.08854163,0.04542183,0.1041152,0.04293942,0.7618371,-0.6940613,0,0,0,0
3325,2.905088e-42,2.172113,16.05638,2.580654,0.1446921,0.1708096,0.1315518,0.1441266,1,0,0.03875333,0.08706833,0.04563887,0.1028733,0.03860387,0.7648066,-0.6912497,0,0,0,0
3326,2.792264,2.16673,16.05735,2.511427,0.1620582,0.1710655,0.131608,0.1343729,1,0.1109921,0.04333533,0.08685892,0.0457062,0.1002073,0.0360237,0.7593086,-0.6889421,0,0,0,0
3327,2.67281e-42,2.16673,16.05735,2.048586,1.116535e-42,0.168414,0.131608,0.1224427,1,0,0,0.08685892,0.04500869,0.08225524,0.0328615,0.7574167,-0.6928501,0,0,0,0
3328,2.563731e-42,2.16673,16.05735,2.048586,0.4447549,0.1715431,0.1317625,0.1742215,1,0,0.1159477,0.08685892,0.04583178,0.08225524,0.04653598,0.7645817,-0.6889031,0,0,0,0
3329,2.459104e-42,2.16673,16.05735,2.009146,0.08602243,0.1703717,0.1317923,0.1706211,1,0,0.02316491,0.08685892,0.04552371,0.08071509,0.0455893,0.7590536,-0.6914594,0,0,0,0
3330,4.165569,2.181989,16.0588,1.551726,0.3674009,0.1713229,0.1317994,0.1948299,1,0.1625996,0.09643927,0.08745244,0.04577387,0.06273178,0.05194264,0.7615121,-0.688912,0,0,0,0
3331,2.262485e-42,2.154472,16.0588,1.518117,0.2440867,0.1724903,0.1318842,0.206542,1,0,0.06478386,0.08638195,0.04608086,0.06140156,0.05500636,0.7569603,-0.689516,0,0,0,0
3332,2.170152e-42,2.085223,16.0588,1.178057,0.2158553,0.1725844,0.1319591,0.2135479,1,0,0.05743794,0.08368441,0.04610558,0.04787288,0.05683589,0.7524042,-0.6940322,0,0,0,0
3333,2.081587e-42,2.085223,16.0588,1.144448,0.1914464,0.173929,0.1320256,0.2325987,1,0,0.05105638,0.08368441,0.04645908,0.04652888,0.06179916,0.7616722,-0.6917684,0,0,0,0
3334,1.996636e-42,2.038939,16.0588,1.106553,0.5177819,0.1756943,0.1322054,0.2446099,1,0,0.1341259,0.08187865,0.04692302,0.04501203,0.06491965,0.7536137,-0.6869101,0,0,0,0
3335,3.845305,2.081664,16.06013,1.538641,0.2073915,0.176035,0.1322774,0.258855,1,0.1507284,0.05522832,0.08354566,0.04701255,0.06221402,0.06861179,0.7569684,-0.691958,0,0,0,0
3336,3.024824,2.115273,16.0576,1.414475,0.1935835,0.1757875,0.1322066,0.2398803,1,0.1198624,0.05161623,0.08485563,0.04694752,0.05729179,0.0636917,0.7589157,-0.6919484,0,0,0,0
3337,6.173093,2.183863,16.05974,2.168965,0.1009483,0.1750225,0.1322417,0.223267,1,0.2348666,0.02714667,0.08752533,0.04674649,0.08694585,0.05937012,0.7606416,-0.6879835,0,0,0,0
3338,5.26878,2.242405,16.06157,2.783118,0.1446921,0.1766302,0.1322919,0.2157848,1,0.2027604,0.03875333,0.08980004,0.04716894,0.1106422,0.05741956,0.7608501,-0.6902128,0,0,0,0
3339,1.621141e-42,2.242405,16.06157,2.748137,0.1446921,0.1772025,0.1323421,0.208783,1,0,0.03875333,0.08980004,0.04731929,0.1093029,0.05559183,0.7593915,-0.6925382,0,0,0,0
3340,1.554982e-42,2.19968,16.06157,2.748137,0.169482,0.1780079,0.132401,0.1683777,1,0,0.04528968,0.08814025,0.04753087,0.1093029,0.04499912,0.761646,-0.6930451,0,0,0,0
3341,1.491522e-42,2.17104,16.06157,2.28144,0.141424,0.1773406,0.1324501,0.1599841,1,0,0.03788941,0.08702658,0.04735558,0.09131481,0.04278887,0.7559571,-0.6902397,0,0,0,0
3342,3.410479,2.208934,16.06039,2.324291,5.976382e-43,0.1773406,0.1322868,0.1362904,1,0.1344528,0,0.08849992,0.04735558,0.0929758,0.03653131,0.7595581,-0.6923643,0,0,0,0
3343,5.812437,2.206245,16.06241,2.277435,0.1631399,0.1756746,0.1323434,0.1450132,1,0.2221476,0.04362026,0.0883954,0.04691786,0.09115946,0.03883819,0.7554877,-0.6909176,0,0,0,0
3344,6.069017,2.232628,16.06451,2.391059,0.1337915,0.1754879,0.1323899,0.1440736,1,0.2312077,0.03586978,0.08942038,0.04686879,0.09556005,0.03858986,0.7575095,-0.6932486,0,0,0,0
3345,2.577585,2.220217,16.06541,2.677457,0.4772093,0.1776382,0.1325556,0.1826052,1,0.1027552,0.1240547,0.08893833,0.04743374,0.106593,0.0487379,0.7599573,-0.6893505,0,0,0,0
3346,1.211021e-42,2.191578,16.06541,2.648817,0.1914464,0.1780281,0.1326221,0.185747,1,0,0.05105638,0.08782528,0.04753617,0.1054935,0.04956221,0.7623187,-0.6913636,0,0,0,0
3347,2.792264,2.195086,16.06638,2.990094,0.2332466,0.1806198,0.132703,0.1961427,1,0.1109921,0.06196764,0.08796167,0.04821674,0.1185412,0.05228639,0.7619352,-0.691413,0,0,0,0
3348,1.114193e-42,2.157192,16.06638,2.611152,0.2073915,0.1800834,0.1326756,0.2203231,1,0,0.05522832,0.08648778,0.04807591,0.1040462,0.05860299,0.7641757,-0.6899274,0,0,0,0
3349,3.024824,2.159776,16.06743,2.335026,0.1348103,0.1804138,0.1327224,0.2153787,1,0.1198624,0.03613951,0.08658834,0.04816268,0.0933916,0.05731361,0.7596077,-0.6931077,0,0,0,0
3350,1.025107e-42,2.159776,16.06743,1.61964,0.3828929,0.1826244,0.1328553,0.2445513,1,0,0.1003675,0.08658834,0.04874295,0.06541602,0.06490443,0.7620162,-0.69087,0,0,0,0
3351,9.832718e-43,2.159776,16.06743,1.286958,0.1914464,0.1847516,0.1329218,0.2141125,1,0,0.05105638,0.08658834,0.04930111,0.05221914,0.05698324,0.7608932,-0.6909177,0,0,0,0
3352,3.549664,2.199216,16.06866,1.720806,0.2923321,0.1879998,0.1330233,0.2285702,1,0.1396825,0.07725157,0.08812223,0.05015298,0.06940524,0.06075104,0.7617561,-0.6928442,0,0,0,0
3353,9.046538e-43,2.169408,16.06866,1.410554,0.1914464,0.1850704,0.1330898,0.2248378,1,0,0.05105638,0.08696309,0.04938473,0.05713607,0.0597793,0.7649193,-0.6926379,0,0,0,0
3354,8.677344e-43,2.132999,16.06405,1.3139,0.06766764,0.1836082,0.1330337,0.2083232,1,0,0.01825328,0.08554604,0.04900112,0.05329237,0.05547174,0.7569433,-0.6884156,0,0,0,0
3355,8.323217e-43,2.098019,16.06405,0.9778082,0.1470764,0.1819395,0.1330848,0.2097126,1,0,0.03938327,0.08418325,0.04856319,0.03984659,0.05583464,0.7646281,-0.6917917,0,0,0,0
3356,2.682778,2.127827,16.06498,1.274678,3.335031e-43,0.1806749,0.1330848,0.1653683,1,0.1067972,0,0.08534463,0.04823121,0.0517297,0.04420706,0.7659221,-0.692507,0,0,0,0
3357,7.657729e-43,2.127827,16.06498,1.274678,0.2158553,0.1805665,0.1331597,0.1704788,1,0,0.05743794,0.08534463,0.04820276,0.0517297,0.04555188,0.7622926,-0.6906882,0,0,0,0
3358,7.345213e-43,2.127827,16.06498,0.8802711,0.1138188,0.1810793,0.1331993,0.1469669,1,0,0.03057136,0.08534463,0.04833739,0.03592091,0.03935437,0.7636626,-0.6929628,0,0,0,0
3359,3.276752,2.131944,16.06612,1.280763,0.1184639,0.1823956,0.1332404,0.1392182,1,0.1294102,0.03180535,0.08550496,0.04868289,0.05197225,0.03730603,0.7591033,-0.6901243,0,0,0,0
3360,2.792264,2.162969,16.06455,1.575756,0.2039969,0.1839682,0.1331974,0.1525503,1,0.1109921,0.05434115,0.08671261,0.04909556,0.06368209,0.0408285,0.7570708,-0.6868395,0,0,0,0
3361,6.482128e-43,2.162969,16.06455,1.575756,0.1910905,0.182918,0.1332638,0.1568519,1,0,0.0509631,0.08671261,0.04882,0.06368209,0.0419632,0.7612776,-0.6912249,0,0,0,0
3362,3.148269,2.158509,16.06564,1.662458,0.2338332,0.1840321,0.133345,0.1830331,1,0.1245487,0.06212019,0.08653907,0.04911233,0.06710576,0.04885021,0.7559395,-0.6928005,0,0,0,0
3363,5.963845e-43,2.158509,16.06564,1.662458,0.1631399,0.183759,0.1334016,0.1768614,1,0,0.04362026,0.08653907,0.04904068,0.06710576,0.04722967,0.7548805,-0.6919486,0,0,0,0
3364,5.720457e-43,2.158509,16.06564,1.662458,0.1966812,0.1851618,0.1334699,0.1825005,1,0,0.05242736,0.08653907,0.04940871,0.06710576,0.04871043,0.7586318,-0.6896381,0,0,0,0
3365,4.335569,2.162213,16.06715,1.785551,0.3731603,0.1876777,0.1335995,0.212642,1,0.1688616,0.0979009,0.08668318,0.05006855,0.07195255,0.05659946,0.7604889,-0.6892989,0,0,0,0
3366,3.024824,2.160842,16.0638,1.811391,0.07330348,0.1863948,0.1334404,0.1967841,1,0.1198624,0.01976317,0.08662982,0.04973213,0.07296792,0.05245429,0.7609749,-0.6910579,0,0,0,0
3367,3.276752,2.166225,16.06494,2.143293,0.1009483,0.1857038,0.1334755,0.1867683,1,0.1294102,0.02714667,0.08683927,0.04955089,0.08594684,0.04983006,0.7624065,-0.691588,0,0,0,0
3368,2.476516,2.160132,16.0658,2.037629,0.1767273,0.1856237,0.1335368,0.1807791,1,0.09886099,0.04719446,0.08660222,0.04952987,0.08182753,0.04825858,0.7647989,-0.6913005,0,0,0,0
3369,4.644647e-43,2.09286,16.0658,2.037629,0.3953217,0.1877118,0.1336741,0.2093619,1,0,0.1035113,0.08398218,0.05007748,0.08182753,0.05574302,0.7603036,-0.6890503,0,0,0,0
3370,3.694528,2.104102,16.06708,2.489182,0.1232985,0.1879601,0.1337169,0.2006951,1,0.1451056,0.03308857,0.08442034,0.05014259,0.0993496,0.05347771,0.754955,-0.6913512,0,0,0,0
3371,4.273282e-43,2.063052,16.06708,2.007453,0.2433761,0.1880618,0.1338014,0.1874074,1,0,0.06459942,0.0828197,0.05016925,0.08064894,0.04999767,0.7578908,-0.6909236,0,0,0,0
3372,3.694528,2.026024,16.06837,2.08502,0.5492507,0.192423,0.1337737,0.2463932,1,0.1451056,0.1418892,0.08137438,0.05131224,0.08367652,0.06538238,0.7573468,-0.6932049,0,0,0,0
3373,2.682778,2.055832,16.0693,1.984249,0.190177,0.1928862,0.1338398,0.2566079,1,0.1067972,0.05072372,0.08253802,0.05143359,0.07974204,0.06803,0.7645653,-0.6919315,0,0,0,0
3374,3.771158e-43,2.023541,16.0693,1.641647,0.2593768,0.1943423,0.1339298,0.2671866,1,0,0.06874684,0.08127742,0.05181496,0.06628474,0.07076684,0.7585848,-0.6901801,0,0,0,0
3375,3.276752,2.020509,16.07044,2.013499,0.1390187,0.1938432,0.1339781,0.2349508,1,0.1294102,0.03725323,0.08115898,0.05168424,0.08088518,0.06241076,0.7611932,-0.6902753,0,0,0,0
3376,2.792264,2.051534,16.0714,1.944273,0.2027072,0.1943539,0.1340485,0.2438991,1,0.1109921,0.05400395,0.08237027,0.051818,0.07817823,0.06473517,0.7594785,-0.6910633,0,0,0,0
3377,3.148269,2.043789,16.0725,2.298036,0.07330348,0.1909043,0.1340739,0.223225,1,0.1245487,0.01976317,0.08206799,0.05091433,0.09195832,0.05935919,0.7604333,-0.6911246,0,0,0,0
3378,6.425022,2.072452,16.07383,2.672813,0.2273416,0.1915437,0.1339795,0.187679,1,0.2436851,0.06043123,0.08318641,0.05108187,0.1064148,0.05006889,0.7543696,-0.6879429,0,0,0,0
3379,3.06194e-43,2.072452,16.07383,2.341118,0.1093559,0.1908721,0.1340175,0.1784161,1,0,0.02938476,0.08318641,0.05090589,0.09362752,0.04763806,0.7604437,-0.6897133,0,0,0,0
3380,2.936981e-43,2.040161,16.07383,2.341118,0.3464101,0.1933512,0.1341378,0.1876811,1,0,0.09109965,0.08192638,0.05155538,0.09362752,0.05006943,0.7633476,-0.6912627,0,0,0,0
3381,2.906219,2.034558,16.07484,2.332239,0.06246511,0.1932934,0.1341595,0.177742,1,0.1153454,0.01685807,0.08170763,0.05154023,0.09328365,0.04746101,0.7610334,-0.690503,0,0,0,0
3382,6.316698,2.104744,16.07704,2.754587,0.1572007,0.1923737,0.134214,0.1711842,1,0.2398999,0.04205517,0.08444535,0.05129933,0.1095499,0.04573741,0.7688348,-0.6904082,0,0,0,0
3383,3.024824,2.056187,16.07809,2.77448,0.2636462,0.1953031,0.1343056,0.1931357,1,0.1198624,0.06985147,0.08255184,0.05206657,0.1103116,0.05149893,0.7593721,-0.688796,0,0,0,0
3384,2.486101e-43,2.056187,16.07809,2.060589,0.2433761,0.1960437,0.1342654,0.1968696,1,0,0.06459942,0.08255184,0.05226046,0.08272362,0.05247668,0.7566462,-0.6921996,0,0,0,0
3385,2.384641e-43,2.023895,16.07809,2.060589,0.105068,0.1960437,0.1343019,0.1959264,1,0,0.02824377,0.08129125,0.05226046,0.08272362,0.05222976,0.7623773,-0.6911356,0,0,0,0
3386,2.287323e-43,2.023895,16.07809,2.03078,0.2274603,0.1966074,0.1343808,0.1852371,1,0,0.06046215,0.08129125,0.05240804,0.08156013,0.04942847,0.756906,-0.6908453,0,0,0,0
3387,3.148269,2.058876,16.07918,2.092656,0.1755555,0.1947726,0.1344418,0.1973549,1,0.1245487,0.04688656,0.08265679,0.05192766,0.0839742,0.05260371,0.7608349,-0.6899936,0,0,0,0
3388,3.549664,2.098317,16.08041,1.824648,0.2073915,0.1944969,0.1345138,0.2039714,1,0.1396825,0.05522832,0.08419487,0.05185546,0.07348857,0.05433448,0.7610238,-0.6900461,0,0,0,0
3389,3.148269,2.093857,16.08151,1.836937,8.43228e-44,0.1925333,0.1345138,0.1733611,1,0.1245487,0,0.08402102,0.05134113,0.07397103,0.04630979,0.7575945,-0.6913865,0,0,0,0
3390,1.936177e-43,2.093857,16.07853,1.805911,0.1992595,0.1914674,0.1343365,0.1684066,1,0,0.05310214,0.08402102,0.05106186,0.07275265,0.04500673,0.7619599,-0.6877971,0,0,0,0
3391,6.574487,2.133297,16.08081,2.60946,0.4902611,0.1948709,0.1345067,0.2145299,1,0.2488916,0.1273022,0.08555765,0.0519534,0.1039812,0.05709216,0.7604681,-0.6893374,0,0,0,0
3392,1.781369e-43,2.103489,16.08081,2.574479,0.1505971,0.1951743,0.134559,0.2050647,1,0,0.04031298,0.08439644,0.05203283,0.1026357,0.05462029,0.7604977,-0.6932801,0,0,0,0
3393,1.70867e-43,2.06988,16.08081,2.224671,0.1283304,0.192252,0.1346036,0.1994307,1,0,0.03442296,0.08308607,0.05126745,0.08911136,0.05314694,0.7636477,-0.6911998,0,0,0,0
3394,1.638939e-43,2.031985,16.08081,1.830264,0.2965145,0.1936905,0.1347065,0.2104425,1,0,0.07832732,0.08160719,0.05164427,0.07370909,0.05602524,0.7609469,-0.6913952,0,0,0,0
3395,2.906219,2.026383,16.08182,1.787488,0.2951912,0.1954258,0.134809,0.2423752,1,0.1153454,0.07798705,0.08138839,0.05209869,0.07202868,0.0643396,0.7645459,-0.6921601,0,0,0,0
3396,1.507896e-43,1.995357,16.08003,1.753879,0.3357218,0.1973434,0.1345517,0.2604535,1,0,0.08837315,0.08017628,0.05260069,0.07070702,0.06902549,0.7599424,-0.6893108,0,0,0,0
3397,1.446358e-43,1.995357,16.08003,0.9869721,0.2338332,0.1981109,0.1346329,0.233438,1,0,0.06212019,0.08017628,0.05280156,0.04021487,0.06201742,0.7620829,-0.6921021,0,0,0,0
3398,1.387331e-43,1.965549,16.08003,0.9594553,5.795416e-44,0.196928,0.1346329,0.2147414,1,0,0,0.07901073,0.05249197,0.03910874,0.05714732,0.7610263,-0.6925427,0,0,0,0
3399,2.577585,1.959208,16.08093,1.274493,0.09318699,0.1945488,0.1346653,0.2074795,1,0.1027552,0.02507757,0.07876267,0.05186905,0.05172234,0.05525131,0.7631846,-0.6897141,0,0,0,0
3400,3.549664,1.998649,16.08216,1.667291,0.2667878,0.1939247,0.1347579,0.2057708,1,0.1396825,0.07066376,0.08030491,0.0517056,0.06729638,0.05480484,0.7673988,-0.6914141,0,0,0,0
3401,3.694528,2.000258,16.08344,1.795931,0.1009483,0.1924111,0.1347929,0.1826058,1,0.1451056,0.02714667,0.08036781,0.05130913,0.07236051,0.04873805,0.756191,-0.6911788,0,0,0,0
3402,6.182971,2.031064,16.08369,2.510577,0.1567431,0.1919683,0.1345824,0.158358,1,0.2352134,0.0419345,0.08157119,0.0511931,0.1001745,0.04236028,0.762324,-0.6932675,0,0,0,0
3403,5.817088,2.024333,16.08571,3.191746,0.2239006,0.194456,0.1346602,0.1576291,1,0.2223123,0.05953518,0.08130833,0.05184475,0.1261956,0.04216811,0.7591998,-0.6915479,0,0,0,0
3404,1.080455e-43,1.981607,16.08571,3.191746,0.08602243,0.1941968,0.13469,0.165261,1,0,0.02316491,0.07963873,0.05177686,0.1261956,0.04417881,0.759651,-0.6908169,0,0,0,0
3405,1.036361e-43,1.952967,16.08571,2.868939,0.07330348,0.1912942,0.1347155,0.1623216,1,0,0.01976317,0.07851848,0.05101649,0.1139227,0.04340471,0.7603037,-0.6937883,0,0,0,0
3406,9.940665e-44,1.924327,16.08571,2.443507,4.152597e-44,0.1898683,0.1347155,0.1304262,1,0,0,0.07739736,0.05064281,0.09758686,0.03497836,0.7637702,-0.6877069,0,0,0,0
3407,3.276752,1.960736,16.08684,2.398515,3.983127e-44,0.1874699,0.1347155,0.1183952,1,0.1294102,0,0.07882243,0.05001406,0.09584838,0.03178711,0.7595974,-0.6906085,0,0,0,0
3408,2.682778,1.990544,16.08436,1.968024,0.1283304,0.1877284,0.1345924,0.1141381,1,0.1067972,0.03442296,0.07998814,0.05008183,0.07910756,0.03065621,0.7574608,-0.6903672,0,0,0,0
3409,2.682778,2.020353,16.08529,1.649576,0.3630745,0.1884679,0.1347185,0.132421,1,0.1067972,0.09534035,0.0811529,0.05027573,0.06659763,0.03550681,0.7583316,-0.6902433,0,0,0,0
3410,8.414591e-44,1.979303,16.08529,1.649576,0.1335677,0.1871923,0.1347649,0.1353389,1,0,0.03581049,0.07954863,0.04994126,0.06659763,0.03627944,0.7634124,-0.691668,0,0,0,0
3411,8.071187e-44,1.933018,16.08529,1.617285,0.1631399,0.1881905,0.1348215,0.1464393,1,0,0.04362026,0.07773768,0.05020299,0.06532301,0.03921498,0.7619081,-0.6914365,0,0,0,0
3412,7.741797e-44,1.933018,16.08529,1.5471,0.2101361,0.1905253,0.1348945,0.1703759,1,0,0.05594522,0.07773768,0.050815,0.06254873,0.04552481,0.7582873,-0.6905689,0,0,0,0
3413,7.42585e-44,1.933018,16.08529,1.149407,3.102062e-44,0.1893103,0.1348945,0.1674465,1,0,0,0.07773768,0.05049654,0.04672727,0.04475409,0.7668202,-0.692355,0,0,0,0
3414,7.122797e-44,1.836364,16.08108,0.8513203,0.3568332,0.1915335,0.1348496,0.1940964,1,0,0.09375354,0.07394855,0.05107919,0.03475365,0.05175056,0.7619277,-0.6942723,0,0,0,0
3415,3.024824,1.869973,16.08213,0.9229346,0.2744058,0.1929747,0.1349449,0.1861258,1,0.1198624,0.07263158,0.07526726,0.05145678,0.03763935,0.04966158,0.7576205,-0.6910046,0,0,0,0
3416,6.55329e-44,1.838948,16.08213,0.9229346,0.2592753,0.1940549,0.1350349,0.2004468,1,0,0.06872058,0.07404998,0.05173971,0.03763935,0.05341277,0.7611572,-0.6870033,0,0,0,0
3417,6.285847e-44,1.838948,16.08213,0.8879538,0.1446921,0.1956626,0.1350851,0.1980541,1,0,0.03875333,0.07404998,0.0521607,0.03623052,0.05278672,0.7566177,-0.6901883,0,0,0,0
3418,3.694528,1.879998,16.08341,1.300067,0.1357686,0.1922294,0.1351323,0.1889953,1,0.1451056,0.0363932,0.07566037,0.05126153,0.05274142,0.05041398,0.7572539,-0.6905999,0,0,0,0
3419,3.276752,1.916407,16.08455,1.665578,0.2246645,0.1937699,0.1352103,0.2164543,1,0.1294102,0.05973415,0.07708716,0.05166506,0.06722882,0.05759419,0.7612489,-0.6892288,0,0,0,0
3420,2.577585,1.898762,16.08307,1.980616,0.1505971,0.191361,0.1352054,0.1929985,1,0.1027552,0.04031298,0.07639588,0.05103399,0.07959998,0.05146299,0.7618631,-0.6900321,0,0,0,0
3421,3.276752,1.935171,16.08421,1.971966,0.3771892,0.1928399,0.1353363,0.2031625,1,0.1294102,0.09892249,0.07782194,0.05142145,0.07926174,0.054123,0.765444,-0.6918458,0,0,0,0
3422,2.792264,1.966196,16.08518,2.313243,0.1674192,0.1923017,0.1353945,0.1931432,1,0.1109921,0.04474691,0.07903604,0.05128047,0.09254774,0.05150089,0.7639287,-0.6914028,0,0,0,0
3423,3.694528,2.007246,16.08646,2.764797,0.2073915,0.1924789,0.1354665,0.2009882,1,0.1451056,0.05522832,0.08064088,0.05132688,0.1099409,0.05355439,0.7626682,-0.6931754,0,0,0,0
3424,4.695637e-44,2.007246,16.08646,2.354294,0.3043815,0.1901078,0.1355722,0.2198104,1,0,0.08034865,0.08064088,0.05070557,0.09413762,0.05846933,0.7595911,-0.6905719,0,0,0,0
3425,6.341928,2.034987,16.08867,2.733043,0.1426653,0.1893886,0.1356217,0.2090046,1,0.2407824,0.0382176,0.08172436,0.05051707,0.1087246,0.05564972,0.7611139,-0.6899144,0,0,0,0
3426,3.410479,2.039272,16.08985,2.863481,1.804711e-44,0.1872377,0.1355747,0.1885414,1,0.1344528,0,0.08189166,0.04995316,0.1137143,0.05029498,0.7601991,-0.6931755,0,0,0,0
3427,2.792264,2.001707,16.09082,2.840674,0.307832,0.1895364,0.1356816,0.1816572,1,0.1109921,0.08123432,0.08042442,0.05055581,0.1128431,0.04848909,0.7621371,-0.6915314,0,0,0,0
3428,3.974771e-44,1.943165,16.09082,2.530423,0.1138188,0.1891933,0.1357211,0.1769663,1,0,0.03057136,0.07813486,0.05046589,0.1009393,0.04725724,0.7620557,-0.6920874,0,0,0,0
3429,3.812559e-44,1.943165,16.09082,2.09128,0.2059987,0.1898745,0.1357926,0.178065,1,0,0.05486438,0.07813486,0.05064444,0.08392056,0.04754586,0.7622672,-0.6913344,0,0,0,0
3430,3.148269,1.978146,16.09191,2.436627,0.3144899,0.1914857,0.1359018,0.1797182,1,0.1245487,0.08294172,0.07950339,0.05106667,0.09732116,0.04798002,0.7601076,-0.6898369,0,0,0,0
3431,2.682778,2.007954,16.09284,2.018814,0.1265327,0.1913203,0.1359457,0.1782099,1,0.1067972,0.03394639,0.08066854,0.05102332,0.08109277,0.04758393,0.7585396,-0.6912634,0,0,0,0
3432,3.276752,2.006468,16.09398,1.971664,0.1604696,0.1931033,0.1358578,0.1960813,1,0.1294102,0.0429168,0.08061048,0.05149044,0.0792499,0.05227032,0.7621593,-0.6929015,0,0,0,0
3433,3.227261e-44,1.941886,16.09398,1.596778,0.1935835,0.1934415,0.135925,0.1830502,1,0,0.05161623,0.0780848,0.05157904,0.06451295,0.04885468,0.7567912,-0.6932024,0,0,0,0
3434,2.577585,1.903092,16.09488,1.911816,0.1184639,0.1932712,0.1359661,0.1839267,1,0.1027552,0.03180535,0.07656554,0.05153443,0.07690734,0.0490847,0.766965,-0.6892734,0,0,0,0
3435,4.335569,1.922625,16.09638,2.441719,0.297968,0.1912796,0.1360696,0.1966418,1,0.1688616,0.07870099,0.07733071,0.05101267,0.0975178,0.05241705,0.7583082,-0.6932687,0,0,0,0
3436,2.792264,1.95365,16.09735,2.433188,0.1767273,0.1911161,0.1361309,0.1832985,1,0.1109921,0.04719446,0.07854522,0.05096982,0.09718831,0.04891985,0.7633165,-0.6931506,0,0,0,0
3437,3.845305,1.965351,16.09869,2.568675,0.1009483,0.1896461,0.136166,0.1815774,1,0.1507284,0.02714667,0.07900298,0.05058457,0.1024123,0.04846815,0.7608287,-0.694722,0,0,0,0
3438,2.620331e-44,1.965351,16.09666,2.174783,0.1910905,0.189465,0.1359049,0.1856771,1,0,0.0509631,0.07900298,0.0505371,0.08717217,0.04954388,0.7592293,-0.6914374,0,0,0,0
3439,5.988064,1.998276,16.09874,2.876848,0.1743703,0.1899045,0.1359654,0.1814456,1,0.2283553,0.04657507,0.08029033,0.05065231,0.1142246,0.04843353,0.7595844,-0.6904466,0,0,0,0
3440,2.410821e-44,1.998276,16.09874,2.59045,0.3705314,0.1897672,0.1360941,0.212086,1,0,0.09723391,0.08029033,0.05061631,0.1032501,0.05645433,0.7595915,-0.6938584,0,0,0,0
3441,3.024824,2.031885,16.09979,2.478421,0.1562101,0.1893757,0.1361483,0.1962581,1,0.1198624,0.04179396,0.08160325,0.05051369,0.09893447,0.05231661,0.7593758,-0.6941347,0,0,0,0
3442,2.218062e-44,1.992444,16.09979,2.168169,0.06501436,0.1868499,0.1361709,0.1822331,1,0,0.01754189,0.0800624,0.04985148,0.08691491,0.04864025,0.7655625,-0.6914712,0,0,0,0
3443,2.127542e-44,1.992444,16.09979,1.740913,0.1390187,0.1862674,0.1362192,0.1880078,1,0,0.03725323,0.0800624,0.04969871,0.07019681,0.0501551,0.7600464,-0.6908382,0,0,0,0
3444,4.335569,2.040617,16.10011,2.270816,0.2744058,0.1885645,0.1361959,0.1963492,1,0.1688616,0.07263158,0.08194418,0.05030104,0.09090269,0.05234046,0.76171,-0.68997,0,0,0,0
3445,3.694528,2.081667,16.1014,2.02342,8.176948e-45,0.1869303,0.1361959,0.1739258,1,0.1451056,0,0.08354579,0.04987256,0.08127269,0.04645824,0.7617873,-0.6926484,0,0,0,0
3446,1.877549e-44,2.051859,16.1014,2.02342,0.2537331,0.1897496,0.136284,0.1608866,1,0,0.06728534,0.08238296,0.05061169,0.08127269,0.04302668,0.7563764,-0.6856916,0,0,0,0
3447,6.600747,2.1252,16.10369,2.494086,0.07042921,0.1881337,0.1363084,0.1505303,1,0.2498044,0.01899333,0.08524232,0.05018811,0.09953872,0.04029534,0.7599177,-0.6914219,0,0,0,0
3448,4.335569,2.173373,16.10519,2.982939,0.1754972,0.188819,0.1363694,0.1632476,1,0.1688616,0.04687125,0.08711736,0.05036777,0.1182688,0.04364862,0.7662657,-0.6898554,0,0,0,0
3449,1.656931e-44,2.136965,16.10519,2.946531,0.3216545,0.1910767,0.136481,0.1846181,1,0,0.08477682,0.08570046,0.0509595,0.1168822,0.04926609,0.7540066,-0.694517,0,0,0,0
3450,1.589311e-44,2.10594,16.10203,2.436161,0.259953,0.1916984,0.1362559,0.1842273,1,0,0.06889599,0.08449196,0.05112241,0.09730314,0.04916356,0.7570486,-0.6873549,0,0,0,0
3451,3.845305,2.148666,16.10337,2.459231,0.433444,0.1943913,0.1364064,0.2330128,1,0.1507284,0.1131115,0.08615596,0.05182779,0.09819393,0.06190685,0.7574817,-0.6880847,0,0,0,0
3452,3.845305,2.15641,16.1047,2.898188,0.05540158,0.1924087,0.1364256,0.2097313,1,0.1507284,0.01496161,0.08645738,0.05130849,0.115039,0.05583952,0.7586374,-0.6897214,0,0,0,0
3453,3.845305,2.199136,16.10604,2.593703,0.4231063,0.1952972,0.1365725,0.2513145,1,0.1507284,0.1105145,0.08811911,0.05206502,0.1033752,0.06665856,0.7600878,-0.6908112,0,0,0,0
3454,3.845305,2.241862,16.10737,2.581954,0.4229665,0.1978115,0.1367194,0.2801287,1,0.1507284,0.1104794,0.08977893,0.05272321,0.1029233,0.07410809,0.7551315,-0.688085,0,0,0,0
3455,3.845305,2.236414,16.10871,2.98147,0.1944202,0.1958255,0.1367869,0.2665666,1,0.1507284,0.05183537,0.08956742,0.05220334,0.1182129,0.07060658,0.7616782,-0.6933938,0,0,0,0
3456,3.845305,2.245531,16.10895,3.413558,0.2593308,0.1978924,0.1367745,0.2693789,1,0.1507284,0.06873494,0.08992138,0.0527444,0.1345687,0.07133338,0.7544039,-0.6895601,0,0,0,0
3457,3.845305,2.251848,16.11028,3.425258,0.3122701,0.2002405,0.1368829,0.2559645,1,0.1507284,0.08237269,0.09016661,0.05335879,0.135009,0.06786336,0.7595068,-0.6927196,0,0,0,0
3458,1.126929e-44,2.224331,16.11028,2.998002,0.2246645,0.2007731,0.136961,0.2760031,1,0,0.05973415,0.08909813,0.05349812,0.1188421,0.07304382,0.7592283,-0.6911966,0,0,0,0
3459,1.092316e-44,2.224331,16.11028,2.570746,0.2774689,0.1994636,0.1370573,0.2606153,1,0,0.07342204,0.08909813,0.05315555,0.102492,0.06906736,0.7592831,-0.6930734,0,0,0,0
3460,2.792264,2.214306,16.11125,2.449786,0.1839397,0.2001374,0.1371212,0.2326062,1,0.1109921,0.0490881,0.08870866,0.05333183,0.0978293,0.0618011,0.761111,-0.6895964,0,0,0,0
3461,2.682778,2.244115,16.11219,2.320616,0.4142433,0.2020359,0.137265,0.2602278,1,0.1067972,0.1082843,0.0898664,0.05382842,0.09283343,0.06896708,0.7627455,-0.6914356,0,0,0,0
3462,3.148269,2.238045,16.11001,2.24174,0.1623175,0.1977367,0.1371692,0.249469,1,0.1245487,0.04340364,0.08963074,0.05270363,0.08977422,0.06618012,0.7575775,-0.6923221,0,0,0,0
3463,9.246258e-45,2.208236,16.11001,1.814484,0.2326544,0.1982087,0.13725,0.241057,1,0,0.06181365,0.08847281,0.05282716,0.07308941,0.0639973,0.7590767,-0.6912795,0,0,0,0
3464,8.868914e-45,2.208236,16.11001,1.785844,0.3273244,0.1989636,0.1373637,0.2547843,1,0,0.08622742,0.08847281,0.05302472,0.07196407,0.06755767,0.7583547,-0.6902841,0,0,0,0
3465,4.335569,2.220001,16.11152,2.267574,3.553687e-45,0.197419,0.1373637,0.2206437,1,0.1688616,0,0.08892992,0.05262048,0.09077691,0.05868654,0.7630776,-0.6937531,0,0,0,0
3466,3.549664,2.228417,16.11275,2.360145,0.2012353,0.1974026,0.1374335,0.2228377,1,0.1396825,0.05361902,0.08925682,0.0526162,0.09436412,0.05925828,0.7626894,-0.6898589,0,0,0,0
3467,3.549664,2.232876,16.11398,2.453181,0.1335677,0.1980722,0.1374799,0.192014,1,0.1396825,0.03581049,0.08943003,0.05279145,0.09796038,0.05120508,0.7574892,-0.6885631,0,0,0,0
3468,7.507373e-45,2.161487,16.11204,2.103373,0.07629505,0.1963939,0.1373613,0.1811804,1,0,0.020564,0.08665494,0.05235216,0.08439194,0.04836393,0.7628859,-0.6918067,0,0,0,0
3469,5.087837,2.218019,16.11381,2.658686,0.1599623,0.1969562,0.1374169,0.1729434,1,0.1962496,0.04278311,0.08885292,0.05249935,0.1058725,0.04619998,0.7660326,-0.6925836,0,0,0,0
3470,5.940533,2.284025,16.11587,3.384751,0.1009483,0.1942289,0.1374519,0.1447951,1,0.2266779,0.02714667,0.09141503,0.05178526,0.133484,0.03878055,0.7615499,-0.6873127,0,0,0,0
3471,6.625234e-45,2.251733,16.11587,2.869412,0.08602243,0.1944906,0.1374818,0.1535733,1,0,0.02316491,0.09016217,0.05185381,0.1139408,0.04109844,0.7611817,-0.6906357,0,0,0,0
3472,2.906219,2.213839,16.11688,2.83021,0.08264944,0.1936623,0.1375105,0.1405931,1,0.1153454,0.02226357,0.08869053,0.05163686,0.1124432,0.03766967,0.7626096,-0.6887515,0,0,0,0
3473,3.694528,2.22128,16.11817,2.887356,2.546328e-45,0.1907329,0.1375105,0.1242076,1,0.1451056,0,0.08897962,0.0508694,0.1146257,0.03332974,0.7631154,-0.6916332,0,0,0,0
3474,3.410479,2.259175,16.11935,3.256019,0.2071572,0.1903304,0.1374682,0.1380006,1,0.1344528,0.05516712,0.09045097,0.05076393,0.1286269,0.03698389,0.7610824,-0.6916253,0,0,0,0
3475,5.608139e-45,2.259175,16.11935,2.649654,0.347963,0.1930293,0.137589,0.1627558,1,0,0.09149534,0.09045097,0.05147106,0.1055256,0.0435191,0.7613501,-0.6895263,0,0,0,0
3476,2.792264,2.2902,16.12032,2.330871,0.1914464,0.1926291,0.1376555,0.1721191,1,0.1109921,0.05105638,0.09165449,0.05136624,0.09323069,0.04598325,0.7621369,-0.6928376,0,0,0,0
3477,5.159737e-45,2.255219,16.12032,2.25753,0.2023547,0.1929269,0.1377257,0.1865107,1,0,0.05391177,0.09029745,0.05144424,0.09038714,0.04976253,0.7621416,-0.6909633,0,0,0,0
3478,4.949165e-45,2.215778,16.12032,1.886444,0.07330348,0.191437,0.1377512,0.1843368,1,0,0.01976317,0.08876587,0.05105391,0.07591305,0.04919228,0.7579982,-0.6920581,0,0,0,0
3479,3.845305,2.223523,16.12166,1.945922,0.1184639,0.1927533,0.1377923,0.1952418,1,0.1507284,0.03180535,0.08906675,0.05139877,0.07824279,0.05205051,0.7574422,-0.6887289,0,0,0,0
3480,4.553452e-45,2.223523,16.11942,1.56698,0.322558,0.1941233,0.1376881,0.2087597,1,0,0.08500807,0.08906675,0.0517576,0.0633351,0.05558575,0.7592855,-0.6913603,0,0,0,0
3481,4.367623e-45,2.150473,16.11942,1.524254,0.4001744,0.1931223,0.1378271,0.2141913,1,0,0.1047369,0.08622632,0.05149543,0.06164456,0.0570038,0.7615784,-0.6891507,0,0,0,0
3482,2.682778,2.180282,16.12035,1.499172,0.06501436,0.1921714,0.1378497,0.2002501,1,0.1067972,0.01754189,0.08738606,0.05124632,0.0606512,0.05336131,0.7620367,-0.6882356,0,0,0,0
3483,2.682778,2.210091,16.12128,1.784342,0.1697978,0.1926321,0.1379086,0.1938181,1,0.1067972,0.04537273,0.08854486,0.05136703,0.071905,0.05167769,0.7568609,-0.6911124,0,0,0,0
3484,3.854414e-45,2.210091,16.12128,1.741616,0.06001581,0.1900044,0.1379295,0.1883089,1,0,0.01620075,0.08854486,0.05067848,0.07022448,0.05023405,0.7604976,-0.6883337,0,0,0,0
3485,3.276752,2.214208,16.12242,1.672126,0.1767273,0.1886881,0.1379908,0.1945861,1,0.1294102,0.04719446,0.08870484,0.05033345,0.06748705,0.05187881,0.763948,-0.6909816,0,0,0,0
3486,3.546232e-45,2.214208,16.11959,1.629401,0.1138188,0.1862225,0.1378959,0.169776,1,0,0.03057136,0.08870484,0.04968694,0.06580137,0.04536702,0.7614766,-0.6890787,0,0,0,0
3487,3.401508e-45,2.214208,16.11959,1.586675,0.2322056,0.1862044,0.1379765,0.1502232,1,0,0.06169692,0.08870484,0.0496822,0.06411372,0.04021429,0.7594592,-0.6897777,0,0,0,0
3488,8.572228,2.309455,16.12257,2.336305,0.3220182,0.1897824,0.1380883,0.1798609,1,0.3167358,0.08486991,0.09240092,0.0506203,0.09344116,0.04801751,0.7586931,-0.6904488,0,0,0,0
3489,5.365556,2.340432,16.12443,2.694009,0.2679906,0.1917247,0.1381814,0.1906659,1,0.2062306,0.07097463,0.09360096,0.05112928,0.1072281,0.05085186,0.760978,-0.6890114,0,0,0,0
3490,3.001821e-45,2.300991,16.12443,2.662984,0.1232985,0.1901303,0.1382242,0.1970235,1,0,0.03308857,0.09207288,0.05071149,0.1060375,0.05251697,0.7604368,-0.6931008,0,0,0,0
3491,2.577585,2.288581,16.12532,2.58413,0.1009483,0.1901303,0.1382592,0.1851226,1,0.1027552,0.02714667,0.09159172,0.05071149,0.103007,0.04939843,0.7638808,-0.6935785,0,0,0,0
3492,2.761808e-45,2.219881,16.12532,2.549149,0.07629505,0.1892365,0.1381064,0.1799975,1,0,0.020564,0.08892527,0.0504772,0.1016606,0.04805336,0.7623186,-0.6902464,0,0,0,0
3493,3.276752,2.191655,16.12646,2.949641,0.06766764,0.1875006,0.1381299,0.1598823,1,0.1294102,0.01825328,0.0878283,0.0500221,0.1170007,0.04276203,0.7583159,-0.6937017,0,0,0,0
3494,3.410479,2.229549,16.12765,2.414008,0.169482,0.1884279,0.1381887,0.14118,1,0.1344528,0.04528968,0.08930082,0.05026523,0.09644724,0.0378249,0.7570145,-0.6928053,0,0,0,0
3495,5.831047,2.294339,16.12967,2.482345,0.3306899,0.1912877,0.1383035,0.151821,1,0.2228066,0.08708777,0.09181498,0.0510148,0.09908587,0.04063602,0.760025,-0.6938984,0,0,0,0
3496,6.069017,2.361772,16.13178,3.184673,0.2231557,0.1937672,0.138381,0.1631598,1,0.2312077,0.05934113,0.09442709,0.05166436,0.1259279,0.0436255,0.7574819,-0.6901585,0,0,0,0
3497,3.276752,2.361772,16.13291,3.259326,0.5187213,0.1995308,0.1385611,0.2138585,1,0.1294102,0.1343583,0.09442709,0.05317312,0.1287518,0.05691695,0.7673306,-0.6913103,0,0,0,0
3498,2.150898e-45,2.331964,16.13158,3.259326,0.08264944,0.1990232,0.1383678,0.2146351,1,0,0.02226357,0.09327301,0.05304032,0.1287518,0.05711961,0.7590606,-0.6918526,0,0,0,0
3499,2.063119e-45,2.302155,16.13158,2.838711,0.2364434,0.1976162,0.1384499,0.2342378,1,0,0.06279873,0.09211799,0.05267211,0.1127681,0.06222538,0.7572457,-0.6942368,0,0,0,0
3500,6.341928,2.372621,16.13378,3.168888,0.2158553,0.1985305,0.1385248,0.2406671,1,0.2407824,0.05743794,0.09484688,0.05291139,0.12533,0.06389606,0.7618562,-0.6889033,0,0,0,0
3501,3.549664,2.412062,16.13501,2.954841,0.09699002,0.1977955,0.1385585,0.2148223,1,0.1396825,0.0260918,0.09637203,0.05271904,0.1171989,0.05716845,0.7577569,-0.6929023,0,0,0,0
3502,4.512507,2.462201,16.13658,2.799743,0.1914464,0.1975879,0.138625,0.2125079,1,0.1753503,0.05105638,0.09830855,0.05266469,0.1112783,0.05656446,0.7620049,-0.692403,0,0,0,0
3503,2.792264,2.493226,16.13755,2.735886,0.2636462,0.2005173,0.1387165,0.1870956,1,0.1109921,0.06985147,0.09950554,0.0534312,0.1088335,0.04991591,0.756952,-0.6886797,0,0,0,0
3504,1.675121e-45,2.493226,16.13541,2.697992,0.05540158,0.197168,0.1386389,0.1823819,1,0,0.01496161,0.09950554,0.0525548,0.1073808,0.0486793,0.7544993,-0.6888793,0,0,0,0
3505,1.606759e-45,2.459617,16.13541,2.697992,0.1697978,0.1960057,0.1386979,0.1729972,1,0,0.04537273,0.09820881,0.05225053,0.1073808,0.04621413,0.7616876,-0.688484,0,0,0,0
3506,1.541186e-45,2.459617,16.13541,1.962308,0.07940871,0.1940072,0.1387254,0.1565916,1,0,0.02139704,0.09820881,0.05172721,0.07888396,0.04189457,0.7590082,-0.6886936,0,0,0,0
3507,1.478289e-45,2.459617,16.13541,1.567901,0.2182647,0.1948247,0.1388012,0.1702434,1,0,0.05806636,0.09820881,0.05194129,0.06337153,0.04548995,0.7598031,-0.6897156,0,0,0,0
3508,1.41796e-45,2.418566,16.13541,1.066511,0.09699002,0.1943938,0.1388349,0.1600114,1,0,0.0260918,0.09662341,0.05182846,0.04340747,0.04279606,0.7544105,-0.6883833,0,0,0,0
3509,2.906219,2.414449,16.13642,1.068739,5.681626e-46,0.1918975,0.1388349,0.1294011,1,0.1153454,0,0.09646431,0.05117458,0.04349677,0.03470674,0.763081,-0.6902011,0,0,0,0
3510,3.845305,2.428535,16.13253,1.53872,0.1570058,0.1919688,0.1387156,0.138851,1,0.1507284,0.04200378,0.09700857,0.05119323,0.06221717,0.03720889,0.7597607,-0.6870366,0,0,0,0
3511,1.251345e-45,2.392127,16.13253,1.53872,0.2246645,0.190274,0.1387936,0.1429972,1,0,0.05973415,0.09560136,0.05074915,0.06221717,0.03830535,0.7592415,-0.6886768,0,0,0,0
3512,6.820958,2.43689,16.1349,2.342585,5.014017e-46,0.1884138,0.1387936,0.1334516,1,0.2574365,0,0.0973313,0.05026154,0.09368431,0.03577977,0.7614841,-0.6892041,0,0,0,0
3513,1.151293e-45,2.39584,16.1349,2.312776,0.3705314,0.1902265,0.1389222,0.1526005,1,0,0.09723391,0.09574493,0.05073669,0.09252962,0.04084175,0.7629014,-0.6923295,0,0,0,0
3514,1.104308e-45,2.39584,16.1349,2.312776,0.1283304,0.1882704,0.1389668,0.1568418,1,0,0.03442296,0.09574493,0.05022393,0.09252962,0.04196054,0.7555596,-0.6916957,0,0,0,0
3515,1.059241e-45,2.325374,16.1349,1.953454,0.5884685,0.1932237,0.1391711,0.2268021,1,0,0.151506,0.09301774,0.051522,0.07853755,0.06029079,0.7572253,-0.6900651,0,0,0,0
3516,3.024824,2.321089,16.13393,1.895899,4.244274e-46,0.1932237,0.1390354,0.2080924,1,0.1198624,0,0.09285173,0.051522,0.07628366,0.05541144,0.7592598,-0.6883589,0,0,0,0
3517,2.792264,2.321089,16.1349,2.237176,0.1839397,0.1918471,0.1390992,0.2030311,1,0.1109921,0.0490881,0.09285173,0.05116137,0.08959699,0.05408866,0.7564435,-0.6913197,0,0,0,0
3518,9.347766e-46,2.321089,16.1349,1.384044,0.1567431,0.1923241,0.1391537,0.2186106,1,0,0.0419345,0.09285173,0.05128633,0.05608286,0.05815654,0.7629986,-0.6918557,0,0,0,0
3519,8.966279e-46,2.321089,16.1349,1.324427,0.2671353,0.1930034,0.1392464,0.2071127,1,0,0.07075358,0.09285173,0.05146428,0.05371151,0.05515548,0.759068,-0.6890513,0,0,0,0
3520,8.60036e-46,2.286108,16.1349,1.324427,0.3403661,0.1932909,0.1393646,0.2330841,1,0,0.08955851,0.09149582,0.05153959,0.05371151,0.06192539,0.7590354,-0.6918507,0,0,0,0
3521,2.476516,2.283816,16.13576,1.598473,0.2361518,0.1945089,0.1394466,0.19544,1,0.09886099,0.06272295,0.09140694,0.05185859,0.06457992,0.05210242,0.7604544,-0.6895991,0,0,0,0
3522,7.912713e-46,2.247408,16.13486,1.262381,0.1390187,0.1942705,0.1393179,0.2115835,1,0,0.03725323,0.08999425,0.05179617,0.05123942,0.05632314,0.759606,-0.6907887,0,0,0,0
3523,4.002234,2.291877,16.13625,1.404883,0.2528375,0.1949289,0.1394057,0.2212962,1,0.1565575,0.06705328,0.09171953,0.05196859,0.05691083,0.05885661,0.7541001,-0.6900378,0,0,0,0
3524,2.906219,2.295529,16.13726,1.722193,0.06001581,0.1942795,0.1394265,0.2093325,1,0.1153454,0.01620075,0.09186111,0.05179852,0.06945988,0.05573535,0.7610595,-0.6933455,0,0,0,0
3525,6.982945e-46,2.247356,16.13726,1.657404,0.2268922,0.1934898,0.1395053,0.2037077,1,0,0.06031423,0.08999223,0.05159168,0.06690643,0.05426555,0.7575628,-0.6910886,0,0,0,0
3526,6.697967e-46,2.21633,16.13726,1.589971,0.05322925,0.1921176,0.1395238,0.1699155,1,0,0.01437787,0.08878732,0.05123222,0.06424396,0.04540371,0.7557341,-0.6874965,0,0,0,0
3527,2.792264,2.20463,16.13823,1.61967,0.2456404,0.1937253,0.139609,0.1679356,1,0.1109921,0.06518705,0.08833265,0.05165336,0.0654172,0.04488279,0.7562326,-0.6880146,0,0,0,0
3528,3.549664,2.244071,16.13496,2.053518,0.3071367,0.1950147,0.1395479,0.1891097,1,0.1396825,0.08105589,0.0898647,0.05199103,0.08244772,0.05044396,0.7599532,-0.6895098,0,0,0,0
3529,5.886995,2.242948,16.137,2.328347,0.2144057,0.1954595,0.1396223,0.1845946,1,0.2247862,0.05705973,0.0898211,0.05210751,0.09313292,0.04925992,0.7586741,-0.690178,0,0,0,0
3530,5.669707e-46,2.242948,16.137,1.934968,0.3831992,0.1956002,0.1397554,0.2223632,1,0,0.1004451,0.0898211,0.05214437,0.07781401,0.05913466,0.7596335,-0.6900498,0,0,0,0
3531,5.438323e-46,2.209339,16.137,1.895527,0.1505971,0.1955379,0.1398077,0.2144816,1,0,0.04031298,0.08851564,0.05212804,0.07626911,0.05707956,0.7601928,-0.6919397,0,0,0,0
3532,6.435303,2.280842,16.13924,2.631925,0.3220182,0.1983935,0.1399195,0.2457979,1,0.2440438,0.08486991,0.09129159,0.05287552,0.1048446,0.06522792,0.7577744,-0.690356,0,0,0,0
3533,5.003499e-46,2.280842,16.13924,2.290649,0.07629505,0.1976966,0.139946,0.2249001,1,0,0.020564,0.09129159,0.05269313,0.0916719,0.0597955,0.7577468,-0.6926093,0,0,0,0
3534,4.799303e-46,2.232669,16.13352,1.896242,0.1390187,0.1961922,0.1398346,0.2071493,1,0,0.03725323,0.08942197,0.05229936,0.0762971,0.05516506,0.7590317,-0.6910544,0,0,0,0
3535,5.159294,2.248944,16.13531,1.872711,0.08953307,0.1971871,0.1398657,0.1923828,1,0.1988243,0.02410243,0.09005389,0.05255978,0.07537464,0.05130171,0.7576017,-0.6890343,0,0,0,0
3536,4.415572e-46,2.248944,16.13531,1.872711,0.1390187,0.1959125,0.1399139,0.1659139,1,0,0.03725323,0.09005389,0.05222611,0.07537464,0.0443507,0.7588851,-0.6895706,0,0,0,0
3537,4.23537e-46,2.175602,16.13531,1.872711,1.769277e-46,0.1951299,0.1399139,0.1467558,1,0,0,0.08720406,0.05202122,0.07537464,0.03929858,0.7610264,-0.686887,0,0,0,0
3538,4.062522e-46,2.127429,16.13531,1.157678,0.2846334,0.1963425,0.1400128,0.1446868,1,0,0.07526926,0.08532914,0.0523387,0.04705809,0.03875193,0.7575656,-0.6906699,0,0,0,0
3539,5.584528,2.18948,16.13725,1.80794,0.4484103,0.1977509,0.1401685,0.1910153,1,0.2140519,0.1168631,0.08774372,0.05270736,0.07283235,0.05094341,0.7563375,-0.69037,0,0,0,0
3540,3.737701e-46,2.18948,16.13628,1.765214,0.1567431,0.1966042,0.1400237,0.1929818,1,0,0.0419345,0.08774372,0.05240719,0.0711529,0.05145862,0.7606054,-0.6898884,0,0,0,0
3541,3.585163e-46,2.146754,16.13628,1.191959,0.240227,0.1944573,0.1401071,0.2098985,1,0,0.06378175,0.08608156,0.05184508,0.04842846,0.05588317,0.760552,-0.6916834,0,0,0,0
3542,2.906219,2.13632,16.13729,1.471376,0.1631399,0.1956544,0.1401638,0.2143913,1,0.1153454,0.04362026,0.08567534,0.05215854,0.05954954,0.05705598,0.763759,-0.6858441,0,0,0,0
3543,3.29851e-46,2.093594,16.13729,1.471376,0.2957617,0.1942395,0.1402665,0.2464229,1,0,0.07813377,0.08401079,0.05178803,0.05954954,0.06539008,0.7577882,-0.6920191,0,0,0,0
3544,4.165569,2.097153,16.13873,1.980501,0.2386357,0.1921913,0.1403493,0.2425377,1,0.1625996,0.0633684,0.0841495,0.05125155,0.07959548,0.06438176,0.7605315,-0.6911338,0,0,0,0
3545,3.034775e-46,2.054427,16.13873,1.359997,0.1283304,0.191457,0.1403939,0.2018606,1,0,0.03442296,0.08248319,0.05105915,0.05512683,0.05378255,0.7550579,-0.689164,0,0,0,0
3546,2.910924e-46,2.011702,16.13452,1.326388,0.2890078,0.1917867,0.1403603,0.2197678,1,0,0.07639592,0.08081495,0.05114555,0.05378958,0.05845824,0.7588012,-0.6871299,0,0,0,0
3547,5.588997,2.031076,16.13646,1.978463,0.1839397,0.1903609,0.1404241,0.2135137,1,0.214211,0.0490881,0.08157167,0.0507719,0.07951579,0.05682697,0.7564076,-0.6867103,0,0,0,0
3548,2.682778,2.060885,16.13739,1.983445,0.1505971,0.1895379,0.1404764,0.2120518,1,0.1067972,0.04031298,0.08273515,0.05055621,0.07971058,0.05644539,0.7614877,-0.6880273,0,0,0,0
3549,3.549664,2.100325,16.13863,2.417292,0.1138188,0.1877195,0.1405159,0.1901324,1,0.1396825,0.03057136,0.08427315,0.05007952,0.09657418,0.05071203,0.7556947,-0.68995,0,0,0,0
3550,3.024824,2.102909,16.13968,2.324152,0.2158553,0.1880742,0.1405909,0.1862178,1,0.1198624,0.05743794,0.08437385,0.05017249,0.09297041,0.04968569,0.7599262,-0.6873457,0,0,0,0
3551,2.363485e-46,2.073101,16.13968,2.296635,9.873185e-47,0.1834715,0.1405909,0.1693349,1,0,0,0.0832117,0.04896523,0.09190401,0.04525097,0.7597123,-0.6878511,0,0,0,0
3552,2.26703e-46,2.03812,16.13726,2.296635,0.2540481,0.1844907,0.1405522,0.1667286,1,0,0.06736694,0.08184669,0.04923266,0.09190401,0.04456514,0.7547764,-0.6870603,0,0,0,0
3553,2.174512e-46,2.03812,16.13726,1.631166,0.07629505,0.1827534,0.1405787,0.1528065,1,0,0.020564,0.08184669,0.04877679,0.06587107,0.04089611,0.7564129,-0.6922541,0,0,0,0
3554,2.085769e-46,2.03812,16.13726,1.300789,0.2417624,0.1818027,0.1406626,0.1649554,1,0,0.06418047,0.08184669,0.04852727,0.05277018,0.04409835,0.7573002,-0.6916745,0,0,0,0
3555,2.000647e-46,1.989947,16.13726,0.9063815,0.3484024,0.1856738,0.1407836,0.1923703,1,0,0.09160729,0.07996479,0.04954302,0.03697285,0.05129845,0.752972,-0.6902666,0,0,0,0
3556,1.919e-46,1.950506,16.13726,0.57029,0.1184639,0.1847541,0.1408247,0.1822739,1,0,0.03180535,0.07842218,0.04930177,0.02337339,0.04865096,0.7572204,-0.688026,0,0,0,0
3557,2.577585,1.939705,16.13815,0.854303,0.0511421,0.1838383,0.1408425,0.1857953,1,0.1027552,0.0138168,0.07799945,0.04906148,0.03487394,0.04957488,0.7572429,-0.6867195,0,0,0,0
3558,1.765565e-46,1.939705,16.13617,0.8148623,0.1650838,0.1848248,0.1406986,0.174332,1,0,0.04413217,0.07799945,0.04932032,0.03328234,0.04656501,0.7586388,-0.6869929,0,0,0,0
3559,6.435303,1.954677,16.1384,1.535988,0.1947589,0.1852115,0.1407663,0.1872764,1,0.2440438,0.05192407,0.07858539,0.04942174,0.06210904,0.04996331,0.7599367,-0.6896806,0,0,0,0
3560,2.792264,1.919696,16.13937,1.877265,0.2856045,0.1872632,0.1408654,0.1910633,1,0.1109921,0.07551946,0.07721601,0.04995986,0.0755532,0.05095599,0.7634449,-0.688578,0,0,0,0
3561,1.558106e-46,1.919696,16.13937,1.877265,0.2246645,0.1888037,0.1409434,0.1781376,1,0,0.05973415,0.07721601,0.05036375,0.0755532,0.04756494,0.7555485,-0.6898766,0,0,0,0
3562,1.494518e-46,1.887405,16.13937,1.805762,0.1697978,0.189772,0.1410024,0.1821501,1,0,0.04537273,0.07595074,0.05061756,0.07274677,0.04861845,0.7599366,-0.6873009,0,0,0,0
3563,1.433526e-46,1.846355,16.13937,1.519363,0.1767273,0.1917356,0.1410638,0.1972199,1,0,0.04719446,0.07434067,0.05113215,0.06145091,0.05256837,0.755796,-0.6898301,0,0,0,0
3564,4.335569,1.856633,16.13881,2.049266,0.269061,0.1924234,0.140999,0.2102178,1,0.1688616,0.07125123,0.07474399,0.05131235,0.08228178,0.05596656,0.7558577,-0.6872531,0,0,0,0
3565,7.122057,1.935767,16.14128,2.147381,0.1505971,0.1902305,0.1410513,0.2059894,1,0.267807,0.04031298,0.07784531,0.05073773,0.08610594,0.05486197,0.7559332,-0.6884248,0,0,0,0
3566,1.265083e-46,1.904742,16.14128,1.837129,0.1567431,0.1898449,0.1411057,0.1918684,1,0,0.0419345,0.0766302,0.05063668,0.07397858,0.05116695,0.753155,-0.689659,0,0,0,0
3567,2.906219,1.937034,16.14229,2.192334,0.1772433,0.1895659,0.1411673,0.1885688,1,0.1153454,0.04733002,0.07789487,0.05056354,0.08785468,0.05030217,0.7560588,-0.688599,0,0,0,0
3568,6.182971,2.005733,16.14444,2.94803,0.2786682,0.1918477,0.141264,0.2005992,1,0.2352134,0.07373143,0.08058176,0.05116152,0.1169394,0.05345264,0.7586422,-0.6873479,0,0,0,0
3569,1.116431e-46,1.963008,16.14444,2.88598,0.3212103,0.1941004,0.1413756,0.2152396,1,0,0.08466312,0.07891132,0.05175162,0.1145732,0.05727731,0.7608041,-0.6910168,0,0,0,0
3570,8.501138,2.057465,16.14444,3.443278,0.06501436,0.1912388,0.141185,0.1915485,1,0.3143755,0.01754189,0.08260172,0.05100198,0.1356869,0.05108313,0.7540039,-0.6884043,0,0,0,0
3571,1.027167e-46,2.057465,16.14444,2.651938,0.275207,0.1898503,0.1412805,0.2057827,1,0,0.07283837,0.08260172,0.0506381,0.1056134,0.05480794,0.7540981,-0.6914468,0,0,0,0
3572,9.852473e-47,2.027656,16.14444,2.619647,0.2921503,0.1923741,0.141382,0.2222614,1,0,0.07720479,0.08143812,0.05129942,0.1043728,0.05910812,0.7519373,-0.6882368,0,0,0,0
3573,3.410479,2.035742,16.14562,2.71357,0.2338332,0.1930856,0.1414632,0.2278611,1,0.1344528,0.06212019,0.08175384,0.0514858,0.1079782,0.06056647,0.7607827,-0.6899139,0,0,0,0
3574,6.422889,2.107107,16.14785,2.765309,0.2073915,0.1947231,0.1415352,0.2195943,1,0.2436107,0.05522832,0.08453745,0.05191468,0.1099605,0.058413,0.7604203,-0.6869208,0,0,0,0
3575,2.906219,2.10299,16.14886,3.120513,0.1093559,0.1939745,0.1415731,0.1958441,1,0.1153454,0.02938476,0.08437701,0.05171864,0.1234964,0.05220821,0.7580564,-0.6888627,0,0,0,0
3576,6.377306,2.173849,16.14963,2.955391,3.483912e-47,0.1927098,0.1414844,0.1854091,1,0.242019,0,0.08713586,0.05138738,0.1172198,0.04947358,0.7578855,-0.6918059,0,0,0,0
3577,7.999581e-47,2.173849,16.14963,2.893291,0.207997,0.1924409,0.1415566,0.1782086,1,0,0.0553865,0.08713586,0.05131692,0.1148522,0.04758357,0.7552567,-0.6867996,0,0,0,0
3578,7.673114e-47,2.078602,16.14963,2.863482,0.1283304,0.1902888,0.1416012,0.159759,1,0,0.03442296,0.08342625,0.05075301,0.1137143,0.04272953,0.7585984,-0.6881435,0,0,0,0
3579,7.35997e-47,2.018985,16.14963,2.4451,0.4540034,0.1923556,0.1417588,0.1880021,1,0,0.1182626,0.08109947,0.05129458,0.09764835,0.05015361,0.7517263,-0.6897508,0,0,0,0
3580,7.059605e-47,2.018985,16.14963,1.697836,0.2850735,0.1941531,0.1418578,0.1974026,1,0,0.07538264,0.08109947,0.05176541,0.06850044,0.05261619,0.7544606,-0.6886547,0,0,0,0
3581,3.024824,2.023954,16.15068,1.744624,0.1446921,0.1946391,0.141908,0.2029365,1,0.1198624,0.03875333,0.08129355,0.0518927,0.07034283,0.05406391,0.7589787,-0.6859468,0,0,0,0
3582,6.455882,2.095686,16.15,1.825086,2.713273e-47,0.1937914,0.1415861,0.2001137,1,0.2447616,0,0.08409233,0.05167069,0.07350578,0.05332563,0.7584887,-0.6866887,0,0,0,0
3583,2.682778,2.089086,16.15094,2.152981,0.1839397,0.1950833,0.1416499,0.1986368,1,0.1067972,0.0490881,0.08383506,0.05200901,0.08632393,0.05293919,0.7601539,-0.6870899,0,0,0,0
3584,4.88834,2.105507,16.15263,2.750445,0.2724958,0.1962279,0.1417445,0.2149966,1,0.1890369,0.07213846,0.08447509,0.05230869,0.1093913,0.05721393,0.7560551,-0.684474,0,0,0,0
3585,5.73195e-47,2.040718,16.15263,2.750445,0.2121447,0.1949107,0.1418182,0.1866095,1,0,0.05646964,0.08194811,0.05196382,0.1093913,0.04978843,0.7570741,-0.6886697,0,0,0,0
3586,5.498026e-47,1.973284,16.15263,2.750445,0.368254,0.1965229,0.1419461,0.1986272,1,0,0.09665587,0.07931328,0.05238593,0.1093913,0.05293668,0.7511864,-0.6871471,0,0,0,0
3587,2.682778,1.966684,16.15356,2.713609,0.1659626,0.1926034,0.1420037,0.2022664,1,0.1067972,0.04436351,0.07905515,0.0513595,0.1079797,0.05388868,0.7532605,-0.6900225,0,0,0,0
3588,5.058428e-47,1.966684,16.15141,1.996289,0.1631399,0.1934977,0.1417846,0.2203714,1,0,0.04362026,0.07905515,0.05159377,0.08021268,0.05861558,0.7560129,-0.6889743,0,0,0,0
3589,2.906219,1.998976,16.15242,1.981903,0.1567431,0.1926122,0.1418391,0.2169272,1,0.1153454,0.0419345,0.08031769,0.0513618,0.07965032,0.05771754,0.7582687,-0.6880955,0,0,0,0
3590,3.024824,1.962119,16.15347,1.77743,0.1283304,0.1916397,0.1418836,0.1991613,1,0.1198624,0.03442296,0.07887655,0.05110701,0.07163327,0.05307645,0.7560831,-0.6863531,0,0,0,0
3591,7.715232,2.008403,16.15615,2.720403,0.07330348,0.1913765,0.1419091,0.1820527,1,0.2880217,0.01976317,0.08068608,0.05103805,0.1082401,0.0485929,0.753664,-0.6879415,0,0,0,0
3592,4.281867e-47,1.958264,16.15615,2.720403,1.7887e-47,0.1892493,0.1419091,0.139249,1,0,0,0.07872575,0.05048057,0.1082401,0.03731416,0.752266,-0.6856617,0,0,0,0
3593,3.549664,1.96668,16.15738,2.856164,0.1390187,0.1878646,0.1419573,0.1358362,1,0.1396825,0.03725323,0.07905497,0.05011754,0.1134348,0.0364111,0.7578841,-0.6881503,0,0,0,0
3594,3.410479,2.004574,16.15554,3.224827,0.1839397,0.1892928,0.1419151,0.1372015,1,0.1344528,0.0490881,0.08053646,0.05049196,0.1274475,0.03677244,0.7522288,-0.6900979,0,0,0,0
3595,3.778734e-47,2.004574,16.15554,2.82278,0.2246645,0.1899024,0.1419931,0.1455713,1,0,0.05973415,0.08053646,0.05065175,0.1121592,0.03898565,0.7583097,-0.6872348,0,0,0,0
3596,4.165569,2.050858,16.15698,2.995814,0.1009483,0.1901417,0.1420282,0.1419089,1,0.1625996,0.02714667,0.08234391,0.05071447,0.1187589,0.03801763,0.7544013,-0.6874964,0,0,0,0
3597,3.476604e-47,2.050858,16.15698,2.106275,0.2210263,0.1901724,0.1421049,0.158809,1,0,0.05878627,0.08234391,0.05072251,0.084505,0.04247916,0.7536989,-0.6863877,0,0,0,0
3598,3.334721e-47,2.050858,16.15698,2.037575,0.2932957,0.1923536,0.1422067,0.19156,1,0,0.07749947,0.08234391,0.05129405,0.08182541,0.05108613,0.7532097,-0.6861524,0,0,0,0
3599,3.410479,2.056461,16.15817,2.060004,0.2950937,0.1956324,0.1423092,0.2086114,1,0.1344528,0.07796197,0.08256255,0.05215279,0.0827008,0.05554703,0.7522284,-0.6913624,0,0,0,0
