t_ms,co,no2,temp,rh
0,0,0.172045,29.1539,76.7878
5000,0,0,29.1728,76.7794
10000,0,0,29.1201,76.8492
15000,0,0,29.1142,76.7748
20000,0,0.106459,29.133,76.7033
25000,0,0,29.1464,76.7714
30000,0,0.227638,29.156,76.7313
35000,0,0.12493,29.1625,76.7406
40000,0,0.179066,29.1481,76.7866
45000,0,0,29.1377,76.6847
50000,0,0.201897,29.1569,76.8293
55000,0,0.179066,29.1271,76.7836
60000,0,0.210136,29.1732,76.8171
65000,0,0.140858,29.1214,76.6984
70000,0,0.110803,29.1156,76.6419
75000,0,0.256661,29.1536,76.7144
80000,0,0.130029,29.1544,76.7592
85000,0,0.130029,29.145,76.6925
90000,0,0.130029,29.1654,76.7477
95000,0,0.15259,29.1518,76.7686
100000,0,0.246597,29.1086,76.8211
105000,0,0,29.104,76.7166
110000,0,0.15259,29.1403,76.8161
115000,0,0.201897,29.144,76.7167
120000,0,0.172045,29.1803,76.833
125000,0,0.135335,29.1173,76.7347
130000,0,0.115325,29.1249,76.8388
135000,0,0.227638,29.1232,76.7616
140000,0,0.172045,29.1371,76.8187
145000,0,0.165299,29.1773,76.8057
150000,0,0.227638,29.1304,76.8184
155000,0,0.165299,29.1035,76.8296
160000,0,0.179066,29.115,76.8507
165000,0,0,29.1604,76.8175
170000,0,0.15259,29.1363,76.877
175000,0,0.12493,29.1482,76.7553
180000,0,0.15259,29.1531,76.8188
185000,0,0.146607,29.1515,76.8485
190000,0,0.115325,29.1538,76.8414
195000,0,0.19398,29.1487,76.8067
200000,0,0,29.1572,76.8895
205000,0,0.172045,29.127,76.8202
210000,0,0,29.1592,76.8596
215000,0,0.201897,29.1403,76.8275
220000,0,0.165299,29.1179,76.7987
225000,0,0.120032,29.1261,76.8853
230000,0,0,29.1476,76.8166
235000,0,0.158817,29.135,76.8226
240000,0,0.210136,29.1341,76.8708
245000,0,0.172045,29.1794,76.7496
250000,0,0.15259,29.1319,76.7779
255000,0,0,29.1391,76.8959
260000,0,0.106459,29.1429,76.8472
265000,0,0.227638,29.1503,76.727
270000,0,0.267135,29.1226,76.7491
275000,0,0.12493,29.1386,76.8003
280000,0,0,29.1752,76.8669
285000,0,0,29.1397,76.8173
290000,0,0.158817,29.1186,76.8641
295000,0,0.236928,29.1772,76.8507
300000,0,0,29.1184,76.8346
305000,0,0.120032,29.1051,76.8101
310000,0,0.179066,29.1361,76.8345
315000,0,0,29.1515,76.8522
320000,0,0.186374,29.1018,76.8663
325000,0,0.158817,29.2,76.8391
330000,0,0.218712,29.1314,76.9171
335000,0,0,29.1521,76.9077
340000,0,0,29.1296,76.8788
345000,0,0.158817,29.1321,76.8505
350000,0,0.186374,29.1617,76.8782
355000,0,0.227638,29.1092,76.9092
360000,0,0.120032,29.1552,76.9415
365000,0,0,29.1696,76.8758
370000,0,0.12493,29.116,76.892
375000,0,0,29.1125,76.8494
380000,0,0.210136,29.1468,76.8639
385000,0,0,29.1174,76.7933
390000,0,0.227638,29.1383,76.8869
395000,0,0.135335,29.128,76.8076
400000,0,0,29.1369,76.9423
405000,0,0.165299,29.1383,76.8903
410000,0,0,29.0888,76.8456
415000,0,0.210136,29.1593,77.0361
420000,0,0.186374,29.13,76.8865
425000,0,0.120032,29.1485,76.8351
430000,0,0,29.1432,76.9
435000,0,0,29.1034,76.9769
440000,0,0.146607,29.1246,76.9329
445000,0,0.218712,29.1347,76.7996
450000,0,0.12493,29.109,76.8729
455000,0,0.158817,29.1349,76.8699
460000,0,0,29.1035,76.9007
465000,0,0.267135,29.1108,76.8918
470000,0,0.158817,29.1551,76.9127
475000,0,0.19398,29.109,76.9837
480000,0,0.158817,29.1621,76.9131
485000,0,0.158817,29.1455,76.9762
490000,0,0.256661,29.159,76.9058
495000,0,0.146607,29.122,76.9136
500000,0,0,29.1339,76.9934
505000,0,0.19398,29.1537,76.9368
510000,0,0,29.1482,76.9634
515000,0,0.165299,29.139,76.9739
520000,0,0.120032,29.1137,77.02
525000,0,0.179066,29.1534,76.9372
530000,0,0.106459,29.1431,76.9666
535000,0,0.172045,29.1266,76.9798
540000,0,0.140858,29.105,76.957
545000,0,0.172045,29.0855,76.9181
550000,0,0.172045,29.1373,76.8684
555000,0,0,29.1121,76.9471
560000,0,0.210136,29.1382,77.0435
565000,0,0.210136,29.1517,77.0373
570000,0,0.120032,29.144,77.0042
575000,0,0.130029,29.122,76.9835
580000,0,0.106459,29.1037,76.9361
585000,0,0.146607,29.1374,76.9726
590000,0,0.135335,29.1407,76.9962
595000,0,0.186374,29.1323,76.9573
600000,0,0.140858,29.1399,76.954
605000,0,0.106459,29.1135,76.9489
610000,0,0.186374,29.1212,77.0535
615000,0,0,29.1218,76.9952
620000,0,0.165299,29.0979,76.9999
625000,0,0.140858,29.0977,76.9799
630000,0,0,29.1367,76.9832
635000,0,0.236928,29.1146,77.0083
640000,0,0.158817,29.1106,76.9119
645000,0,0,29.1122,76.8754
650000,0,0.218712,29.1241,77.0535
655000,0,0.146607,29.1233,77.0276
660000,0,0.12493,29.1146,77.0016
665000,0,0,29.0982,76.9665
670000,0,0,29.1287,76.9755
675000,0,0.106459,29.1421,77.0468
680000,0,0.15259,29.0884,77.0017
685000,0,0,29.1304,77.0492
690000,0,0,29.1361,76.9992
695000,0,0.165299,29.1521,77.0253
700000,0,0.120032,29.1348,76.9971
705000,0,0,29.0939,77.0267
710000,0,0.146607,29.1522,77.0437
715000,0,0.19398,29.0891,76.9921
720000,0,0.140858,29.106,77.0049
725000,0,0,29.1451,77.0074
730000,0,0,29.1202,77.0879
735000,0,0.158817,29.0704,76.9556
740000,0,0,29.0801,77.0149
745000,0,0.130029,29.1012,77.0173
750000,0,0.227638,29.1845,76.9692
755000,0,0,29.1352,77.0486
760000,0,0.146607,29.145,77.1292
765000,0,0,29.094,77.0237
770000,0,0,29.1067,77.1146
775000,0,0.140858,29.1143,77.0212
780000,0,0,29.1391,77.0623
785000,0,0.135335,29.1131,77.0188
790000,0,0.179066,29.1476,77.0685
795000,0,0,29.126,77.0326
800000,0,0,29.1144,77.1813
805000,0,0.19398,29.0957,77.0693
810000,0,0.130029,29.1092,77.0607
815000,0,0.15259,29.106,77.0888
820000,0,0.146607,29.1046,77.007
825000,0,0.210136,29.1197,77.0744
830000,0,0.115325,29.099,77.0022
835000,0,0.15259,29.1192,77.1176
840000,0,0.256661,29.118,77.0702
845000,0,0.115325,29.0961,77.036
850000,0,0,29.1347,77.0302
855000,0,0,29.1628,77.1728
860000,0,0.106459,29.1115,77.0274
865000,0,0,29.1135,77.0542
870000,0,0.165299,29.116,77.1447
875000,0,0.12493,29.1336,77.1248
880000,0,0.130029,29.1257,77.0355
885000,0,0.210136,29.0883,77.0433
890000,0,0.140858,29.1114,77.0999
895000,0,0.135335,29.1258,77.1558
900000,0,0.236928,29.1048,77.1106
905000,0,0.12493,29.1272,77.1298
910000,0,0.120032,29.1462,77.0259
915000,0,0,29.0789,77.2376
920000,0,0.110803,29.0774,77.0414
925000,0,0.201897,29.1124,77.0883
930000,0,0.106459,29.0846,77.0323
935000,0,0,29.1235,77.1994
940000,0,0.120032,29.1127,77.1409
945000,0,0.146607,29.1373,77.1727
950000,0,0.165299,29.0973,77.2106
955000,0,0.179066,29.0694,77.061
960000,0,0.256661,29.1202,77.1555
965000,0,0.106459,29.1157,77.156
970000,0,0.172045,29.0878,77.1683
975000,0,0,29.1348,77.1178
980000,0,0.227638,29.1085,77.1482
985000,0,0.19398,29.1061,77.0652
990000,0,0.186374,29.0695,77.1077
995000,0,0,29.108,77.0978
1000000,0,0.135335,29.1385,77.1523
1005000,0,0.115325,29.108,77.2732
1010000,0,0.158817,29.0855,77.1253
1015000,0,0.106459,29.0945,77.1016
1020000,0,0.15259,29.1186,77.0943
1025000,0,0.158817,29.1158,77.1724
1030000,0,0.102284,29.0901,77.0689
1035000,0,0.12493,29.1109,77.1884
1040000,0,0,29.0982,77.19
1045000,0,0.158817,29.111,77.095
1050000,0,0.146607,29.0984,77.2103
1055000,0,0.201897,29.0638,77.2402
1060000,0,0.227638,29.0876,77.1877
1065000,0,0.165299,29.0948,76.9984
1070000,0,0.146607,29.0854,77.1288
1075000,0,0,29.1136,77.1924
1080000,0,0.227638,29.1176,77.1316
1085000,0,0.15259,29.0779,77.0477
1090000,0,0,29.1089,77.2348
1095000,0,0.130029,29.0919,77.1451
1100000,0,0.201897,29.118,77.1171
1105000,0,0.19398,29.0992,77.1356
1110000,0,0,29.0936,77.2536
1115000,0,0.106459,29.0827,77.2441
1120000,0,0.115325,29.1385,77.2171
1125000,0,0.179066,29.1003,77.1197
1130000,0,0.106459,29.0922,77.1483
1135000,0,0.165299,29.1126,77.2486
1140000,0,0,29.0779,77.1246
1145000,0,0,29.1002,77.2792
1150000,0,0.186374,29.0801,77.194
1155000,0,0.15259,29.0936,77.1816
1160000,0,0.115325,29.0959,77.2607
1165000,0,0.158817,29.1393,77.197
1170000,0,0.267135,29.0955,77.2334
1175000,0,0.12493,29.0591,77.2485
1180000,0,0.146607,29.1134,77.2429
1185000,0,0.110803,29.1169,77.3161
1190000,0,0.146607,29.1466,77.2346
1195000,0,0.135335,29.1015,77.2765
1200000,0,0.278037,29.0857,77.2195
1205000,0,0.19398,29.1085,77.2431
1210000,0,0.158817,29.0916,77.2818
1215000,0,0,29.104,77.2777
1220000,0,0.115325,29.085,77.2399
1225000,0,0,29.1226,77.2407
1230000,0,0.115325,29.0991,77.227
1235000,0,0.218712,29.0886,77.3008
1240000,0,0.172045,29.0782,77.2826
1245000,0,0.158817,29.0971,77.2276
1250000,0,0.15259,29.081,77.2933
1255000,0,0.15259,29.077,77.2539
1260000,0,0.227638,29.1102,77.1638
1265000,0,0.130029,29.0991,77.2584
1270000,0,0,29.1048,77.2817
1275000,0,0.130029,29.1001,77.2633
1280000,0,0.165299,29.083,77.2544
1285000,0,0,29.0982,77.2762
1290000,0,0,29.0759,77.3745
1295000,0,0.135335,29.1093,77.3544
1300000,0,0.135335,29.0925,77.3696
1305000,0,0.256661,29.1174,77.4422
1310000,0,0.102284,29.0932,77.523
1315000,0,0,29.0702,77.4438
1320000,0,0,29.1098,77.5872
1325000,0,0,29.0645,77.5201
1330000,0,0,29.1475,77.7439
1335000,0,0.227638,29.1187,77.6782
1340000,0,0.256661,29.0845,77.636
1345000,0,0,29.1258,77.768
1350000,0,0.115325,29.0849,77.8409
1355000,0,0.227638,29.0872,77.9236
1360000,0,0.140858,29.0764,77.9694
1365000,0,0.12493,29.1058,77.979
1370000,0,0.115325,29.105,78.0612
1375000,0,0,29.1141,78.0193
1380000,0,0,29.124,78.0685
1385000,0,0,29.0924,78.1349
1390000,0,0.201897,29.097,78.2379
1395000,0,0,29.0948,78.3149
1400000,0,0.19398,29.0791,78.3041
1405000,0,0.15259,29.1618,78.3828
1410000,0,0.115325,29.1435,78.3457
1415000,0,0,29.118,78.4455
1420000,0,0.106459,29.1122,78.53
1425000,0,0.301194,29.0983,78.6247
1430000,0,0,29.0947,78.7155
1435000,0,0.313486,29.1034,78.7393
1440000,0,0.172045,29.1343,78.6872
1445000,0,0.179066,29.1156,78.8863
1450000,0,0.186374,29.1389,78.8006
1455000,0,0.218712,29.1119,78.8785
1460000,0,0.179066,29.1407,79.0027
1465000,0,0.158817,29.0998,78.9328
1470000,0,0.301194,29.0814,79.0514
1475000,0,0.165299,29.0968,79.1457
1480000,0,0,29.1019,79.1475
1485000,0,0.210136,29.0853,79.2237
1490000,0,0,29.106,79.3367
1495000,0,0.130029,29.1107,79.2986
1500000,0,0.115325,29.0837,79.2858
1505000,0,0.172045,29.1115,79.4448
1510000,0,0.102284,29.127,79.4661
1515000,0,0.110803,29.1313,79.4494
1520000,0,0.201897,29.124,79.6126
1525000,0,0.201897,29.1315,79.5815
1530000,0,0.201897,29.1107,79.6308
1535000,0,0.106459,29.1237,79.7223
1540000,0,0.158817,29.133,79.6513
1545000,0,0.218712,29.1059,79.7788
1550000,0,0.172045,29.1047,79.7782
1555000,0,0.19398,29.1328,79.883
1560000,0,0.158817,29.145,79.9798
1565000,0,0.186374,29.1691,80.0208
1570000,0,0.218712,29.1489,80.0112
1575000,0,0.201897,29.1174,80.0691
1580000,0,0.186374,29.0968,80.101
1585000,0,0.158817,29.1267,80.1729
1590000,0,0.210136,29.1559,80.2282
1595000,0,0.186374,29.1529,80.2018
1600000,0,0.172045,29.1502,80.2621
1605000,0,0.201897,29.0906,80.4292
1610000,0,0.267135,29.1409,80.4507
1615000,0,0.353455,29.1392,80.4011
1620000,0,0.246597,29.1321,80.4123
1625000,0,0.227638,29.1683,80.5003
1630000,0,0.289384,29.1378,80.6369
1635000,0,0.165299,29.153,80.5756
1640000,0,0.227638,29.1583,80.6125
1645000,0,0.172045,29.1346,80.7086
1650000,0,0.15259,29.1322,80.7075
1655000,0,0.313486,29.1503,80.732
1660000,0,0.256661,29.1233,80.7722
1665000,0,0.313486,29.1443,80.8153
1670000,0,0.227638,29.1399,80.8733
1675000,0,0.179066,29.1366,80.9162
1680000,0,0.179066,29.1458,80.9208
1685000,0,0.158817,29.1176,80.9695
1690000,0,0.398519,29.1178,81.0444
1695000,0,0.246597,29.1919,81.0236
1700000,0,0.256661,29.1835,81.0693
1705000,0,0.227638,29.141,81.1055
1710000,0,0.158817,29.1536,81.1086
1715000,0,0.256661,29.1624,81.2822
1720000,0,0.313486,29.1301,81.293
1725000,0,0,29.1649,81.3418
1730000,0,0.246597,29.1701,81.2617
1735000,0,0.201897,29.1576,81.3768
1740000,0,0.301194,29.1272,81.3687
1745000,0,0.227638,29.1441,81.4351
1750000,0,0.339596,29.1779,81.4178
1755000,0,0.130029,29.1292,81.5315
1760000,0,0.246597,29.1329,81.5586
1765000,0,0.236928,29.177,81.6586
1770000,0,0.19398,29.1427,81.6827
1775000,0,0.140858,29.1835,81.6883
1780000,0,0.246597,29.1741,81.6472
1785000,0,0.135335,29.1419,81.622
1790000,0,0.210136,29.1092,81.7727
1795000,0,0.227638,29.1397,81.8064
1800000,0,0.256661,29.1604,81.7086
1805000,0,0.165299,29.1645,81.8296
1810000,0,0.201897,29.1569,81.8177
1815000,0,0.267135,29.1647,81.8675
1820000,0,0.382893,29.1245,81.8865
1825000,0,0.267135,29.1968,81.9594
1830000,0,0.301194,29.1713,81.9864
1835000,0,0.256661,29.1537,82.0267
1840000,0,0.172045,29.1283,82.0227
1845000,0,0.313486,29.1905,82.0426
1850000,0,0.313486,29.177,82.1348
1855000,0,0.278037,29.1659,82.1897
1860000,0,0.32628,29.1653,82.2019
1865000,0,0.218712,29.1766,82.2685
1870000,0,0.19398,29.1693,82.2401
1875000,0,0.246597,29.2056,82.3059
1880000,0,0.289384,29.1789,82.231
1885000,0,0.165299,29.1687,82.1874
1890000,0,0.267135,29.1787,82.3607
1895000,0,0.15259,29.1666,82.4632
1900000,0,0.210136,29.1664,82.4594
1905000,0,0,29.1582,82.3155
1910000,0,0.353455,29.14,82.4482
1915000,0,0.210136,29.1637,82.5136
1920000,0,0.210136,29.1643,82.5667
1925000,0,0.210136,29.1643,82.5293
1930000,0,0.367879,29.1465,82.5061
1935000,0,0.382893,29.236,82.5402
1940000,0,0.278037,29.2009,82.5841
1945000,0,0.32628,29.2275,82.6547
1950000,0,0.201897,29.185,82.7192
1955000,0,0.256661,29.1771,82.6945
1960000,0,0.353455,29.156,82.6713
1965000,0,0.301194,29.1746,82.7306
1970000,0,0.339596,29.1713,82.78
1975000,0,0.278037,29.1803,82.7794
1980000,0,0.382893,29.2259,82.729
1985000,0,0.256661,29.1588,82.8417
1990000,0,0.256661,29.1995,82.861
1995000,0,0.449329,29.199,82.8596
2000000,0,0.367879,29.2244,82.8769
2005000,0,0.339596,29.211,82.9732
2010000,0,0.289384,29.1907,82.9178
2015000,0,0.353455,29.1902,82.9295
2020000,0,0.367879,29.2075,82.9676
2025000,0,0.278037,29.1632,83.0686
2030000,0,0.382893,29.1895,83.0344
2035000,0,0.353455,29.2037,83.0926
2040000,0,0.32628,29.205,83.0659
2045000,0,0.246597,29.1882,83.1272
2050000,0,0.367879,29.2086,83.206
2055000,0,0.201897,29.1896,83.2003
2060000,0,0.313486,29.2281,83.1128
2065000,0,0.256661,29.1879,83.1897
2070000,0,0.398519,29.1747,83.2909
2075000,0,0.32628,29.1708,83.2879
2080000,0,0.313486,29.2025,83.1872
2085000,0,0.289384,29.2043,83.2669
2090000,0,0.267135,29.1804,83.2826
2095000,0,0.32628,29.1926,83.2893
2100000,0,0.210136,29.2182,83.3624
2105000,0,0.313486,29.1792,83.3837
2110000,0,0.353455,29.2033,83.3882
2115000,0,0.382893,29.1922,83.362
2120000,0,0.313486,29.1893,83.4011
2125000,0,0.353455,29.246,83.4856
2130000,0,0.353455,29.1984,83.4179
2135000,0,0.267135,29.1999,83.4698
2140000,0,0.179066,29.205,83.5194
2145000,0,0.353455,29.1738,83.5613
2150000,0,0.165299,29.1929,83.6301
2155000,0,0.301194,29.1832,83.4985
2160000,0,0.353455,29.2434,83.6297
2165000,0,0.236928,29.2044,83.5586
2170000,0,0.353455,29.1767,83.567
2175000,0,0.313486,29.1998,83.611
2180000,0,0.236928,29.1806,83.6383
2185000,0,0.353455,29.2101,83.7218
2190000,0,0.313486,29.2222,83.7822
2195000,0,0.431711,29.2109,83.7164
2200000,0,0.201897,29.2064,83.7348
2205000,0,0.278037,29.2026,83.7616
2210000,0,0.32628,29.2006,83.7089
2215000,0,0.301194,29.2199,83.7859
2220000,0,0.32628,29.2158,83.8976
2225000,0,0.367879,29.1793,83.8523
2230000,0,0.506617,29.2082,83.8323
2235000,0,0.353455,29.2341,83.8082
2240000,0,0.353455,29.2042,83.8836
2245000,0,0.339596,29.2232,83.8637
2250000,0,0.382893,29.1939,83.8967
2255000,0,0.19398,29.2214,83.8425
2260000,0,0.353455,29.2148,83.9601
2265000,0,0.256661,29.1839,83.9582
2270000,0,0.339596,29.1766,83.9623
2275000,0,0.398519,29.2545,83.992
2280000,0,0.339596,29.2287,84.0365
2285000,0,0.414783,29.231,84.0389
2290000,0,0.339596,29.2017,84.0547
2295000,0,0.32628,29.2127,84.069
2300000,0,0.353455,29.2092,84.0529
2305000,0,0.449329,29.2284,84.0875
2310000,0,0.398519,29.2228,84.1975
2315000,0,0.32628,29.2012,84.0728
2320000,0,0.353455,29.2171,84.0797
2325000,0,0.256661,29.2289,84.1819
2330000,0,0.32628,29.2034,84.1341
2335000,0,0.367879,29.1948,84.1483
2340000,0,0.506617,29.2154,84.1516
2345000,0,0.353455,29.2658,84.2199
2350000,0,0.32628,29.2143,84.2401
2355000,0,0.431711,29.2325,84.1999
2360000,0,0.301194,29.2164,84.2219
2365000,0,0.267135,29.2496,84.265
2370000,0,0.449329,29.2219,84.2663
2375000,0,0.414783,29.238,84.218
2380000,0,0.382893,29.2135,84.2504
2385000,0,0.353455,29.2039,84.2632
2390000,0,0.467666,29.2579,84.2812
2395000,0,0.32628,29.2298,84.4235
2400000,0,0.467666,29.2275,84.4003
2405000,0,0.486752,29.2222,84.32
2410000,0,0.527292,29.2705,84.3596
2415000,0,0.267135,29.2711,84.371
2420000,0,0.382893,29.2074,84.4107
2425000,0,0.339596,29.2228,84.384
2430000,0,0.367879,29.2518,84.417
2435000,0,0.301194,29.2511,84.4072
2440000,0,0.548812,29.2268,84.3665
2445000,0,0.467666,29.2492,84.4577
2450000,0,0.467666,29.2328,84.4941
2455000,0,0.414783,29.2497,84.5499
2460000,0,0.339596,29.2497,84.4591
2465000,0,0.301194,29.2203,84.5434
2470000,0,0.414783,29.2216,84.4495
2475000,0,0.367879,29.2419,84.419
2480000,0,0.486752,29.2115,84.5146
2485000,0,0.506617,29.249,84.5193
2490000,0,0.486752,29.2263,84.5125
2495000,0,0.382893,29.2538,84.5993
2500000,0,0.353455,29.2561,84.5855
2505000,0,0.32628,29.2554,84.6214
2510000,0,0.414783,29.2822,84.6418
2515000,0,0.339596,29.2337,84.5314
2520000,0,0.449329,29.2795,84.5397
2525000,0,0.506617,29.2344,84.6133
2530000,0,0.367879,29.2596,84.6644
2535000,0,0.486752,29.2362,84.5674
2540000,0,0.382893,29.2429,84.6456
2545000,0,0.382893,29.2269,84.7009
2550000,0,0.449329,29.2398,84.6975
2555000,0,0.414783,29.2171,84.7975
2560000,0,0.289384,29.2488,84.696
2565000,0,0.339596,29.2436,84.6667
2570000,0,0.506617,29.2779,84.7129
2575000,0,0.548812,29.2454,84.7882
2580000,0,0.449329,29.2663,84.6761
2585000,0,0.398519,29.2519,84.7618
2590000,0,0.467666,29.2438,84.7829
2595000,0,0.506617,29.2762,84.6969
2600000,0,0.467666,29.2635,84.7949
2605000,0,0.467666,29.2526,84.7264
2610000,0,0.301194,29.267,84.8189
2615000,0,0.506617,29.2665,84.8114
2620000,0,0.467666,29.2431,84.8075
2625000,0,0.506617,29.2836,84.8635
2630000,0,0.431711,29.2777,84.7733
2635000,0,0.486752,29.2076,84.8596
2640000,0,0.449329,29.2417,84.856
2645000,0,0.414783,29.2445,84.8556
2650000,0,0.506617,29.2369,84.9173
2655000,0,0.449329,29.272,84.9251
2660000,0,0.527292,29.2691,84.8386
2665000,0,0.486752,29.2394,84.8236
2670000,0,0.486752,29.2395,84.8313
2675000,0,0.398519,29.2848,84.8947
2680000,0,0.339596,29.2843,84.8794
2685000,0,0.367879,29.2472,84.9738
2690000,0,0.339596,29.2661,84.9734
2695000,0,0.449329,29.2777,84.8994
2700000,0,0.548812,29.2726,84.9329
2705000,0,0.339596,29.2662,85.1224
2710000,0,0.431711,29.2863,84.9393
2715000,0,0.506617,29.2593,84.9972
2720000,0,0.398519,29.2661,85.0339
2725000,0,0.506617,29.2704,84.976
2730000,0,0.431711,29.2499,84.9977
2735000,0,0.486752,29.259,84.9211
2740000,0,0.486752,29.2651,84.9662
2745000,0,0.382893,29.2592,85.0142
2750000,0,0.467666,29.2708,85.0651
2755000,0,0.414783,29.2833,85.0736
2760000,0,0.527292,29.304,85.0961
2765000,0,0.594521,29.2854,85.0628
2770000,0,0.449329,29.2641,85.0542
2775000,0,0.398519,29.2667,85.0485
2780000,0,0.467666,29.2886,85.064
2785000,0,0.527292,29.2614,85.0957
2790000,0,0.449329,29.284,85.0743
2795000,0,0.527292,29.2718,84.9879
2800000,0,0.486752,29.2705,85.1468
2805000,0,0.527292,29.2729,85.1113
2810000,0,0.449329,29.2831,85.156
2815000,0,0.506617,29.2404,85.1241
2820000,0,0.527292,29.2813,85.1406
2825000,0,0.414783,29.2757,85.1608
2830000,0,0.594521,29.2841,85.0545
2835000,0,0.467666,29.2831,85.1092
2840000,0,0.571209,29.2624,85.2041
2845000,0,0.486752,29.2529,85.1835
2850000,0,0.467666,29.2852,85.1235
2855000,0,0.467666,29.2755,85.182
2860000,0,0.571209,29.2783,85.1605
2865000,0,0.486752,29.2755,85.13
2870000,0,0.506617,29.2886,85.1721
2875000,0,0.548812,29.2555,85.1688
2880000,0,0.449329,29.259,85.2104
2885000,0,0.548812,29.3215,85.1938
2890000,0,0.594521,29.3051,85.2197
2895000,0,0.506617,29.2822,85.2319
2900000,0,0.431711,29.2593,85.3324
2905000,0,0.486752,29.265,85.1878
2910000,0,0.594521,29.2985,85.2091
2915000,0,0.449329,29.2999,85.2803
2920000,0,0.431711,29.2607,85.261
2925000,0,0.467666,29.2724,85.3201
2930000,0,0.431711,29.2812,85.2333
2935000,0,0.467666,29.2717,85.3622
2940000,0,0.571209,29.3176,85.2891
2945000,0,0.506617,29.2559,85.2797
2950000,0,0.527292,29.3013,85.2192
2955000,0,0.67032,29.2827,85.2179
2960000,0,0.527292,29.2635,85.2975
2965000,0,0.506617,29.3402,85.2675
2970000,0,0.594521,29.2751,85.3334
2975000,0,0.467666,29.3056,85.2537
2980000,0,0.486752,29.2656,85.3937
2985000,0,0.527292,29.28,85.3916
2990000,0,0.382893,29.2619,85.2472
2995000,0,0.548812,29.3178,85.2989
3000000,0,0.506617,29.3027,85.3535
3005000,0,0.571209,29.3142,85.4471
3010000,0,0.571209,29.3032,85.384
3015000,0,0.527292,29.2914,85.4314
3020000,0,0.644036,29.2878,85.3524
3025000,0,0.548812,29.303,85.3332
3030000,0,0.527292,29.3016,85.4282
3035000,0,0.571209,29.2906,85.4312
3040000,0,0.467666,29.295,85.3281
3045000,0,0.548812,29.2907,85.4259
3050000,0,0.527292,29.2551,85.3435
3055000,0,0.467666,29.3094,85.4803
3060000,0,0.506617,29.2689,85.4752
3065000,0,0.506617,29.3138,85.3967
3070000,0,0.548812,29.3186,85.4971
3075000,0,0.594521,29.2979,85.5298
3080000,0,0.506617,29.3056,85.4179
3085000,0,0.548812,29.279,85.4527
3090000,0,0.506617,29.3021,85.4171
3095000,0,0.486752,29.278,85.499
3100000,0,0.571209,29.3445,85.3993
3105000,0,0.548812,29.2988,85.381
3110000,0,0.594521,29.327,85.4257
3115000,0,0.594521,29.3187,85.4813
3120000,0,0.414783,29.292,85.4808
3125000,0,0.506617,29.313,85.5773
3130000,0,0.506617,29.311,85.577
3135000,0,0.697676,29.3127,85.5195
3140000,0,0.618783,29.293,85.4547
3145000,0,0.548812,29.3183,85.4724
3150000,0,0.618783,29.2879,85.4646
3155000,0,0.506617,29.3156,85.515
3160000,0,0.467666,29.3208,85.5363
3165000,0,0.548812,29.2755,85.5298
3170000,0,0.571209,29.3084,85.5591
3175000,0,0.644036,29.3155,85.6243
3180000,0,0.618783,29.3105,85.4886
3185000,0,0.571209,29.3433,85.494
3190000,0,0.697676,29.3041,85.4974
3195000,0,0.618783,29.3085,85.5831
3200000,0,0.548812,29.3052,85.5224
3205000,0,0.618783,29.3137,85.4799
3210000,0,0.548812,29.368,85.6224
3215000,0,0.594521,29.2821,85.6347
3220000,0,0.548812,29.3139,85.5279
3225000,0,0.697676,29.3345,85.6106
3230000,0,0.594521,29.2996,85.5771
3235000,0,0.467666,29.3275,85.6208
3240000,0,0.644036,29.3035,85.5957
3245000,0,0.571209,29.3204,85.6102
3250000,0,0.594521,29.3264,85.6911
3255000,0,0.67032,29.3356,85.5305
3260000,0,0.618783,29.3443,85.5776
3265000,0,0.527292,29.3417,85.5026
3270000,0,0.618783,29.3151,85.6953
3275000,0,0.618783,29.3568,85.5683
3280000,0,0.431711,29.3081,85.5919
3285000,0,0.618783,29.3066,85.7302
3290000,0,0.618783,29.358,85.5949
3295000,0,0.697676,29.3336,85.6103
3300000,0,0.506617,29.3157,85.6589
3305000,0,0.548812,29.2904,85.6344
3310000,0,0.571209,29.3077,85.7147
3315000,0,0.644036,29.3602,85.5856
3320000,0,0.486752,29.3704,85.5959
3325000,0,0.548812,29.3241,85.6734
3330000,0,0.571209,29.2986,85.6385
3335000,0,0.571209,29.3166,85.7688
3340000,0,0.506617,29.36,85.6409
3345000,0,0.486752,29.3318,85.6509
3350000,0,0.67032,29.3377,85.783
3355000,0,0.644036,29.3254,85.7074
3360000,0,0.548812,29.3317,85.6413
3365000,0,0.548812,29.343,85.715
3370000,0,0.527292,29.3076,85.8082
3375000,0,0.726149,29.3329,85.6704
3380000,0,0.594521,29.2935,85.6891
3385000,0,0.571209,29.3204,85.6724
3390000,0,0.594521,29.3506,85.7263
3395000,0,0.571209,29.332,85.6808
3400000,0,0.548812,29.342,85.6859
3405000,0,0.697676,29.3609,85.6654
3410000,0,0.548812,29.3452,85.7858
3415000,0,0.548812,29.3021,85.838
3420000,0,0.618783,29.3099,85.7205
3425000,0,0.527292,29.384,85.7888
3430000,0,0.67032,29.3493,85.7807
3435000,0,0.644036,29.3403,85.8501
3440000,0,0.594521,29.3252,85.831
3445000,0,0.527292,29.3455,85.7878
3450000,0,0.644036,29.3584,85.7646
3455000,0,0.618783,29.3305,85.7754
3460000,0,0.618783,29.3335,85.7863
3465000,0,0.67032,29.3243,85.8218
3470000,0,0.618783,29.3639,85.7332
3475000,0,0.697676,29.3321,85.7221
3480000,0,0.67032,29.331,85.8876
3485000,0,0.618783,29.3176,85.7573
3490000,0,0.726149,29.3509,85.8291
3495000,0,0.644036,29.3445,85.6739
3500000,0,0.618783,29.3246,85.7897
3505000,0,0.594521,29.3314,85.8764
3510000,0,0.571209,29.3827,85.8705
3515000,0,0.726149,29.3537,85.8456
3520000,0,0.644036,29.3543,85.7565
3525000,0,0.618783,29.3361,85.8826
3530000,0,0.67032,29.3074,85.8188
3535000,0,0.67032,29.3265,85.8651
3540000,0,0.67032,29.3232,85.7362
3545000,0,0.67032,29.3448,85.7299
3550000,0,0.618783,29.3584,85.7692
3555000,0,0.594521,29.3517,85.7527
3560000,0,0.644036,29.3274,85.9099
3565000,0,0.67032,29.3608,85.9231
3570000,0,0.697676,29.355,85.8404
3575000,0,0.697676,29.3496,85.8571
3580000,0,0.67032,29.3603,85.7777
3585000,0,0.67032,29.352,85.7989
3590000,0,0.594521,29.3131,85.8305
3595000,0,0.644036,29.3479,85.8535
3600000,0,0.644036,29.3744,85.8417
3605000,0,0.67032,29.3713,85.7745
3610000,0,0.697676,29.3693,85.7762
3615000,0,0.618783,29.3663,85.885
3620000,0,0.697676,29.3283,85.8774
3625000,0,0.548812,29.3522,85.8933
3630000,0,0.726149,29.361,85.8786
3635000,0,0.548812,29.3544,85.9206
3640000,0,0.697676,29.3435,85.8287
3645000,0,0.67032,29.3835,85.8891
3650000,0,0.571209,29.3668,85.8038
3655000,0,0.594521,29.3603,85.933
3660000,0,0.571209,29.3563,85.7753
3665000,0,0.594521,29.3353,85.8569
3670000,0,0.644036,29.3483,85.8606
3675000,0,0.644036,29.4071,85.8678
3680000,0,0.726149,29.3869,85.8913
3685000,0,0.644036,29.3629,85.8126
3690000,0,0.594521,29.3651,85.8687
3695000,0,0.67032,29.3615,85.8928
3700000,0,0.644036,29.3598,85.9391
3705000,0,0.644036,29.3991,85.9275
3710000,0,0.618783,29.3348,85.8962
3715000,0,0.618783,29.3444,85.8843
3720000,0,0.67032,29.3648,85.9728
3725000,0,0.67032,29.3789,85.9832
3730000,0,0.67032,29.3664,85.9771
3735000,0,0.697676,29.355,86.0224
3740000,0,0.618783,29.334,85.8694
3745000,0,0.618783,29.377,85.9552
3750000,0,0.594521,29.3627,85.8914
3755000,0,0.726149,29.3446,85.8908
3760000,0,0.644036,29.3759,86.0583
3765000,0,0.786628,29.3201,85.9702
3770000,0,0.697676,29.3565,85.8428
3775000,0,0.548812,29.3631,85.9149
3780000,0,0.644036,29.3488,85.9725
3785000,0,0.697676,29.3927,85.9296
3790000,0,0.726149,29.3833,85.9969
3795000,0,0.726149,29.3697,85.9572
3800000,0,0.697676,29.3799,85.9581
3805000,0,0.697676,29.344,85.9214
3810000,0,0.618783,29.4153,85.9643
3815000,0,0.548812,29.3928,85.9644
3820000,0,0.755784,29.3826,85.8953
3825000,0,0.726149,29.3614,85.9628
3830000,0,0.644036,29.3611,85.8743
3835000,0,0.594521,29.3886,85.9948
3840000,0,0.594521,29.3412,85.9317
3845000,0,0.618783,29.3592,86.0714
3850000,0,0.786628,29.3621,86.0033
3855000,0,0.697676,29.3651,85.9449
3860000,0,0.594521,29.3549,85.9655
3865000,0,0.67032,29.4004,86.0119
3870000,0,0.755784,29.3912,86.0183
3875000,0,0.755784,29.3517,86.0132
3880000,0,0.618783,29.3525,85.947
3885000,0,0.786628,29.3699,86.0292
3890000,0,0.67032,29.3792,85.9547
3895000,0,0.644036,29.4073,86.0775
3900000,0,0.644036,29.3973,85.9722
3905000,0,0.644036,29.3583,86.0002
3910000,0,0.67032,29.3943,86.0251
3915000,0,0.726149,29.3728,85.984
3920000,0,0.818731,29.379,86.0391
3925000,0,0.594521,29.4135,85.9709
3930000,0,0.644036,29.4069,86.0627
3935000,0,0.755784,29.396,85.9719
3940000,0,0.786628,29.3865,86.0965
3945000,0,0.786628,29.38,85.9137
3950000,0,0.755784,29.3892,86.1047
3955000,0,0.644036,29.4115,85.989
3960000,0,0.697676,29.3715,86.0484
3965000,0,0.755784,29.3589,85.9813
3970000,0,0.726149,29.4162,85.9941
3975000,0,0.786628,29.3872,86.0846
3980000,0,0.697676,29.3693,86.1068
3985000,0,0.786628,29.3737,86.0672
3990000,0,0.67032,29.3678,86.0097
3995000,0,0.726149,29.3969,85.954
4000000,0,0.644036,29.4018,85.9655
4005000,0,0.697676,29.3671,86.0573
4010000,0,0.697676,29.3843,86.0502
4015000,0,0.644036,29.3933,85.9768
4020000,0,0.618783,29.4165,86.0222
4025000,0,0.697676,29.4122,85.9939
4030000,0,0.755784,29.3564,86.0755
4035000,0,0.67032,29.3546,86.0464
4040000,0,0.697676,29.388,86.044
4045000,0,0.786628,29.3936,86.1092
4050000,0,0.726149,29.4403,86.0098
4055000,0,0.726149,29.3836,86.0907
4060000,0,0.644036,29.3878,86.0381
4065000,0,0.644036,29.3946,86.0548
4070000,0,0.726149,29.416,86.0545
4075000,0,0.818731,29.4046,86.075
4080000,0,0.786628,29.3675,86.0332
4085000,0,0.726149,29.3842,86.0294
4090000,0,0.697676,29.3964,86.1892
4095000,0,0.726149,29.4134,86.0021
4100000,0,0.88692,29.4201,86.0581
4105000,0,0.786628,29.4013,86.163
4110000,0,0.726149,29.4078,86.1116
4115000,0,0.67032,29.4275,86.05
4120000,0,0.726149,29.4151,86.0894
4125000,0,0.852144,29.3905,86.0649
4130000,0,0.755784,29.4024,86.0701
4135000,0,0.88692,29.3783,86.004
4140000,0,0.755784,29.3889,86.073
4145000,0,0.755784,29.4013,86.1123
4150000,0,0.726149,29.4347,86.1766
4155000,0,0.726149,29.4254,86.0375
4160000,0,0.726149,29.419,86.1688
4165000,0,0.755784,29.3955,86.0946
4170000,0,0.786628,29.409,86.1751
4175000,0,0.726149,29.4159,86.166
4180000,0,0.852144,29.4045,86.004
4185000,0,0.818731,29.3749,86.0923
4190000,0,0.755784,29.3837,86.1289
4195000,0,0.644036,29.4041,86.1087
4200000,0,0.818731,29.429,86.0988
4205000,0,0.726149,29.3973,86.0418
4210000,0,0.726149,29.4181,86.0512
4215000,0,0.755784,29.4196,86.0118
4220000,0,0.818731,29.3907,86.071
4225000,0,0.786628,29.3995,86.1653
4230000,0,0.697676,29.4132,86.1799
4235000,0,0.818731,29.4267,86.1486
4240000,0,0.818731,29.3796,86.2067
4245000,0,0.818731,29.4062,86.1579
4250000,0,0.755784,29.3895,86.1327
4255000,0,0.852144,29.4439,86.1588
4260000,0,0.786628,29.414,86.1192
4265000,0,0.644036,29.4076,86.2375
4270000,0,0.755784,29.4069,86.0556
4275000,0,0.726149,29.4391,86.025
4280000,0,0.67032,29.4079,86.1056
4285000,0,0.852144,29.4068,86.1293
4290000,0,0.726149,29.3671,86.1932
4295000,0,0.755784,29.4028,86.1119
4300000,0,0.726149,29.4249,86.2253
4305000,0,0.786628,29.4008,86.1017
4310000,0,0.818731,29.429,86.1196
4315000,0,0.726149,29.4232,86.2348
4320000,0,0.755784,29.3863,86.2078
4325000,0,0.726149,29.4133,86.2057
4330000,0,0.697676,29.3977,86.0949
4335000,0,0.755784,29.4541,86.1545
4340000,0,0.697676,29.4418,86.2215
4345000,0,nan,29.4064,86.1567
4350000,0,0.852144,29.4018,86.1268
4355000,0,0.786628,29.3871,86.2114
4360000,0,0.755784,29.4068,86.1371
4365000,0,0.818731,29.404,86.1816
4370000,0,0.726149,29.4518,86.1925
4375000,0,0.786628,29.4293,86.1969
4380000,0,0.755784,29.4382,86.2326
4385000,0,0.726149,29.4161,86.2253
4390000,0,0.67032,29.4286,86.1993
4395000,0,0.726149,29.3957,86.1696
4400000,0,0.818731,29.4294,86.2648
4405000,0,0.755784,29.4267,86.2034
4410000,0,0.818731,29.4332,86.2898
4415000,0,0.852144,29.4297,86.1723
4420000,0,0.818731,29.4168,86.2028
4425000,0,0.923116,29.3892,86.216
4430000,0,0.755784,29.3993,86.2738
4435000,0,0.697676,29.4201,86.277
4440000,0,0.818731,29.44,86.1828
4445000,0,0.88692,29.3761,86.0834
4450000,0,0.88692,29.4343,86.2777
4455000,0,0.852144,29.4127,86.1506
4460000,0,0.786628,29.4368,86.1133
4465000,0,0.852144,29.4257,86.1479
4470000,0,0.644036,29.4448,86.2286
4475000,0,0.818731,29.4031,86.2102
4480000,0,0.818731,29.435,86.2904
4485000,0,0.818731,29.4368,86.2608
4490000,0,0.818731,29.411,86.2468
4495000,0,0.88692,29.4177,86.128
4500000,0,0.818731,29.4039,86.237
4505000,0,0.818731,29.4123,86.2673
4510000,0,0.755784,29.3977,86.222
4515000,0,0.818731,29.4388,86.2002
4520000,0,0.726149,29.4026,86.2149
4525000,0,0.852144,29.4049,86.1716
4530000,0,0.786628,29.4266,86.1687
4535000,0,0.786628,29.4039,86.2086
4540000,0,0.786628,29.4246,86.1721
4545000,0,0.755784,29.4265,86.1661
4550000,0,0.726149,29.4542,86.1496
4555000,0,0.818731,29.4473,86.313
4560000,0,0.818731,29.4541,86.1597
4565000,0,0.852144,29.401,86.2665
4570000,0,0.818731,29.417,86.2034
4575000,0,0.88692,29.4263,86.2861
4580000,0,0.786628,29.4799,86.2747
4585000,0,0.818731,29.4193,86.2267
4590000,0,0.852144,29.4617,86.2196
4595000,0,0.818731,29.429,86.2411
4600000,0,0.960789,29.4158,86.2912
4605000,0,0.852144,29.4498,86.2773
4610000,0,0.755784,29.4347,86.2769
4615000,0,0.923116,29.4345,86.2538
4620000,0,0.786628,29.4486,86.1319
4625000,0,0.786628,29.4335,86.2881
4630000,0,0.960789,29.4173,86.2745
4635000,0,0.88692,29.4391,86.2032
4640000,0,0.818731,29.4288,86.2385
4645000,0,0.726149,29.416,86.2169
4650000,0,0.88692,29.472,86.1811
4655000,0,0.818731,29.438,86.346
4660000,0,0.852144,29.4781,86.2925
4665000,0,0.818731,29.4752,86.3079
4670000,0,0.852144,29.4154,86.2637
4675000,0,0.67032,29.4187,86.3274
4680000,0,0.852144,29.4542,86.2952
4685000,0,0.697676,29.4208,86.3213
4690000,0,0.818731,29.4178,86.2386
4695000,0,0.852144,29.4744,86.3207
4700000,0,0.852144,29.4411,86.2674
4705000,0,0.923116,29.4463,86.2819
4710000,0,0.726149,29.4469,86.1667
4715000,0,0.818731,29.4653,86.2025
4720000,0,0.923116,29.4205,86.2097
4725000,0,0.755784,29.483,86.2812
4730000,0,0.852144,29.4335,86.3143
4735000,0,0.786628,29.4604,86.3004
4740000,0,0.786628,29.4307,86.1846
4745000,0,0.88692,29.434,86.2865
4750000,0,0.88692,29.4527,86.2641
4755000,0,0.852144,29.4468,86.2878
4760000,0,0.852144,29.4479,86.2943
4765000,0,1,29.4674,86.3068
4770000,0,0.818731,29.4466,86.3062
4775000,0,0.755784,29.4394,86.2947
4780000,0,0.852144,29.4321,86.4013
4785000,0,0.726149,29.4183,86.2333
4790000,0,0.88692,29.4455,86.2463
4795000,0,0.960789,29.4633,86.3266
4800000,0,0.852144,29.4276,86.3427
4805000,0,0.852144,29.4625,86.3226
4810000,0,0.818731,29.4477,86.2855
4815000,0,0.852144,29.4843,86.31
4820000,0,0.852144,29.4675,86.2908
4825000,0,0.88692,29.4491,86.3129
4830000,0,0.852144,29.453,86.3456
4835000,0,0.726149,29.4774,86.3133
4840000,0,0.818731,29.4272,86.3579
4845000,0,0.755784,29.4444,86.323
4850000,0,0.755784,29.4303,86.3453
4855000,0,0.852144,29.438,86.3438
4860000,0,0.923116,29.4541,86.4072
4865000,0,0.88692,29.4608,86.3212
4870000,0,0.818731,29.4205,86.3064
4875000,0,0.852144,29.4776,86.2893
4880000,0,0.852144,29.4587,86.337
4885000,0,0.818731,29.4137,86.2742
4890000,0,0.852144,29.4359,86.2345
4895000,0,0.923116,29.4686,86.3015
4900000,0,0.88692,29.4546,86.3099
4905000,0,0.852144,29.4566,86.2983
4910000,0,0.852144,29.4131,86.3741
4915000,0,0.88692,29.485,86.4226
4920000,0,0.88692,29.4616,86.3001
4925000,0,0.852144,29.4615,86.3382
4930000,0,0.786628,29.4595,86.3118
4935000,0,0.852144,29.4847,86.345
4940000,0,0.818731,29.4669,86.3336
4945000,0,0.786628,29.4816,86.3427
4950000,0,0.755784,29.4645,86.3679
4955000,0,0.852144,29.4539,86.3242
4960000,0,0.852144,29.453,86.3361
4965000,0,0.923116,29.4818,86.3997
4970000,0,0.923116,29.4596,86.4022
4975000,0,0.818731,29.448,86.3969
4980000,0,0.755784,29.4526,86.3668
4985000,0,0.852144,29.471,86.2655
4990000,0,0.697676,29.4527,86.3681
4995000,0,0.818731,29.4669,86.1581
5000000,0,0.923116,29.4238,86.4127
5005000,0,0.923116,29.495,86.3451
5010000,0,1,29.47,86.3737
5015000,0,0.923116,29.4656,86.3567
5020000,0,0.852144,29.4562,86.4459
5025000,0,0.852144,29.4394,86.2564
5030000,0,0.755784,29.4572,86.3895
5035000,0,0.923116,29.471,86.2893
5040000,0,0.88692,29.4496,86.3484
5045000,0,0.923116,29.4715,86.3051
5050000,0,0.852144,29.465,86.3806
5055000,0,0.923116,29.4738,86.3631
5060000,0,0.818731,29.4243,86.4438
5065000,0,0.960789,29.4934,86.3915
5070000,0,0.818731,29.4672,86.3374
5075000,0,0.88692,29.4781,86.4117
5080000,0,0.88692,29.4716,86.3637
5085000,0,0.852144,29.4525,86.4269
5090000,0,0.852144,29.4931,86.4054
5095000,0,0.923116,29.4766,86.3904
5100000,0,0.960789,29.4857,86.289
5105000,0,0.923116,29.5053,86.2826
5110000,0,0.960789,29.4772,86.3228
5115000,0,0.818731,29.4785,86.3788
5120000,0,0.852144,29.4678,86.4745
5125000,0,0.818731,29.4912,86.2963
5130000,0,0.852144,29.475,86.3825
5135000,0,0.818731,29.5015,86.3728
5140000,0,0.960789,29.4646,86.421
5145000,0,0.852144,29.4754,86.4114
5150000,0,0.786628,29.472,86.3957
5155000,0,0.88692,29.4763,86.3347
5160000,0,0.88692,29.4729,86.3877
5165000,0,0.960789,29.463,86.4471
5170000,0,1,29.491,86.3886
5175000,0,1,29.4779,86.3446
5180000,0,0.88692,29.4917,86.3939
5185000,0,0.852144,29.4786,86.3374
5190000,0,0.88692,29.4587,86.3107
5195000,0,0.818731,29.4592,86.377
5200000,0,0.852144,29.4799,86.3367
5205000,0,1,29.4475,86.4253
5210000,0,0.818731,29.4896,86.3916
5215000,0,0.852144,29.4669,86.3552
5220000,0,0.818731,29.5122,86.4341
5225000,0,0.923116,29.4953,86.3692
5230000,0,1,29.504,86.4393
5235000,0,0.88692,29.4738,86.3082
5240000,0,0.818731,29.4844,86.3505
5245000,0,0.923116,29.496,86.407
5250000,0,0.923116,29.4916,86.3565
5255000,0,0.88692,29.5132,86.4712
5260000,0,1,29.4737,86.3642
5265000,0,0.786628,29.4698,86.46
5270000,0,0.923116,29.4399,86.5254
5275000,0,0.852144,29.4683,86.5237
5280000,0,0.88692,29.4621,86.4187
5285000,0,0.818731,29.4888,86.4363
5290000,0,0.88692,29.4796,86.461
5295000,0,1.04081,29.5071,86.5172
5300000,0,0.923116,29.4463,86.4931
5305000,0,0.960789,29.4795,86.428
5310000,0,0.960789,29.5024,86.4344
5315000,0,0.852144,29.5006,86.4202
5320000,0,1.04081,29.4737,86.4075
5325000,0,0.818731,29.5025,86.4424
5330000,0,0.818731,29.478,86.46
5335000,0,1,29.4774,86.5122
5340000,0,1.04081,29.5119,86.3409
5345000,0,0.852144,29.4938,86.4183
5350000,0,0.923116,29.5155,86.3907
5355000,0,0.88692,29.4974,86.4243
5360000,0,0.923116,29.5155,86.4336
5365000,0,0.852144,29.4857,86.4907
5370000,0,1,29.4796,86.4566
5375000,0,0.960789,29.4979,86.3771
5380000,0,0.923116,29.4968,86.3804
5385000,0,0.923116,29.513,86.3323
5390000,0,0.923116,29.5148,86.3973
5395000,0,0.852144,29.4946,86.3539
5400000,0,1,29.5236,86.4798
5405000,0,0.852144,29.4971,86.4409
5410000,0,0.960789,29.4851,86.4713
5415000,0,0.818731,29.4775,86.4129
5420000,0,0.960789,29.5046,86.3543
5425000,0,0.852144,29.5102,86.4558
5430000,0,0.786628,29.5002,86.4602
5435000,0,1,29.4879,86.5148
5440000,0,0.852144,29.4589,86.4981
5445000,0,0.88692,29.5218,86.4924
5450000,0,0.852144,29.5087,86.483
5455000,0,1,29.4956,86.3585
5460000,0,0.852144,29.4815,86.4417
5465000,0,0.88692,29.462,86.4797
5470000,0,0.923116,29.5077,86.3738
5475000,0,0.852144,29.5086,86.5002
5480000,0,0.923116,29.5277,86.4313
5485000,0,0.960789,29.4802,86.4377
5490000,0,1,29.5061,86.4255
5495000,0,0.960789,29.4956,86.4153
5500000,0,0.923116,29.4663,86.4883
5505000,0,0.923116,29.5123,86.5114
5510000,0,1,29.5471,86.3934
5515000,0,0.923116,29.4806,86.4036
5520000,0,0.786628,29.476,86.4452
5525000,0,0.960789,29.5229,86.4856
5530000,0,1.04081,29.501,86.4457
5535000,0,0.960789,29.4873,86.4769
5540000,0,0.960789,29.4826,86.5151
5545000,0,0.923116,29.5107,86.4687
5550000,0,0.923116,29.499,86.4434
5555000,0,1,29.5032,86.4714
5560000,0,0.88692,29.4821,86.3956
5565000,0,0.960789,29.4646,86.4433
5570000,0,0.852144,29.5074,86.4364
5575000,0,1,29.4976,86.5406
5580000,0,0.88692,29.4944,86.4774
5585000,0,1.04081,29.5054,86.5129
5590000,0,1.04081,29.528,86.4642
5595000,0,1,29.528,86.4423
5600000,0,0.88692,29.5112,86.5072
5605000,0,0.960789,29.5227,86.4825
5610000,0,1.08329,29.5107,86.4513
5615000,0,1.08329,29.4796,86.4955
5620000,0,1,29.4907,86.4897
5625000,0,0.960789,29.5012,86.4611
5630000,0,0.923116,29.524,86.5619
5635000,0,0.852144,29.5083,86.5082
5640000,0,1.1275,29.5214,86.4139
5645000,0,1,29.4951,86.4867
5650000,0,0.88692,29.4771,86.4188
5655000,0,1.04081,29.5091,86.5317
5660000,0,0.923116,29.5112,86.5171
5665000,0,0.852144,29.5342,86.4764
5670000,0,0.923116,29.5158,86.5102
5675000,0,0.786628,29.5024,86.4743
5680000,0,0.88692,29.5017,86.5072
5685000,0,1.04081,29.5083,86.4471
5690000,0,0.88692,29.4912,86.6162
5695000,0,1,29.5442,86.5019
5700000,0,0.923116,29.5664,86.5313
5705000,0,0.923116,29.5387,86.4352
5710000,0,0.88692,29.5207,86.5207
5715000,0,0.852144,29.515,86.5372
5720000,0,1,29.5248,86.4814
5725000,0,0.960789,29.5276,86.4843
5730000,0,1,29.5289,86.479
5735000,0,0.88692,29.4952,86.4795
5740000,0,0.88692,29.5462,86.4227
5745000,0,0.88692,29.4918,86.5331
5750000,0,0.960789,29.492,86.4011
5755000,0,0.88692,29.5057,86.4851
5760000,0,1.04081,29.5342,86.5781
5765000,0,0.960789,29.5016,86.5459
5770000,0,1.04081,29.5123,86.4845
5775000,0,0.923116,29.5269,86.4417
5780000,0,1.08329,29.5482,86.5035
5785000,0,0.960789,29.5185,86.5147
5790000,0,1.08329,29.5282,86.5556
5795000,0,0.960789,29.5135,86.5291
5800000,0,1.04081,29.5508,86.5484
5805000,0,0.960789,29.5107,86.4592
5810000,0,0.88692,29.5276,86.609
5815000,0,0.960789,29.5389,86.5223
5820000,0,0.960789,29.4911,86.5253
5825000,0,0.923116,29.5499,86.4842
5830000,0,1.04081,29.4924,86.52
5835000,0,0.923116,29.5127,86.5962
5840000,0,0.960789,29.4884,86.594
5845000,0,1.08329,29.5271,86.5679
5850000,0,0.960789,29.5441,86.584
5855000,0,0.960789,29.5177,86.4957
5860000,0,1,29.5013,86.5649
5865000,0,1.1275,29.5473,86.5389
5870000,0,1,29.5299,86.4451
5875000,0,1.04081,29.5307,86.4563
5880000,0,1.04081,29.5377,86.5679
5885000,0,1.04081,29.5403,86.5877
5890000,0,1.04081,29.5024,86.5091
5895000,0,1.04081,29.5098,86.4647
5900000,0,0.960789,29.5105,86.527
5905000,0,1.04081,29.5587,86.5485
5910000,0,1,29.5247,86.5085
5915000,0,1.08329,29.5531,86.5658
5920000,0,1,29.5182,86.4181
5925000,0,0.923116,29.5015,86.5101
5930000,0,1,29.5337,86.5269
5935000,0,0.923116,29.5318,86.5059
5940000,0,1.08329,29.5048,86.4917
5945000,0,1.04081,29.5502,86.5983
5950000,0,0.960789,29.5442,86.5259
5955000,0,1.04081,29.5207,86.6219
5960000,0,1.08329,29.5477,86.5268
5965000,0,1,29.5684,86.4492
5970000,0,1,29.5,86.5199
5975000,0,1.04081,29.51,86.4418
5980000,0,1,29.5172,86.5597
5985000,0,1.08329,29.5289,86.5988
5990000,0,1.04081,29.4903,86.6415
5995000,0,1,29.519,86.5322
6000000,0,0.88692,29.5201,86.5477
6005000,0,0.960789,29.5514,86.5314
6010000,0,1.04081,29.5145,86.4838
6015000,0,0.960789,29.5193,86.5297
6020000,0,1.04081,29.5847,86.5363
6025000,0,1,29.5305,86.6858
6030000,0,0.923116,29.5114,86.4896
6035000,0,1,29.5807,86.5401
6040000,0,1.08329,29.5496,86.544
6045000,0,1.08329,29.5358,86.6886
6050000,0,0.88692,29.4934,86.5512
6055000,0,1.08329,29.5461,86.6314
6060000,0,0.88692,29.5368,86.554
6065000,0,1.08329,29.5727,86.5574
6070000,0,1,29.5603,86.5705
6075000,0,1.08329,29.559,86.5361
6080000,0,1,29.5569,86.6112
6085000,0,1.04081,29.5322,86.5557
6090000,0,0.923116,29.5742,86.6589
6095000,0,0.923116,29.5556,86.5832
6100000,0,0.923116,29.5245,86.5941
6105000,0,0.960789,29.5692,86.5668
6110000,0,1.04081,29.5135,86.5492
6115000,0,1.08329,29.5545,86.5311
6120000,0,0.88692,29.5402,86.614
6125000,0,1.1275,29.5451,86.6779
6130000,0,1.04081,29.5476,86.5784
6135000,0,1.08329,29.5577,86.5622
6140000,0,1.04081,29.5654,86.577
6145000,0,0.960789,29.5549,86.564
6150000,0,1.08329,29.5355,86.5633
6155000,0,1.04081,29.5412,86.5327
6160000,0,1,29.531,86.6335
6165000,0,1.04081,29.5726,86.6164
6170000,0,1.08329,29.5137,86.5142
6175000,0,1.04081,29.5138,86.6025
6180000,0,1.04081,29.5341,86.5381
6185000,0,1,29.5468,86.5028
6190000,0,1,29.5697,86.5471
6195000,0,1.08329,29.5286,86.5787
6200000,0,1.04081,29.5387,86.536
6205000,0,0.88692,29.5649,86.5964
6210000,0,1.04081,29.5537,86.6491
6215000,0,0.960789,29.5226,86.5842
6220000,0,1.04081,29.5765,86.5504
6225000,0,1.08329,29.5674,86.5333
6230000,0,1,29.5637,86.5887
6235000,0,1.04081,29.4989,86.5205
6240000,0,1,29.5352,86.603
6245000,0,1,29.5376,86.5694
6250000,0,0.960789,29.549,86.5354
6255000,0,1.04081,29.5759,86.5155
6260000,0,1.04081,29.5427,86.5926
6265000,0,1,29.5169,86.5903
6270000,0,1.1275,29.5662,86.6086
6275000,0,1,29.5381,86.6573
6280000,0,1.08329,29.5556,86.6094
6285000,0,1,29.5682,86.5741
6290000,0,1.04081,29.5479,86.6161
6295000,0,1.08329,29.567,86.6369
6300000,0,1.08329,29.527,86.5369
6305000,0,0.960789,29.5746,86.6232
6310000,0,1.08329,29.5508,86.6051
6315000,0,1.04081,29.5666,86.5082
6320000,0,0.88692,29.5614,86.6141
6325000,0,1.08329,29.5538,86.6803
6330000,0,1.04081,29.5144,86.5565
6335000,0,1.08329,29.5766,86.6094
6340000,0,1.08329,29.5555,86.5474
6345000,0,1.08329,29.5276,86.583
6350000,0,1.17351,29.5091,86.613
6355000,0,1.04081,29.5476,86.4738
6360000,0,1,29.5414,86.689
6365000,0,1,29.5394,86.6467
6370000,0,1,29.5615,86.6005
6375000,0,1,29.5469,86.5667
6380000,0,1,29.5663,86.648
6385000,0,1,29.5525,86.5976
6390000,0,0.960789,29.5235,86.5638
6395000,0,1.04081,29.5423,86.5553
6400000,0,1.04081,29.5734,86.6263
6405000,0,1.08329,29.5117,86.5868
6410000,0,1.04081,29.6094,86.6021
6415000,0,1.2214,29.54,86.6205
6420000,0,1,29.5477,86.5958
6425000,0,1.04081,29.5388,86.5903
6430000,0,1.04081,29.5722,86.5344
6435000,0,1.08329,29.5873,86.4157
6440000,0,1.1275,29.5437,86.4128
6445000,0,1.08329,29.572,86.2026
6450000,0,1.17351,29.525,86.3005
6455000,0,1.04081,29.5837,86.2789
6460000,0,0.960789,29.5589,86.157
6465000,0,1.08329,29.5715,86.0182
6470000,0,1.04081,29.5578,85.925
6475000,0,0.923116,29.5144,85.8695
6480000,0,1.04081,29.5504,85.8979
6485000,0,1.08329,29.5873,85.9048
6490000,0,1,29.581,85.7536
6495000,0,1.08329,29.5423,85.7943
6500000,0,0.960789,29.5429,85.6482
6505000,0,1.04081,29.5202,85.641
6510000,0,1.1275,29.5564,85.6896
6515000,0,1,29.5613,85.4399
6520000,0,0.923116,29.5381,85.4797
6525000,0,1.17351,29.5418,85.3853
6530000,0,1.08329,29.5425,85.3488
6535000,0,1.04081,29.5558,85.3873
6540000,0,1,29.5213,85.1924
6545000,0,1.04081,29.5266,85.1272
6550000,0,1.17351,29.5541,85.1475
6555000,0,0.88692,29.5405,85.042
6560000,0,1.04081,29.5022,85.0012
6565000,0,1,29.5434,84.9493
6570000,0,1.04081,29.543,84.9314
6575000,0,0.960789,29.5714,84.8869
6580000,0,1.08329,29.5461,84.8155
6585000,0,1.17351,29.5388,84.7409
6590000,0,1,29.5836,84.6241
6595000,0,1.08329,29.5413,84.6493
6600000,0,0.960789,29.5281,84.5657
6605000,0,1.04081,29.5567,84.5704
6610000,0,1.08329,29.497,84.4682
6615000,0,0.923116,29.5485,84.4859
6620000,0,1.08329,29.5212,84.3283
6625000,0,1.04081,29.532,84.3882
6630000,0,0.960789,29.5536,84.264
6635000,0,1.04081,29.5477,84.2312
6640000,0,1.04081,29.4854,84.1123
6645000,0,1,29.512,84.1525
6650000,0,1.08329,29.5071,84.0907
6655000,0,1,29.5204,84.0223
6660000,0,1.08329,29.5693,84.1096
6665000,0,1.08329,29.5154,84.0178
6670000,0,1,29.5438,83.925
6675000,0,1.08329,29.5047,83.9445
6680000,0,1.04081,29.5266,83.8865
6685000,0,1,29.5372,83.8538
6690000,0,0.960789,29.5251,83.8395
6695000,0,1.1275,29.5571,83.7827
6700000,0,1.08329,29.4821,83.6708
6705000,0,1.08329,29.5158,83.6703
6710000,0,1,29.5325,83.5988
6715000,0,1.04081,29.5207,83.5328
6720000,0,0.923116,29.5335,83.4813
6725000,0,1.08329,29.4849,83.5288
6730000,0,1.1275,29.5707,83.4759
6735000,0,1,29.5132,83.4453
6740000,0,0.960789,29.5284,83.3611
6745000,0,0.960789,29.5116,83.355
6750000,0,1.04081,29.5217,83.3729
6755000,0,1.08329,29.5199,83.2215
6760000,0,1.04081,29.5261,83.2061
6765000,0,1.04081,29.4928,83.1512
6770000,0,1.1275,29.5254,83.1864
6775000,0,0.960789,29.4771,83.1146
6780000,0,1.04081,29.5092,83.0882
6785000,0,1,29.5265,83.0436
6790000,0,1,29.4988,82.9792
6795000,0,1.08329,29.5257,82.9862
6800000,0,1,29.535,82.931
6805000,0,0.852144,29.5237,82.8762
6810000,0,1.08329,29.5089,82.896
6815000,0,0.923116,29.5201,82.8512
6820000,0,1.04081,29.5073,82.8704
6825000,0,1.04081,29.4942,82.7948
6830000,0,1,29.5146,82.7871
6835000,0,1,29.4865,82.7615
6840000,0,0.960789,29.5429,82.6919
6845000,0,0.960789,29.5211,82.6496
6850000,0,0.88692,29.513,82.7004
6855000,0,0.960789,29.5132,82.5971
6860000,0,1,29.4952,82.4356
6865000,0,0.960789,29.5278,82.4788
6870000,0,0.923116,29.4949,82.4081
6875000,0,1,29.5379,82.4073
6880000,0,1,29.5182,82.389
6885000,0,0.960789,29.5,82.3351
6890000,0,1.08329,29.5023,82.4833
6895000,0,1.04081,29.5048,82.3994
6900000,0,0.960789,29.4977,82.2934
6905000,0,0.960789,29.5246,82.2586
6910000,0,0.960789,29.4837,82.2773
6915000,0,1,29.519,82.2133
6920000,0,0.960789,29.5244,82.1601
6925000,0,0.960789,29.4919,82.1566
6930000,0,1,29.4948,82.1212
6935000,0,0.818731,29.4868,82.0738
6940000,0,0.852144,29.4849,82.0125
6945000,0,0.960789,29.4908,81.9971
6950000,0,1.04081,29.5129,81.9611
6955000,0,0.960789,29.4973,82.0266
6960000,0,0.923116,29.4831,82.0477
6965000,0,1,29.4932,81.9186
6970000,0,1.08329,29.4714,81.8708
6975000,0,0.923116,29.4884,81.9644
6980000,0,0.923116,29.4956,81.8175
6985000,0,1,29.489,81.75
6990000,0,0.923116,29.4687,81.7667
6995000,0,0.923116,29.5042,81.6798
7000000,0,0.88692,29.4922,81.7646
7005000,0,1,29.4564,81.7503
7010000,0,0.960789,29.4815,81.7179
7015000,0,0.960789,29.4763,81.6233
7020000,0,1,29.473,81.6901
7025000,0,0.923116,29.4818,81.6886
7030000,0,1.04081,29.5026,81.6957
7035000,0,1,29.4568,81.677
7040000,0,0.960789,29.4551,81.6524
7045000,0,0.960789,29.4406,81.4906
7050000,0,0.960789,29.4919,81.4591
7055000,0,0.923116,29.5104,81.4711
7060000,0,0.923116,29.4615,81.5326
7065000,0,1,29.5325,81.3916
7070000,0,0.923116,29.4886,81.4452
7075000,0,1,29.4874,81.4089
7080000,0,0.960789,29.4785,81.4813
7085000,0,0.852144,29.4622,81.4158
7090000,0,1,29.4661,81.4108
7095000,0,0.923116,29.4801,81.3634
7100000,0,0.923116,29.4808,81.3661
7105000,0,0.960789,29.5045,81.3115
7110000,0,0.960789,29.4481,81.3183
7115000,0,0.88692,29.4705,81.2411
7120000,0,0.960789,29.4982,81.2153
7125000,0,1,29.4995,81.1656
7130000,0,0.960789,29.4977,81.1679
7135000,0,0.923116,29.4804,81.1348
7140000,0,1,29.5046,81.1024
7145000,0,1,29.4725,81.1235
7150000,0,0.786628,29.4607,81.0891
7155000,0,0.923116,29.4934,81.0258
7160000,0,1,29.4772,81.0972
7165000,0,1,29.4545,80.9802
7170000,0,1.04081,29.4692,81.0193
7175000,0,1,29.4826,80.9249
7180000,0,1,29.4717,80.9313
7185000,0,0.960789,29.4558,81.01
7190000,0,1.04081,29.4601,80.9586
7195000,0,0.960789,29.4773,80.8858
7200000,0,0.88692,29.4285,80.9403
7205000,0,0.88692,29.4716,80.9772
7210000,0,0.960789,29.4761,80.8008
7215000,0,0.88692,29.4828,80.8924
7220000,0,0.88692,29.4538,80.8451
7225000,0,1,29.4895,80.8603
7230000,0,0.960789,29.4966,80.8133
7235000,0,0.960789,29.4527,80.824
7240000,0,0.852144,29.4925,80.728
7245000,0,0.923116,29.4753,80.7926
7250000,0,0.923116,29.4832,80.675
7255000,0,0.923116,29.463,80.7576
7260000,0,0.960789,29.4719,80.6646
7265000,0,0.852144,29.4544,80.6468
7270000,0,1.04081,29.4536,80.6197
7275000,0,0.852144,29.4464,80.6289
7280000,0,0.960789,29.4501,80.7698
7285000,0,0.960789,29.4877,80.5293
7290000,0,0.923116,29.4752,80.6142
7295000,0,0.852144,29.4729,80.6002
7300000,0,1.04081,29.4613,80.5213
7305000,0,1,29.4638,80.554
7310000,0,1,29.4562,80.4963
7315000,0,0.923116,29.4705,80.4997
7320000,0,0.923116,29.4376,80.6026
7325000,0,1,29.4229,80.4151
7330000,0,0.852144,29.4606,80.4844
7335000,0,0.923116,29.4809,80.5071
7340000,0,0.852144,29.4711,80.4549
7345000,0,0.960789,29.4883,80.469
7350000,0,0.88692,29.4784,80.3467
7355000,0,0.960789,29.4438,80.401
7360000,0,0.923116,29.4566,80.2926
7365000,0,0.923116,29.4448,80.2836
7370000,0,0.88692,29.4536,80.3952
7375000,0,0.726149,29.437,80.2864
7380000,0,0.818731,29.449,80.2533
7385000,0,0.852144,29.4525,80.2593
7390000,0,0.923116,29.4242,80.3332
7395000,0,0.852144,29.4555,80.2414
7400000,0,0.88692,29.4426,80.2758
7405000,0,0.960789,29.4318,80.2952
7410000,0,1,29.4443,80.2179
7415000,0,0.852144,29.4601,80.3233
7420000,0,0.960789,29.467,80.1588
7425000,0,0.960789,29.4453,80.2093
7430000,0,0.88692,29.4647,80.2584
7435000,0,0.960789,29.4537,80.2004
7440000,0,0.923116,29.4444,80.2267
7445000,0,1,29.4356,80.069
7450000,0,0.923116,29.4447,80.1457
7455000,0,0.923116,29.4477,80.0925
7460000,0,0.960789,29.465,80.1306
7465000,0,0.923116,29.4406,80.069
7470000,0,0.960789,29.4178,80.0652
7475000,0,0.852144,29.4389,80.1436
7480000,0,1,29.438,80.1232
7485000,0,0.852144,29.4242,80.1374
7490000,0,0.88692,29.4502,80.0443
7495000,0,0.88692,29.4099,80.0435
7500000,0,0.88692,29.4122,80.0808
7505000,0,1.04081,29.4388,79.9858
7510000,0,1.04081,29.4793,80.0425
7515000,0,0.88692,29.4245,80.0875
7520000,0,0.852144,29.4191,79.9744
7525000,0,0.786628,29.4482,80.0729
7530000,0,0.818731,29.4287,79.9559
7535000,0,0.88692,29.4116,80.0213
7540000,0,0.818731,29.4571,79.9813
7545000,0,0.852144,29.4516,79.9802
7550000,0,0.786628,29.4717,79.997
7555000,0,0.960789,29.4683,79.9076
7560000,0,0.923116,29.4856,79.9547
7565000,0,0.818731,29.4198,79.9832
7570000,0,0.726149,29.4111,79.9223
7575000,0,1.04081,29.4654,79.8927
7580000,0,0.818731,29.4207,79.9486
7585000,0,0.88692,29.4369,79.8479
7590000,0,0.960789,29.428,79.8803
7595000,0,0.923116,29.4551,79.8927
7600000,0,0.923116,29.4128,79.8711
7605000,0,0.786628,29.4333,79.7793
7610000,0,1,29.4288,79.7854
7615000,0,0.852144,29.4446,79.7654
7620000,0,0.852144,29.4325,79.7452
7625000,0,0.923116,29.4065,79.8206
7630000,0,0.88692,29.4408,79.8332
7635000,0,0.88692,29.4348,79.8372
7640000,0,0.818731,29.4116,79.7475
7645000,0,0.923116,29.4129,79.8304
7650000,0,1.04081,29.44,79.665
7655000,0,0.960789,29.4214,79.7766
7660000,0,0.786628,29.4178,79.7721
7665000,0,0.818731,29.4347,79.8184
7670000,0,0.88692,29.3915,79.795
7675000,0,0.852144,29.4415,79.7378
7680000,0,0.818731,29.4325,79.6476
7685000,0,0.88692,29.4068,79.7879
7690000,0,0.852144,29.4342,79.718
7695000,0,0.852144,29.4113,79.6503
7700000,0,0.88692,29.3699,79.6912
7705000,0,0.88692,29.4203,79.6997
7710000,0,0.852144,29.4547,79.6812
7715000,0,0.786628,29.424,79.7123
7720000,0,1,29.3936,79.6553
7725000,0,0.960789,29.4367,79.7295
7730000,0,0.755784,29.409,79.6757
7735000,0,0.818731,29.4102,79.5648
7740000,0,0.786628,29.4287,79.6732
7745000,0,0.923116,29.4047,79.5792
7750000,0,0.923116,29.4148,79.5799
7755000,0,0.923116,29.4034,79.6639
7760000,0,0.960789,29.4019,79.5473
7765000,0,0.755784,29.3826,79.6315
7770000,0,0.786628,29.4296,79.6133
7775000,0,0.818731,29.446,79.5949
7780000,0,0.818731,29.4227,79.5546
7785000,0,0.755784,29.4276,79.5271
7790000,0,0.786628,29.4025,79.5584
7795000,0,1.04081,29.4329,79.5234
7800000,0,0.88692,29.4182,79.5746
7805000,0,0.852144,29.4235,79.5614
7810000,0,0.755784,29.4217,79.5953
7815000,0,0.726149,29.4199,79.5624
7820000,0,0.755784,29.392,79.4672
7825000,0,0.923116,29.3858,79.4946
7830000,0,0.818731,29.4157,79.4751
7835000,0,0.88692,29.3909,79.4885
7840000,0,0.786628,29.3832,79.5582
7845000,0,0.818731,29.372,79.4514
7850000,0,0.923116,29.4148,79.4989
7855000,0,0.786628,29.3862,79.4759
7860000,0,0.960789,29.3805,79.4862
7865000,0,0.923116,29.3982,79.5786
7870000,0,0.88692,29.4078,79.441
7875000,0,0.818731,29.3785,79.3853
7880000,0,0.852144,29.4287,79.4069
7885000,0,0.852144,29.4143,79.4051
7890000,0,0.852144,29.3649,79.4662
7895000,0,0.818731,29.4122,79.4155
7900000,0,0.786628,29.3753,79.5141
7905000,0,0.923116,29.3767,79.4784
7910000,0,0.88692,29.4247,79.4132
7915000,0,0.818731,29.4485,79.3381
7920000,0,0.726149,29.3841,79.4264
7925000,0,0.818731,29.403,79.4356
7930000,0,0.852144,29.3828,79.4056
7935000,0,0.852144,29.392,79.3794
7940000,0,0.88692,29.3909,79.4099
7945000,0,0.755784,29.3744,79.3739
7950000,0,0.786628,29.4508,79.5352
7955000,0,0.755784,29.3956,79.3629
7960000,0,0.852144,29.4066,79.3889
7965000,0,0.755784,29.406,79.3255
7970000,0,0.786628,29.3785,79.3219
7975000,0,0.852144,29.4111,79.3093
7980000,0,0.818731,29.3986,79.3193
7985000,0,0.818731,29.4416,79.3512
7990000,0,0.88692,29.4078,79.3918
7995000,0,0.755784,29.3453,79.3714
8000000,0,0.852144,29.4308,79.3791
8005000,0,0.818731,29.4119,79.3605
8010000,0,0.818731,29.3718,79.3474
8015000,0,0.818731,29.3909,79.2489
8020000,0,0.818731,29.3951,79.2072
8025000,0,0.755784,29.3913,79.3
8030000,0,0.923116,29.3586,79.2881
8035000,0,0.726149,29.3738,79.3694
8040000,0,0.726149,29.4007,79.3047
8045000,0,0.852144,29.4184,79.2245
8050000,0,0.960789,29.3852,79.1851
8055000,0,0.818731,29.3846,79.3103
8060000,0,0.786628,29.371,79.2866
8065000,0,0.88692,29.4025,79.2656
8070000,0,0.852144,29.4203,79.2951
8075000,0,0.88692,29.3935,79.1758
8080000,0,0.88692,29.4044,79.2293
8085000,0,0.755784,29.3848,79.1983
8090000,0,0.852144,29.3773,79.2164
8095000,0,0.923116,29.3719,79.3494
8100000,0,1,29.3678,79.1477
8105000,0,0.818731,29.406,79.2263
8110000,0,0.852144,29.4067,79.3056
8115000,0,0.726149,29.3924,79.1817
8120000,0,0.852144,29.3441,79.2488
8125000,0,0.755784,29.4078,79.2455
8130000,0,0.755784,29.3546,79.1858
8135000,0,0.818731,29.3727,79.1775
8140000,0,0.726149,29.394,79.1478
8145000,0,0.755784,29.3703,79.1883
8150000,0,0.818731,29.3923,79.1919
8155000,0,0.726149,29.3697,79.2224
8160000,0,0.818731,29.3492,79.172
8165000,0,0.852144,29.4021,79.1486
8170000,0,0.786628,29.3987,79.247
8175000,0,0.755784,29.3537,79.2545
8180000,0,0.786628,29.3982,79.1726
8185000,0,0.786628,29.401,79.1824
8190000,0,0.786628,29.3626,79.239
8195000,0,0.818731,29.3934,79.1777
8200000,0,0.818731,29.3367,79.1041
8205000,0,0.852144,29.3857,79.2071
8210000,0,0.960789,29.371,79.2059
8215000,0,0.755784,29.3604,79.2167
8220000,0,0.88692,29.3431,79.2181
8225000,0,0.755784,29.3538,79.1581
8230000,0,0.960789,29.3581,79.1546
8235000,0,0.923116,29.3817,79.1392
8240000,0,0.786628,29.3813,79.1827
8245000,0,0.644036,29.3903,79.1769
8250000,0,0.786628,29.403,79.112
8255000,0,0.818731,29.3482,79.2555
8260000,0,0.88692,29.373,79.2302
8265000,0,0.786628,29.3802,79.1616
8270000,0,0.88692,29.3568,79.1194
8275000,0,0.852144,29.3561,79.1539
8280000,0,0.618783,29.3791,79.1348
8285000,0,0.88692,29.3671,79.0193
8290000,0,0.818731,29.3165,79.1565
8295000,0,0.923116,29.3798,79.1081
8300000,0,0.88692,29.377,79.0204
8305000,0,0.960789,29.3349,79.1592
8310000,0,0.786628,29.3642,79.1555
8315000,0,0.786628,29.3484,79.0674
8320000,0,0.755784,29.3562,79.1733
8325000,0,0.818731,29.3646,79.0332
8330000,0,0.852144,29.3946,79.1085
8335000,0,0.697676,29.3302,78.988
8340000,0,0.726149,29.3944,79.0853
8345000,0,0.818731,29.3932,79.0604
8350000,0,0.960789,29.3383,79.1639
8355000,0,0.755784,29.3596,78.9837
8360000,0,0.755784,29.349,79.122
8365000,0,0.726149,29.3562,79.0425
8370000,0,0.786628,29.3792,79.0976
8375000,0,0.818731,29.3844,79.0862
8380000,0,0.818731,29.3445,79.1273
8385000,0,0.852144,29.3427,79.1657
8390000,0,0.726149,29.3651,79.0313
8395000,0,0.88692,29.3846,79.1188
8400000,0,0.755784,29.3631,79.1573
8405000,0,0.618783,29.3924,79.0945
8410000,0,0.755784,29.3573,79.0959
8415000,0,0.818731,29.3468,79.0141
8420000,0,0.726149,29.3158,79.1706
8425000,0,0.852144,29.3219,79.0211
8430000,0,0.726149,29.3607,79.0534
8435000,0,0.786628,29.373,79.085
8440000,0,0.818731,29.3551,79.011
8445000,0,0.67032,29.3855,78.9394
8450000,0,0.818731,29.3529,78.9978
8455000,0,0.786628,29.3927,79.0829
8460000,0,0.697676,29.3647,79.0728
8465000,0,0.726149,29.3416,79.0154
8470000,0,0.852144,29.3692,79.0178
8475000,0,0.786628,29.3505,79.0279
8480000,0,0.88692,29.3645,79.1279
8485000,0,0.594521,29.284,79.0036
8490000,0,0.755784,29.3899,78.9773
8495000,0,0.818731,29.3366,78.9787
8500000,0,0.786628,29.3316,78.9964
8505000,0,0.726149,29.3773,78.9639
8510000,0,0.67032,29.355,79.0808
8515000,0,0.726149,29.328,79.0112
8520000,0,0.818731,29.361,78.9636
8525000,0,0.726149,29.3398,78.9464
8530000,0,0.852144,29.3406,79.0439
8535000,0,0.726149,29.3536,78.9795
8540000,0,0.852144,29.3771,79.0422
8545000,0,0.818731,29.318,78.9823
8550000,0,0.755784,29.3507,78.9948
8555000,0,0.67032,29.3595,78.9723
8560000,0,0.786628,29.3418,78.9385
8565000,0,0.755784,29.3456,78.9869
8570000,0,0.786628,29.339,78.9823
8575000,0,0.697676,29.3609,78.9661
8580000,0,0.755784,29.3733,78.9627
8585000,0,0.923116,29.3678,79.0459
8590000,0,0.852144,29.3204,79.0111
8595000,0,0.726149,29.3748,79.0191
8600000,0,0.726149,29.3278,78.9605
8605000,0,0.755784,29.3368,78.9481
8610000,0,0.852144,29.3524,78.9867
8615000,0,0.786628,29.38,79.0235
8620000,0,0.755784,29.3641,78.9917
8625000,0,0.67032,29.3485,78.9946
8630000,0,0.818731,29.3372,79.0053
8635000,0,0.818731,29.3297,79.0176
8640000,0,0.618783,29.3574,78.9004
8645000,0,0.786628,29.3751,79.02
8650000,0,0.923116,29.351,78.8485
8655000,0,0.755784,29.3366,79.0075
8660000,0,0.755784,29.3699,78.9852
8665000,0,0.818731,29.3371,79.0194
8670000,0,0.618783,29.361,78.8819
8675000,0,0.755784,29.3704,78.8882
8680000,0,0.67032,29.3785,79.0184
8685000,0,0.67032,29.3248,78.9903
8690000,0,0.67032,29.3316,78.9749
8695000,0,0.755784,29.3526,78.9931
8700000,0,0.755784,29.3281,78.9291
8705000,0,0.755784,29.3721,79.0028
8710000,0,0.726149,29.3062,78.8349
8715000,0,0.644036,29.3101,78.8949
8720000,0,0.697676,29.3102,78.9611
8725000,0,0.726149,29.3491,78.9848
8730000,0,0.697676,29.3446,78.8644
8735000,0,0.786628,29.3349,78.9582
8740000,0,0.755784,29.3214,78.9775
8745000,0,0.644036,29.3362,78.9278
8750000,0,0.697676,29.3357,78.8857
8755000,0,0.786628,29.3067,78.863
8760000,0,0.755784,29.3316,78.8999
8765000,0,0.726149,29.3459,78.9225
8770000,0,0.594521,29.3223,78.8702
8775000,0,0.697676,29.3385,78.9772
8780000,0,0.786628,29.3495,78.9704
8785000,0,0.644036,29.3514,78.9235
8790000,0,0.818731,29.3181,78.9049
8795000,0,0.644036,29.3345,78.9277
8800000,0,0.67032,29.3207,78.9697
8805000,0,0.755784,29.3299,78.9657
8810000,0,0.786628,29.3204,78.9357
8815000,0,0.644036,29.3138,78.9534
8820000,0,0.644036,29.3233,78.9181
8825000,0,0.852144,29.3479,78.8748
8830000,0,0.67032,29.3216,78.8191
8835000,0,0.618783,29.3361,78.9828
8840000,0,0.755784,29.3198,79.0348
8845000,0,0.67032,29.3399,78.9037
8850000,0,0.818731,29.3328,78.8941
8855000,0,0.755784,29.3224,78.906
8860000,0,0.697676,29.3346,78.9939
8865000,0,0.726149,29.3258,78.9208
8870000,0,0.67032,29.3186,78.9464
8875000,0,0.726149,29.3142,78.9641
8880000,0,0.726149,29.3263,78.8823
8885000,0,0.818731,29.33,79.0105
8890000,0,0.697676,29.3326,78.9246
8895000,0,0.697676,29.3563,78.9226
8900000,0,0.726149,29.3395,78.9078
8905000,0,0.726149,29.3188,78.9229
8910000,0,0.818731,29.3587,78.9401
8915000,0,0.818731,29.2955,78.8448
8920000,0,0.786628,29.3332,78.9383
8925000,0,0.852144,29.3099,78.9294
8930000,0,0.755784,29.3164,78.9923
8935000,0,0.818731,29.3286,78.9017
8940000,0,0.697676,29.3146,78.9061
8945000,0,0.726149,29.3071,78.9061
8950000,0,0.786628,29.3077,78.8469
8955000,0,0.726149,29.3096,78.8725
8960000,0,0.755784,29.3235,78.9628
8965000,0,0.697676,29.2933,78.8842
8970000,0,0.697676,29.3305,78.7939
8975000,0,0.755784,29.3168,78.9125
8980000,0,0.755784,29.3097,78.913
8985000,0,0.786628,29.3203,78.9091
8990000,0,0.755784,29.3378,78.7566
8995000,0,0.644036,29.3294,78.8381
9000000,0,0.755784,29.3024,78.8678
9005000,0,0.726149,29.3229,78.9124
9010000,0,0.726149,29.3478,78.9082
9015000,0,0.594521,29.3251,78.8915
9020000,0,0.726149,29.3075,78.8842
9025000,0,0.726149,29.3308,78.8337
9030000,0,0.726149,29.3122,78.9
9035000,0,0.697676,29.3444,78.8622
9040000,0,0.697676,29.3175,78.886
9045000,0,0.786628,29.3395,78.8286
9050000,0,0.726149,29.3471,78.8688
9055000,0,0.786628,29.3116,78.867
9060000,0,0.594521,29.3308,78.8489
9065000,0,0.755784,29.2821,78.8473
9070000,0,0.697676,29.2877,78.9255
9075000,0,0.618783,29.3383,78.8092
9080000,0,0.67032,29.3133,78.8692
9085000,0,0.697676,29.3313,78.8225
9090000,0,0.67032,29.3186,78.9227
9095000,0,0.755784,29.3424,78.8696
9100000,0,0.755784,29.3172,78.7737
9105000,0,0.644036,29.319,78.8413
9110000,0,0.818731,29.3068,78.8711
9115000,0,0.548812,29.33,78.8763
9120000,0,0.726149,29.2899,78.8639
9125000,0,0.644036,29.3148,78.8202
9130000,0,0.697676,29.347,78.8987
9135000,0,0.644036,29.3,78.8918
9140000,0,0.726149,29.3257,78.8151
9145000,0,0.644036,29.3267,78.9298
9150000,0,0.697676,29.3118,78.8416
9155000,0,0.697676,29.3515,78.841
9160000,0,0.726149,29.3415,78.913
9165000,0,0.67032,29.3242,78.7859
9170000,0,0.786628,29.3374,78.7924
9175000,0,0.67032,29.3126,78.8768
9180000,0,0.755784,29.3022,78.8243
9185000,0,0.618783,29.3105,78.9079
9190000,0,0.594521,29.3137,78.9308
9195000,0,0.697676,29.365,78.8253
9200000,0,0.594521,29.3414,78.7747
9205000,0,0.755784,29.3308,78.8172
9210000,0,0.67032,29.3129,78.9329
9215000,0,0.697676,29.3608,78.8472
9220000,0,0.67032,29.3254,78.8396
9225000,0,0.618783,29.3106,78.8122
9230000,0,0.618783,29.3315,78.8167
9235000,0,0.618783,29.3161,78.8451
9240000,0,0.67032,29.3157,78.9192
9245000,0,0.618783,29.3444,78.93
9250000,0,0.644036,29.3165,78.8577
9255000,0,0.618783,29.3387,78.854
9260000,0,0.594521,29.3439,78.8431
9265000,0,0.726149,29.3405,78.8362
9270000,0,0.726149,29.3215,78.8141
9275000,0,0.618783,29.3266,78.798
9280000,0,0.726149,29.3259,78.7931
9285000,0,0.644036,29.3219,78.8666
9290000,0,0.697676,29.3096,78.907
9295000,0,0.67032,29.3256,78.9076
9300000,0,0.697676,29.3068,78.8062
9305000,0,0.67032,29.3609,78.8164
9310000,0,0.697676,29.3335,78.8129
9315000,0,0.755784,29.3461,78.8176
9320000,0,0.67032,29.3559,78.7192
9325000,0,0.697676,29.3561,78.7984
9330000,0,0.644036,29.3109,78.7844
9335000,0,0.726149,29.3613,78.7338
9340000,0,0.697676,29.3419,78.7861
9345000,0,0.726149,29.3399,78.8698
9350000,0,0.852144,29.3416,78.8575
9355000,0,0.67032,29.3351,78.7513
9360000,0,0.697676,29.3025,78.8758
9365000,0,0.755784,29.3187,78.8082
9370000,0,0.644036,29.3548,78.7543
9375000,0,0.644036,29.3428,78.8077
9380000,0,0.755784,29.3339,78.798
9385000,0,0.618783,29.3448,78.7327
9390000,0,0.786628,29.3583,78.8043
9395000,0,0.618783,29.3416,78.7776
9400000,0,0.644036,29.3141,78.818
9405000,0,0.697676,29.3137,78.7821
9410000,0,0.67032,29.3483,78.7908
9415000,0,0.67032,29.3367,78.9095
9420000,0,0.67032,29.3718,78.8813
9425000,0,0.644036,29.3162,78.7842
9430000,0,0.755784,29.3642,78.8152
9435000,0,0.755784,29.3483,78.7571
9440000,0,0.726149,29.3303,78.7751
9445000,0,0.726149,29.3156,78.7825
9450000,0,0.786628,29.299,78.7743
9455000,0,0.786628,29.3791,78.813
9460000,0,0.726149,29.3525,78.8357
9465000,0,0.67032,29.3533,78.739
9470000,0,0.644036,29.3192,78.8252
9475000,0,0.618783,29.3454,78.8555
9480000,0,0.67032,29.3608,78.7169
9485000,0,0.618783,29.3182,78.8524
9490000,0,0.67032,29.342,78.8092
9495000,0,0.818731,29.3678,78.8248
9500000,0,0.726149,29.3559,78.8019
9505000,0,0.67032,29.3693,78.8167
9510000,0,0.571209,29.3501,78.7676
9515000,0,0.644036,29.3796,78.724
9520000,0,0.67032,29.3446,78.8308
9525000,0,0.786628,29.3563,78.9107
9530000,0,0.697676,29.3609,78.7507
9535000,0,0.786628,29.4075,78.8336
9540000,0,0.644036,29.3649,78.8606
9545000,0,0.726149,29.3361,78.8269
9550000,0,0.697676,29.3319,78.8739
9555000,0,0.726149,29.3592,78.8495
9560000,0,0.786628,29.3664,78.7706
9565000,0,0.726149,29.3899,78.9214
9570000,0,0.571209,29.3649,78.8166
9575000,0,0.726149,29.3525,78.8534
9580000,0,0.755784,29.3737,78.9296
9585000,0,0.618783,29.3723,78.8297
9590000,0,0.697676,29.3648,78.8081
9595000,0,0.726149,29.3354,78.8407
9600000,0,0.618783,29.3459,78.8543
9605000,0,0.644036,29.3741,78.7879
9610000,0,0.697676,29.3718,78.7546
9615000,0,0.571209,29.4069,78.853
9620000,0,0.618783,29.3913,78.8405
9625000,0,0.786628,29.3547,78.8294
9630000,0,0.618783,29.3911,78.7818
9635000,0,0.786628,29.3396,78.6915
9640000,0,0.786628,29.3931,78.8747
9645000,0,0.594521,29.3902,78.7453
9650000,0,0.697676,29.3646,78.7644
9655000,0,0.818731,29.4146,78.7798
9660000,0,0.67032,29.3513,78.8868
9665000,0,0.852144,29.3615,78.8087
9670000,0,0.618783,29.3966,78.7684
9675000,0,0.755784,29.3803,78.7752
9680000,0,0.755784,29.3718,78.724
9685000,0,0.697676,29.3945,78.729
9690000,0,0.67032,29.3612,78.771
9695000,0,0.548812,29.3398,78.8577
9700000,0,0.67032,29.3955,78.8067
9705000,0,0.618783,29.3677,78.8912
9710000,0,0.594521,29.3802,78.7492
9715000,0,0.67032,29.3289,78.7089
9720000,0,0.726149,29.391,78.8343
9725000,0,0.67032,29.3793,78.768
9730000,0,0.67032,29.3657,78.7852
9735000,0,0.755784,29.4216,78.7807
9740000,0,0.618783,29.3777,78.8292
9745000,0,0.852144,29.3691,78.8105
9750000,0,0.67032,29.357,78.7857
9755000,0,0.818731,29.4143,78.7583
9760000,0,0.548812,29.3923,78.7332
9765000,0,0.755784,29.4005,78.8384
9770000,0,0.755784,29.3842,78.8432
9775000,0,0.548812,29.349,78.7842
9780000,0,0.594521,29.348,78.8845
9785000,0,0.644036,29.3743,78.6731
9790000,0,0.697676,29.4162,78.8
9795000,0,0.594521,29.389,78.7281
9800000,0,0.697676,29.4044,78.6719
9805000,0,0.548812,29.3881,78.8365
9810000,0,0.786628,29.3687,78.8211
9815000,0,0.571209,29.3961,78.7135
9820000,0,0.644036,29.4193,78.7297
9825000,0,0.644036,29.4163,78.8447
9830000,0,0.726149,29.4246,78.8158
9835000,0,0.726149,29.399,78.8458
9840000,0,0.618783,29.3851,78.7574
9845000,0,0.755784,29.4085,78.7777
9850000,0,0.644036,29.4087,78.7749
9855000,0,0.594521,29.3716,78.799
9860000,0,0.697676,29.4041,78.7865
9865000,0,0.644036,29.4118,78.7943
9870000,0,0.67032,29.3837,78.6676
9875000,0,0.786628,29.4006,78.7919
9880000,0,0.67032,29.3751,78.7208
9885000,0,0.548812,29.3895,78.7832
9890000,0,0.726149,29.3816,78.7463
9895000,0,0.548812,29.4073,78.7299
9900000,0,0.755784,29.3969,78.7694
9905000,0,0.571209,29.425,78.7866
9910000,0,0.67032,29.3883,78.8658
9915000,0,0.594521,29.3753,78.6587
9920000,0,0.726149,29.4075,78.7742
9925000,0,0.786628,29.4077,78.7439
9930000,0,0.755784,29.4062,78.7222
9935000,0,0.618783,29.3934,78.7601
9940000,0,0.818731,29.4609,78.7506
9945000,0,0.644036,29.3958,78.7769
9950000,0,0.786628,29.3928,78.8103
9955000,0,0.726149,29.4207,78.7254
9960000,0,0.67032,29.3948,78.7922
9965000,0,0.697676,29.4426,78.7669
9970000,0,0.527292,29.4188,78.7293
9975000,0,0.697676,29.4088,78.7414
9980000,0,0.697676,29.4176,78.8528
9985000,0,0.644036,29.3868,78.7674
9990000,0,0.618783,29.4134,78.7296
9995000,0,0.697676,29.3686,78.7619
10000000,0,0.67032,29.4087,78.7197
10005000,0,0.527292,29.4029,78.7803
10010000,0,0.644036,29.4638,78.7747
10015000,0,0.786628,29.4315,78.7055
10020000,0,0.594521,29.4609,78.8139
10025000,0,0.644036,29.4357,78.7582
10030000,0,0.697676,29.4331,78.8323
10035000,0,0.618783,29.4234,78.8127
10040000,0,0.644036,29.4176,78.7519
10045000,0,0.726149,29.4507,78.7373
10050000,0,0.618783,29.4225,78.762
10055000,0,0.644036,29.4096,78.6279
10060000,0,0.548812,29.4495,78.8013
10065000,0,0.644036,29.4501,78.8002
10070000,0,0.697676,29.4458,78.7749
10075000,0,0.527292,29.452,78.7247
10080000,0,0.726149,29.4555,78.6714
10085000,0,0.755784,29.4397,78.7806
10090000,0,0.594521,29.4209,78.7236
10095000,0,0.67032,29.434,78.8187
10100000,0,0.644036,29.4574,78.7596
10105000,0,0.67032,29.4307,78.7144
10110000,0,0.618783,29.4343,78.7412
10115000,0,0.594521,29.479,78.7048
10120000,0,0.594521,29.4595,78.8122
10125000,0,0.786628,29.4411,78.8539
10130000,0,0.644036,29.4865,78.7646
10135000,0,0.755784,29.4365,78.8223
10140000,0,0.618783,29.4285,78.8503
10145000,0,0.644036,29.4429,78.7254
10150000,0,0.697676,29.4442,78.7124
10155000,0,0.697676,29.4782,78.7955
10160000,0,0.697676,29.4689,78.7163
10165000,0,0.644036,29.4708,78.7856
10170000,0,0.726149,29.4519,78.795
10175000,4.95303,0.726149,29.4738,78.8177
10180000,0,0.548812,29.4747,78.6789
10185000,0,0.618783,29.4627,78.7591
10190000,0,0.697676,29.4424,78.7124
10195000,0,0.67032,29.4461,78.738
10200000,0,0.726149,29.4689,78.745
10205000,0,0.644036,29.4588,78.7822
10210000,0,0.755784,29.4403,78.7487
10215000,0,0.548812,29.4745,78.7087
10220000,0,0.67032,29.4447,78.6695
10225000,0,0.697676,29.4717,78.7854
10230000,0,0.67032,29.4449,78.7668
10235000,0,0.697676,29.4518,78.729
10240000,0,0.571209,29.4359,78.671
10245000,0,0.726149,29.481,78.7967
10250000,0,0.618783,29.4413,78.7226
10255000,0,0.548812,29.4428,78.7865
10260000,0,0.726149,29.4307,78.8087
10265000,0,0.67032,29.4691,78.7439
10270000,0,0.697676,29.4845,78.6901
10275000,0,0.726149,29.4548,78.7032
10280000,0,0.818731,29.4908,78.761
10285000,0,0.644036,29.4589,78.7083
10290000,0,0.644036,29.4692,78.7465
10295000,0,0.527292,29.4563,78.6718
10300000,0,0.571209,29.4763,78.6595
10305000,0,0.697676,29.4824,78.794
10310000,0,0.571209,29.4506,78.7206
10315000,0,0.618783,29.4577,78.7726
10320000,0,0.506617,29.4646,78.6607
10325000,0,0.726149,29.4492,78.6538
10330000,0,0.697676,29.4738,78.7258
10335000,0,0.618783,29.446,78.7026
10340000,0,0.67032,29.4984,78.709
10345000,0,0.594521,29.461,78.7274
10350000,0,0.67032,29.4728,78.7343
10355000,0,0.726149,29.4331,78.6901
10360000,0,0.755784,29.5099,78.6901
10365000,0,0.67032,29.476,78.7759
10370000,5.15517,0.67032,29.4661,78.6664
10375000,0,0.726149,29.471,78.6502
10380000,0,0.594521,29.4608,78.6757
10385000,0,0.726149,29.4976,78.7272
10390000,0,0.644036,29.464,78.7833
10395000,0,0.755784,29.4723,78.7148
10400000,0,0.644036,29.4692,78.6133
10405000,0,0.594521,29.5031,78.772
10410000,0,0.644036,29.4902,78.6851
10415000,5.15517,0.618783,29.4906,78.7758
10420000,0,0.618783,29.4775,78.7191
10425000,0,0.594521,29.5005,78.7655
10430000,0,0.618783,29.47,78.6967
10435000,0,0.548812,29.4524,78.7295
10440000,5.15517,0.571209,29.4869,78.7629
10445000,0,0.755784,29.5267,78.6888
10450000,6.29654,0.697676,29.4971,78.7333
10455000,0,0.618783,29.5156,78.6622
10460000,0,0.786628,29.4748,78.6958
10465000,0,0.618783,29.5048,78.7296
10470000,0,0.67032,29.4792,78.7437
10475000,0,0.67032,29.5107,78.6947
10480000,0,0.818731,29.4979,78.6938
10485000,0,0.786628,29.4741,78.6754
10490000,0,0.697676,29.4651,78.6931
10495000,0,0.726149,29.5247,78.6931
10500000,0,0.726149,29.4875,78.7256
10505000,0,0.644036,29.4604,78.6528
10510000,0,0.67032,29.4963,78.7287
10515000,0,0.726149,29.4745,78.6221
10520000,5.36556,0.697676,29.5097,78.738
10525000,0,0.618783,29.4629,78.6989
10530000,0,0.618783,29.5134,78.6358
10535000,0,0.644036,29.4871,78.7317
10540000,0,0.726149,29.5147,78.8047
10545000,5.15517,0.755784,29.5165,78.5808
10550000,0,0.755784,29.5247,78.6384
10555000,0,0.644036,29.5115,78.7266
10560000,0,0.697676,29.4868,78.7247
10565000,0,0.697676,29.481,78.7505
10570000,5.36556,0.644036,29.5183,78.7464
10575000,0,0.644036,29.5047,78.7719
10580000,0,0.594521,29.5323,78.6955
10585000,0,0.644036,29.539,78.6823
10590000,0,0.594521,29.5035,78.6285
10595000,5.36556,0.67032,29.5322,78.7136
10600000,0,0.697676,29.5292,78.7596
10605000,0,0.644036,29.5165,78.6146
10610000,0,0.697676,29.5294,78.5768
10615000,0,0.697676,29.4802,78.6884
10620000,5.58453,0.726149,29.5161,78.5919
10625000,0,0.786628,29.5167,78.6336
10630000,0,0.697676,29.4746,78.7282
10635000,0,0.67032,29.5482,78.7108
10640000,0,0.618783,29.5512,78.7596
10645000,0,0.618783,29.5252,78.742
10650000,6.29654,0.697676,29.5154,78.6843
10655000,0,0.571209,29.5314,78.6735
10660000,0,0.594521,29.5412,78.7457
10665000,0,0.726149,29.532,78.7029
10670000,0,0.726149,29.5084,78.6838
10675000,0,0.618783,29.5452,78.7206
10680000,4.95303,0.67032,29.4935,78.6442
10685000,0,0.618783,29.5426,78.6948
10690000,0,0.67032,29.5816,78.6796
10695000,0,0.697676,29.5251,78.6303
10700000,0,0.697676,29.5368,78.7164
10705000,5.15517,0.786628,29.4795,78.5639
10710000,0,0.786628,29.5285,78.6543
10715000,0,0.571209,29.5191,78.6878
10720000,0,0.618783,29.5212,78.6904
10725000,0,0.571209,29.5539,78.6932
10730000,0,0.644036,29.5279,78.6986
10735000,0,0.506617,29.5631,78.7347
10740000,0,0.618783,29.5076,78.6769
10745000,0,0.67032,29.5431,78.7314
10750000,5.81244,0.67032,29.5108,78.6116
10755000,5.15517,0.618783,29.5504,78.6347
10760000,0,0.644036,29.5221,78.7147
10765000,0,0.786628,29.5756,78.6791
10770000,0,0.571209,29.5684,78.6922
10775000,5.15517,0.618783,29.5565,78.7202
10780000,5.81244,0.726149,29.5119,78.7358
10785000,0,0.697676,29.5511,78.6474
10790000,0,0.594521,29.5563,78.6032
10795000,0,0.548812,29.534,78.7358
10800000,6.04965,0.644036,29.5361,78.694
10805000,0,0.726149,29.5759,78.6831
10810000,5.36556,0.67032,29.5511,78.688
10815000,0,0.644036,29.5784,78.6773
10820000,4.95303,0.506617,29.5719,78.7528
10825000,5.15517,0.618783,29.5645,78.7416
10830000,6.29654,0.594521,29.5789,78.6208
10835000,6.5535,0.786628,29.5731,78.5927
10840000,0,0.67032,29.5158,78.7179
10845000,0,0.571209,29.5615,78.6871
10850000,0,0.726149,29.556,78.6693
10855000,0,0.618783,29.5379,78.69
10860000,0,0.67032,29.548,78.7276
10865000,5.36556,0.644036,29.6048,78.6881
10870000,0,0.697676,29.5477,78.7836
10875000,0,0.618783,29.5236,78.6691
10880000,0,0.644036,29.5907,78.7115
10885000,4.95303,0.618783,29.579,78.6877
10890000,0,0.697676,29.5636,78.6404
10895000,4.95303,0.506617,29.5854,78.6385
10900000,5.36556,0.786628,29.5371,78.616
10905000,5.15517,0.644036,29.5582,78.6789
10910000,5.15517,0.618783,29.5611,78.6921
10915000,5.15517,0.548812,29.5474,78.6416
10920000,0,0.644036,29.5961,78.5552
10925000,0,0.726149,29.5861,78.744
10930000,5.15517,0.527292,29.5859,78.5977
10935000,5.36556,0.618783,29.5683,78.6453
10940000,5.81244,0.697676,29.5747,78.6748
10945000,0,0.548812,29.5796,78.6409
10950000,5.15517,0.726149,29.5798,78.6811
10955000,0,0.697676,29.552,78.5869
10960000,5.15517,0.697676,29.5595,78.7035
10965000,5.81244,0.644036,29.515,78.6358
10970000,0,0.67032,29.5611,78.6732
10975000,0,0.697676,29.5626,78.7685
10980000,5.81244,0.594521,29.5919,78.6275
10985000,5.58453,0.618783,29.566,78.6882
10990000,5.36556,0.548812,29.5826,78.5819
10995000,5.15517,0.818731,29.5874,78.6726
11000000,6.04965,0.644036,29.5831,78.6529
11005000,6.04965,0.644036,29.6202,78.6706
11010000,0,0.697676,29.5681,78.69
11015000,6.04965,0.644036,29.6103,78.696
11020000,5.81244,0.67032,29.6121,78.6567
11025000,6.5535,0.697676,29.5841,78.6712
11030000,0,0.697676,29.5834,78.562
11035000,0,0.644036,29.6205,78.679
11040000,0,0.618783,29.5397,78.6777
11045000,6.5535,0.726149,29.6005,78.575
11050000,5.36556,0.67032,29.574,78.6318
11055000,0,0.527292,29.6017,78.6347
11060000,5.81244,0.67032,29.5798,78.6713
11065000,5.15517,0.571209,29.6208,78.6571
11070000,5.81244,0.755784,29.6148,78.6845
11075000,5.81244,0.644036,29.591,78.7209
11080000,0,0.697676,29.6136,78.5213
11085000,5.36556,0.644036,29.541,78.6815
11090000,0,0.618783,29.6228,78.715
11095000,5.81244,0.67032,29.5855,78.6201
11100000,0,0.644036,29.6059,78.6702
11105000,6.29654,0.644036,29.5804,78.7075
11110000,6.5535,0.644036,29.5946,78.5773
11115000,7.09933,0.67032,29.6153,78.7917
11120000,6.04965,0.786628,29.6456,78.5758
11125000,0,0.618783,29.5818,78.6872
11130000,6.29654,0.755784,29.6123,78.6556
11135000,6.5535,0.571209,29.6022,78.583
11140000,7.38906,0.697676,29.6072,78.6641
11145000,6.04965,0.67032,29.5986,78.6732
11150000,0,0.644036,29.6358,78.6117
11155000,5.15517,0.755784,29.6243,78.5894
11160000,5.36556,0.67032,29.6135,78.69
11165000,6.04965,0.786628,29.5887,78.5112
11170000,5.81244,0.644036,29.6648,78.7044
11175000,0,0.697676,29.6277,78.7046
11180000,5.36556,0.644036,29.6201,78.6373
11185000,0,0.726149,29.6375,78.6894
11190000,6.29654,0.726149,29.6031,78.6096
11195000,0,0.726149,29.5926,78.647
11200000,5.58453,0.594521,29.6406,78.621
11205000,6.82096,0.618783,29.6143,78.6965
11210000,7.69061,0.67032,29.6088,78.6134
11215000,5.58453,0.67032,29.6456,78.5867
11220000,6.04965,0.67032,29.6705,78.6215
11225000,4.95303,0.697676,29.6318,78.6052
11230000,5.58453,0.697676,29.6314,78.689
11235000,6.5535,0.594521,29.6344,78.6477
11240000,0,0.697676,29.618,78.5601
11245000,5.81244,0.697676,29.6195,78.6185
11250000,0,0.67032,29.6274,78.496
11255000,6.04965,0.594521,29.628,78.5485
11260000,6.82096,0.644036,29.5935,78.5861
11265000,7.69061,0.506617,29.6392,78.6334
11270000,5.81244,0.618783,29.5957,78.663
11275000,5.81244,0.618783,29.6347,78.5453
11280000,6.04965,0.697676,29.6319,78.6641
11285000,5.81244,0.618783,29.6232,78.6227
11290000,6.04965,0.697676,29.6621,78.5748
11295000,6.5535,0.548812,29.6071,78.6363
11300000,0,0.594521,29.6036,78.6394
11305000,5.15517,0.726149,29.6225,78.5582
11310000,5.81244,0.618783,29.613,78.555
11315000,6.04965,0.548812,29.6756,78.6674
11320000,6.5535,0.618783,29.6447,78.6556
11325000,6.04965,0.67032,29.6461,78.6203
11330000,6.82096,0.527292,29.6297,78.6679
11335000,7.69061,0.594521,29.647,78.6725
11340000,6.5535,0.594521,29.6503,78.591
11345000,5.58453,0.594521,29.6008,78.6552
11350000,5.81244,0.697676,29.6135,78.5548
11355000,7.38906,0.644036,29.6308,78.6538
11360000,5.15517,0.571209,29.61,78.524
11365000,6.82096,0.755784,29.6556,78.516
11370000,7.38906,0.726149,29.6224,78.4993
11375000,6.04965,0.618783,29.6294,78.6278
11380000,5.36556,0.644036,29.6442,78.6367
11385000,5.36556,0.644036,29.6401,78.5472
11390000,7.09933,0.548812,29.6383,78.6887
11395000,5.81244,0.594521,29.6512,78.6967
11400000,5.81244,0.67032,29.6455,78.4916
11405000,7.09933,0.571209,29.6379,78.5306
11410000,6.29654,0.644036,29.6837,78.5911
11415000,5.81244,0.644036,29.6279,78.6323
11420000,0,0.594521,29.6276,78.6438
11425000,6.5535,0.571209,29.6881,78.6742
11430000,5.58453,0.548812,29.6877,78.5826
11435000,5.36556,0.755784,29.6544,78.5474
11440000,5.81244,0.527292,29.6445,78.62
11445000,5.81244,0.697676,29.6681,78.5713
11450000,7.38906,0.644036,29.6294,78.5834
11455000,7.38906,0.644036,29.6456,78.5421
11460000,6.82096,0.618783,29.6571,78.5782
11465000,8.67114,0.726149,29.6409,78.5976
11470000,6.29654,0.548812,29.6579,78.6212
11475000,7.09933,0.67032,29.6381,78.5892
11480000,6.82096,0.67032,29.6631,78.6242
11485000,6.82096,0.67032,29.6274,78.6803
11490000,7.09933,0.527292,29.6494,78.5172
11495000,6.5535,0.726149,29.661,78.5562
11500000,5.36556,0.67032,29.6631,78.5764
11505000,6.04965,0.67032,29.6337,78.466
11510000,7.09933,0.697676,29.671,78.6209
11515000,7.69061,0.755784,29.6999,78.5143
11520000,6.04965,0.644036,29.6834,78.6324
11525000,6.04965,0.786628,29.6629,78.6308
11530000,7.09933,0.618783,29.6707,78.6361
11535000,5.81244,0.527292,29.6396,78.5061
11540000,0,0.571209,29.6944,78.5498
11545000,5.58453,0.67032,29.6505,78.6086
11550000,5.81244,0.644036,29.6537,78.5912
11555000,8.33114,0.618783,29.7109,78.6046
11560000,6.5535,0.755784,29.6743,78.5788
11565000,6.04965,0.618783,29.6381,78.5204
11570000,6.82096,0.644036,29.6813,78.6087
11575000,7.69061,0.527292,29.6987,78.6009
11580000,5.15517,0.571209,29.6759,78.5272
11585000,6.5535,0.726149,29.6656,78.5634
11590000,5.81244,0.618783,29.6587,78.587
11595000,6.29654,0.67032,29.7257,78.5697
11600000,6.82096,0.67032,29.6827,78.4574
11605000,7.38906,0.548812,29.6948,78.6361
11610000,7.38906,0.697676,29.7064,78.5607
11615000,7.09933,0.527292,29.675,78.5946
11620000,6.82096,0.726149,29.6704,78.6238
11625000,5.36556,0.594521,29.7332,78.5101
11630000,8.00447,0.548812,29.6761,78.5723
11635000,7.38906,0.618783,29.687,78.5424
11640000,6.29654,0.726149,29.6862,78.6014
11645000,6.29654,0.506617,29.7131,78.6116
11650000,7.38906,0.527292,29.6726,78.5049
11655000,6.82096,0.726149,29.6965,78.6108
11660000,7.38906,0.67032,29.7202,78.5863
11665000,6.82096,0.644036,29.7003,78.5291
11670000,7.09933,0.726149,29.6601,78.5583
11675000,8.67114,0.786628,29.6941,78.6038
11680000,6.29654,0.618783,29.6722,78.6204
11685000,6.29654,0.67032,29.7164,78.5121
11690000,5.36556,0.506617,29.6811,78.5385
11695000,6.29654,0.67032,29.7162,78.5613
11700000,7.38906,0.594521,29.6943,78.6715
11705000,6.29654,0.644036,29.7366,78.5937
11710000,7.69061,0.594521,29.6952,78.4615
11715000,7.38906,0.618783,29.7076,78.6005
11720000,6.5535,0.697676,29.7119,78.5346
11725000,5.36556,0.506617,29.7143,78.588
11730000,7.09933,0.726149,29.7063,78.4585
11735000,6.82096,0.644036,29.7252,78.5843
11740000,5.36556,0.755784,29.6718,78.5743
11745000,7.69061,0.67032,29.6979,78.5927
11750000,8.00447,0.644036,29.698,78.5826
11755000,7.69061,0.67032,29.7075,78.6684
11760000,7.09933,0.67032,29.6704,78.449
11765000,8.00447,0.67032,29.6968,78.5308
11770000,7.38906,0.571209,29.6958,78.5285
11775000,7.69061,0.618783,29.6929,78.5961
11780000,5.58453,0.571209,29.704,78.6404
11785000,7.69061,0.618783,29.7142,78.6465
11790000,7.09933,0.67032,29.7271,78.5494
11795000,6.04965,0.618783,29.7044,78.5641
11800000,6.29654,0.697676,29.7412,78.4819
11805000,5.36556,0.594521,29.6815,78.5274
11810000,6.5535,0.755784,29.7164,78.6176
11815000,5.15517,0.594521,29.7157,78.5364
11820000,9.39333,0.506617,29.7147,78.6362
11825000,6.5535,0.644036,29.746,78.5125
11830000,7.09933,0.548812,29.7073,78.5447
11835000,8.00447,0.571209,29.7346,78.5278
11840000,6.29654,0.726149,29.6923,78.541
11845000,8.00447,0.644036,29.7185,78.4962
11850000,8.67114,0.644036,29.701,78.5022
11855000,6.5535,0.618783,29.7285,78.5272
11860000,8.00447,0.726149,29.7147,78.6316
11865000,7.38906,0.571209,29.747,78.5377
11870000,6.82096,0.644036,29.7353,78.3972
11875000,7.09933,0.67032,29.7051,78.5479
11880000,7.38906,0.644036,29.72,78.4873
11885000,5.36556,0.726149,29.7361,78.5217
11890000,7.38906,0.697676,29.7176,78.5383
11895000,9.77668,0.726149,29.7147,78.5792
11900000,6.5535,0.726149,29.7258,78.4353
11905000,7.38906,0.697676,29.7085,78.5693
11910000,7.09933,0.618783,29.6884,78.5269
11915000,7.69061,0.618783,29.7528,78.6
11920000,6.82096,0.594521,29.7436,78.4283
11925000,8.00447,0.726149,29.7355,78.6057
11930000,8.00447,0.67032,29.7043,78.4242
11935000,6.82096,0.726149,29.7332,78.5924
11940000,7.38906,0.571209,29.7505,78.5566
11945000,6.5535,0.618783,29.714,78.5188
11950000,6.5535,0.644036,29.696,78.5296
11955000,8.00447,0.67032,29.706,78.5324
11960000,6.5535,0.644036,29.7442,78.5041
11965000,8.33114,0.548812,29.7318,78.5122
11970000,7.38906,0.618783,29.7495,78.4616
11975000,6.5535,0.697676,29.7216,78.516
11980000,8.33114,0.527292,29.7554,78.5262
11985000,6.82096,0.571209,29.7385,78.598
11990000,7.38906,0.755784,29.7159,78.5383
11995000,8.67114,0.527292,29.7211,78.5143
12000000,9.02501,0.67032,29.7441,78.5203
12005000,6.82096,0.755784,29.757,78.5157
12010000,7.69061,0.786628,29.7299,78.4691
12015000,8.00447,0.644036,29.7421,78.4497
12020000,7.38906,0.644036,29.7358,78.5751
12025000,8.00447,0.644036,29.7364,78.5674
12030000,8.00447,0.571209,29.7385,78.5871
12035000,7.09933,0.594521,29.7373,78.4231
12040000,7.69061,0.67032,29.7532,78.515
12045000,7.09933,0.644036,29.7233,78.4867
12050000,8.33114,0.618783,29.795,78.5254
12055000,7.69061,0.571209,29.7462,78.4689
12060000,8.00447,0.644036,29.7364,78.5072
12065000,8.67114,0.571209,29.7497,78.4136
12070000,7.69061,0.618783,29.7676,78.4385
12075000,7.69061,0.594521,29.7808,78.4519
12080000,6.5535,0.67032,29.7123,78.5318
12085000,8.67114,0.594521,29.7501,78.5674
12090000,8.00447,0.618783,29.7681,78.5602
12095000,8.00447,0.697676,29.7274,78.592
12100000,6.82096,0.726149,29.7758,78.513
12105000,6.82096,0.67032,29.759,78.4793
12110000,8.67114,0.755784,29.7484,78.5364
12115000,6.29654,0.594521,29.79,78.4492
12120000,7.38906,0.644036,29.7496,78.5302
12125000,9.77668,0.644036,29.7493,78.4722
12130000,8.67114,0.644036,29.7253,78.5507
12135000,6.82096,0.726149,29.7558,78.4309
12140000,8.67114,0.594521,29.7709,78.5409
12145000,7.09933,0.548812,29.799,78.5465
12150000,6.04965,0.618783,29.7743,78.5593
12155000,7.69061,0.697676,29.7743,78.4924
12160000,7.38906,0.67032,29.739,78.4295
12165000,8.00447,0.571209,29.7747,78.4711
12170000,8.00447,0.726149,29.7633,78.5884
12175000,7.38906,0.618783,29.7682,78.5544
12180000,8.00447,0.644036,29.7543,78.5113
12185000,9.39333,0.67032,29.7456,78.5171
12190000,6.5535,0.644036,29.7763,78.5312
12195000,8.33114,0.571209,29.735,78.3963
12200000,7.38906,0.644036,29.7551,78.46
12205000,7.38906,0.67032,29.7668,78.4927
12210000,9.39333,0.548812,29.803,78.4355
12215000,9.02501,0.786628,29.7461,78.5182
12220000,7.69061,0.697676,29.7598,78.4483
12225000,9.02501,0.594521,29.7657,78.5702
12230000,7.38906,0.594521,29.7884,78.5051
12235000,8.33114,0.571209,29.7544,78.5916
12240000,8.33114,0.755784,29.7774,78.4932
12245000,8.00447,0.594521,29.7992,78.4734
12250000,8.00447,0.697676,29.7997,78.5343
12255000,8.67114,0.618783,29.8169,78.5488
12260000,6.04965,0.697676,29.7907,78.5167
12265000,7.69061,0.67032,29.7738,78.4846
12270000,7.69061,0.548812,29.8132,78.451
12275000,7.69061,0.67032,29.7872,78.4418
12280000,8.00447,0.755784,29.7712,78.5728
12285000,9.02501,0.726149,29.8228,78.4382
12290000,6.82096,0.618783,29.7366,78.3794
12295000,8.67114,0.594521,29.7587,78.4725
12300000,7.09933,0.548812,29.7751,78.4651
12305000,7.38906,0.644036,29.7765,78.4682
12310000,8.33114,0.697676,29.7762,78.3936
12315000,7.09933,0.618783,29.7733,78.506
12320000,8.67114,0.571209,29.765,78.4134
12325000,9.39333,0.644036,29.7652,78.4977
12330000,8.67114,0.697676,29.7948,78.4223
12335000,7.69061,0.571209,29.7854,78.3949
12340000,8.67114,0.67032,29.7941,78.4771
12345000,9.02501,0.67032,29.8199,78.3952
12350000,9.02501,0.571209,29.7774,78.4902
12355000,8.67114,0.571209,29.7723,78.368
12360000,8.00447,0.571209,29.7588,78.4891
12365000,7.09933,0.726149,29.8004,78.4734
12370000,9.39333,0.527292,29.7615,78.456
12375000,7.69061,0.697676,29.7956,78.5052
12380000,6.82096,0.697676,29.8029,78.4908
12385000,8.33114,0.726149,29.8176,78.3807
12390000,9.39333,0.67032,29.7996,78.4448
12395000,10.1757,0.697676,29.7948,78.4503
12400000,7.38906,0.726149,29.7728,78.4286
12405000,8.00447,0.726149,29.8243,78.4604
12410000,7.69061,0.594521,29.7856,78.4484
12415000,7.09933,0.67032,29.7671,78.4448
12420000,9.02501,0.594521,29.7971,78.4125
12425000,7.09933,0.548812,29.7893,78.4114
12430000,10.591,0.644036,29.7892,78.4033
12435000,8.67114,0.755784,29.8146,78.4657
12440000,8.00447,0.726149,29.8116,78.4597
12445000,8.00447,0.644036,29.7911,78.5045
12450000,8.67114,0.644036,29.8342,78.4799
12455000,8.33114,0.527292,29.8048,78.4678
12460000,9.77668,0.644036,29.7917,78.3861
12465000,8.67114,0.726149,29.8233,78.4467
12470000,8.00447,0.618783,29.7832,78.4124
12475000,8.33114,0.786628,29.7876,78.3678
12480000,8.00447,0.697676,29.8182,78.4245
12485000,9.02501,0.594521,29.7741,78.4394
12490000,7.69061,0.697676,29.832,78.4356
12495000,7.38906,0.755784,29.8245,78.4097
12500000,7.09933,0.594521,29.8273,78.3988
12505000,8.00447,0.571209,29.7981,78.458
12510000,7.09933,0.644036,29.8222,78.3348
12515000,8.33114,0.571209,29.8215,78.4916
12520000,8.33114,0.786628,29.8279,78.3693
12525000,7.69061,0.644036,29.7855,78.4284
12530000,8.33114,0.594521,29.8185,78.4264
12535000,6.04965,0.618783,29.8157,78.3074
12540000,8.33114,0.571209,29.8251,78.4825
12545000,7.38906,0.527292,29.8257,78.4809
12550000,9.39333,0.726149,29.8285,78.4275
12555000,8.33114,0.548812,29.7901,78.3477
12560000,8.33114,0.594521,29.7966,78.4697
12565000,8.67114,0.726149,29.8292,78.4302
12570000,8.67114,0.594521,29.8801,78.4183
12575000,10.1757,0.697676,29.8018,78.4122
12580000,7.69061,0.697676,29.8197,78.4446
12585000,10.591,0.594521,29.8329,78.3847
12590000,8.33114,0.618783,29.829,78.4618
12595000,8.67114,0.594521,29.8097,78.4293
12600000,8.67114,0.644036,29.7793,78.4305
12605000,8.33114,0.726149,29.7788,78.3972
12610000,9.77668,0.618783,29.8372,78.4239
12615000,9.39333,0.486752,29.8344,78.3811
12620000,7.69061,0.67032,29.8378,78.316
12625000,8.33114,0.618783,29.8361,78.5141
12630000,9.39333,0.644036,29.818,78.3894
12635000,8.67114,0.726149,29.8301,78.3792
12640000,8.33114,0.644036,29.8292,78.35
12645000,9.77668,0.618783,29.8494,78.3831
12650000,8.67114,0.571209,29.8278,78.4246
12655000,8.33114,0.618783,29.815,78.4245
12660000,8.00447,0.571209,29.8483,78.3299
12665000,10.1757,0.486752,29.8292,78.4533
12670000,9.77668,0.726149,29.8262,78.3431
12675000,8.67114,0.618783,29.8287,78.3548
12680000,7.69061,0.67032,29.8278,78.3391
12685000,9.02501,0.697676,29.8104,78.4444
12690000,11.0232,0.548812,29.8619,78.3874
12695000,9.02501,0.644036,29.855,78.4867
12700000,8.00447,0.548812,29.8369,78.3133
12705000,8.00447,0.726149,29.8249,78.4072
12710000,10.1757,0.67032,29.8128,78.3973
12715000,11.0232,0.644036,29.8045,78.3845
12720000,8.00447,0.67032,29.8404,78.3547
12725000,8.67114,0.67032,29.8218,78.443
12730000,8.33114,0.594521,29.8324,78.4071
12735000,9.77668,0.548812,29.8586,78.3594
12740000,9.77668,0.644036,29.8635,78.3909
12745000,8.00447,0.67032,29.825,78.3542
12750000,9.39333,0.697676,29.8895,78.3515
12755000,8.33114,0.67032,29.8295,78.2493
12760000,9.77668,0.67032,29.8265,78.3753
12765000,8.33114,0.786628,29.8461,78.4351
12770000,6.82096,0.594521,29.8294,78.3879
12775000,9.39333,0.755784,29.7799,78.4239
12780000,8.00447,0.618783,29.8435,78.4758
12785000,9.02501,0.644036,29.8407,78.4354
12790000,9.77668,0.571209,29.8496,78.3711
12795000,7.09933,0.644036,29.87,78.2633
12800000,8.67114,0.67032,29.8425,78.4174
12805000,8.33114,0.618783,29.8644,78.371
12810000,9.77668,0.527292,29.8215,78.3693
12815000,8.33114,0.67032,29.8793,78.2971
12820000,9.77668,0.697676,29.8267,78.342
12825000,11.0232,0.618783,29.8646,78.3043
12830000,11.0232,0.594521,29.8568,78.3528
12835000,9.39333,0.67032,29.8456,78.3626
12840000,8.67114,0.697676,29.8485,78.3715
12845000,9.77668,0.67032,29.8405,78.3239
12850000,11.0232,0.594521,29.8746,78.3492
12855000,9.02501,0.755784,29.8473,78.2942
12860000,8.67114,0.618783,29.8558,78.3715
12865000,8.67114,0.618783,29.8631,78.3133
12870000,10.591,0.644036,29.8847,78.3605
12875000,9.02501,0.594521,29.9049,78.2718
12880000,8.67114,0.726149,29.8653,78.3661
12885000,8.67114,0.618783,29.8703,78.3145
12890000,9.77668,0.618783,29.877,78.3685
12895000,11.0232,0.644036,29.875,78.2942
12900000,10.591,0.644036,29.8531,78.3343
12905000,9.77668,0.697676,29.8519,78.3258
12910000,10.1757,0.644036,29.8566,78.3897
12915000,9.39333,0.618783,29.8576,78.4422
12920000,8.67114,0.697676,29.8826,78.3988
12925000,9.02501,0.594521,29.8653,78.3112
12930000,8.67114,0.618783,29.8931,78.4507
12935000,9.77668,0.571209,29.8757,78.2461
12940000,7.69061,0.644036,29.8873,78.3612
12945000,10.591,0.726149,29.8602,78.4386
12950000,9.02501,0.548812,29.8145,78.3842
12955000,8.33114,0.697676,29.8686,78.3088
12960000,9.39333,0.67032,29.8718,78.2927
12965000,9.77668,0.726149,29.8977,78.3739
12970000,9.77668,0.644036,29.8581,78.2983
12975000,10.591,0.67032,29.876,78.2741
12980000,9.77668,0.67032,29.9009,78.3022
12985000,10.591,0.67032,29.8461,78.2773
12990000,11.9413,0.644036,29.8706,78.3024
12995000,10.1757,0.506617,29.8654,78.2933
13000000,9.77668,0.618783,29.8654,78.3433
13005000,9.02501,0.67032,29.8781,78.2375
13010000,9.02501,0.697676,29.9026,78.3053
13015000,9.39333,0.506617,29.8735,78.3295
13020000,10.1757,0.67032,29.8874,78.3837
13025000,9.02501,0.644036,29.8703,78.3484
13030000,9.77668,0.697676,29.9031,78.3866
13035000,9.02501,0.67032,29.9124,78.2153
13040000,9.39333,0.571209,29.8957,78.2284
13045000,8.67114,0.594521,29.8756,78.342
13050000,10.1757,0.618783,29.8958,78.2765
13055000,11.9413,0.67032,29.8789,78.2349
13060000,10.591,0.644036,29.9013,78.3337
13065000,9.77668,0.644036,29.8958,78.3004
13070000,9.77668,0.594521,29.9231,78.3643
13075000,11.0232,0.618783,29.8798,78.3294
13080000,9.77668,0.548812,29.8887,78.2042
13085000,8.00447,0.755784,29.8978,78.3283
13090000,10.591,0.618783,29.8597,78.2734
13095000,10.591,0.67032,29.884,78.2851
13100000,10.1757,0.506617,29.9235,78.2102
13105000,8.67114,0.697676,29.877,78.3457
13110000,10.1757,0.644036,29.9096,78.3402
13115000,10.1757,0.571209,29.9051,78.2856
13120000,10.1757,0.697676,29.8881,78.3458
13125000,11.0232,0.618783,29.9276,78.2714
13130000,9.02501,0.548812,29.9158,78.2959
13135000,9.39333,0.618783,29.891,78.3489
13140000,9.02501,0.644036,29.9169,78.2821
13145000,10.1757,0.697676,29.8802,78.2824
13150000,9.77668,0.644036,29.9136,78.2184
13155000,9.39333,0.618783,29.9026,78.2626
13160000,8.67114,0.726149,29.871,78.3122
13165000,10.591,0.67032,29.9214,78.2561
13170000,10.1757,0.594521,29.9024,78.297
13175000,8.00447,0.571209,29.8728,78.2855
13180000,9.77668,0.618783,29.9449,78.3183
13185000,9.77668,0.726149,29.9049,78.2691
13190000,11.473,0.697676,29.9199,78.2463
13195000,9.02501,0.726149,29.9133,78.287
13200000,9.77668,0.644036,29.936,78.3458
13205000,10.591,0.697676,29.9106,78.2255
13210000,10.591,0.548812,29.8806,78.3215
13215000,10.1757,0.644036,29.9229,78.2478
13220000,9.39333,0.697676,29.914,78.314
13225000,10.1757,0.594521,29.9123,78.2092
13230000,10.591,0.571209,29.9115,78.2936
13235000,10.591,0.618783,29.9098,78.2362
13240000,9.77668,0.527292,29.9253,78.2532
13245000,10.1757,0.786628,29.9056,78.2527
13250000,8.00447,0.486752,29.9408,78.2623
13255000,11.0232,0.594521,29.9125,78.2487
13260000,10.591,0.618783,29.8982,78.3811
13265000,10.1757,0.548812,29.9274,78.2573
13270000,9.77668,0.644036,29.9203,78.1228
13275000,11.0232,0.618783,29.9093,78.2317
13280000,9.02501,0.571209,29.9158,78.3197
13285000,10.591,0.67032,29.9053,78.2636
13290000,11.0232,0.67032,29.9088,78.2845
13295000,9.02501,0.506617,29.9173,78.2806
13300000,9.77668,0.67032,29.9529,78.2912
13305000,11.9413,0.697676,29.9451,78.2063
13310000,9.39333,0.786628,29.9384,78.1361
13315000,11.0232,0.548812,29.9061,78.28
13320000,10.1757,0.594521,29.9376,78.2507
13325000,9.02501,0.644036,29.9193,78.2524
13330000,11.0232,0.644036,29.908,78.2271
13335000,9.02501,0.726149,29.9279,78.3672
13340000,10.591,0.618783,29.9291,78.2364
13345000,9.77668,0.618783,29.9195,78.2384
13350000,10.1757,0.594521,29.9343,78.2946
13355000,10.591,0.644036,29.9455,78.2246
13360000,9.39333,0.697676,29.9174,78.1364
13365000,10.1757,0.594521,29.9194,78.232
13370000,9.39333,0.594521,29.9281,78.2424
13375000,9.02501,0.506617,29.9028,78.2589
13380000,10.1757,0.618783,29.932,78.2787
13385000,11.0232,0.548812,29.9273,78.2826
13390000,10.1757,0.644036,29.9344,78.2204
13395000,9.77668,0.618783,29.9687,78.2918
13400000,10.1757,0.644036,29.9029,78.1356
13405000,10.591,0.697676,29.9409,78.2575
13410000,10.591,0.644036,29.9189,78.2428
13415000,9.77668,0.618783,29.907,78.2834
13420000,11.0232,0.755784,29.9387,78.259
13425000,9.77668,0.67032,29.9277,78.1933
13430000,9.77668,0.67032,29.9414,78.2069
13435000,9.77668,0.67032,29.9124,78.1529
13440000,10.1757,0.67032,29.937,78.2015
13445000,10.1757,0.644036,29.9506,78.136
13450000,11.0232,0.527292,29.9595,78.1559
13455000,11.0232,0.644036,29.8885,78.2237
13460000,11.9413,0.67032,29.9551,78.2116
13465000,10.1757,0.67032,29.9566,78.2154
13470000,11.9413,0.618783,29.9562,78.2515
13475000,10.1757,0.67032,29.9615,78.0815
13480000,9.39333,0.618783,29.942,78.2283
13485000,8.67114,0.644036,29.9244,78.2457
13490000,10.1757,0.644036,29.9369,78.1623
13495000,9.02501,0.506617,29.9568,78.1889
13500000,10.591,0.726149,29.927,78.2633
13505000,9.39333,0.618783,29.9577,78.2176
13510000,10.1757,0.697676,29.9668,78.2152
13515000,11.0232,0.644036,29.9344,78.1593
13520000,10.1757,0.618783,29.948,78.1794
13525000,9.77668,0.67032,29.8996,78.1049
13530000,9.02501,0.618783,29.9597,78.2169
13535000,11.473,0.548812,29.9286,78.1068
13540000,9.77668,0.571209,29.9219,78.1986
13545000,9.77668,0.67032,29.9638,78.2526
13550000,11.0232,0.697676,29.9746,78.1526
13555000,9.77668,0.726149,29.9552,78.1391
13560000,11.0232,0.618783,29.9583,78.1628
13565000,10.1757,0.644036,29.9326,78.1655
13570000,10.1757,0.644036,29.9523,78.1532
13575000,10.591,0.697676,29.9546,78.2694
13580000,11.0232,0.548812,29.935,78.2244
13585000,10.1757,0.618783,29.9569,78.1225
13590000,11.473,0.527292,29.9604,78.2068
13595000,11.0232,0.644036,29.9744,78.2364
13600000,11.0232,0.618783,29.9546,78.1132
13605000,11.473,0.67032,29.9716,78.2115
13610000,10.591,0.571209,29.9431,78.1674
13615000,10.1757,0.618783,29.9526,78.1546
13620000,11.473,0.786628,29.9681,78.1654
13625000,11.0232,0.644036,29.9639,78.1985
13630000,10.591,0.726149,29.9583,78.2604
13635000,11.0232,0.726149,29.9315,78.1952
13640000,11.9413,0.67032,29.9333,78.2596
13645000,10.1757,0.726149,29.9675,78.125
13650000,9.77668,0.548812,29.9539,78.2745
13655000,10.591,0.67032,29.9811,78.1864
13660000,11.0232,0.618783,29.9505,78.1643
13665000,11.0232,0.571209,29.9837,78.2088
13670000,9.39333,0.527292,29.9581,78.2382
13675000,10.1757,0.571209,29.9482,78.1107
13680000,9.77668,0.67032,29.9929,78.2304
13685000,10.1757,0.618783,29.9288,78.1752
13690000,10.591,0.644036,29.9725,78.2167
13695000,11.0232,0.644036,29.967,78.1712
13700000,11.0232,0.67032,29.9636,78.1311
13705000,9.77668,0.594521,29.9633,78.0992
13710000,11.0232,0.618783,29.9539,78.1317
13715000,8.67114,0.697676,30.0022,78.218
13720000,10.1757,0.527292,29.9478,78.1159
13725000,9.77668,0.506617,29.955,78.2628
13730000,11.473,0.527292,29.9541,78.0299
13735000,9.77668,0.594521,30.0053,78.1528
13740000,8.67114,0.594521,29.9829,78.1372
13745000,9.77668,0.726149,29.9742,78.1935
13750000,9.77668,0.618783,29.982,78.1912
13755000,11.473,0.644036,30.0047,78.1898
13760000,11.0232,0.644036,29.9554,78.1478
13765000,10.591,0.618783,29.9642,78.1433
13770000,11.0232,0.594521,29.961,78.1566
13775000,11.473,0.594521,29.9681,78.2529
13780000,10.591,0.594521,29.9803,78.0908
13785000,11.473,0.618783,29.9764,78.0927
13790000,11.9413,0.644036,29.95,78.1887
13795000,12.9358,0.67032,29.9826,78.1891
13800000,11.473,0.697676,29.9696,78.1349
13805000,11.473,0.697676,29.9587,78.0797
13810000,10.591,0.697676,29.9818,78.0958
13815000,9.02501,0.726149,29.9918,78.0755
13820000,11.473,0.618783,29.9818,78.1242
13825000,9.77668,0.726149,29.9701,78.0686
13830000,12.4286,0.571209,30.0206,78.0306
13835000,9.39333,0.726149,29.9648,78.1212
13840000,11.9413,0.67032,29.9996,78.1377
13845000,9.77668,0.67032,29.9987,78.1147
13850000,11.0232,0.594521,29.9534,78.1221
13855000,11.473,0.697676,29.9293,78.1567
13860000,11.0232,0.755784,30.0113,78.1554
13865000,11.9413,0.618783,29.9855,78.0857
13870000,12.4286,0.571209,29.953,78.101
13875000,10.591,0.644036,30.0016,78.1989
13880000,12.4286,0.67032,30.0143,78.0902
13885000,9.39333,0.852144,29.9829,78.1137
13890000,11.0232,0.486752,29.9703,78.1114
13895000,11.0232,0.594521,30.0368,78.0862
13900000,11.9413,0.697676,29.9813,78.0942
13905000,10.1757,0.697676,29.9704,78.0782
13910000,11.0232,0.594521,29.9619,78.0761
13915000,11.473,0.618783,29.9886,78.1499
13920000,10.591,0.594521,30.0064,78.1666
13925000,11.473,0.644036,30.0308,78.1509
13930000,11.9413,0.644036,29.9635,78.1707
13935000,11.473,0.548812,30.0204,77.9934
13940000,11.473,0.644036,30.0102,78.0604
13945000,11.0232,0.571209,29.9729,78.1243
13950000,11.473,0.618783,30.0077,78.0576
13955000,9.77668,0.726149,29.9963,78.1119
13960000,11.473,0.67032,29.9714,78.0379
13965000,11.0232,0.67032,29.9701,78.073
13970000,11.9413,0.548812,29.9945,78.0245
13975000,11.0232,0.618783,30.0202,78.0955
13980000,12.4286,0.726149,30.0097,78.0662
13985000,11.9413,0.67032,30.0036,78.0089
13990000,11.473,0.618783,29.9869,78.1781
13995000,11.9413,0.644036,30.0038,77.9905
14000000,10.591,0.548812,29.9964,78.0935
14005000,10.1757,0.697676,29.9844,78.0949
14010000,11.9413,0.697676,29.9923,78.0817
14015000,11.0232,0.644036,30.0572,78.0815
14020000,11.473,0.644036,30.0411,78.032
14025000,12.9358,0.618783,29.9998,78.0444
14030000,11.0232,0.644036,29.996,78.0243
14035000,11.473,0.618783,30.0065,78.1037
14040000,12.4286,0.571209,30.0111,78.0667
14045000,11.0232,0.697676,30.0224,78.1173
14050000,13.4637,0.786628,30.0494,78.0009
14055000,10.591,0.486752,30.0261,78.113
14060000,10.591,0.67032,30.0352,78.0276
14065000,10.591,0.594521,30.008,78.0939
14070000,11.473,0.618783,30.006,78.0143
14075000,12.4286,0.618783,30.0122,78.0678
14080000,11.473,0.618783,30.0216,77.9903
14085000,11.473,0.67032,30.0377,78.0044
14090000,11.0232,0.786628,30.0164,78.1213
14095000,12.4286,0.67032,30.0389,78.1039
14100000,10.591,0.697676,30.0164,78.0593
14105000,12.4286,0.755784,30.0151,77.991
14110000,11.0232,0.67032,29.9925,78.0253
14115000,11.473,0.67032,30.0154,77.9636
14120000,11.0232,0.618783,30.0547,78.0787
14125000,11.9413,0.644036,30.0438,78.0462
14130000,11.473,0.506617,30.0015,78.0123
14135000,11.9413,0.67032,29.9909,78.0643
14140000,10.591,0.618783,29.9962,78.0725
14145000,11.0232,0.644036,30.0077,78.0207
14150000,9.39333,0.67032,30.0199,77.9431
14155000,11.9413,0.527292,29.9963,77.9999
14160000,11.0232,0.594521,30.0182,78.0536
14165000,11.0232,0.697676,30.0347,78.0671
14170000,10.591,0.644036,30.0294,78.0413
14175000,11.473,0.67032,29.9861,78.1433
14180000,9.39333,0.67032,30.0165,78.0274
14185000,11.473,0.644036,30.0299,78.0669
14190000,11.9413,0.618783,29.9996,78.0491
14195000,11.0232,0.644036,30.0407,78.0638
14200000,11.0232,0.644036,30.0238,77.9876
14205000,11.0232,0.697676,30.0388,78.0673
14210000,12.4286,0.726149,30.0479,77.9944
14215000,11.0232,0.548812,30.0512,78.0942
14220000,10.591,0.697676,30.0555,77.9742
14225000,10.591,0.726149,30.0395,78.0927
14230000,12.4286,0.571209,30.0431,77.9995
14235000,12.4286,0.67032,30.0334,78.0801
14240000,9.77668,0.618783,30.0234,78.0042
14245000,10.1757,0.726149,30.0448,78.0119
14250000,11.0232,0.571209,30.0362,77.9724
14255000,10.591,0.67032,30.0156,77.9932
14260000,11.0232,0.594521,30.0412,77.9776
14265000,11.9413,0.527292,30.0192,78.0382
14270000,11.0232,0.618783,30.0364,78.0612
14275000,9.77668,0.644036,30.0627,77.9891
14280000,10.591,0.594521,30.0548,77.9759
14285000,11.9413,0.644036,30.0253,78.0378
14290000,11.0232,0.571209,30.0658,78.0424
14295000,9.02501,0.618783,30.0383,77.9314
14300000,12.4286,0.594521,29.996,77.9818
14305000,9.39333,0.644036,30.0368,77.9017
14310000,14.5851,0.644036,30.0119,78.0175
14315000,9.77668,0.697676,30.0232,77.9397
14320000,11.473,0.697676,30.0446,77.9566
14325000,11.9413,0.726149,30.0258,77.9331
14330000,12.4286,0.644036,30.0453,77.9595
14335000,12.4286,0.618783,30.0219,77.9698
14340000,11.473,0.67032,30.0281,77.9624
14345000,13.4637,0.571209,30.0426,77.9445
14350000,9.77668,0.571209,30.0487,77.9612
14355000,12.4286,0.67032,30.0524,77.9549
14360000,10.591,0.755784,30.057,77.9558
14365000,9.77668,0.755784,30.0649,77.9948
14370000,12.4286,0.786628,30.0462,77.9817
14375000,11.0232,0.506617,30.0498,77.8984
14380000,11.0232,0.571209,30.0686,77.9187
14385000,10.591,0.644036,30.084,78.0329
14390000,12.9358,0.571209,30.0193,78.0073
14395000,11.473,0.618783,30.0594,78.0093
14400000,11.0232,0.644036,30.0491,78.0059
14405000,11.473,0.527292,30.065,77.9443
14410000,11.473,0.486752,30.0782,77.8376
14415000,11.9413,0.527292,30.0953,77.8547
14420000,10.591,0.571209,30.0498,77.9149
14425000,11.9413,0.67032,30.0455,77.969
14430000,11.0232,0.644036,30.0439,77.9306
14435000,10.591,0.644036,30.0589,77.9606
14440000,10.1757,0.618783,30.0628,78.0546
14445000,11.9413,0.697676,30.0848,77.9627
14450000,12.4286,0.644036,30.0517,77.9324
14455000,12.4286,0.594521,30.0574,77.8614
14460000,10.591,0.571209,30.0934,77.9995
14465000,11.9413,0.571209,30.0699,77.9758
14470000,11.0232,0.644036,30.0737,77.9788
14475000,12.4286,0.527292,30.057,78.0122
14480000,12.4286,0.618783,30.0481,78.0623
14485000,11.9413,0.644036,30.0881,77.9135
14490000,14.0132,0.755784,30.087,77.9675
14495000,11.0232,0.594521,30.0803,77.843
14500000,11.0232,0.644036,30.076,78.01
14505000,13.4637,0.852144,30.0727,77.8541
14510000,11.9413,0.697676,30.0823,77.9189
14515000,12.4286,0.644036,30.0427,77.9903
14520000,11.9413,0.67032,30.0271,77.9967
14525000,10.591,0.548812,30.0453,77.8841
14530000,11.473,0.571209,30.0666,78.014
14535000,11.0232,0.594521,30.0979,77.9257
14540000,13.4637,0.594521,30.0788,77.8555
14545000,11.473,0.618783,30.0763,77.8337
14550000,12.4286,0.67032,30.0424,77.9566
14555000,11.9413,0.571209,30.073,77.9961
14560000,11.473,0.527292,30.0675,77.8784
14565000,12.4286,0.618783,30.0548,77.9619
14570000,10.591,0.618783,30.0484,77.95
14575000,12.9358,0.506617,30.0439,77.8706
14580000,11.473,0.618783,30.085,77.9014
14585000,11.9413,0.67032,30.0806,77.856
14590000,11.9413,0.67032,30.088,77.9612
14595000,11.9413,0.67032,30.0857,77.906
14600000,11.473,0.618783,30.091,77.9049
14605000,10.591,0.618783,30.0871,77.9305
14610000,10.591,0.618783,30.0798,77.902
14615000,11.473,0.618783,30.0673,77.7695
14620000,10.591,0.67032,30.0626,77.9125
14625000,13.4637,0.594521,30.0498,77.8651
14630000,11.473,0.571209,30.0849,77.8785
14635000,11.473,0.618783,30.0584,77.9353
14640000,11.9413,0.571209,30.1096,77.8731
14645000,15.7998,0.697676,30.076,78.0045
14650000,20.0855,0.88692,30.0718,77.8449
14655000,20.9052,0.755784,30.0446,78.0099
14660000,21.7584,0.786628,30.0962,77.8135
14665000,25.5337,0.960789,30.0599,77.8782
14670000,29.9641,0.88692,30.0633,77.8985
14675000,27.6604,1,30.0498,77.909
14680000,27.6604,1.04081,30.0667,77.8779
14685000,28.7892,1,30.0848,77.8774
14690000,27.6604,1.08329,30.1301,77.8269
14695000,29.9641,1,30.0624,77.8955
14700000,28.7892,0.852144,30.0863,77.8123
14705000,29.9641,0.852144,30.0756,77.8751
14710000,31.187,1,30.1294,77.8537
14715000,31.187,1.08329,30.1118,77.8694
14720000,31.187,1,30.0896,77.887
14725000,29.9641,0.960789,30.0874,77.8819
14730000,28.7892,0.960789,30.0738,77.8536
14735000,29.9641,1,30.071,77.8199
14740000,29.9641,1.04081,30.0654,77.8517
14745000,31.187,1.08329,30.1237,77.8367
14750000,28.7892,1,30.1134,77.9049
14755000,28.7892,1.08329,30.0858,77.8832
14760000,29.9641,1.04081,30.0686,77.7519
14765000,32.4597,0.960789,30.0754,77.8833
14770000,31.187,0.786628,30.1131,77.8299
14775000,31.187,1.04081,30.0999,77.9271
14780000,32.4597,1,30.099,77.7705
14785000,31.187,1.08329,30.0894,77.9168
14790000,32.4597,1.08329,30.1111,77.8588
14795000,31.187,1.04081,30.0766,77.7694
14800000,29.9641,1.04081,30.0963,77.7458
14805000,28.7892,1.04081,30.0747,77.8192
14810000,28.7892,1,30.1102,77.9534
14815000,27.6604,1,30.1065,77.8409
14820000,26.5758,0.818731,30.1128,77.9237
14825000,24.5325,0.923116,30.1247,77.8257
14830000,23.5706,0.88692,30.0653,77.7943
14835000,22.6464,0.852144,30.125,77.8038
14840000,21.7584,0.88692,30.0697,77.8282
14845000,nan,0.726149,30.0971,77.9138
14850000,nan,0.755784,30.0688,77.79
14855000,nan,0.818731,30.0843,77.8194
14860000,nan,0.755784,30.0733,77.8004
14865000,nan,0.67032,30.1177,77.8069
14870000,nan,0.618783,30.1319,77.8093
14875000,nan,0.755784,30.1074,77.8497
14880000,nan,0.88692,30.0645,77.8986
14885000,17.8143,0.726149,30.1342,77.7387
14890000,15.7998,0.818731,30.1028,77.8245
14895000,16.4446,0.726149,30.1309,77.9178
14900000,17.8143,0.755784,30.1389,77.8365
14905000,17.1158,0.726149,30.121,77.8193
14910000,15.7998,0.726149,30.1007,77.9044
14915000,15.7998,0.786628,30.1106,77.8711
14920000,15.1803,0.67032,30.119,77.8072
14925000,14.0132,0.755784,30.1138,77.7202
14930000,15.7998,0.755784,30.1565,77.8889
14935000,15.7998,0.697676,30.1139,77.8155
14940000,15.1803,0.697676,30.0919,77.8083
14945000,15.1803,0.548812,30.1281,77.74
14950000,14.5851,0.697676,30.0886,77.8352
14955000,15.1803,0.818731,30.1119,77.7987
14960000,12.9358,0.594521,30.1168,77.7463
14965000,14.5851,0.726149,30.1343,77.752
14970000,14.0132,0.594521,30.0526,77.7591
14975000,16.4446,0.697676,30.1299,80.4972
14980000,15.7998,0.67032,30.1013,82.5777
14985000,16.4446,0.697676,30.1357,84.1949
14990000,16.4446,0.571209,30.1007,85.4852
14995000,15.7998,0.618783,30.1263,86.5025
15000000,15.1803,0.594521,30.115,87.331
15005000,15.1803,0.548812,30.0727,87.8977
15010000,16.4446,0.697676,30.1574,88.3093
15015000,13.4637,0.618783,30.1127,88.6796
15020000,17.1158,0.594521,30.1385,89.0381
15025000,15.7998,0.618783,30.1074,89.2147
15030000,15.1803,0.527292,30.128,89.4662
15035000,16.4446,0.786628,30.0857,89.5393
15040000,15.7998,0.697676,30.1297,89.6008
15045000,15.7998,0.67032,30.1259,89.6854
15050000,17.1158,0.571209,30.1343,89.7525
15055000,16.4446,0.618783,30.1371,89.8666
15060000,17.1158,0.618783,30.1117,89.8559
15065000,19.298,0.726149,30.1452,89.9597
15070000,17.8143,0.67032,30.1306,89.9041
15075000,17.1158,0.644036,30.1293,89.9473
15080000,14.5851,0.527292,30.1221,89.9537
15085000,15.7998,0.571209,30.122,89.9934
15090000,17.8143,0.644036,30.1243,90.0066
15095000,14.5851,0.594521,30.1457,90.0041
15100000,17.1158,0.594521,30.1464,89.9669
15105000,17.1158,0.726149,30.1436,89.9097
15110000,16.4446,0.467666,30.1151,89.5072
15115000,17.1158,0.644036,30.0985,88.8213
15120000,16.4446,0.527292,30.112,88.3672
15125000,15.7998,0.571209,30.1468,87.9883
15130000,15.7998,0.697676,30.1212,87.5073
15135000,15.1803,0.755784,30.1449,87.0092
15140000,15.7998,0.548812,30.163,86.6221
15145000,14.5851,0.548812,30.1408,86.2879
15150000,14.5851,0.618783,30.1217,85.8713
15155000,15.1803,0.618783,30.1105,85.5607
15160000,15.7998,0.67032,30.1175,85.1682
15165000,14.5851,0.618783,30.1267,84.7933
15170000,14.0132,0.644036,30.1151,84.5331
15175000,15.7998,0.644036,30.1422,84.2173
15180000,14.0132,0.527292,30.1538,83.8844
15185000,14.5851,0.67032,30.1213,83.6415
15190000,14.5851,0.67032,30.1441,83.2646
15195000,13.4637,0.697676,30.1301,83.1397
15200000,13.4637,0.726149,30.1627,82.8728
15205000,14.0132,0.67032,30.1561,82.5812
15210000,15.1803,0.67032,30.1577,82.4301
15215000,15.7998,0.548812,30.1159,82.1486
15220000,14.5851,0.755784,30.1553,81.9386
15225000,14.5851,0.594521,30.1211,81.8317
15230000,14.0132,0.618783,30.1685,81.6508
15235000,14.0132,0.618783,30.1352,81.4243
15240000,14.0132,0.548812,30.1623,81.3608
15245000,14.0132,0.697676,30.1513,81.1541
15250000,14.0132,0.506617,30.1395,80.9319
15255000,11.9413,0.697676,30.0943,80.7222
15260000,13.4637,0.527292,30.1348,80.6466
15265000,11.9413,0.726149,30.1497,80.6255
15270000,11.9413,0.618783,30.1378,80.371
15275000,14.0132,0.644036,30.1704,80.3238
15280000,15.1803,0.644036,30.1697,80.1387
15285000,14.5851,0.618783,30.1779,79.9925
15290000,13.4637,0.697676,30.1332,79.9158
15295000,14.0132,0.618783,30.1786,79.8821
15300000,12.9358,0.644036,30.1648,79.7553
15305000,14.0132,0.548812,30.1077,79.6814
15310000,14.0132,0.644036,30.1735,79.6125
15315000,13.4637,0.644036,30.1419,79.4679
15320000,15.1803,0.594521,30.1315,79.2977
15325000,13.4637,0.506617,30.1496,79.2729
15330000,14.0132,0.726149,30.1373,79.2003
15335000,14.0132,0.594521,30.1548,79.188
15340000,13.4637,0.67032,30.1251,79.1406
15345000,12.9358,0.726149,30.1922,79.0885
15350000,12.9358,0.618783,30.1587,78.9798
15355000,11.9413,0.618783,30.144,78.9843
15360000,14.0132,0.594521,30.1531,78.8628
15365000,12.9358,0.618783,30.1451,78.8028
15370000,14.0132,0.548812,30.1435,78.7234
15375000,13.4637,0.644036,30.1304,78.6756
15380000,12.9358,0.67032,30.1398,78.6796
15385000,11.9413,0.594521,30.1916,78.6184
15390000,12.4286,0.67032,30.1718,78.6055
15395000,14.0132,0.618783,30.1047,78.5328
15400000,11.9413,0.67032,30.1767,78.4671
15405000,12.4286,0.618783,30.155,78.467
15410000,13.4637,0.571209,30.1821,78.4353
15415000,13.4637,0.618783,30.1453,78.4005
15420000,13.4637,0.618783,30.1584,78.3636
15425000,15.7998,0.786628,30.1012,78.382
15430000,13.4637,0.726149,30.1399,78.2101
15435000,12.4286,0.548812,30.1476,78.1945
15440000,12.9358,0.755784,30.1272,78.196
15445000,14.0132,0.644036,30.1297,78.2197
15450000,14.0132,0.67032,30.1382,78.1695
15455000,11.0232,0.548812,30.1726,78.1853
15460000,14.0132,0.571209,30.1348,78.1125
15465000,12.4286,0.644036,30.1392,78.0422
15470000,14.5851,0.67032,30.1631,78.0994
15475000,12.9358,0.548812,30.1634,78.1274
15480000,12.4286,0.644036,30.1403,77.8979
15485000,13.4637,0.644036,30.096,77.8531
15490000,11.0232,0.618783,30.163,77.9829
15495000,12.9358,0.594521,30.1512,77.9022
15500000,12.4286,0.571209,30.1393,77.942
15505000,12.9358,0.594521,30.1534,77.9128
15510000,13.4637,0.618783,30.1624,77.863
15515000,12.4286,0.67032,30.1371,77.8864
15520000,12.9358,0.548812,30.0942,77.9437
15525000,13.4637,0.548812,30.1627,77.8889
15530000,12.9358,0.67032,30.1455,77.8149
15535000,12.4286,0.697676,30.1217,77.7951
15540000,12.4286,0.67032,30.1279,77.8445
15545000,13.4637,0.726149,30.1091,77.7819
15550000,12.4286,0.644036,30.1201,77.8293
15555000,13.4637,0.527292,30.1252,77.7718
15560000,14.0132,0.644036,30.1274,77.8023
15565000,11.9413,0.67032,30.1396,77.7704
15570000,13.4637,0.548812,30.1481,77.7892
15575000,12.4286,0.618783,30.0968,77.8117
15580000,11.0232,0.697676,30.1098,77.7468
15585000,11.9413,0.67032,30.1189,77.7621
15590000,12.4286,0.67032,30.0883,77.7293
15595000,12.9358,0.67032,30.1135,77.7298
15600000,11.9413,0.67032,30.1427,77.6441
15605000,12.9358,0.644036,30.152,77.7278
15610000,13.4637,0.697676,30.1032,77.6915
15615000,12.4286,0.548812,30.1479,77.6562
15620000,14.0132,0.697676,30.0779,77.7075
15625000,11.473,0.571209,30.1454,77.6501
15630000,12.4286,0.486752,30.1088,77.6458
15635000,12.9358,0.67032,30.1151,77.6759
15640000,11.9413,0.618783,30.1139,77.6363
15645000,12.9358,0.618783,30.1393,77.6484
15650000,12.4286,0.697676,30.1091,77.656
15655000,12.9358,0.618783,30.1016,77.6916
15660000,10.591,0.506617,30.1139,77.6767
15665000,14.0132,0.644036,30.1495,77.6756
15670000,12.4286,0.594521,30.1109,77.7522
15675000,12.9358,0.67032,30.1367,77.5847
15680000,12.9358,0.594521,30.1023,77.7194
15685000,11.0232,0.697676,30.1072,77.628
15690000,10.591,0.594521,30.1572,77.6047
15695000,11.473,0.618783,30.0786,77.6221
15700000,12.9358,0.697676,30.1303,77.6338
15705000,13.4637,0.697676,30.11,77.6085
15710000,12.4286,0.786628,30.0782,77.6948
15715000,11.473,0.67032,30.1087,77.607
15720000,11.9413,0.486752,30.1165,77.5724
15725000,11.9413,0.548812,30.0833,77.571
15730000,12.9358,0.594521,30.09,77.6355
15735000,12.9358,0.67032,30.1255,77.5728
15740000,11.473,0.527292,30.1258,77.593
15745000,13.4637,0.571209,30.1137,77.543
15750000,13.4637,0.618783,30.0696,77.5874
15755000,14.0132,0.527292,30.1056,77.5751
15760000,11.9413,0.548812,30.0768,77.5642
15765000,12.9358,0.644036,30.0894,77.6356
15770000,11.0232,0.644036,30.105,77.5078
15775000,11.473,0.644036,30.0993,77.5734
15780000,12.9358,0.644036,30.0463,77.4766
15785000,11.9413,0.571209,30.0765,77.5152
15790000,11.0232,0.67032,30.058,77.4558
15795000,13.4637,0.697676,30.0805,77.5565
15800000,11.9413,0.571209,30.0825,77.4884
15805000,11.9413,0.594521,30.065,77.4507
15810000,13.4637,0.618783,30.0616,77.4524
15815000,10.591,0.594521,30.0895,77.5888
15820000,12.4286,0.67032,30.1077,77.5586
15825000,10.1757,0.67032,30.1073,77.51
15830000,11.0232,0.594521,30.0757,77.5612
15835000,12.4286,0.548812,30.1121,77.4758
15840000,12.9358,0.571209,30.0798,77.4774
15845000,11.9413,0.594521,30.0591,77.592
15850000,11.0232,0.618783,30.0845,77.4533
15855000,13.4637,0.506617,30.0716,77.4599
15860000,12.9358,0.594521,30.0997,77.3926
15865000,12.9358,0.548812,30.0151,77.4625
15870000,11.473,0.548812,30.061,77.4709
15875000,11.473,0.618783,30.0695,77.5263
15880000,10.1757,0.644036,30.1043,77.4397
15885000,11.473,0.594521,30.0641,77.3803
15890000,11.473,0.571209,30.0662,77.5566
15895000,12.4286,0.594521,30.0515,77.4174
15900000,11.473,0.571209,30.0382,77.4511
15905000,9.02501,0.618783,30.066,77.5686
15910000,11.9413,0.548812,30.0634,77.4894
15915000,11.473,0.571209,30.1066,77.4438
15920000,12.4286,0.571209,30.0672,77.4426
15925000,11.9413,0.594521,30.0675,77.4488
15930000,11.9413,0.594521,30.095,77.4321
15935000,13.4637,0.571209,30.0522,77.4896
15940000,13.4637,0.506617,30.0609,77.4571
15945000,11.0232,0.644036,30.0893,77.4837
15950000,12.4286,0.618783,30.0569,77.4574
15955000,11.473,0.644036,30.0926,77.4744
15960000,11.9413,0.594521,30.0587,77.4606
15965000,10.591,0.449329,30.0625,77.4618
15970000,11.473,0.644036,30.0927,77.4403
15975000,12.4286,0.527292,30.0376,77.404
15980000,11.473,0.486752,30.0678,77.4146
15985000,11.0232,0.467666,30.0296,77.4185
15990000,11.9413,0.571209,30.0546,77.4023
15995000,11.0232,0.571209,30.0613,77.4062
16000000,13.4637,0.644036,30.0826,77.5355
16005000,11.9413,0.618783,30.0636,77.5378
16010000,11.9413,0.618783,30.1214,77.4058
16015000,11.473,0.67032,30.0876,77.4413
16020000,11.0232,0.594521,30.0489,77.4127
16025000,11.473,0.644036,30.0901,77.4536
16030000,11.9413,0.594521,30.0529,77.4128
16035000,11.0232,0.67032,30.0427,77.3922
16040000,11.9413,0.548812,30.0502,77.3847
16045000,11.0232,0.594521,30.0624,77.376
16050000,11.473,0.594521,30.0527,77.3754
16055000,12.9358,0.618783,30.0581,77.3912
16060000,12.4286,0.618783,30.037,77.3874
16065000,10.1757,0.486752,30.0135,77.442
16070000,11.0232,0.506617,30.0428,77.3482
16075000,9.77668,0.594521,30.0624,77.3818
16080000,12.4286,0.618783,30.0794,77.4271
16085000,11.9413,0.618783,30.0658,77.3807
16090000,12.4286,0.618783,30.0247,77.3843
16095000,12.4286,0.571209,30.0211,77.365
16100000,11.0232,0.644036,30.0669,77.4052
16105000,11.0232,0.644036,30.0365,77.4258
16110000,9.02501,0.571209,30.0133,77.3282
16115000,12.9358,0.67032,30.0456,77.4621
16120000,11.0232,0.486752,30.0395,77.3463
16125000,10.1757,0.571209,30.0309,77.4363
16130000,10.591,0.594521,30.0254,77.3473
16135000,9.39333,0.467666,30.0517,77.3867
16140000,11.9413,0.594521,30.02,77.3468
16145000,11.9413,0.594521,30.0785,77.3418
16150000,11.0232,0.486752,30.0388,77.3915
16155000,11.9413,0.697676,30.0526,77.4606
16160000,12.4286,0.67032,30.0027,77.351
16165000,10.591,0.571209,30.028,77.4027
16170000,11.0232,0.618783,30.0749,77.4217
16175000,10.591,0.571209,30.0169,77.2445
16180000,11.473,0.467666,30.0597,77.2934
16185000,11.0232,0.486752,30.0146,77.3961
16190000,11.473,0.594521,30.0496,77.4659
16195000,11.9413,0.594521,30.0075,77.4073
16200000,11.473,0.506617,30.0009,77.468
16205000,10.591,0.594521,30.029,77.4851
16210000,11.0232,0.67032,30.0775,77.4955
16215000,10.591,0.548812,30.036,77.6111
16220000,11.9413,0.697676,29.9999,77.4634
16225000,10.1757,0.486752,30.0416,77.623
16230000,11.0232,0.548812,30.0728,77.6256
16235000,9.77668,0.644036,30.0467,77.6656
16240000,11.0232,0.618783,30.03,77.6793
16245000,10.591,0.548812,30.0331,77.6252
16250000,11.9413,0.594521,30.0485,77.8432
16255000,9.77668,0.506617,30.0387,77.8914
16260000,10.591,0.697676,30.0224,77.9803
16265000,10.591,0.644036,30.0044,78.0292
16270000,10.1757,0.697676,29.9987,77.9076
16275000,11.0232,0.571209,30.0387,78.1321
16280000,11.9413,0.755784,30.0313,78.2097
16285000,11.9413,0.67032,30.0338,78.2029
16290000,11.9413,0.755784,30.0747,78.2083
16295000,12.4286,0.726149,30.0267,78.304
16300000,12.4286,0.594521,30.0533,78.2248
16305000,12.4286,0.726149,29.9753,78.4552
16310000,11.9413,0.755784,29.9798,78.3145
16315000,11.473,0.67032,30.065,78.4441
16320000,11.9413,0.786628,30.0539,78.5355
16325000,11.473,0.818731,30.0444,78.5372
16330000,9.77668,0.726149,30.0418,78.6023
16335000,11.473,0.726149,30.022,78.7553
16340000,11.9413,0.755784,30.0458,78.6237
16345000,10.591,0.852144,30.0242,78.7793
16350000,11.9413,0.923116,30.0343,78.8638
16355000,11.473,0.786628,30.0495,78.8695
16360000,9.39333,0.960789,30.0153,78.9955
16365000,10.1757,0.923116,30.0557,79.0208
16370000,10.1757,0.960789,30.0568,79.0023
16375000,11.0232,0.960789,30.0074,79.1014
16380000,11.473,0.960789,30.0437,79.158
16385000,12.4286,0.960789,29.9932,79.2162
16390000,11.9413,1.1275,30.0386,79.2029
16395000,11.473,1,30.0272,79.2063
16400000,11.0232,1,30.0679,79.2815
16405000,11.0232,0.852144,30.0196,79.3972
16410000,11.0232,1.1275,30.0414,79.3588
16415000,9.02501,1.08329,30.0201,79.4489
16420000,11.473,1.04081,30.0318,79.4211
16425000,9.77668,1.08329,30.0472,79.5828
16430000,10.1757,1.17351,30.0586,79.581
16435000,9.39333,1.04081,30.0433,79.6786
16440000,10.591,1.1275,30.028,79.7109
16445000,9.77668,1.17351,30.0316,79.6589
16450000,11.9413,1.2214,30.0357,79.7333
16455000,11.0232,1.1275,30.0568,79.7963
16460000,10.591,1.1275,30.0444,79.8769
16465000,9.39333,1.2214,30.0624,79.7996
16470000,11.473,1.27125,30.0637,79.9457
16475000,11.0232,1.37713,30.0493,79.9891
16480000,10.1757,1.37713,30.0178,79.9905
16485000,9.77668,1.32313,30.0557,80.016
16490000,11.0232,1.37713,30.0713,80.1506
16495000,10.1757,1.43333,30.0884,80.1569
16500000,11.0232,1.27125,30.0671,80.1625
16505000,10.1757,1.37713,30.0414,80.2005
16510000,10.591,1.37713,30.0343,80.297
16515000,10.1757,1.43333,30.0438,80.3048
16520000,11.473,1.27125,30.0534,80.3299
16525000,11.473,1.43333,30.0326,80.4158
16530000,10.591,1.43333,30.0309,80.3506
16535000,9.77668,1.55271,30.0844,80.5053
16540000,10.591,1.43333,30.0778,80.5478
16545000,8.67114,1.55271,30.0512,80.4841
16550000,9.39333,1.55271,30.025,80.6159
16555000,10.1757,1.55271,30.0367,80.6102
16560000,11.473,1.49182,30.025,80.5999
16565000,11.9413,1.61607,30.0405,80.6168
16570000,11.0232,1.55271,30.0589,80.7369
16575000,9.77668,1.75067,30.0515,80.7288
16580000,11.0232,1.61607,30.0819,80.8053
16585000,10.1757,1.68203,30.035,80.8636
16590000,9.77668,1.75067,30.0764,80.9298
16595000,11.473,1.68203,30.0501,80.938
16600000,11.473,1.61607,30.0108,80.9029
16605000,11.9413,1.75067,30.0512,80.8954
16610000,10.591,1.89648,30.0779,81.0281
16615000,11.0232,1.75067,30.0151,80.9951
16620000,11.473,1.68203,30.0342,81.1558
16625000,11.0232,1.82212,30.0639,81.1215
16630000,10.1757,1.82212,30.0242,81.1774
16635000,11.0232,1.75067,30.0553,81.1806
16640000,10.1757,1.89648,30.0618,81.1883
16645000,8.67114,1.97388,30.0341,81.1475
16650000,11.9413,1.82212,30.0739,81.2063
16655000,10.1757,1.75067,30.005,81.2331
16660000,10.1757,1.97388,30.0461,81.2822
16665000,9.02501,1.97388,30.0488,81.4067
16670000,9.77668,1.97388,30.0133,81.3692
16675000,10.1757,2.05443,30.0141,81.3776
16680000,11.9413,1.97388,30.0438,81.4237
16685000,11.9413,2.05443,30.0222,81.5531
16690000,11.0232,2.05443,30.0493,81.467
16695000,11.0232,2.13828,30.0595,81.5301
16700000,11.473,1.97388,30.0195,81.6381
16705000,10.1757,2.05443,30.0348,81.6634
16710000,9.02501,1.97388,30.0248,81.581
16715000,11.0232,2.13828,30.0764,81.7112
16720000,11.9413,2.22554,30.0593,81.628
16725000,10.1757,2.22554,30.0771,81.6113
16730000,9.39333,2.13828,30.0468,81.643
16735000,10.591,2.05443,30.0514,81.6659
16740000,9.02501,2.22554,30.0269,81.7775
16745000,9.77668,2.05443,30.0704,81.7835
16750000,11.9413,2.22554,30.048,81.7906
16755000,9.39333,2.05443,30.0673,81.8099
16760000,9.39333,2.31637,30.0609,81.9639
16765000,11.473,2.31637,30.0575,81.8188
16770000,9.39333,2.22554,30.0395,81.8291
16775000,9.39333,2.22554,30.0911,81.8952
16780000,9.77668,2.31637,30.0567,81.9226
16785000,10.1757,2.31637,30.0447,81.9698
16790000,9.77668,2.50929,30.0781,82.0872
16795000,10.591,2.50929,30.0672,82.071
16800000,10.591,2.31637,30.0889,82.0228
16805000,9.39333,2.4109,30.0834,82.1027
16810000,10.591,2.50929,30.0383,82.0782
16815000,10.591,2.50929,30.0681,82.1421
16820000,10.591,2.4109,30.0563,82.0873
16825000,9.39333,2.6117,30.0641,82.1527
16830000,9.02501,2.6117,30.0259,82.1788
16835000,9.02501,2.71828,30.0491,82.2371
16840000,9.77668,2.31637,30.0453,82.2753
16845000,10.591,2.50929,30.064,82.26
16850000,11.473,2.6117,30.0296,82.2155
16855000,9.77668,2.50929,30.0871,82.3194
16860000,9.39333,2.6117,30.0789,82.3447
16865000,9.77668,2.4109,30.0818,82.4122
16870000,10.591,2.50929,30.0642,82.3829
16875000,11.0232,2.50929,30.0315,82.335
16880000,9.77668,2.71828,30.0224,82.4256
16885000,10.1757,2.4109,30.0584,82.3937
16890000,9.39333,2.6117,30.063,82.5031
16895000,10.591,2.6117,30.0548,82.4311
16900000,9.39333,2.82922,30.058,82.4804
16905000,10.591,2.82922,30.0635,82.435
16910000,9.39333,2.82922,30.0472,82.5558
16915000,10.591,2.82922,30.0692,82.575
16920000,9.77668,2.6117,30.04,82.5269
16925000,11.473,2.82922,30.0867,82.6043
16930000,10.591,2.82922,30.0827,82.4835
16935000,10.1757,2.82922,30.0611,82.5947
16940000,10.1757,2.71828,30.0566,82.6312
16945000,10.1757,2.94468,30.0572,82.6462
16950000,10.1757,2.71828,30.0935,82.5873
16955000,9.02501,2.94468,30.1148,82.7495
16960000,9.77668,2.71828,30.0538,82.7062
16965000,9.77668,2.94468,30.0718,82.6787
16970000,10.1757,2.94468,30.0673,82.7772
16975000,10.591,2.82922,30.083,82.7095
16980000,11.473,3.06485,30.104,82.6901
16985000,10.591,2.94468,30.1194,82.8284
16990000,9.39333,3.06485,30.0532,82.7905
16995000,11.473,2.94468,30.0236,82.848
17000000,8.67114,2.82922,30.0535,82.8682
17005000,8.67114,2.82922,30.0398,82.8104
17010000,11.0232,2.94468,30.1129,82.9184
17015000,9.77668,3.18993,30.0769,82.8161
17020000,11.473,3.06485,30.1042,82.8867
17025000,10.1757,2.82922,30.1033,82.9371
17030000,9.77668,3.06485,30.0735,82.949
17035000,9.39333,2.94468,30.0635,83.044
17040000,9.39333,2.94468,30.0507,82.9458
17045000,9.39333,3.32012,30.0916,83.0043
17050000,8.00447,3.18993,30.0635,83.0414
17055000,9.77668,3.18993,30.0787,83.083
17060000,9.77668,3.32012,30.0965,82.9607
17065000,10.591,3.32012,30.0541,83.0938
17070000,9.77668,3.32012,30.0887,83.066
17075000,10.591,3.32012,30.054,83.0595
17080000,8.33114,3.32012,30.0821,83.1038
17085000,9.39333,3.06485,30.0672,83.0708
17090000,9.39333,3.18993,30.095,83.1275
17095000,9.39333,3.59664,30.0638,83.117
17100000,9.02501,3.45561,30.0801,83.0647
17105000,9.77668,3.45561,30.1015,83.1422
17110000,10.1757,3.18993,30.1016,83.1827
17115000,9.77668,3.32012,30.0544,83.2059
17120000,8.67114,3.45561,30.0732,83.2307
17125000,9.02501,3.45561,30.0555,83.1315
17130000,9.77668,3.18993,30.1036,83.1781
17135000,8.67114,3.45561,30.0484,83.3002
17140000,9.39333,3.45561,30.0682,83.1762
17145000,9.77668,3.59664,30.1189,83.2956
17150000,9.77668,3.59664,30.0757,83.3347
17155000,11.0232,3.45561,30.0446,83.2492
17160000,9.77668,3.74342,30.0887,83.3575
17165000,8.67114,3.45561,30.0718,83.4457
17170000,9.77668,3.59664,30.0766,83.2739
17175000,8.67114,3.45561,30.0762,83.3588
17180000,9.02501,3.89619,30.0797,83.3354
17185000,8.67114,3.59664,30.0855,83.396
17190000,11.473,3.45561,30.0591,83.3713
17195000,9.39333,4.0552,30.0933,83.4063
17200000,9.77668,3.59664,30.0744,83.417
17205000,9.02501,3.59664,30.0679,83.2994
17210000,8.67114,3.74342,30.0835,83.4326
17215000,9.02501,3.45561,30.0945,83.4738
17220000,9.77668,3.89619,30.1171,83.3701
17225000,9.39333,3.74342,30.0841,83.3365
17230000,9.39333,3.45561,30.0965,83.4826
17235000,9.39333,3.74342,30.0621,83.4678
17240000,8.33114,3.74342,30.0907,83.4918
17245000,9.39333,3.74342,30.0784,83.5394
17250000,9.77668,3.89619,30.0494,83.5133
17255000,8.33114,3.89619,30.0679,83.4779
17260000,11.0232,3.74342,30.0787,83.4003
17265000,11.0232,3.74342,30.0836,83.5001
17270000,10.1757,3.89619,30.1061,83.5449
17275000,9.02501,3.74342,30.0883,83.5658
17280000,9.39333,3.59664,30.0642,83.4981
17285000,7.69061,4.0552,30.0869,83.4683
17290000,9.02501,3.89619,30.0712,83.6188
17295000,9.77668,4.0552,30.0417,83.5538
17300000,8.67114,4.0552,30.0883,83.5594
17305000,9.39333,3.74342,30.0835,83.6333
17310000,10.591,4.0552,30.1096,83.6412
17315000,9.39333,3.89619,30.0887,83.6144
17320000,9.77668,4.0552,30.0838,83.5758
17325000,8.67114,4.0552,30.1156,83.6831
17330000,9.77668,3.89619,30.0693,83.6693
17335000,9.77668,3.89619,30.0944,83.6213
17340000,10.1757,4.2207,30.1237,83.6804
17345000,7.69061,4.2207,30.0803,83.7166
17350000,9.39333,4.2207,30.1141,83.681
17355000,9.39333,3.89619,30.0955,83.6749
17360000,9.77668,4.0552,30.1052,83.6049
17365000,8.67114,4.2207,30.1096,83.6352
17370000,9.77668,3.89619,30.0846,83.6999
17375000,10.591,4.0552,30.0847,83.8384
17380000,9.39333,4.0552,30.0341,83.7382
17510000,1692.1,9.65698,30.0937,83.8591
17515000,1519.36,9.08812,30.1138,83.9088
17520000,1363.67,9.10187,30.0935,83.9035
17525000,1224.75,8.78339,30.0837,83.9151
17530000,1099.44,8.68934,30.0735,83.7962
17535000,988.425,7.69591,30.0748,84.0111
17540000,888.999,7.81074,30.0766,83.9337
17545000,799.127,7.59599,30.1063,83.9318
17550000,717.741,7.22167,30.1314,83.9318
17555000,644.058,7.41024,30.0869,83.8212
17560000,581.388,7.24889,30.1102,83.9646
17565000,521.724,7.10189,30.0944,83.9851
17570000,469.557,6.96781,30.1319,84.0081
17575000,422.424,6.84535,30.0994,84.0898
17580000,381.895,6.73337,30.1045,84.0128
17585000,343.857,6.63082,30.1049,83.9763
17590000,310.86,6.53678,30.1254,83.9142
17595000,279.773,6.45041,30.0764,84.0031
17600000,252.216,6.37095,30.1079,83.9712
17605000,226.487,6.11114,30.1226,84.0341
17610000,206.301,6.42438,30.1332,83.9974
17615000,187.042,6.36191,30.0948,84.0284
17620000,168.31,6.50618,30.1157,84.0796
17625000,152.845,6.25035,30.0979,84.0166
17630000,137.312,6.00622,30.1135,84.015
17635000,126.27,6.15394,30.0797,84.0385
17640000,114.828,6.11056,30.1047,84.074
17645000,103.834,5.87578,30.1091,83.9791
17650000,94.6109,5.83777,30.0883,84.0265
17655000,86.682,5.8021,30.1224,84.0944
17660000,77.6068,6.16489,30.1301,83.9645
17665000,73.711,5.73693,30.1027,84.0617
17670000,66.5566,5.9013,30.0809,84.0726
17675000,61.9133,5.87306,30.1159,84.0161
17680000,55.619,5.84631,30.1288,84.0609
17685000,53.1048,6.02305,30.0677,84.0127
17690000,47.341,5.9989,30.1119,84.0327
17695000,44.1562,5.77376,30.0957,84.078
17700000,41.7073,5.55759,30.1342,83.9936
17705000,37.7915,5.53661,30.1006,84.0824
17710000,34.5823,6.34224,30.114,84.1124
17715000,32.5831,5.69149,30.0852,84.0668
17720000,31.8883,5.87515,30.1198,83.9567
17725000,28.3079,6.28675,30.1026,84.2027
17730000,28.7011,6.05069,30.1178,84.0663
17735000,25.7286,6.25319,30.1277,84.1282
17740000,25.4127,5.80794,30.0837,84.14
17745000,23.8002,5.59046,30.0952,84.0081
17750000,20.2045,5.77776,30.1229,83.971
17755000,22.028,5.9738,30.1276,84.0459
17760000,20.3864,5.9599,30.1311,84.0942
17765000,18.5736,5.73604,30.1186,84.0835
17770000,18.8,5.52083,30.1094,84.1297
17775000,19.2217,5.92067,30.0708,84.146
17780000,16.8288,5.90835,30.0749,84.2086
17785000,18.0372,5.89637,30.104,84.1233
17790000,15.7522,5.67433,30.1413,84.1652
17795000,15.6121,6.09235,30.1045,84.1142
17800000,17.8787,5.65196,30.1133,84.0608
17805000,15.4923,5.85159,30.0806,84.2136
17810000,15.8893,6.06009,30.1492,84.0855
17815000,15.9638,5.62051,30.1349,84.151
17820000,14.1619,5.61055,30.1367,84.0414
17825000,13.5491,6.2581,30.115,84.0712
17830000,14.3607,6.24862,30.1352,84.1542
17835000,12.1257,5.79248,30.1094,84.1068
17840000,13.5489,6.00241,30.126,84.0608
17845000,14.1042,5.99358,30.1246,84.2133
17850000,12.1502,5.98496,30.1141,84.0741
17855000,13.0024,5.75756,30.0996,84.1357
17860000,11.8255,5.96829,30.1066,84.1708
17865000,12.3467,5.74127,30.093,84.1573
17870000,12.9333,5.95238,30.1405,84.1943
17875000,12.0845,5.94468,30.1336,84.1791
17880000,10.684,5.93716,30.1309,84.1504
17885000,11.515,6.15771,30.1371,84.2145
17890000,12.8563,5.9226,30.099,84.2005
17895000,11.6526,5.91556,30.1099,84.1645
17900000,13.4798,6.13658,30.1464,84.1175
17905000,11.1326,5.90193,30.0812,84.2762
17910000,11.3899,6.12324,30.1026,84.1663
17915000,10.9714,5.88888,30.1426,84.152
17920000,9.95481,5.88256,30.1327,84.2797
17925000,11.8882,5.87638,30.0952,84.1714
17930000,11.0984,5.87033,30.0607,84.1281
17935000,9.75179,6.09231,30.1061,84.1165
17940000,11.326,5.85861,30.0963,84.0975
17945000,10.9131,6.08084,30.1111,84.1906
17950000,9.28461,6.07529,30.154,84.1959
17955000,9.51992,5.84194,30.1226,84.179
17960000,10.4097,6.30173,30.1162,84.2801
17965000,11.4215,6.05931,30.1533,84.2488
17970000,10.6507,6.05421,30.1168,84.1893
17975000,9.9372,6.04921,30.1243,84.0936
17980000,9.57807,6.04432,30.1242,84.1426
17985000,8.14022,6.03953,30.1228,84.235
17990000,10.8263,6.27204,30.1314,84.1802
17995000,9.45086,6.03024,30.1093,84.1569
18000000,9.10951,6.02574,30.1,84.1504
18005000,10.7069,6.02134,30.1073,84.1821
18010000,9.33495,6.25424,30.1291,84.2258
18015000,9.61238,6.25001,30.149,84.218
18020000,9.57696,6.49277,30.1548,84.2872
18025000,10.2092,6.24183,30.1662,84.1688
18030000,7.80104,6.48475,30.124,84.1993
18035000,8.29281,6.23398,30.1272,84.2031
18040000,9.44451,6.23017,30.1296,84.2199
18045000,9.74017,6.73031,30.1446,84.1874
18050000,9.70994,6.2228,30.1424,84.2345
18055000,8.73838,6.46612,30.1273,84.2008
18060000,9.01116,5.97852,30.1783,84.1586
18065000,9.62361,6.2123,30.1275,84.1136
18070000,9.5962,6.20895,30.0911,84.1645
18075000,9.90944,6.70952,30.1401,84.2456
18080000,9.5433,5.96524,30.1528,84.1465
18085000,10.2116,6.44618,30.1256,84.0876
18090000,10.555,6.4431,30.147,84.1554
18095000,9.14174,6.44008,30.1641,84.2215
18100000,10.1384,6.43712,30.1703,84.2002
18105000,8.78072,6.43422,30.1255,84.2609
18110000,7.62082,6.18449,30.1523,84.2715
18115000,10.4384,6.68556,30.1476,84.2026
18120000,9.02769,6.42587,30.153,84.2454
18125000,10.3952,6.68017,30.1094,84.2612
18130000,8.08036,6.42059,30.1199,84.2511
18135000,8.34968,6.675,30.1376,84.2583
18140000,9.27179,6.41553,30.1394,84.2384
18145000,8.02044,6.41308,30.1121,84.1839
18150000,7.19853,6.41067,30.1314,84.2173
18155000,10.2766,6.40832,30.133,84.2629
18160000,8.86942,6.40602,30.1589,84.2374
18165000,8.23608,6.40376,30.1453,84.2047
18170000,9.50061,6.40155,30.1429,84.2305
18175000,10.2056,6.65635,30.1275,84.2078
18180000,8.79995,6.15037,30.0987,84.1835
18185000,8.78348,6.39518,30.1206,84.1652
18190000,9.43404,6.39315,30.1181,84.2364
18195000,8.75159,6.64813,30.0957,84.3057
18200000,7.831,6.38921,30.1594,84.1905
18205000,9.38768,6.64426,30.135,84.2681
18210000,10.4784,6.64239,30.1494,84.2127
18215000,9.01837,6.38359,30.1509,84.2139
18220000,7.77236,6.63876,30.1168,84.2587
18225000,10.0525,6.63701,30.1487,84.1876
18230000,10.8212,6.63528,30.13,84.2609
18235000,10.0255,6.6336,30.1464,84.2507
18240000,8.30975,6.37498,30.1348,84.2449
18245000,8.61082,6.63033,30.1264,84.214
18250000,7.4148,6.62875,30.1357,84.0731
18255000,10.7573,6.89465,30.16,84.3534
18260000,8.26019,6.62568,30.1287,84.2089
18265000,9.22896,6.36722,30.1199,84.1936
18270000,8.87745,6.62273,30.1388,84.2344
18275000,9.92837,6.6213,30.1284,84.1881
18280000,7.91306,6.36294,30.1681,84.2723
18285000,7.90225,6.88599,30.1386,84.136
18290000,7.89166,6.88465,30.1611,84.2791
18295000,8.82337,6.61588,30.1411,84.2223
18300000,10.6578,6.88205,30.1196,84.1999
18305000,7.2931,7.15916,30.156,84.269
18310000,9.48741,6.87956,30.1397,84.2188
18315000,8.45733,7.15672,30.1599,84.2795
18320000,8.13413,6.87716,30.1203,84.2697
18325000,7.5337,7.15437,30.1318,84.1748
18330000,8.75655,6.87487,30.1585,84.2124
18335000,9.08778,6.87376,30.1276,84.2832
18340000,7.50738,6.10136,30.1196,84.2114
18345000,9.42465,6.8716,30.138,84.2633
18350000,8.082,7.14893,30.1403,84.2402
18355000,7.20428,7.14791,30.1273,84.35
18360000,8.37989,6.86854,30.1472,84.2501
18365000,8.05829,7.43565,30.1342,84.2369
18370000,7.74915,6.86659,30.1304,84.25
18375000,8.35714,6.86565,30.107,84.1879
18380000,6.39504,6.86473,30.1267,84.2239
18385000,7.72733,6.33941,30.1229,84.1678
18390000,6.62784,6.86295,30.1259,84.2221
18395000,8.99561,6.86208,30.1463,84.131
18400000,9.71111,6.86123,30.1273,84.1498
18405000,8.00183,6.8604,30.1441,84.091
18410000,7.12577,7.13796,30.1801,84.2559
18415000,9.32354,6.85879,30.155,84.2073
18420000,10.069,6.85801,30.1772,84.0898
18425000,8.61748,6.58979,30.1201,84.282
18430000,8.2849,6.58905,30.1467,84.1884
18435000,7.96526,6.85577,30.1144,84.2191
18440000,7.65805,7.42315,30.1487,84.2248
18445000,6.81695,6.85435,30.1388,84.1854
18450000,8.26248,7.13203,30.1448,84.1724
18455000,6.54923,6.85298,30.1072,84.274
18460000,6.80099,7.13069,30.1427,84.2814
18465000,8.57352,7.13005,30.1177,84.1417
18470000,6.79089,7.12941,30.1596,84.1846
18475000,7.33182,7.12879,30.1372,84.2232
18480000,7.04865,7.12818,30.1357,84.2164
18485000,8.55414,6.58177,30.1864,84.2114
18490000,8.54954,7.12701,30.1515,84.1947
18495000,7.90451,7.12644,30.1473,84.2306
18500000,6.76299,7.41561,30.1563,84.1985
18505000,8.20964,7.41506,30.1712,84.1999
18510000,9.22595,7.41452,30.1384,84.2373
18515000,7.29612,7.414,30.1527,84.1704
18520000,7.88335,7.12375,30.1511,84.2793
18525000,7.57782,7.12325,30.1592,84.164
18530000,7.57393,7.12276,30.1339,84.1253
18535000,7.87167,7.412,30.1384,84.2157
18540000,9.57066,7.41153,30.1706,84.2242
18545000,7.56273,7.41107,30.1514,84.2262
18550000,8.84123,7.41061,30.156,84.1959
18555000,8.49772,7.71172,30.156,84.1393
18560000,7.55221,7.71129,30.165,84.1483
18565000,8.83092,7.71086,30.1676,84.2185
18570000,9.54982,7.71044,30.1633,84.215
18575000,8.8244,7.40848,30.1532,84.1469
18580000,7.84071,7.40808,30.116,84.1741
18585000,9.17202,7.40769,30.1762,84.2029
18590000,8.81512,7.70886,30.2001,84.1382
18595000,9.16602,7.70848,30.1511,84.0621
18600000,7.82871,7.11683,30.1836,84.0563
18605000,7.52431,7.4062,30.155,83.9137
18610000,7.23179,7.7074,30.1397,83.8942
18615000,7.51879,7.11577,30.1408,83.8566
18620000,8.13153,7.70671,30.1651,83.813
18625000,8.45558,6.83673,30.125,83.7321
18630000,6.67538,7.4045,30.1741,83.608
18635000,5.70389,7.70574,30.1708,83.5711
18640000,6.67041,7.40387,30.1367,83.5282
18645000,7.21382,7.40357,30.1245,83.4868
18650000,6.40867,7.40327,30.1484,83.3218
18655000,7.80043,7.40297,30.1107,83.3783
18660000,9.88424,7.40269,30.1279,83.2426
18665000,8.10981,7.40241,30.1368,83.2386
18670000,9.4965,8.01754,30.139,83.1815
18675000,7.49009,7.70341,30.1487,83.102
18680000,6.91991,7.4016,30.1463,83.0903
18685000,7.19624,7.40134,30.1522,83.0827
18690000,8.42605,7.70264,30.1119,82.9121
18695000,7.19229,7.40084,30.149,82.7322
18700000,6.38758,7.70215,30.1648,82.8944
18705000,6.3857,7.70191,30.1461,82.738
18710000,8.0918,7.40012,30.1819,82.6629
18715000,6.38207,8.01531,30.1375,82.7057
18720000,7.77437,7.10994,30.1404,82.6217
18725000,5.66657,7.39945,30.1556,82.5204
18730000,6.12999,7.10951,30.136,82.4457
18735000,6.89965,7.39903,30.1387,82.4127
18740000,6.3736,7.10909,30.1168,82.3482
18745000,6.12512,7.39862,30.1525,82.3279
18750000,6.62743,7.69998,30.1186,82.2573
18755000,7.46145,7.39823,30.1362,82.2638
18760000,7.45996,7.6996,30.1093,82.1418
18765000,7.4585,7.39786,30.132,82.0874
18770000,7.75862,7.39768,30.0996,82.0104
18775000,7.45566,7.69905,30.1317,82.0453
18780000,6.88619,7.10759,30.179,81.9375
18785000,7.16322,7.10742,30.1211,81.965
18790000,6.35911,6.82889,30.0955,81.8682
18795000,7.75189,7.10709,30.1603,81.8361
18800000,7.15935,7.39666,30.1589,81.81
18805000,7.15811,7.10678,30.1306,81.7529
18810000,8.06204,7.10662,30.1656,81.689
18815000,8.72752,7.3962,30.1187,81.6306
18820000,7.74583,7.69761,30.1231,81.6329
18825000,6.87504,7.39591,30.1449,81.5632
18830000,5.8654,7.10604,30.1266,81.5109
18835000,6.87283,7.1059,30.1222,81.4223
18840000,7.15013,7.10577,30.1151,81.3532
18845000,6.3463,7.69692,30.1156,81.2748
18850000,6.60224,7.39523,30.0968,81.3026
18855000,8.37886,6.82701,30.1286,81.2737
18860000,8.05121,7.39498,30.1254,81.2885
18865000,7.73639,7.10513,30.1029,81.2401
18870000,6.09448,7.39474,30.1044,81.0924
18875000,6.34045,7.10489,30.1522,81.1223
18880000,6.59651,7.10478,30.1214,81.0179
18885000,8.04659,7.39439,30.1055,81.0513
18890000,6.0909,7.69584,30.1251,80.9415
18895000,5.62493,7.10445,30.1001,80.9046
18900000,7.73018,7.39407,30.1196,80.8358
18905000,8.04322,7.39397,30.1441,80.8964
18910000,7.72856,7.39387,30.1301,80.8033
18915000,6.59067,6.82567,30.1171,80.6834
18920000,7.13573,7.39367,30.1007,80.6917
18925000,7.13498,7.10385,30.105,80.5607
18930000,7.72553,7.10375,30.097,80.677
18935000,7.42325,6.82529,30.1032,80.5724
18940000,6.33003,7.69485,30.1148,80.4882
18945000,0.0328024,6.82512,30.144,80.5315
18950000,6.08177,7.39313,30.1039,80.5248
18955000,5.8439,7.39304,30.1182,80.4947
18960000,8.03528,6.82486,30.1259,80.4192
18965000,7.41924,6.82478,30.1167,80.3933
18970000,8.7007,7.10307,30.1072,80.3394
18975000,7.418,6.82463,30.0913,80.3135
18980000,7.71896,6.5571,30.1044,80.2376
18985000,7.41682,7.10285,30.1084,80.1609
18990000,8.69833,7.10277,30.1019,80.1211
18995000,6.84759,7.1027,30.1255,80.1625
19000000,6.84704,7.10263,30.1124,80.1422
19005000,7.4146,6.8242,30.0972,80.0786
19010000,6.57852,6.82413,30.1508,80.0137
19015000,6.07415,7.10243,30.0962,80.0441
19020000,8.35514,7.10237,30.1323,79.9986
19025000,6.84446,7.39203,30.143,79.906
19030000,6.07267,7.10224,30.1144,79.823
19035000,7.4116,7.10218,30.0976,79.8688
19040000,8.02655,7.10213,30.1082,79.8064
19045000,6.84258,6.8237,30.0974,79.7608
19050000,6.07083,6.82364,30.0812,79.6974
19055000,6.8417,6.55613,30.0929,79.6228
19060000,5.60484,6.82353,30.0972,79.6874
19065000,6.31643,6.82348,30.1012,79.6158
19070000,7.40854,6.82343,30.0999,79.6036
19075000,5.60361,6.82338,30.0998,79.5872
19080000,6.31523,6.82333,30.1324,79.6912
19085000,7.40736,7.10165,30.1081,79.5117
19090000,6.31447,6.55578,30.098,79.5123
19095000,8.3487,6.82318,30.0937,79.565
19100000,7.40625,7.10151,30.1046,79.4269
19105000,6.31338,6.82309,30.1197,79.3759
19110000,6.83745,6.82305,30.112,79.362
19115000,8.02062,7.10137,30.1152,79.3263
19120000,6.83678,7.39106,30.1048,79.3184
19125000,6.83645,7.10129,30.0743,79.3315
19130000,5.38073,6.82288,30.0865,79.3193
19135000,6.3114,6.82284,30.0681,79.3062
19140000,5.82699,7.10117,30.1027,79.2287
19145000,7.11358,7.39086,30.0683,79.1488
19150000,6.83492,6.82273,30.0681,79.137
19155000,5.82611,6.82269,30.0899,79.0826
19160000,6.83435,6.5552,30.0923,79.0941
19165000,7.70373,6.82262,30.1055,79.089
19170000,6.30938,6.29817,30.0829,79.0231
19175000,7.70319,6.82255,30.0736,78.956
19180000,6.83328,6.55507,30.0789,78.9871
19185000,5.5966,6.55503,30.0785,78.9355
19190000,5.37737,6.82246,30.0585,78.9398
19195000,6.30811,6.55497,30.0474,78.8313
19200000,7.11066,7.10076,30.1094,78.862
19205000,6.56461,6.82237,30.1018,78.876
19210000,6.83183,6.82234,30.0784,78.856
19215000,6.30719,6.55485,30.1137,78.8087
19220000,5.82287,6.82228,30.0782,78.7559
19225000,5.59474,6.29783,30.0728,78.8066
19230000,6.83096,6.55477,30.129,78.6296
19235000,6.05945,6.55475,30.0957,78.5988
19240000,7.70021,7.10054,30.0881,78.704
19245000,8.01387,6.82215,30.0968,78.5867
19250000,6.30574,6.55467,30.0585,78.6231
19255000,7.39807,7.10047,30.0823,78.5693
19260000,7.39788,6.29766,30.094,78.581
19265000,5.16382,6.82205,30.0757,78.4209
19270000,7.1078,6.82203,30.016,78.515
19275000,7.39735,6.82201,30.0885,78.483
19280000,6.30466,6.82199,30.0642,78.4876
19285000,6.30449,6.55451,30.0715,78.4646
19290000,6.30433,6.82195,30.0604,78.3279
19295000,7.10696,6.55447,30.0903,78.4206
19300000,6.05712,6.82191,30.0905,78.3241
19305000,6.30386,6.55443,30.039,78.4238
19310000,5.5917,6.29745,30.0662,78.3224
19315000,7.10635,6.82185,30.069,78.3407
19320000,7.39593,6.82183,30.0744,78.3356
19325000,7.10606,6.55436,30.0945,78.3421
19330000,5.81903,6.82179,30.0658,78.2286
19335000,5.8189,6.82178,30.052,78.2341
19340000,5.59085,6.55431,30.0705,78.2517
19345000,8.01066,6.55429,30.1175,78.2453
19350000,6.82703,6.82173,30.0816,78.2051
19355000,6.30248,6.55426,30.0535,78.1469
19360000,0.0058202,6.29728,30.0626,78.0665
19365000,6.82666,6.29726,30.0897,78.1227
19370000,4.95862,6.82167,30.0296,78.049
19375000,7.10479,6.82165,30.0636,78.0606
19380000,7.10468,6.55418,30.0771,78.0989
19385000,7.10457,6.55417,30.0595,78.0457
19390000,0.00513631,6.29719,30.0701,78.0369
19395000,6.55854,6.55414,30.068,78.0368
19400000,0.00492669,6.82158,30.0796,77.9369
19405000,6.05447,6.29715,30.0951,77.9364
19410000,6.82568,6.82156,30.0639,77.9586
19415000,0.0046282,6.55409,30.0395,77.8976
19420000,7.39359,6.55408,30.0485,77.863
19425000,6.30098,6.55407,30.0689,77.8217
19430000,6.82531,7.09988,30.081,77.843
19435000,8.00873,6.8215,30.0467,77.8085
19440000,5.5887,6.29707,30.0698,77.8167
19445000,5.58861,6.05017,30.088,77.7958
19450000,7.69461,6.82147,30.0856,77.7621
19455000,7.10324,6.554,30.0569,77.8226
19460000,6.30038,6.29702,30.0679,77.7822
19465000,6.05341,6.05012,30.0356,77.744
19470000,8.33482,6.55397,30.028,77.7409
19475000,6.05325,6.55396,30.0858,77.7267
19480000,7.10286,6.82141,30.064,77.6415
19485000,5.81589,6.55394,30.0691,77.578
19490000,0.00338606,6.82139,30.072,77.6622
19495000,0.00331625,6.05007,30.0496,77.5875
19500000,5.15842,6.29695,30.0638,77.5648
19505000,7.39224,6.55391,30.0705,77.542
19510000,7.39217,6.29693,30.0776,77.5667
19515000,6.0527,6.55389,30.0513,77.5828
19520000,5.81543,6.82134,30.0835,77.5663
19525000,5.36848,6.05002,30.0434,77.4566
19530000,5.8153,6.2969,30.0521,77.5382
19535000,6.55631,6.55386,30.0239,77.5056
19540000,0.00274927,6.29689,30.0465,77.6311
19545000,6.05234,6.29688,30.0205,77.3805
19550000,6.55614,6.29687,30.0215,77.4562
19555000,5.15775,6.04997,30.0255,77.4402
19560000,5.81497,6.55383,30.0902,77.3649
19565000,5.81491,6.04996,30.063,77.2823
19570000,6.05207,6.04995,30.0459,77.4045
19575000,5.36793,6.29684,30.0406,77.3356
19580000,7.39138,6.29683,30.0636,77.3896
19585000,6.29882,6.04994,30.046,77.3019
19590000,5.81467,6.29682,30.0454,77.3513
19595000,5.81462,6.04992,30.0811,77.3261
19600000,5.15731,6.04992,30.0132,77.2071
19605000,6.05174,6.04991,30.0598,77.1787
19610000,6.29859,6.2968,30.0974,77.2163
19615000,5.81445,6.29679,30.0556,77.2532
19620000,6.05162,5.81269,30.0582,77.2175
19625000,6.55543,6.29678,30.0404,77.2088
19630000,6.55539,6.55374,30.0433,77.1995
19635000,6.29839,6.55374,30.0473,77.1999
19640000,5.58634,6.04988,30.0383,77.0502
19645000,7.39083,6.04987,30.0226,77.1898
19650000,5.81418,6.04987,30.063,77.1257
19655000,5.58623,6.55372,30.0403,77.1116
19660000,6.55517,6.29675,30.0394,77.089
19665000,6.29817,6.04985,30.0431,77.1257
19670000,5.36716,6.55371,30.0387,77.0189
19675000,5.15674,6.04985,30.0555,77.084
19680000,5.36709,6.5537,30.0107,77.0419
19685000,6.05115,6.5537,30.0351,77.126
19690000,6.55498,6.55369,30.0171,77.0626
19695000,5.58597,6.04983,30.0568,77.0057
19700000,0.00141152,6.04983,30.021,77.1007
19705000,5.15655,6.04982,30.0207,77.014
19710000,6.051,6.29671,30.0473,76.9363
19715000,6.05097,6.04982,30.0378,76.9146
19720000,0.00129866,6.2967,30.0433,76.9655
19725000,6.55478,6.55367,30.0484,76.8519
19730000,4.95428,6.04981,30.0039,76.9214
19735000,6.55472,6.0498,30.0717,76.8571
19740000,5.58572,5.81259,30.0259,76.8946
19745000,6.82213,6.29669,30.0447,76.8379
19750000,0.00114606,6.29668,30.0182,76.84
19755000,7.69173,6.29668,30.026,76.9369
19760000,8.67224,6.04979,30.0472,76.9194
19765000,6.29761,6.29667,30.0467,76.8538
19770000,6.82201,6.04978,30.0426,76.8627
19775000,6.05068,6.04978,30.0611,76.8224
19780000,0.0010114,6.04978,30.0234,76.7563
19785000,5.58552,6.04977,30.0331,76.7804
19790000,4.954,6.04977,30.0141,76.7778
19795000,5.36651,6.04977,30.0478,76.7861
19800000,6.05058,6.04977,30.0078,76.7723
19805000,0.000911346,5.58464,30.0119,76.6737
19810000,6.82185,6.04976,30.0265,76.7595
19815000,7.1002,6.04976,30.046,76.6911
19820000,6.29739,6.29665,30.0416,76.7582
19825000,6.29738,6.04975,30.0482,76.5593
19830000,0.000821191,6.04975,30.0251,76.6449
19835000,6.55431,5.81254,30.0303,76.7145
19840000,7.10011,5.81254,30.0093,76.6932
19845000,6.55428,5.81254,30.0494,76.7985
19850000,5.81319,6.04974,30.0294,76.6653
19855000,6.05039,6.29663,30.0189,76.6615
19860000,6.05037,6.04974,29.993,76.6072
19865000,5.58524,5.81253,30.0341,76.6337
19870000,6.5542,6.04974,30.0413,76.685
19875000,6.82164,5.81252,30.0234,76.6209
19880000,6.29721,6.04973,29.9829,76.6286
19885000,4.95369,6.04973,30.0285,76.6136
19890000,0.000639544,6.29662,29.9843,76.5788
19895000,6.55413,5.81252,30.0222,76.5731
19900000,5.81305,6.29662,30.0569,76.6331
19905000,5.58513,6.04972,29.9957,76.6022
19910000,5.36614,6.04972,30.0462,76.585
19915000,6.05022,5.81251,30.0222,76.5426
19920000,0.000564396,5.81251,29.9933,76.5675
19925000,6.29709,5.36563,30.0317,76.4745
19930000,6.05019,5.81251,30.0083,76.4852
19935000,5.58506,5.5846,30.0237,76.497
19940000,5.58505,6.04971,30.0158,76.4755
19945000,5.36606,5.58459,30.0244,76.4362
19950000,6.554,6.04971,30.0669,76.4203
19955000,0.000487808,6.04971,30.0044,76.4591
19960000,7.0998,5.8125,30.0471,76.5077
19965000,0.000467901,6.04971,30.0111,76.4533
19970000,6.05011,5.8125,29.9946,76.3395
19975000,6.0501,6.0497,30.0042,76.398
19980000,7.3895,5.81249,29.9915,76.3579
19985000,0.000430489,5.81249,30.0485,76.3746
19990000,5.58495,6.0497,30.0095,76.3255
19995000,5.81285,6.0497,29.991,76.2975
20000000,6.82136,5.81249,30.0083,76.3434
20005000,0.000396069,6.0497,30.0159,76.2553
20010000,7.09971,5.81249,29.9939,76.3219
20015000,6.29692,5.58458,30.0268,76.4229
20020000,6.05002,5.81248,29.9989,76.3698
20025000,5.36592,6.04969,30.005,76.3276
20030000,0.000356888,6.04969,29.9867,76.3918
20035000,6.29689,5.58457,30.0061,76.3089
20040000,0.000342323,6.04969,30.0529,76.1696
20045000,0.000335265,5.58457,30.0398,76.2536
20050000,0.000328353,5.81248,30.0226,76.3354
20055000,0.000321583,6.04969,30.0307,76.2608
20060000,0.000314953,5.58457,30.0203,76.2085
20065000,0.000308459,5.81248,30.0318,76.2517
20070000,5.15547,5.81248,30.0204,76.3137
20075000,5.36585,5.81247,30.0092,76.203
20080000,5.58482,6.04968,30.0504,76.1835
20085000,0.000283796,5.81247,29.989,76.2974
20090000,5.81272,5.81247,29.9944,76.1372
20095000,6.04992,6.04968,30.0118,76.1753
20100000,5.36582,5.81247,30.0199,76.2864
20105000,5.15543,6.04968,30.0296,76.1738
20110000,5.81269,5.81247,29.9818,76.2292
20115000,6.29679,5.81247,29.9898,76.1223
20120000,0.000245285,5.81247,29.9821,76.1973
20125000,5.15541,5.81247,29.995,76.1765
20130000,5.36579,6.04968,29.9845,76.1377
20135000,5.36579,6.04968,29.9859,76.1496
20140000,5.58475,5.81247,30.0111,76.2005
20145000,0.000221021,5.58456,29.9864,76.2706
20150000,6.04986,5.81246,29.9928,76.1462
20155000,0.000212001,6.04967,30.0277,76.054
20160000,5.81265,5.36558,29.9802,76.0825
20165000,0.000203349,5.36558,30.0184,76.1593
20170000,6.5537,5.81246,29.9927,76.0548
20175000,5.36575,5.58455,29.9679,76.0413
20180000,5.81263,5.58455,30.02,76.0502
20185000,6.82115,5.81246,30.0167,76.0781
20190000,6.29672,5.58455,30.0028,76.0388
20195000,0.000179455,5.58455,30.0029,76.049
20200000,0.000175755,5.58455,30.0268,76.0583
20205000,5.15534,5.58455,29.9857,76.0894
20210000,6.29671,5.58455,29.9986,76.1042
20215000,5.36572,5.58455,29.9794,76.0577
20220000,0.000161702,5.58455,29.978,76.012
20225000,5.15533,5.36558,29.9923,76.1421
20230000,0.000155103,5.58455,30.0096,76.067
20235000,5.36571,5.58455,30.007,75.9315
20240000,5.58468,5.36557,30.0126,75.9627
20245000,5.58467,5.58455,30.0072,75.9925
20250000,6.8211,5.58455,30.0199,75.9844
20255000,5.58467,5.81246,30.0246,75.9559
20260000,0.000136878,5.36557,30.0029,76.0089
20265000,6.55364,5.81245,29.9966,75.8937
20270000,5.1553,5.81245,29.9777,75.9594
20275000,0.000128585,5.58454,30.0302,75.928
20280000,0.000125934,5.58454,29.9919,75.9916
20285000,0.000123337,5.36557,29.9788,75.8836
20290000,0.000120794,5.81245,30.0014,75.9253
20295000,5.15529,5.58454,29.9713,75.9385
20300000,0.000115865,5.58454,29.9684,75.9662
20305000,5.15528,5.58454,30.0269,75.9052
20310000,0.000111136,5.58454,29.9784,75.9226
20315000,0.000108845,5.58454,29.9948,75.8847
20320000,7.09943,5.81245,29.9914,75.9243
20325000,6.29664,5.58454,29.9829,75.7999
20330000,0.00010225,5.36557,29.9998,75.7787
20335000,5.81254,5.58454,29.9815,75.8904
20340000,5.15527,5.58454,29.9809,75.8582
20345000,9.60552e-05,5.36557,30.0004,75.8742
20350000,9.40747e-05,5.58454,29.9987,75.8806
20355000,5.58462,5.36557,29.9871,75.8413
20360000,5.15526,5.36557,29.9737,75.7868
20365000,8.00456,5.58454,29.9801,75.864
20370000,5.81252,5.58454,29.9734,75.8342
20375000,8.47684e-05,5.36557,29.9996,75.821
20380000,8.30206e-05,5.36557,29.9836,75.8067
20385000,8.13089e-05,5.36557,30.005,75.9315
20390000,7.96325e-05,5.58454,29.9837,75.7862
20395000,6.04973,5.36557,29.9875,75.7874
20400000,7.0994,5.36557,29.9972,75.866
20405000,6.29661,5.36557,30.0236,75.8016
20410000,5.81251,5.36557,29.9774,75.6709
20415000,7.17549e-05,5.58454,29.9766,75.6691
20420000,7.02755e-05,5.36556,29.9562,75.7461
20425000,5.36562,5.36556,29.9731,75.8006
20430000,6.29661,5.15518,29.9596,75.686
20435000,7.38912,5.36556,29.9949,75.7395
20440000,6.04971,5.58454,30.0013,75.7855
20445000,6.33235e-05,5.15518,29.9805,75.7591
20450000,6.20179e-05,5.15518,29.9856,75.7792
20455000,6.07392e-05,5.36556,30.0042,75.6602
20460000,5.94869e-05,5.15518,29.9966,75.6962
20465000,5.36561,5.58454,29.9704,75.7252
20470000,5.70592e-05,5.36556,29.9714,75.7571
20475000,5.58458,5.58454,29.9519,75.6454
20480000,5.47306e-05,5.36556,29.9653,75.6949
20485000,5.36022e-05,5.15518,29.9686,75.7174
20490000,5.2497e-05,5.15518,29.9924,75.6594
20495000,5.14146e-05,5.15518,29.9744,75.6806
20500000,5.03546e-05,5.15518,29.952,75.6777
20505000,4.93164e-05,5.58453,29.9731,75.645
20510000,4.82996e-05,5.36556,29.9761,75.6414
20515000,5.3656,5.36556,29.9797,75.5973
20520000,4.63284e-05,5.36556,29.9684,75.6758
20525000,4.53732e-05,5.36556,29.9798,75.609
20530000,5.58457,5.36556,29.9958,75.5379
20535000,4.35215e-05,5.58453,29.9745,75.6392
20540000,4.26242e-05,5.58453,29.9666,75.5911
20545000,4.17454e-05,5.58453,29.9829,75.571
20550000,5.15521,5.36556,29.9803,75.6279
20555000,4.00417e-05,4.95304,29.9513,75.6349
20560000,5.81248,5.36556,29.9438,75.5877
20565000,6.04969,5.81244,29.968,75.5826
20570000,3.76157e-05,5.15517,29.97,75.5889
20575000,5.36559,5.36556,29.9736,75.614
20580000,3.60806e-05,5.36556,29.9535,75.5757
20585000,3.53367e-05,4.95304,29.9806,75.5706
20590000,5.81247,5.15517,29.9902,75.571
20595000,3.38946e-05,5.15517,29.9912,75.5751
20600000,5.81247,4.95304,29.9669,75.5029
20605000,5.1552,5.15517,29.9587,75.62
20610000,3.1841e-05,5.15517,29.9546,75.5356
20615000,3.11845e-05,4.95304,29.9816,75.634
20620000,3.05416e-05,5.36556,29.9872,75.5449
20625000,5.1552,5.36556,29.9587,75.4508
20630000,2.92952e-05,5.36556,29.9809,75.5029
20635000,6.29657,5.36556,29.9706,75.4917
20640000,2.80996e-05,5.15517,29.9709,75.5022
20645000,5.81246,5.15517,29.9624,75.5492
20650000,5.58456,5.58453,29.9776,75.5616
20655000,2.63971e-05,5.58453,29.9633,75.4983
20660000,2.58529e-05,5.36556,29.9868,75.4159
20665000,4.95306,5.36556,29.9843,75.5227
20670000,2.47978e-05,5.15517,29.9992,75.5398
20675000,2.42865e-05,5.58453,29.9694,75.4833
20680000,2.37858e-05,5.15517,29.9683,75.4102
20685000,2.32954e-05,5.15517,29.9569,75.5237
20690000,4.95306,5.15517,29.9875,75.4673
20695000,5.81246,5.15517,29.9575,75.4617
20700000,5.58455,5.15517,29.9623,75.4714
20705000,2.14328e-05,5.36556,29.961,75.4616
20710000,2.09909e-05,5.15517,29.9567,75.5307
20715000,6.55353,5.15517,29.9675,75.5183
20720000,2.01343e-05,5.15517,29.9802,75.4183
20725000,1.97191e-05,4.95303,29.9888,75.3885
20730000,1.93126e-05,5.15517,29.9959,75.4461
20735000,5.81246,5.15517,29.9794,75.4428
20740000,1.85244e-05,5.36556,29.9847,75.3642
20745000,1.81425e-05,5.15517,29.9786,75.4225
20750000,1.77684e-05,5.58453,29.9775,75.4548
20755000,6.04966,4.75882,29.9971,75.3927
20760000,5.36557,4.95303,29.9752,75.3724
20765000,6.04966,5.15517,29.9376,75.3719
20770000,1.63477e-05,5.15517,29.9647,75.2795
20775000,5.36557,5.15517,29.9645,75.4244
20780000,1.56806e-05,4.95303,29.9614,75.373
20785000,1.53573e-05,5.15517,29.9661,75.4285
20790000,5.15518,5.15517,29.9503,75.2644
20795000,1.47305e-05,5.36556,29.9553,75.3532
20800000,1.44268e-05,5.15517,29.9755,75.3683
20805000,1.41294e-05,5.15517,29.9602,75.3455
20810000,1.38381e-05,5.15517,30.0316,75.3442
20815000,4.95305,5.15517,29.9504,75.3672
20820000,1.32733e-05,4.75882,29.9631,75.3934
20825000,1.29997e-05,5.36556,29.9421,75.3444
20830000,6.29655,5.15517,29.9546,75.3911
20835000,1.24691e-05,4.95303,29.9153,75.3134
20840000,1.2212e-05,5.15517,29.9697,75.3083
20845000,1.19603e-05,5.15517,29.964,75.3808
20850000,1.17137e-05,5.15517,29.9821,75.3171
20855000,1.14722e-05,5.15517,29.9473,75.3381
20860000,4.95304,5.36556,29.9469,75.2842
20865000,1.1004e-05,4.95303,29.9503,75.2412
20870000,6.29655,5.15517,29.9387,75.2882
20875000,1.05549e-05,4.95303,29.9373,75.312
20880000,1.03373e-05,4.95303,29.9486,75.2374
20885000,1.01241e-05,5.15517,29.957,75.276
20890000,9.9154e-06,5.15517,29.9548,75.3736
20895000,9.71097e-06,5.36556,29.9282,75.4248
20900000,9.51075e-06,5.15517,29.9565,75.1787
20905000,5.36557,4.95303,29.9106,75.3021
20910000,9.12261e-06,4.75882,29.978,75.2731
20915000,5.15518,5.15517,29.999,75.223
20920000,8.75031e-06,4.95303,29.9345,75.1668
20925000,5.58454,4.95303,29.9576,75.2036
20930000,8.39321e-06,5.15517,29.9357,75.2794
20935000,8.22016e-06,4.95303,29.935,75.2118
20940000,8.05068e-06,5.15517,29.9343,75.1872
20945000,7.88469e-06,4.75882,29.9413,75.2457
20950000,7.72212e-06,4.95303,29.9644,75.3247
20955000,7.56291e-06,4.95303,29.9892,75.229
20960000,5.58454,5.15517,29.9325,75.1723
20965000,7.25426e-06,4.95303,29.9541,75.306
20970000,7.1047e-06,4.75882,29.9436,75.245
20975000,6.95821e-06,4.95303,29.9843,75.2683
20980000,6.81475e-06,5.36556,29.9273,75.1891
20985000,6.67424e-06,5.15517,29.9808,75.2304
20990000,6.53664e-06,4.75882,29.9376,75.2657
20995000,6.40186e-06,4.95303,29.9098,75.2212
21000000,5.15518,4.95303,29.9609,75.2688
21005000,6.1406e-06,4.95303,29.9584,75.3144
21010000,6.014e-06,4.75882,29.966,75.2098
21015000,5.89e-06,5.15517,29.9566,75.3237
21020000,5.58453,4.95303,29.9155,75.2031
21025000,6.04965,4.95303,29.9384,75.1987
21030000,5.58453,4.75882,29.9605,75.1545
21035000,5.41906e-06,4.75882,29.9354,75.1536
21040000,5.30733e-06,4.75882,29.967,75.0962
21045000,5.19791e-06,4.75882,29.9489,75.1488
21050000,5.09074e-06,4.75882,29.9602,75.1448
21055000,4.98578e-06,4.75882,29.9636,75.1849
21060000,4.88298e-06,4.57223,29.9292,75.1156
21065000,5.81244,4.95303,29.9681,75.1844
21070000,4.6837e-06,4.95303,29.9499,75.161
21075000,5.58453,4.95303,29.9541,75.1788
21080000,4.49256e-06,4.57223,29.981,75.1359
21085000,4.39993e-06,4.75882,29.9484,75.1662
21090000,4.30922e-06,4.75882,29.9594,75.1377
21095000,4.22037e-06,4.95303,29.9161,75.1271
21100000,4.13335e-06,4.75882,29.9978,75.0948
21105000,4.04813e-06,4.75882,29.9636,75.1691
21110000,3.96467e-06,4.95303,29.9256,75.1273
21115000,3.88293e-06,4.95303,29.9008,74.9846
21120000,3.80287e-06,4.95303,29.9333,75.1654
21125000,3.72446e-06,5.15517,29.9513,75.0764
21130000,3.64767e-06,4.57223,29.93,75.1123
21135000,3.57247e-06,4.75882,29.9692,75.0763
21140000,3.49881e-06,4.75882,29.9377,75.0651
21145000,3.42667e-06,4.75882,29.9591,75.132
21150000,3.35602e-06,4.75882,29.9207,75.0968
21155000,3.28683e-06,4.95303,29.9446,75.0837
21160000,6.04965,4.75882,29.9554,75.0374
21165000,5.36556,4.57223,29.9204,75.0781
21170000,3.08769e-06,4.57223,29.9357,75.0396
21175000,3.02403e-06,4.75882,29.9491,75.0079
21180000,2.96168e-06,4.95303,29.9211,75.1209
21185000,2.90061e-06,4.57223,29.9405,75.0225
21190000,2.84081e-06,4.57223,29.9314,75.1018
21195000,2.78224e-06,4.75882,29.9323,75.0743
21200000,2.72488e-06,4.75882,29.9601,74.952
21205000,2.66869e-06,4.75882,29.934,75.066
21210000,2.61367e-06,4.75882,29.923,75.0158
21215000,2.55978e-06,4.57223,29.9256,75.066
21220000,2.50701e-06,4.95303,29.9199,74.9973
21225000,2.45532e-06,4.75882,29.9446,75.0303
21230000,2.40469e-06,4.39295,29.9183,75.0449
21235000,2.35511e-06,4.39295,29.924,74.9487
21240000,2.30656e-06,4.75882,29.917,75.0739
21245000,6.29654,4.57223,29.9543,75.0752
21250000,2.21243e-06,4.39295,29.9368,75.0348
21255000,2.16681e-06,4.39295,29.9717,75.0221
21260000,2.12213e-06,4.57223,29.9538,75.0427
21265000,2.07838e-06,4.57223,29.9288,75.0547
21270000,5.15517,4.75882,29.9255,74.9532
21275000,1.99356e-06,4.57223,29.9476,74.9989
21280000,1.95246e-06,4.57223,29.9422,74.9007
21285000,1.9122e-06,4.57223,29.9484,74.9674
21290000,5.15517,4.57223,29.9425,74.8685
21295000,1.83416e-06,4.57223,29.9455,74.8981
21300000,5.58453,4.75882,29.9316,74.9525
21305000,1.75931e-06,4.75882,29.9485,74.9513
21310000,5.36556,4.57223,29.9388,74.9903
21315000,5.58453,4.57223,29.9278,74.8875
21320000,1.65272e-06,4.57223,29.9757,75.0445
21325000,1.61864e-06,4.39295,29.9008,74.9785
21330000,1.58527e-06,4.39295,29.9276,75.0005
21335000,1.55259e-06,4.75882,29.9323,75.0151
21340000,1.52058e-06,4.57223,29.9277,74.9261
21345000,1.48923e-06,4.95303,29.9074,74.9848
21350000,1.45852e-06,4.57223,29.9329,74.9619
21355000,1.42845e-06,4.57223,29.9396,74.9223
21360000,4.95303,4.39295,29.9364,75.0184
21365000,1.37015e-06,4.75882,29.9605,74.9668
21370000,1.3419e-06,4.57223,29.9343,74.8943
21375000,1.31424e-06,4.57223,29.9555,74.8365
21380000,1.28714e-06,4.75882,29.9813,74.9006
21385000,6.04965,4.57223,29.9577,74.9084
21390000,1.23461e-06,4.75882,29.9435,74.8754
21395000,1.20916e-06,4.57223,29.9351,74.8296
21400000,1.18423e-06,4.57223,29.9242,74.9139
21405000,1.15981e-06,4.75882,29.9683,74.8413
21410000,1.1359e-06,4.75882,29.9402,74.9356
21415000,1.11248e-06,4.57223,29.9292,74.8827
21420000,1.08954e-06,4.57223,29.9154,74.9638
21425000,5.58453,4.57223,29.9279,74.763
21430000,1.04508e-06,4.39295,29.9399,74.7629
21435000,5.36556,4.75882,29.8966,74.9172
21440000,1.00243e-06,4.39295,29.9376,74.8627
21445000,9.81758e-07,4.57223,29.9587,74.8539
21450000,9.61516e-07,4.75882,29.9404,74.909
21455000,9.41692e-07,4.57223,29.9041,74.7947
21460000,9.22276e-07,4.75882,29.9266,74.9015
21465000,9.03261e-07,4.39295,29.9199,74.7937
21470000,8.84637e-07,4.57223,29.9059,74.8649
21475000,8.66398e-07,4.57223,29.9106,74.876
21480000,8.48535e-07,4.57223,29.911,74.9104
21485000,8.3104e-07,4.75882,29.9265,74.9055
21490000,8.13906e-07,4.57223,29.9229,74.8599
21495000,7.97125e-07,4.57223,29.9565,74.8308
21500000,7.8069e-07,4.39295,29.9102,74.7717
21505000,7.64594e-07,4.57223,29.9479,74.8001
21510000,7.48829e-07,4.39295,29.8885,74.7745
21515000,7.3339e-07,4.57223,29.9189,74.8328
21520000,7.18269e-07,4.57223,29.9455,74.6616
21525000,7.0346e-07,4.57223,29.9077,74.7001
21530000,5.15517,4.39295,29.8869,74.8249
21535000,5.36556,4.75882,29.9398,74.8825
21540000,6.6084e-07,4.2207,29.9101,74.762
21545000,6.47215e-07,4.2207,29.893,74.7712
21550000,5.81244,4.57223,29.9301,74.8036
21555000,6.20801e-07,4.57223,29.9536,74.727
21560000,6.08002e-07,4.2207,29.924,74.798
21565000,5.95466e-07,4.2207,29.9017,74.8386
21570000,5.83189e-07,4.39295,29.9471,74.7372
21575000,5.71165e-07,4.2207,29.9506,74.7788
21580000,5.59389e-07,4.39295,29.9178,74.7628
21585000,5.81244,4.0552,29.9162,74.7458
21590000,5.3656e-07,4.39295,29.9307,74.7189
21595000,5.25497e-07,4.39295,29.9357,74.7305
21600000,5.14662e-07,4.39295,29.8933,74.7592
21605000,5.04051e-07,4.39295,29.9332,74.7822
21610000,5.36556,4.39295,29.9319,74.7336
21615000,4.83481e-07,4.2207,29.921,74.8108
21620000,4.73512e-07,4.57223,29.8889,74.7851
21625000,4.6375e-07,4.39295,29.9063,74.8134
21630000,4.54188e-07,4.57223,29.9031,74.7163
21635000,4.44824e-07,4.39295,29.8992,74.7573
21640000,4.35652e-07,4.39295,29.8978,74.7394
21645000,4.2667e-07,4.57223,29.9465,74.7769
21650000,4.17873e-07,4.39295,29.8895,74.7744
21655000,4.09258e-07,4.39295,29.9171,74.7915
21660000,4.0082e-07,4.39295,29.884,74.7156
21665000,3.92555e-07,4.57223,29.9072,74.7891
21670000,3.84462e-07,4.39295,29.9288,74.7145
21675000,3.76535e-07,4.39295,29.9307,74.7927
21680000,3.68772e-07,4.57223,29.8996,74.7015
21685000,3.61168e-07,4.39295,29.9365,74.7032
21690000,3.53722e-07,4.57223,29.9372,74.6919
21695000,3.46429e-07,4.39295,29.9021,74.7034
21700000,3.39286e-07,4.39295,29.9439,74.7353
21705000,3.32291e-07,4.39295,29.9137,74.7301
21710000,3.2544e-07,4.39295,29.941,74.6992
21715000,3.1873e-07,4.2207,29.9379,74.6832
21720000,3.12159e-07,4.57223,29.9578,74.7234
21725000,3.05723e-07,4.57223,29.8946,74.7569
21730000,2.99419e-07,4.39295,29.9204,74.6381
21735000,2.93246e-07,4.39295,29.8678,74.6626
21740000,2.872e-07,4.2207,29.9129,74.5801
21745000,2.81278e-07,4.0552,29.921,74.7509
21750000,2.75479e-07,4.2207,29.8927,74.7111
21755000,2.69799e-07,4.39295,29.9374,74.7364
21760000,2.64237e-07,4.2207,29.9022,74.6513
21765000,2.58789e-07,4.39295,29.927,74.6401
21770000,2.53453e-07,4.39295,29.8981,74.7089
21775000,2.48227e-07,4.2207,29.9301,74.6761
21780000,2.43109e-07,4.2207,29.914,74.6692
21785000,2.38097e-07,4.39295,29.9238,74.6649
21790000,5.36556,4.0552,29.9384,74.6966
21795000,2.2838e-07,4.0552,29.8952,74.5413
21800000,2.23671e-07,4.2207,29.902,74.5594
21805000,2.1906e-07,4.0552,29.9086,74.5767
21810000,2.14543e-07,4.2207,29.9144,74.6778
21815000,2.1012e-07,4.39295,29.9101,74.6355
21820000,2.05788e-07,4.2207,29.9058,74.5846
21825000,2.01545e-07,4.0552,29.9279,74.6366
21830000,1.97389e-07,4.39295,29.9211,74.5444
21835000,1.9332e-07,4.0552,29.9179,74.5561
21840000,1.89334e-07,4.39295,29.9547,74.6114
21845000,1.8543e-07,3.89619,29.9026,74.5362
21850000,4.95303,4.2207,29.9192,74.5667
21855000,1.77863e-07,4.2207,29.9091,74.5403
21860000,1.74195e-07,4.0552,29.9011,74.5909
21865000,1.70604e-07,4.2207,29.8839,74.5734
21870000,1.67086e-07,4.0552,29.9549,74.6378
21875000,1.63641e-07,3.89619,29.9016,74.6105
21880000,1.60268e-07,4.0552,29.9199,74.5717
21885000,1.56963e-07,4.0552,29.9289,74.5794
21890000,1.53727e-07,4.0552,29.8981,74.5876
21895000,1.50557e-07,4.2207,29.9213,74.612
21900000,1.47453e-07,4.39295,29.9258,74.5166
21905000,1.44413e-07,4.0552,29.9381,74.5824
21910000,1.41436e-07,4.0552,29.9038,74.528
21915000,1.3852e-07,4.0552,29.916,74.5592
21920000,1.35664e-07,4.2207,29.9038,74.5573
21925000,1.32866e-07,4.2207,29.915,74.5586
21930000,1.30127e-07,4.39295,29.9337,74.5973
21935000,1.27444e-07,3.89619,29.9008,74.4625
21940000,1.24816e-07,4.2207,29.8919,74.5584
21945000,1.22243e-07,4.0552,29.9401,74.5857
21950000,1.19723e-07,4.39295,29.9152,74.6265
21955000,1.17254e-07,4.39295,29.9135,74.4835
21960000,1.14837e-07,4.2207,29.8923,74.4407
21965000,1.12469e-07,4.2207,29.9242,74.6447
21970000,1.1015e-07,4.0552,29.8949,74.6463
21975000,1.07879e-07,3.89619,29.905,74.5064
21980000,5.81244,3.89619,29.9162,74.4669
21985000,1.03477e-07,4.0552,29.8787,74.4426
21990000,1.01343e-07,4.2207,29.9214,74.5224
21995000,9.92536e-08,4.0552,29.9183,74.4948
22000000,9.72072e-08,4.2207,29.8571,74.5529
22005000,9.5203e-08,4.0552,29.906,74.5222
22010000,9.32401e-08,4.0552,29.9133,74.5007
22015000,9.13177e-08,4.0552,29.8937,74.4832
22020000,8.94349e-08,4.2207,29.8715,74.4768
22025000,8.7591e-08,4.0552,29.9044,74.4204
22030000,8.5785e-08,4.0552,29.9193,74.5454
22035000,8.40163e-08,4.0552,29.9173,74.5395
22040000,8.22841e-08,4.0552,29.9347,74.5002
22045000,8.05876e-08,4.0552,29.9281,74.4318
22050000,7.8926e-08,4.0552,29.9198,74.4334
22055000,7.72988e-08,3.89619,29.9077,74.4385
22060000,7.5705e-08,4.2207,29.8932,74.4881
22065000,7.41442e-08,3.89619,29.8842,74.474
22070000,7.26155e-08,3.89619,29.9243,74.54
22075000,7.11183e-08,4.0552,29.915,74.4605
22080000,6.9652e-08,4.0552,29.9196,74.3913
22085000,6.82159e-08,4.2207,29.9092,74.4909
22090000,6.68095e-08,3.89619,29.9161,74.4309
22095000,6.5432e-08,4.0552,29.9346,74.4251
22100000,6.40829e-08,3.89619,29.9061,74.3928
22105000,6.27617e-08,3.89619,29.914,74.4393
22110000,5.15517,4.0552,29.9144,74.5147
22115000,6.02003e-08,3.89619,29.913,74.4711
22120000,5.89591e-08,4.0552,29.8794,74.3834
22125000,5.77435e-08,4.0552,29.9083,74.4932
22130000,5.6553e-08,3.89619,29.9072,74.4059
22135000,5.5387e-08,4.0552,29.8878,74.4103
22140000,5.4245e-08,4.0552,29.9076,74.368
22145000,5.31266e-08,4.0552,29.9001,74.385
22150000,5.20313e-08,4.0552,29.8945,74.3774
22155000,5.09585e-08,4.0552,29.9208,74.3792
22160000,4.99078e-08,3.74342,29.9034,74.4235
22165000,4.88788e-08,3.74342,29.9108,74.3091
22170000,4.78711e-08,3.89619,29.9354,74.3816
22175000,4.68841e-08,3.89619,29.9091,74.3652
22180000,4.95303,4.0552,29.8715,74.3478
22185000,4.49707e-08,3.89619,29.902,74.4192
22190000,4.40435e-08,3.74342,29.878,74.3601
22195000,4.31354e-08,3.74342,29.9117,74.4056
22200000,4.22461e-08,3.89619,29.8867,74.3258
22205000,4.1375e-08,3.89619,29.8822,74.3295
22210000,4.0522e-08,4.0552,29.9216,74.3493
22215000,3.96865e-08,3.89619,29.8854,74.3709
22220000,3.88683e-08,4.0552,29.905,74.4257
22225000,3.80669e-08,3.89619,29.9193,74.3536
22230000,3.7282e-08,3.89619,29.9221,74.4109
22235000,3.65133e-08,3.74342,29.9194,74.3438
22240000,3.57605e-08,4.0552,29.9028,74.3012
22245000,3.50232e-08,3.74342,29.8951,74.2877
22250000,3.43011e-08,3.89619,29.911,74.3417
22255000,3.35939e-08,3.89619,29.9144,74.4159
22260000,3.29013e-08,4.0552,29.8766,74.2182
22265000,3.22229e-08,3.89619,29.8994,74.3697
22270000,3.15586e-08,4.0552,29.8753,74.3173
22275000,3.09079e-08,4.0552,29.871,74.3114
22280000,3.02706e-08,4.0552,29.9128,74.2839
22285000,2.96465e-08,4.2207,29.8636,74.3225
22290000,2.90353e-08,3.89619,29.8983,74.3103
22295000,2.84366e-08,3.74342,29.9058,74.3248
22300000,2.78503e-08,4.0552,29.8919,74.2699
22305000,2.72761e-08,3.89619,29.9138,74.315
22310000,2.67137e-08,3.89619,29.8945,74.2942
22315000,2.6163e-08,3.89619,29.8797,74.2892
22320000,5.15517,3.89619,29.8703,74.2072
22325000,2.50952e-08,3.74342,29.9046,74.2788
22330000,2.45778e-08,3.74342,29.8947,74.2366
22335000,2.40711e-08,4.0552,29.8877,74.2797
22340000,2.35748e-08,3.89619,29.9002,74.2763
22345000,2.30887e-08,4.0552,29.8491,74.2714
22350000,2.26127e-08,3.89619,29.9052,74.2062
22355000,2.21465e-08,4.0552,29.8961,74.2719
22360000,2.16899e-08,3.74342,29.908,74.2865
22365000,2.12427e-08,3.89619,29.871,74.2507
22370000,5.81244,3.74342,29.8698,74.287
22375000,2.03757e-08,3.74342,29.9312,74.2297
22380000,1.99556e-08,3.45561,29.8562,74.2935
22385000,1.95442e-08,4.0552,29.8654,74.3171
22390000,1.91412e-08,3.89619,29.8694,74.2931
22395000,1.87466e-08,3.74342,29.881,74.2659
22400000,1.83601e-08,4.2207,29.8958,74.2997
22405000,1.79815e-08,3.89619,29.8919,74.2455
22410000,1.76108e-08,3.89619,29.8468,74.2565
22415000,1.72477e-08,3.89619,29.87,74.2719
22420000,1.68921e-08,3.59664,29.8809,74.2547
22425000,1.65438e-08,4.0552,29.8859,74.2444
22430000,1.62027e-08,3.74342,29.9209,74.1836
22435000,1.58686e-08,4.0552,29.8638,74.2282
22440000,1.55415e-08,3.74342,29.9223,74.2555
22445000,1.5221e-08,4.0552,29.8755,74.2181
22450000,1.49072e-08,3.89619,29.8759,74.3079
22455000,1.45998e-08,3.74342,29.9243,74.1627
22460000,1.42988e-08,3.74342,29.901,74.1607
22465000,1.4004e-08,3.89619,29.8917,74.1266
22470000,1.37153e-08,3.74342,29.8893,74.1885
22475000,1.34325e-08,3.74342,29.8807,74.1562
22480000,1.31556e-08,3.59664,29.9003,74.1702
22485000,1.28843e-08,3.59664,29.9207,74.168
22490000,1.26187e-08,4.0552,29.9156,74.153
22495000,1.23585e-08,3.74342,29.8893,74.1421
22500000,5.36556,3.74342,29.8633,74.1859
22505000,1.18541e-08,3.89619,29.9197,74.1662
22510000,1.16097e-08,3.74342,29.8821,74.2321
22515000,1.13704e-08,3.74342,29.8503,74.082
22520000,1.11359e-08,3.89619,29.8885,74.1958
22525000,1.09063e-08,3.74342,29.8854,74.1215
22530000,1.06815e-08,3.59664,29.8981,74.186
22535000,1.04612e-08,3.59664,29.8472,74.1559
22540000,1.02456e-08,3.74342,29.884,74.1338
22545000,1.00343e-08,3.74342,29.9092,74.1986
22550000,9.82743e-09,3.89619,29.918,74.1526
22555000,9.62481e-09,3.74342,29.8722,74.0837
22560000,9.42637e-09,3.74342,29.859,74.1532
22565000,9.23202e-09,3.74342,29.8707,74.1651
22570000,9.04168e-09,3.59664,29.8877,74.1198
22575000,8.85526e-09,3.89619,29.8661,74.0295
22580000,8.67268e-09,3.74342,29.9105,74.0506
22585000,8.49387e-09,3.74342,29.8877,74.1324
22590000,8.31874e-09,3.59664,29.9037,74.1333
22595000,8.14723e-09,3.74342,29.9263,74.1645
22600000,7.97925e-09,3.59664,29.907,74.0392
22605000,7.81474e-09,3.89619,29.8858,74.149
22610000,7.65361e-09,3.59664,29.9226,74.1472
22615000,7.49581e-09,3.89619,29.8883,74.0747
22620000,7.34127e-09,3.89619,29.8942,74.0021
22625000,7.1899e-09,3.74342,29.9043,74.0608
22630000,7.04166e-09,3.74342,29.9045,74.0449
22635000,6.89648e-09,3.59664,29.8882,74.2231
22640000,6.75429e-09,3.59664,29.8764,74.163
22645000,6.61503e-09,3.59664,29.9107,74.0888
22650000,6.47864e-09,3.59664,29.8642,74.0088
22655000,6.34507e-09,3.45561,29.8782,74.0514
22660000,6.21425e-09,3.74342,29.9132,74.05
22665000,6.08612e-09,3.89619,29.8614,74.0909
22670000,5.96064e-09,3.45561,29.8864,74.0591
22675000,5.83774e-09,3.74342,29.8565,74.0745
22680000,5.71738e-09,3.74342,29.8925,74.0603
22685000,5.15517,3.59664,29.9036,74.1038
22690000,5.48405e-09,3.59664,29.8908,74.0465
22695000,5.37098e-09,3.59664,29.907,74.0087
22700000,5.26025e-09,3.74342,29.8532,73.9169
22705000,5.36556,3.59664,29.8938,74.0738
22710000,5.04557e-09,3.74342,29.8949,73.9833
22715000,4.94154e-09,3.45561,29.8917,74.0475
22720000,4.83966e-09,3.74342,29.8461,74.0378
22725000,4.73988e-09,3.45561,29.8648,73.9833
22730000,4.64215e-09,3.74342,29.8917,74.0023
22735000,4.54644e-09,3.59664,29.8854,74.0664
22740000,4.4527e-09,3.45561,29.884,74.0625
22745000,4.3609e-09,3.59664,29.8857,74.0061
22750000,4.27099e-09,3.45561,29.9103,74.0494
22755000,4.18293e-09,3.59664,29.9035,74.0403
22760000,4.09668e-09,3.74342,29.8698,73.9352
22765000,4.01222e-09,3.74342,29.9038,74.0426
22770000,3.9295e-09,3.45561,29.8951,73.9894
22775000,3.84848e-09,3.59664,29.8747,73.9814
22780000,3.76913e-09,3.45561,29.8823,74.0081
22785000,3.69142e-09,3.59664,29.89,73.9156
22790000,3.61531e-09,3.74342,29.9169,73.9999
22795000,3.54077e-09,3.59664,29.8898,74.0075
22800000,3.46777e-09,3.59664,29.914,74.0319
22805000,3.39627e-09,3.59664,29.8843,73.9417
22810000,3.32625e-09,3.59664,29.8625,73.9673
22815000,3.25767e-09,3.74342,29.8608,74.087
22820000,3.1905e-09,3.59664,29.8954,73.9779
22825000,3.12472e-09,3.59664,29.8673,73.9882
22830000,3.06029e-09,3.74342,29.8804,73.8926
22835000,2.9972e-09,3.59664,29.8814,73.9542
22840000,2.9354e-09,3.59664,29.8994,73.9647
22845000,2.87488e-09,3.32012,29.8581,73.9538
22850000,2.81561e-09,3.45561,29.8872,73.9325
22855000,2.75756e-09,3.45561,29.8605,73.909
22860000,2.7007e-09,3.32012,29.8836,73.9337
22865000,2.64502e-09,3.74342,29.8823,73.9305
22870000,2.59048e-09,3.59664,29.9129,73.9291
22875000,2.53707e-09,3.74342,29.9062,73.8864
22880000,2.48476e-09,3.74342,29.9065,73.9335
22885000,2.43353e-09,3.45561,29.9008,73.9277
22890000,2.38336e-09,3.32012,29.9033,73.831
22895000,2.33422e-09,3.45561,29.9079,73.9088
22900000,2.28609e-09,3.59664,29.8863,73.9052
22905000,2.23896e-09,3.45561,29.8661,73.8694
22910000,2.1928e-09,3.74342,29.8918,73.8336
22915000,2.14759e-09,3.45561,29.8532,73.9488
22920000,2.10331e-09,3.59664,29.8957,73.9284
22925000,2.05994e-09,3.59664,29.8632,73.8838
22930000,2.01747e-09,3.59664,29.8997,73.8522
22935000,1.97587e-09,3.32012,29.9027,73.9303
22940000,1.93514e-09,3.45561,29.8537,73.924
22945000,1.89524e-09,3.45561,29.917,73.9699
22950000,1.85616e-09,3.32012,29.894,73.9166
22955000,1.81789e-09,3.74342,29.9046,73.9287
22960000,1.78041e-09,3.45561,29.8502,73.8975
22965000,1.7437e-09,3.45561,29.8664,73.8785
22970000,1.70775e-09,3.45561,29.8675,73.9748
22975000,1.67254e-09,3.45561,29.8844,73.8834
22980000,1.63806e-09,3.45561,29.8825,73.9643
22985000,1.60428e-09,3.45561,29.8823,73.8481
22990000,1.57121e-09,3.32012,29.8677,73.8326
22995000,1.53881e-09,3.32012,29.912,73.8977
23000000,1.50709e-09,3.45561,29.9143,73.8466
23005000,1.47601e-09,3.45561,29.8614,73.9309
23010000,1.44558e-09,3.45561,29.9199,73.8746
23015000,1.41578e-09,3.45561,29.8877,73.8357
23020000,1.38659e-09,3.45561,29.8732,73.8774
23025000,1.358e-09,3.32012,29.8857,73.8301
23030000,1.33e-09,3.18993,29.8776,73.8937
23035000,1.30258e-09,3.59664,29.9217,73.8182
23040000,1.27572e-09,3.59664,29.8653,73.8196
23045000,1.24942e-09,3.59664,29.8929,73.8058
23050000,1.22366e-09,3.45561,29.8942,73.9519
23055000,1.19843e-09,3.32012,29.9229,73.8136
23060000,1.17372e-09,3.32012,29.8843,73.7769
23065000,1.14952e-09,3.32012,29.9096,73.7838
23070000,1.12582e-09,3.74342,29.8785,73.7116
23075000,1.10261e-09,3.18993,29.8892,73.7645
23080000,1.07987e-09,3.59664,29.8827,73.8173
23085000,1.05761e-09,3.59664,29.8961,73.8189
23090000,1.0358e-09,3.32012,29.8452,73.8356
23095000,1.01445e-09,3.45561,29.9064,73.8607
23100000,9.93532e-10,3.06485,29.9052,73.8165
23105000,9.73048e-10,3.45561,29.8608,73.8322
23110000,9.52986e-10,3.32012,29.9037,73.8591
23115000,9.33337e-10,3.45561,29.9016,73.7606
23120000,9.14094e-10,3.32012,29.8967,73.7744
23125000,8.95247e-10,3.45561,29.8857,73.7691
23130000,8.76789e-10,3.45561,29.8925,73.7674
23135000,8.58712e-10,3.45561,29.8763,73.7266
23140000,8.41007e-10,3.18993,29.8569,73.7539
23145000,8.23667e-10,3.32012,29.8751,73.7193
23150000,8.06685e-10,3.45561,29.8987,73.775
23155000,7.90053e-10,3.45561,29.9018,73.7447
23160000,7.73764e-10,3.32012,29.9077,73.8826
23165000,7.5781e-10,3.32012,29.8692,73.7508
23170000,7.42186e-10,3.18993,29.9034,73.6655
23175000,7.26884e-10,3.18993,29.9085,73.7267
23180000,7.11897e-10,3.45561,29.8613,73.727
23185000,6.97219e-10,3.32012,29.8327,73.736
23190000,6.82844e-10,3.18993,29.9123,73.7001
23195000,6.68765e-10,3.18993,29.8812,73.6852
23200000,6.54977e-10,3.18993,29.8652,73.7776
23205000,6.41473e-10,3.32012,29.9323,73.7107
23210000,6.28247e-10,3.32012,29.8704,73.7002
23215000,6.15294e-10,3.18993,29.8845,73.8013
23220000,6.02608e-10,3.32012,29.8861,73.722
23225000,5.90183e-10,3.59664,29.8715,73.6427
23230000,5.78015e-10,3.45561,29.8731,73.5795
23235000,5.66098e-10,3.06485,29.901,73.7601
23240000,5.54426e-10,3.45561,29.8586,73.7175
23245000,5.42995e-10,3.32012,29.8705,73.6999
23250000,5.31799e-10,3.18993,29.9157,73.6489
23255000,5.20835e-10,3.18993,29.9153,73.7189
23260000,5.10096e-10,3.32012,29.9021,73.6486
23265000,4.99579e-10,3.32012,29.8511,73.7335
23270000,4.89279e-10,3.32012,29.8626,73.6524
23275000,4.79191e-10,3.32012,29.8675,73.685
23280000,4.69311e-10,3.45561,29.8785,73.6842
23285000,4.59635e-10,3.45561,29.9079,73.6248
23290000,4.50159e-10,3.32012,29.874,73.7658
23295000,4.40877e-10,3.32012,29.8624,73.6026
23300000,4.31787e-10,3.32012,29.8666,73.6492
23305000,4.22885e-10,3.32012,29.9212,73.6521
23310000,4.14166e-10,3.32012,29.8584,73.6699
23315000,4.05627e-10,3.32012,29.9002,73.6251
23320000,3.97264e-10,3.32012,29.8821,73.5315
23325000,3.89073e-10,3.06485,29.8493,73.5993
23330000,3.81051e-10,3.32012,29.8857,73.594
23335000,3.73195e-10,3.18993,29.8776,73.6529
23340000,3.655e-10,3.32012,29.9218,73.5539
23345000,3.57964e-10,3.32012,29.8742,73.68
23350000,3.50584e-10,3.18993,29.8423,73.6
23355000,3.43356e-10,3.06485,29.8761,73.5705
23360000,3.36276e-10,3.18993,29.8683,73.5972
23365000,3.29343e-10,3.18993,29.8588,73.5897
23370000,3.22553e-10,3.06485,29.8767,73.7143
23375000,3.15902e-10,3.06485,29.8585,73.5604
23380000,3.09389e-10,3.32012,29.8978,73.6135
23385000,3.0301e-10,3.32012,29.9029,73.6238
23390000,2.96763e-10,3.06485,29.9017,73.6355
23395000,2.90644e-10,3.06485,29.8632,73.7082
23400000,2.84652e-10,3.06485,29.8852,73.5559
23405000,2.78783e-10,3.32012,29.9131,73.5436
23410000,2.73035e-10,3.32012,29.8857,73.6067
23415000,2.67406e-10,3.32012,29.9128,73.5527
23420000,2.61892e-10,3.18993,29.9017,73.5384
23425000,2.56493e-10,2.94468,29.9,73.5226
23430000,2.51204e-10,3.06485,29.862,73.5599
23435000,2.46025e-10,3.06485,29.874,73.5849
23440000,2.40953e-10,3.18993,29.8913,73.5762
23445000,2.35985e-10,3.18993,29.8939,73.6163
23450000,2.31119e-10,3.32012,29.8661,73.623
23455000,2.26354e-10,3.32012,29.8909,73.5197
23460000,2.21687e-10,3.18993,29.8683,73.6472
23465000,2.17116e-10,3.18993,29.9242,73.6175
23470000,2.1264e-10,3.06485,29.8655,73.6086
23475000,2.08256e-10,3.18993,29.9074,73.5809
23480000,2.03962e-10,3.06485,29.9038,73.5436
23485000,1.99757e-10,3.18993,29.9127,73.5367
23490000,1.95638e-10,2.94468,29.8934,73.579
23495000,1.91604e-10,3.18993,29.8825,73.5364
23500000,1.87654e-10,3.32012,29.8587,73.5833
23505000,1.83785e-10,3.18993,29.8667,73.6337
23510000,1.79996e-10,3.06485,29.8844,73.5214
23515000,1.76285e-10,3.06485,29.8818,73.5216
23520000,1.7265e-10,3.06485,29.8866,73.5555
23525000,1.6909e-10,2.94468,29.8547,73.459
23530000,1.65604e-10,2.94468,29.886,73.4835
23535000,1.6219e-10,3.18993,29.8842,73.4532
23540000,1.58846e-10,3.06485,29.8699,73.5384
23545000,1.55571e-10,3.06485,29.8733,73.4074
23550000,1.52363e-10,3.18993,29.8984,73.4751
23555000,1.49222e-10,2.94468,29.8848,73.4066
23560000,1.46145e-10,3.18993,29.9071,73.5361
23565000,1.43132e-10,3.18993,29.9224,73.3981
23570000,1.40181e-10,2.94468,29.9025,73.4131
23575000,1.37291e-10,3.18993,29.8807,73.5898
23580000,1.3446e-10,3.18993,29.8906,73.4593
23585000,1.31688e-10,3.06485,29.8846,73.3902
23590000,1.28973e-10,3.06485,29.8724,73.5121
23595000,1.26313e-10,3.06485,29.8779,73.526
23600000,1.23709e-10,3.06485,29.8637,73.5068
23605000,1.21159e-10,2.94468,29.886,73.4126
23610000,1.18661e-10,3.06485,29.8527,73.5195
23615000,1.16214e-10,3.06485,29.8649,73.4654
23620000,1.13818e-10,3.06485,29.8617,73.4457
23625000,1.11471e-10,3.18993,29.8763,73.4964
23630000,1.09173e-10,3.18993,29.8909,73.4344
23635000,1.06922e-10,3.32012,29.8755,73.4206
23640000,1.04718e-10,3.18993,29.8738,73.4434
23645000,1.02558e-10,3.18993,29.875,73.4155
23650000,1.00444e-10,3.18993,29.8881,73.4633
23655000,9.8373e-11,2.94468,29.9034,73.4381
23660000,9.63448e-11,3.18993,29.8895,73.4435
23665000,9.43584e-11,2.94468,29.8743,73.4534
23670000,9.24129e-11,3.18993,29.8927,73.2952
23675000,9.05075e-11,2.94468,29.9023,73.4053
23680000,8.86415e-11,3.06485,29.8575,73.4628
23685000,8.68139e-11,3.32012,29.8309,73.3876
23690000,8.5024e-11,2.82922,29.9079,73.4993
23695000,8.3271e-11,3.06485,29.8917,73.4552
23700000,8.15541e-11,3.06485,29.9013,73.4706
23705000,7.98726e-11,3.06485,29.8887,73.3719
23710000,7.82258e-11,2.94468,29.8996,73.345
23715000,7.6613e-11,3.32012,29.8689,73.5226
23720000,7.50334e-11,2.94468,29.8548,73.35
23725000,7.34864e-11,3.18993,29.8927,73.419
23730000,7.19712e-11,3.06485,29.8614,73.4022
23735000,7.04873e-11,3.18993,29.9239,73.475
23740000,6.90341e-11,3.06485,29.8844,73.2857
23745000,6.76107e-11,3.18993,29.8885,73.302
23750000,6.62167e-11,3.18993,29.8894,73.3963
23755000,6.48515e-11,3.06485,29.8641,73.3765
23760000,6.35144e-11,3.06485,29.8344,73.2921
23765000,6.22049e-11,2.94468,29.8763,73.3785
23770000,6.09223e-11,3.06485,29.8876,73.4266
23775000,5.96662e-11,2.94468,29.8457,73.3162
23780000,5.84361e-11,2.94468,29.9042,73.466
23785000,5.72312e-11,2.94468,29.9121,73.2306
23790000,5.60513e-11,2.71828,29.8811,73.3115
23795000,5.48956e-11,2.94468,29.8815,73.3024
23800000,5.37638e-11,3.06485,29.8628,73.3327
23805000,5.26553e-11,2.82922,29.8554,73.3881
23810000,5.15696e-11,2.82922,29.8529,73.3048
23815000,5.05064e-11,2.82922,29.8643,73.2954
23820000,4.94651e-11,2.94468,29.8795,73.327
23825000,4.84452e-11,3.18993,29.8861,73.3313
23830000,4.74464e-11,2.94468,29.8564,73.3233
23835000,4.64681e-11,2.94468,29.8949,73.35
23840000,4.55101e-11,2.82922,29.9001,73.3419
23845000,4.45717e-11,2.94468,29.8736,73.2471
23850000,4.36528e-11,3.06485,29.8661,73.2989
23855000,4.27527e-11,2.82922,29.8448,73.241
23860000,4.18713e-11,2.94468,29.8561,73.3197
23865000,4.1008e-11,2.82922,29.8834,73.2944
23870000,4.01625e-11,2.82922,29.8622,73.3654
23875000,3.93344e-11,3.06485,29.8795,73.2586
23880000,3.85234e-11,3.06485,29.8857,73.3125
23885000,3.77292e-11,2.82922,29.885,73.3067
23890000,3.69513e-11,2.94468,29.8835,73.2413
23895000,3.61894e-11,2.94468,29.88,73.2667
23900000,3.54433e-11,2.94468,29.8433,73.2638
23905000,3.47125e-11,2.82922,29.8871,73.2561
23910000,3.39968e-11,2.94468,29.8729,73.2421
23915000,3.32959e-11,2.82922,29.8723,73.3512
23920000,3.26094e-11,2.94468,29.8718,73.2338
23925000,3.1937e-11,2.94468,29.8991,73.2076
23930000,3.12786e-11,2.94468,29.8787,73.1935
23935000,3.06337e-11,2.94468,29.9234,73.2569
23940000,3.00021e-11,2.82922,29.8691,73.2131
23945000,2.93835e-11,2.94468,29.8964,73.1867
23950000,2.87777e-11,2.82922,29.8701,73.2472
23955000,2.81843e-11,2.94468,29.8852,73.2148
23960000,2.76032e-11,2.94468,29.8807,73.3189
23965000,2.70341e-11,2.94468,29.8771,73.2224
23970000,2.64767e-11,2.94468,29.8991,73.1381
23975000,2.59308e-11,2.94468,29.8746,73.2308
23980000,2.53962e-11,2.94468,29.8745,73.2358
23985000,2.48726e-11,2.94468,29.9138,73.2171
23990000,2.43598e-11,2.71828,29.8648,73.245
23995000,2.38575e-11,2.94468,29.8726,73.267
24000000,2.33656e-11,2.94468,29.9157,73.2136
24005000,2.28839e-11,2.82922,29.8841,73.2777
24010000,2.24121e-11,2.94468,29.8916,73.2585
24015000,2.195e-11,2.82922,29.8488,73.1675
24020000,2.14974e-11,2.82922,29.9221,73.2169
24025000,2.10542e-11,2.82922,29.8961,73.2647
24030000,2.06201e-11,3.06485,29.8711,73.2745
24035000,2.0195e-11,2.82922,29.896,73.1383
24040000,1.97786e-11,2.94468,29.8959,73.1187
24045000,1.93708e-11,2.94468,29.8944,73.2366
24050000,1.89714e-11,2.94468,29.8873,73.1243
24055000,1.85803e-11,2.82922,29.8831,73.0275
24060000,1.81972e-11,2.94468,29.8814,73.223
24065000,1.7822e-11,2.82922,29.8558,73.1409
24070000,1.74545e-11,2.94468,29.8696,73.1009
24075000,1.70947e-11,3.06485,29.921,73.1504
24080000,1.67422e-11,2.82922,29.8834,73.1102
24085000,1.6397e-11,2.71828,29.885,73.158
24090000,1.6059e-11,2.82922,29.8761,73.1531
24095000,1.57279e-11,2.6117,29.8998,73.2045
24100000,1.54036e-11,2.94468,29.8488,73.1408
24105000,1.5086e-11,2.94468,29.9008,73.1626
24110000,1.4775e-11,2.82922,29.8361,73.1305
24115000,1.44703e-11,3.06485,29.8656,73.1391
24120000,1.4172e-11,2.94468,29.8704,73.0686
24125000,1.38798e-11,2.94468,29.8874,73.0188
24130000,1.35936e-11,3.06485,29.8604,73.1171
24135000,1.33133e-11,2.94468,29.8802,73.1025
24140000,1.30388e-11,2.71828,29.8876,73.1222
24145000,1.277e-11,2.71828,29.8961,73.0746
24150000,1.25067e-11,2.82922,29.8993,73.0679
24155000,1.22489e-11,2.82922,29.8835,73.1473
24160000,1.19963e-11,2.82922,29.9109,73.0973
24165000,1.1749e-11,2.94468,29.8651,73.1491
24170000,1.15067e-11,2.71828,29.8627,73.1494
24175000,1.12695e-11,2.94468,29.8875,73.0861
24180000,1.10371e-11,2.82922,29.8928,73.0552
24185000,1.08096e-11,3.18993,29.9004,73.0548
24190000,1.05867e-11,2.71828,29.9008,73.0527
24195000,1.03684e-11,2.94468,29.8525,73.0674
24200000,1.01547e-11,2.82922,29.8934,73.0857
24205000,9.9453e-12,2.71828,29.887,73.0653
24210000,9.74025e-12,2.94468,29.912,73.0239
24215000,9.53942e-12,2.71828,29.8686,73.0681
24220000,9.34274e-12,2.6117,29.8594,73.1224
24225000,9.15012e-12,2.82922,29.8501,73.0759
24230000,8.96146e-12,2.82922,29.8628,73.0542
24235000,8.77669e-12,2.94468,29.8615,73.0254
24240000,8.59574e-12,2.71828,29.8735,73.111
24245000,8.41851e-12,2.82922,29.8698,72.9911
24250000,8.24494e-12,2.82922,29.854,73.0122
24255000,8.07495e-12,2.71828,29.9066,73.0366
24260000,7.90846e-12,2.82922,29.8856,73.0521
24265000,7.74541e-12,2.82922,29.8632,72.9996
24270000,7.58571e-12,2.94468,29.8989,73.0749
24275000,7.42931e-12,2.82922,29.8699,73.045
24280000,7.27614e-12,2.6117,29.9047,72.9627
24285000,7.12612e-12,2.71828,29.9186,72.9777
24290000,6.97919e-12,3.06485,29.8761,72.9434
24295000,6.8353e-12,2.82922,29.9095,72.9766
24300000,6.69437e-12,2.71828,29.917,73.0014
24305000,6.55634e-12,2.6117,29.9013,72.9635
24310000,6.42117e-12,2.82922,29.8946,72.9968
24315000,6.28878e-12,2.6117,29.8868,73.0162
24320000,6.15912e-12,2.71828,29.9037,72.9971
24325000,6.03213e-12,2.71828,29.8835,72.9847
24330000,5.90776e-12,2.82922,29.9113,72.9783
24335000,5.78595e-12,2.6117,29.9141,73.0107
24340000,5.66666e-12,2.94468,29.8833,73.0008
24345000,5.54983e-12,2.82922,29.9014,73.0233
24350000,5.4354e-12,2.82922,29.869,72.965
24355000,5.32333e-12,2.82922,29.9127,72.9421
24360000,5.21358e-12,2.71828,29.8964,72.9884
24365000,5.10609e-12,2.6117,29.8733,72.9578
24370000,5.00081e-12,2.6117,29.925,72.882
24375000,4.8977e-12,2.82922,29.9139,72.9337
24380000,4.79672e-12,2.94468,29.8745,73.0156
24385000,4.69783e-12,2.6117,29.8753,72.9899
24390000,4.60097e-12,2.71828,29.9007,72.9369
24395000,4.50611e-12,2.6117,29.9067,72.9619
24400000,4.4132e-12,2.6117,29.8775,72.969
24405000,4.32221e-12,2.71828,29.8723,72.9337
24410000,4.23309e-12,2.50929,29.909,72.9415
24415000,4.14582e-12,2.4109,29.8759,73.0088
24420000,4.06034e-12,2.71828,29.8891,72.8675
24425000,3.97662e-12,2.50929,29.9081,72.887
24430000,3.89463e-12,2.50929,29.9033,72.8639
24435000,3.81434e-12,2.6117,29.8682,72.9162
24440000,3.73569e-12,2.82922,29.8954,73.0006
24445000,3.65867e-12,2.71828,29.8805,72.8833
24450000,3.58324e-12,2.82922,29.874,72.9672
24455000,3.50936e-12,2.6117,29.8735,72.8646
24460000,3.437e-12,2.71828,29.9139,72.8772
24465000,3.36614e-12,2.71828,29.8794,72.8816
24470000,3.29674e-12,2.82922,29.9109,72.7696
24475000,3.22877e-12,2.82922,29.8414,72.9022
24480000,3.1622e-12,2.6117,29.8917,72.8816
24485000,3.097e-12,2.6117,29.8758,72.8566
24490000,3.03314e-12,2.4109,29.8434,72.9514
24495000,2.97061e-12,2.6117,29.8835,72.8431
24500000,2.90936e-12,2.82922,29.9192,72.9677
24505000,2.84938e-12,2.6117,29.8895,72.865
24510000,2.79063e-12,2.71828,29.8864,72.7792
24515000,2.73309e-12,2.71828,29.8954,72.8236
24520000,2.67674e-12,2.6117,29.8693,72.8099
24525000,2.62155e-12,2.6117,29.9088,72.8171
24530000,2.5675e-12,2.50929,29.8825,72.9176
24535000,2.51457e-12,2.50929,29.8657,72.8688
24540000,2.46272e-12,2.50929,29.8843,72.8843
24545000,2.41194e-12,2.71828,29.8976,72.8108
24550000,2.36222e-12,2.50929,29.8872,72.8073
24555000,2.31351e-12,2.6117,29.9078,72.8359
24560000,2.26581e-12,2.6117,29.8874,72.7884
24565000,2.2191e-12,2.6117,29.8846,72.7916
24570000,2.17334e-12,2.6117,29.8822,72.8331
24575000,2.12853e-12,2.6117,29.9035,72.8956
24580000,2.08465e-12,2.71828,29.8601,72.8386
24585000,2.04167e-12,2.50929,29.9021,72.8075
24590000,1.99957e-12,2.6117,29.866,72.8592
24595000,1.95835e-12,2.6117,29.8485,72.9198
24600000,1.91797e-12,2.6117,29.8526,72.7761
24605000,1.87842e-12,2.6117,29.9107,72.779
24610000,1.8397e-12,2.6117,29.8768,72.7482
24615000,1.80176e-12,2.6117,29.8641,72.7405
24620000,1.76462e-12,2.50929,29.8976,72.7303
24625000,1.72823e-12,2.50929,29.9062,72.7712
24630000,1.6926e-12,2.4109,29.8494,72.7734
24635000,1.6577e-12,2.71828,29.8846,72.8035
24640000,1.62353e-12,2.31637,29.8701,72.7694
24645000,1.59005e-12,2.71828,29.9029,72.8937
24650000,1.55727e-12,2.50929,29.9227,72.7474
24655000,1.52516e-12,2.71828,29.879,72.7548
24660000,1.49372e-12,2.50929,29.8905,72.8244
24665000,1.46292e-12,2.71828,29.8752,72.8338
24670000,1.43276e-12,2.50929,29.8946,72.6787
24675000,1.40322e-12,2.50929,29.8921,72.7459
24680000,1.37428e-12,2.50929,29.8962,72.7791
24685000,1.34595e-12,2.6117,29.9089,72.7522
24690000,1.3182e-12,2.71828,29.8911,72.7494
24695000,1.29102e-12,2.50929,29.8896,72.7422
24700000,1.2644e-12,2.50929,29.8724,72.6587
24705000,1.23833e-12,2.4109,29.9012,72.7597
24710000,1.2128e-12,2.50929,29.88,72.7435
24715000,1.1878e-12,2.50929,29.8437,72.6356
24720000,1.16331e-12,2.6117,29.9031,72.6779
24725000,1.13932e-12,2.50929,29.9257,72.73
24730000,1.11583e-12,2.50929,29.8796,72.7036
24735000,1.09283e-12,2.31637,29.8859,72.8262
24740000,1.07029e-12,2.31637,29.897,72.7403
24745000,1.04823e-12,2.50929,29.8939,72.6916
24750000,1.02661e-12,2.6117,29.8844,72.678
24755000,1.00545e-12,2.50929,29.8543,72.7357
24760000,9.84718e-13,2.4109,29.9202,72.7351
24765000,9.64415e-13,2.50929,29.867,72.7275
24770000,9.44531e-13,2.6117,29.8949,72.7037
24775000,9.25057e-13,2.50929,29.8785,72.6893
24780000,9.05984e-13,2.4109,29.8932,72.7035
24785000,8.87305e-13,2.6117,29.8708,72.6807
24790000,8.6901e-13,2.50929,29.8993,72.5345
24795000,8.51093e-13,2.71828,29.9146,72.6616
24800000,8.33546e-13,2.50929,29.8445,72.7074
24805000,8.1636e-13,2.50929,29.8953,72.6809
24810000,7.99528e-13,2.6117,29.8735,72.6063
24815000,7.83044e-13,2.50929,29.8931,72.7003
24820000,7.66899e-13,2.4109,29.9085,72.674
24825000,7.51087e-13,2.4109,29.8755,72.7003
24830000,7.35601e-13,2.4109,29.8799,72.7008
24835000,7.20435e-13,2.50929,29.8884,72.6164
24840000,7.05581e-13,2.31637,29.8651,72.6609
24845000,6.91034e-13,2.6117,29.916,72.674
24850000,6.76786e-13,2.71828,29.9123,72.5871
24855000,6.62832e-13,2.50929,29.9298,72.6466
24860000,6.49166e-13,2.4109,29.8805,72.5871
24865000,6.35782e-13,2.50929,29.8604,72.6623
24870000,6.22673e-13,2.50929,29.8845,72.6521
24875000,6.09835e-13,2.4109,29.8674,72.5988
24880000,5.97262e-13,2.6117,29.8608,72.5691
24885000,5.84947e-13,2.4109,29.8953,72.5981
24890000,5.72887e-13,2.31637,29.8747,72.7047
24895000,5.61075e-13,2.4109,29.9016,72.6604
24900000,5.49507e-13,2.4109,29.8816,72.573
24905000,5.38178e-13,2.31637,29.8532,72.5872
24910000,5.27081e-13,2.4109,29.9053,72.6226
24915000,5.16214e-13,2.6117,29.8784,72.6857
24920000,5.05571e-13,2.50929,29.8793,72.5653
24925000,4.95147e-13,2.50929,29.9052,72.5426
24930000,4.84938e-13,2.4109,29.8969,72.5617
24935000,4.7494e-13,2.31637,29.9003,72.5595
24940000,4.65148e-13,2.50929,29.9004,72.7212
24945000,4.55557e-13,2.71828,29.8861,72.5102
24950000,4.46165e-13,2.50929,29.8647,72.5595
24955000,4.36966e-13,2.50929,29.9006,72.5857
24960000,4.27957e-13,2.6117,29.8902,72.5082
24965000,4.19133e-13,2.50929,29.9123,72.5202
24970000,4.10491e-13,2.50929,29.8883,72.5007
24975000,4.02028e-13,2.50929,29.9225,72.6258
24980000,3.93739e-13,2.4109,29.8781,72.5237
24985000,3.85621e-13,2.71828,29.9234,72.5516
24990000,3.7767e-13,2.4109,29.8572,72.5739
24995000,3.69884e-13,2.50929,29.9041,72.5443
25000000,3.62257e-13,2.50929,29.9584,72.5063
25005000,3.54788e-13,2.4109,29.9033,72.5722
25010000,3.47474e-13,2.31637,29.8522,72.5373
25015000,3.40309e-13,2.4109,29.8886,72.538
25020000,3.33293e-13,2.50929,29.9191,72.4389
25025000,3.26421e-13,2.50929,29.9388,72.5041
25030000,3.19691e-13,2.50929,29.9141,72.4935
25035000,3.131e-13,2.22554,29.8829,72.448
25040000,3.06644e-13,2.4109,29.8896,72.5165
25045000,3.00322e-13,2.31637,29.8753,72.5702
25050000,2.9413e-13,2.50929,29.8609,72.5121
25055000,2.88066e-13,2.50929,29.9063,72.4633
25060000,2.82126e-13,2.50929,29.9228,72.4793
25065000,2.7631e-13,2.4109,29.9303,72.5286
25070000,2.70613e-13,2.13828,29.8848,72.4026
25075000,2.65033e-13,2.4109,29.873,72.4986
25080000,2.59569e-13,2.6117,29.883,72.4244
25085000,2.54217e-13,2.22554,29.8876,72.5353
25090000,2.48976e-13,2.4109,29.8986,72.4812
25095000,2.43842e-13,2.6117,29.8513,72.4679
25100000,2.38815e-13,2.4109,29.9046,72.4328
25105000,2.33891e-13,2.4109,29.8461,72.4738
25110000,2.29069e-13,2.31637,29.8657,72.3566
25115000,2.24346e-13,2.50929,29.9078,72.5198
25120000,2.1972e-13,2.31637,29.914,72.3568
25125000,2.1519e-13,2.4109,29.9136,72.4926
25130000,2.10753e-13,2.6117,29.8891,72.4422
25135000,2.06408e-13,2.31637,29.8854,72.4539
25140000,2.02152e-13,2.4109,29.8629,72.4796
25145000,1.97984e-13,2.4109,29.917,72.504
25150000,1.93902e-13,2.4109,29.91,72.4372
25155000,1.89905e-13,2.4109,29.926,72.4461
25160000,1.85989e-13,2.31637,29.8598,72.3214
25165000,1.82154e-13,2.31637,29.8557,72.3063
25170000,1.78399e-13,2.4109,29.8683,72.4901
25175000,1.74721e-13,2.4109,29.8726,72.4186
25180000,1.71118e-13,2.31637,29.9182,72.4431
25185000,1.6759e-13,2.31637,29.8689,72.3068
25190000,1.64135e-13,2.31637,29.9397,72.497
25195000,1.60751e-13,2.31637,29.8955,72.3602
25200000,1.57436e-13,2.22554,29.9341,72.4859
25205000,1.5419e-13,2.4109,29.9196,72.3437
25210000,1.51011e-13,2.4109,29.8872,72.3721
25215000,1.47898e-13,2.4109,29.9261,72.3461
25220000,1.44849e-13,2.22554,29.8865,72.3608
25225000,1.41862e-13,2.13828,29.9071,72.3278
25230000,1.38937e-13,2.50929,29.9172,72.4456
25235000,1.36073e-13,2.4109,29.8876,72.3818
25240000,1.33267e-13,2.31637,29.8779,72.3567
25245000,1.30519e-13,2.31637,29.8761,72.3497
25250000,1.27828e-13,2.4109,29.8903,72.389
25255000,1.25193e-13,2.13828,29.9167,72.3909
25260000,1.22612e-13,2.22554,29.8722,72.3645
25265000,1.20084e-13,2.31637,29.9327,72.4076
25270000,1.17608e-13,2.50929,29.879,72.4313
25275000,1.15183e-13,2.31637,29.8664,72.316
25280000,1.12808e-13,2.22554,29.9277,72.3324
25285000,1.10482e-13,2.50929,29.8957,72.368
25290000,1.08204e-13,2.4109,29.8723,72.3539
25295000,1.05973e-13,2.31637,29.9206,72.2454
25300000,1.03788e-13,2.22554,29.8708,72.27
25305000,1.01649e-13,2.31637,29.9201,72.2868
25310000,9.95528e-14,2.31637,29.8826,72.3614
25315000,9.75003e-14,2.31637,29.9063,72.361
25320000,9.549e-14,2.31637,29.8887,72.2378
25325000,9.35212e-14,2.31637,29.9059,72.3127
25330000,9.1593e-14,2.4109,29.8765,72.3014
25335000,8.97046e-14,2.22554,29.8853,72.3032
25340000,8.78551e-14,2.22554,29.9216,72.241
25345000,8.60437e-14,2.4109,29.9268,72.2394
25350000,8.42697e-14,2.22554,29.8715,72.2707
25355000,8.25322e-14,2.31637,29.9279,72.2501
25360000,8.08306e-14,2.13828,29.9053,72.3106
25365000,7.9164e-14,2.13828,29.8582,72.2839
25370000,7.75318e-14,2.31637,29.913,72.3989
25375000,7.59333e-14,2.31637,29.8782,72.1985
25380000,7.43677e-14,2.4109,29.9266,72.2016
25385000,7.28344e-14,2.4109,29.8986,72.2394
25390000,7.13327e-14,2.13828,29.9189,72.2699
25395000,6.9862e-14,2.22554,29.9141,72.2825
25400000,6.84216e-14,2.22554,29.918,72.2208
25405000,6.70109e-14,2.13828,29.9133,72.1729
25410000,6.56293e-14,2.31637,29.9067,72.2578
25415000,6.42761e-14,2.22554,29.9564,72.2417
25420000,6.29509e-14,2.31637,29.9207,72.2628
25425000,6.1653e-14,2.31637,29.8829,72.2565
25430000,6.03818e-14,2.31637,29.9272,72.1462
25435000,5.91369e-14,2.31637,29.8673,72.2194
25440000,5.79176e-14,2.31637,29.895,72.2528
25445000,5.67235e-14,2.22554,29.9435,72.2403
25450000,5.5554e-14,2.22554,29.9292,72.2674
25455000,5.44086e-14,2.31637,29.8956,72.239
25460000,5.32868e-14,2.31637,29.867,72.1681
25465000,5.21881e-14,2.31637,29.9297,72.2237
25470000,5.11121e-14,2.13828,29.9123,72.2269
25475000,5.00583e-14,2.13828,29.8963,72.1605
25480000,4.90262e-14,2.31637,29.9381,72.2378
25485000,4.80154e-14,2.22554,29.8922,72.2942
25490000,4.70254e-14,2.22554,29.887,72.2041
25495000,4.60559e-14,2.22554,29.9066,72.2259
25500000,4.51063e-14,2.13828,29.8964,72.0762
25505000,4.41763e-14,2.13828,29.9166,72.1485
25510000,4.32655e-14,2.31637,29.9005,72.1229
25515000,4.23734e-14,2.4109,29.9166,72.238
25520000,4.14998e-14,2.05443,29.9135,72.2482
25525000,4.06442e-14,2.4109,29.9491,72.2548
25530000,3.98062e-14,2.4109,29.8923,72.1799
25535000,3.89854e-14,2.13828,29.868,72.1693
25540000,3.81817e-14,2.22554,29.888,72.0977
25545000,3.73944e-14,2.22554,29.9074,72.1692
25550000,3.66234e-14,2.22554,29.9054,72.1649
25555000,3.58683e-14,2.31637,29.8946,72.1019
25560000,3.51288e-14,2.05443,29.9102,72.0781
25565000,3.44045e-14,2.05443,29.8959,72.2215
25570000,3.36952e-14,2.13828,29.9166,72.1564
25575000,3.30005e-14,2.22554,29.8808,72.1149
25580000,3.23201e-14,2.31637,29.9044,72.0942
25585000,3.16537e-14,2.22554,29.8876,72.0949
25590000,3.10011e-14,2.22554,29.8772,72.103
25595000,3.03619e-14,2.22554,29.9091,72.2205
25600000,2.97359e-14,2.13828,29.8701,72.1322
25605000,2.91228e-14,2.31637,29.8712,72.1144
25610000,2.85224e-14,2.22554,29.9269,72.0724
25615000,2.79343e-14,2.13828,29.9261,72.151
25620000,2.73584e-14,2.05443,29.8746,72.1657
25625000,2.67943e-14,2.13828,29.9045,72.0139
25630000,2.62418e-14,2.22554,29.897,72.1387
25635000,2.57008e-14,2.22554,29.8666,72.0895
25640000,2.51709e-14,2.05443,29.9097,71.9948
25645000,2.46519e-14,2.13828,29.8875,72.0376
25650000,2.41437e-14,2.31637,29.938,72.1481
25655000,2.36459e-14,2.31637,29.9247,72.0577
25660000,2.31583e-14,2.13828,29.8605,72.0544
25665000,2.26809e-14,2.05443,29.9053,72.0685
25670000,2.22132e-14,1.97388,29.9253,72.1181
25675000,2.17553e-14,2.22554,29.8908,72.1322
25680000,2.13067e-14,2.31637,29.8763,72.0729
25685000,2.08674e-14,2.13828,29.916,72.1747
25690000,2.04372e-14,2.13828,29.8818,72.0996
25695000,2.00158e-14,2.31637,29.934,72.0591
25700000,1.96031e-14,2.13828,29.9099,72.0547
25705000,1.91989e-14,2.13828,29.9061,72.0873
25710000,1.88031e-14,2.22554,29.8947,72.0825
25715000,1.84154e-14,2.13828,29.9282,72.0595
25720000,1.80357e-14,2.13828,29.9185,72.072
25725000,1.76639e-14,2.13828,29.9133,72.0108
25730000,1.72997e-14,1.97388,29.8857,71.9764
25735000,1.6943e-14,2.22554,29.9245,72.0276
25740000,1.65937e-14,2.13828,29.9001,72.0166
25745000,1.62516e-14,2.13828,29.9136,72.0301
25750000,1.59165e-14,2.31637,29.9312,71.9975
25755000,1.55883e-14,2.13828,29.9027,71.9376
25760000,1.52669e-14,2.13828,29.9067,71.9429
25765000,1.49522e-14,2.13828,29.9236,72.1047
25770000,1.46439e-14,2.13828,29.9106,72.0379
25775000,1.43419e-14,1.97388,29.9097,71.9945
25780000,1.40462e-14,2.22554,29.9433,71.9788
25785000,1.37566e-14,2.13828,29.8961,72.0667
25790000,1.3473e-14,2.13828,29.8834,72.0938
25795000,1.31952e-14,2.22554,29.8802,71.9757
25800000,1.29232e-14,2.22554,29.9165,72.0907
25805000,1.26567e-14,2.13828,29.8973,72.0078
25810000,1.23958e-14,2.13828,29.9052,71.9186
25815000,1.21402e-14,2.13828,29.9021,71.9699
25820000,1.18899e-14,2.05443,29.9529,71.9807
25825000,1.16447e-14,2.05443,29.8852,71.8855
25830000,1.14047e-14,2.05443,29.9181,71.9189
25835000,1.11695e-14,2.13828,29.9075,72.0284
25840000,1.09392e-14,2.22554,29.8722,71.8683
25845000,1.07137e-14,2.31637,29.9306,71.9416
25850000,1.04928e-14,2.13828,29.8895,71.9084
25855000,1.02765e-14,2.13828,29.9209,71.9279
25860000,1.00646e-14,1.97388,29.9208,71.9242
25865000,9.85707e-15,2.22554,29.8859,71.881
25870000,9.65383e-15,1.97388,29.928,71.9302
25875000,9.45479e-15,2.22554,29.9143,71.9432
25880000,9.25986e-15,2.05443,29.9475,71.9181
25885000,9.06894e-15,2.05443,29.9031,72.0192
25890000,8.88196e-15,2.22554,29.8823,71.8609
25895000,8.69883e-15,2.05443,29.9406,71.9198
25900000,8.51948e-15,2.13828,29.9098,71.9202
25905000,8.34383e-15,1.97388,29.9139,71.8068
25910000,8.17179e-15,2.05443,29.914,71.8892
25915000,8.00331e-15,2.13828,29.907,71.8834
25920000,7.8383e-15,2.22554,29.9374,71.9455
25925000,7.67669e-15,2.13828,29.896,71.9049
25930000,7.51841e-15,2.05443,29.94,71.8887
25935000,7.3634e-15,2.05443,29.9255,71.8786
25940000,7.21158e-15,2.05443,29.9238,71.9546
25945000,7.0629e-15,2.13828,29.9041,71.8192
25950000,6.91727e-15,2.13828,29.8934,71.8131
25955000,6.77466e-15,2.05443,29.9521,71.896
25960000,6.63498e-15,2.05443,29.9154,71.7742
25965000,6.49818e-15,1.97388,29.9098,71.8693
25970000,6.3642e-15,1.89648,29.9161,71.8809
25975000,6.23298e-15,2.13828,29.9198,71.8403
25980000,6.10447e-15,2.05443,29.9441,71.8627
25985000,5.97861e-15,1.82212,29.8933,71.8208
25990000,5.85535e-15,2.13828,29.9311,71.8011
25995000,5.73462e-15,2.13828,29.8938,71.8507
26000000,5.61639e-15,2.05443,29.9576,71.8136
26005000,5.50059e-15,2.13828,29.908,71.8331
26010000,5.38718e-15,2.13828,29.9116,71.8435
26015000,5.27611e-15,2.13828,29.9299,71.8284
26020000,5.16732e-15,2.22554,29.9158,71.8642
26025000,5.06079e-15,1.97388,29.9223,71.8343
26030000,4.95644e-15,1.97388,29.9259,71.8836
26035000,4.85425e-15,1.97388,29.8989,71.7688
26040000,4.75417e-15,1.82212,29.8932,71.861
26045000,4.65615e-15,1.89648,29.9208,71.7837
26050000,4.56015e-15,2.05443,29.9224,71.7584
26055000,4.46613e-15,1.97388,29.9013,71.7977
26060000,4.37405e-15,2.05443,29.8806,71.827
26065000,4.28386e-15,1.97388,29.8978,71.8402
26070000,4.19554e-15,2.05443,29.9468,71.7657
26075000,4.10904e-15,1.97388,29.9348,71.7799
26080000,4.02432e-15,2.05443,29.9244,71.8061
26085000,3.94134e-15,2.13828,29.9023,71.7779
26090000,3.86008e-15,1.97388,29.9387,71.7231
26095000,3.7805e-15,2.05443,29.9869,71.8169
26100000,3.70255e-15,1.97388,29.9005,71.7466
26105000,3.62621e-15,1.89648,29.9178,71.7339
26110000,3.55145e-15,1.97388,29.909,71.7286
26115000,3.47822e-15,2.05443,29.9021,71.6803
26120000,3.40651e-15,2.05443,29.9137,71.763
26125000,3.33628e-15,1.97388,29.9096,71.7272
26130000,3.26749e-15,2.13828,29.9143,71.788
26135000,3.20012e-15,1.89648,29.9528,71.8345
26140000,3.13414e-15,2.05443,29.9563,71.7151
26145000,3.06952e-15,1.97388,29.9271,71.7235
26150000,3.00624e-15,1.97388,29.9101,71.8514
26155000,2.94425e-15,1.97388,29.8823,71.666
26160000,2.88355e-15,1.97388,29.9395,71.7637
26165000,2.8241e-15,1.82212,29.9363,71.8079
26170000,2.76587e-15,1.82212,29.9288,71.7088
26175000,2.70884e-15,1.97388,29.9354,71.7936
26180000,2.65299e-15,1.97388,29.9294,71.767
26185000,2.59829e-15,2.05443,29.9027,71.6316
26190000,2.54472e-15,2.05443,29.8971,71.647
26195000,2.49226e-15,1.97388,29.9277,71.7379
26200000,2.44087e-15,1.97388,29.9579,71.7261
26205000,2.39055e-15,1.89648,29.9071,71.7363
26210000,2.34126e-15,2.05443,29.8998,71.686
26215000,2.29299e-15,1.82212,29.9248,71.6223
26220000,2.24571e-15,1.97388,29.9144,71.7317
26225000,2.19941e-15,1.97388,29.9111,71.6271
26230000,2.15406e-15,2.05443,29.9083,71.6657
26235000,2.10965e-15,1.97388,29.9093,71.6371
26240000,2.06615e-15,1.97388,29.9425,71.6716
26245000,2.02355e-15,1.89648,29.8849,71.6234
26250000,1.98183e-15,1.97388,29.9221,71.639
26255000,1.94097e-15,1.82212,29.9075,71.6624
26260000,1.90095e-15,1.97388,29.9115,71.6099
26265000,1.86176e-15,1.97388,29.9673,71.6303
26270000,1.82337e-15,1.97388,29.9506,71.6408
26275000,1.78578e-15,1.89648,29.9402,71.6656
26280000,1.74896e-15,1.97388,29.9087,71.7077
26285000,1.7129e-15,2.05443,29.9088,71.6021
26290000,1.67758e-15,2.13828,29.9046,71.6065
26295000,1.643e-15,1.97388,29.9483,71.6195
26300000,1.60912e-15,1.89648,29.9406,71.6575
26305000,1.57595e-15,2.05443,29.8998,71.602
26310000,1.54345e-15,1.82212,29.9413,71.6576
26315000,1.51163e-15,1.89648,29.9213,71.5935
26320000,1.48046e-15,1.82212,29.9609,71.5777
26325000,1.44994e-15,1.89648,29.9299,71.6003
26330000,1.42004e-15,1.82212,29.9012,71.6113
26335000,1.39077e-15,2.05443,29.9356,71.5829
26340000,1.36209e-15,1.89648,29.9342,71.5387
26345000,1.33401e-15,1.97388,29.9544,71.5501
26350000,1.3065e-15,2.13828,29.9584,71.6465
26355000,1.27957e-15,1.97388,29.9189,71.5429
26360000,1.25319e-15,1.89648,29.8784,71.619
26365000,1.22735e-15,1.75067,29.9115,71.5527
26370000,1.20204e-15,2.13828,29.9129,71.6365
26375000,1.17726e-15,1.97388,29.9189,71.5882
26380000,1.15299e-15,1.89648,29.928,71.5159
26385000,1.12921e-15,1.89648,29.9391,71.4976
26390000,1.10593e-15,2.05443,29.9076,71.5323
26395000,1.08313e-15,1.89648,29.9559,71.5938
26400000,1.0608e-15,1.97388,29.9252,71.4844
26405000,1.03893e-15,1.97388,29.9246,71.6383
26410000,1.01751e-15,1.82212,29.9239,71.6263
26415000,9.96528e-16,1.97388,29.9289,71.5417
26420000,9.75982e-16,1.82212,29.9154,71.5159
26425000,9.55859e-16,1.82212,29.9099,71.5044
26430000,9.36151e-16,1.97388,29.8978,71.5554
26435000,9.1685e-16,1.82212,29.9202,71.5562
26440000,8.97946e-16,2.05443,29.9595,71.6152
26445000,8.79433e-16,1.89648,29.9132,71.5292
26450000,8.61301e-16,1.89648,29.9291,71.5443
26455000,8.43543e-16,1.82212,29.9334,71.48
26460000,8.26151e-16,1.82212,29.9235,71.5854
26465000,8.09117e-16,1.82212,29.9523,71.6066
26470000,7.92435e-16,1.89648,29.936,71.537
26475000,7.76097e-16,1.89648,29.9487,71.5215
26480000,7.60095e-16,1.82212,29.8954,71.4092
26485000,7.44424e-16,1.82212,29.9629,71.4682
26490000,7.29075e-16,1.89648,29.9231,71.5136
26495000,7.14043e-16,1.97388,29.9046,71.4853
26500000,6.99321e-16,1.89648,29.9463,71.5078
26505000,6.84903e-16,1.82212,29.8807,71.4379
26510000,6.70782e-16,1.89648,29.9515,71.5137
26515000,6.56952e-16,1.75067,29.9263,71.4256
26520000,6.43407e-16,1.82212,29.9358,71.4253
26525000,6.30141e-16,1.97388,29.9359,71.5048
26530000,6.17149e-16,1.68203,29.953,71.4904
26535000,6.04425e-16,1.89648,29.9579,71.511
26540000,5.91963e-16,1.82212,29.9637,71.4407
26545000,5.79758e-16,1.82212,29.9469,71.4255
26550000,5.67804e-16,1.82212,29.9346,71.4592
26555000,5.56098e-16,1.75067,29.9541,71.4264
26560000,5.44632e-16,1.82212,29.9171,71.4828
26565000,5.33403e-16,1.89648,29.927,71.4246
26570000,5.22405e-16,1.68203,29.9076,71.401
26575000,5.11634e-16,1.82212,29.9353,71.3662
26580000,5.01086e-16,1.75067,29.9056,71.3961
26585000,4.90754e-16,1.75067,29.9004,71.368
26590000,4.80636e-16,1.89648,29.9374,71.4503
26595000,4.70726e-16,1.89648,29.9283,71.3459
26600000,4.61021e-16,1.68203,29.9412,71.5206
26605000,4.51516e-16,1.97388,29.9305,71.4378
26610000,4.42207e-16,1.97388,29.9332,71.4371
26615000,4.33089e-16,1.82212,29.9315,71.4506
26620000,4.2416e-16,1.75067,29.9408,71.4529
26625000,4.15415e-16,1.97388,29.9296,71.4357
26630000,4.0685e-16,1.89648,29.9212,71.4535
26635000,3.98461e-16,1.75067,29.9227,71.4268
26640000,3.90246e-16,1.89648,29.915,71.3628
26645000,3.822e-16,1.75067,29.9169,71.4283
26650000,3.7432e-16,1.68203,29.9235,71.4936
26655000,3.66602e-16,1.89648,29.9131,71.3096
26660000,3.59044e-16,1.89648,29.9278,71.3994
26665000,3.51641e-16,1.82212,29.9512,71.3179
26670000,3.44391e-16,1.68203,29.9268,71.4302
26675000,3.3729e-16,1.75067,29.9324,71.2856
26680000,3.30336e-16,1.75067,29.9144,71.3681
26685000,3.23525e-16,1.75067,29.9418,71.3496
26690000,3.16855e-16,1.82212,29.9085,71.3003
26695000,3.10322e-16,1.82212,29.9133,71.3238
26700000,3.03924e-16,1.82212,29.9256,71.3382
26705000,2.97658e-16,1.82212,29.9566,71.3971
26710000,2.91521e-16,1.75067,29.9128,71.2985
26715000,2.8551e-16,1.75067,29.9257,71.3527
26720000,2.79623e-16,1.89648,29.955,71.2949
26725000,2.73858e-16,1.75067,29.9397,71.3065
26730000,2.68212e-16,1.68203,29.9258,71.4086
26735000,2.62682e-16,1.68203,29.9306,71.2925
26740000,2.57266e-16,1.89648,29.916,71.3553
26745000,2.51962e-16,1.75067,29.952,71.2531
26750000,2.46767e-16,1.75067,29.9675,71.3434
26755000,2.41679e-16,1.89648,29.9327,71.3707
26760000,2.36696e-16,1.82212,29.9237,71.3765
26765000,2.31816e-16,1.89648,29.9139,71.2798
26770000,2.27036e-16,1.68203,29.9309,71.1942
26775000,2.22355e-16,1.89648,29.9697,71.2271
26780000,2.17771e-16,1.82212,29.9009,71.2226
26785000,2.13281e-16,1.75067,29.9635,71.1744
26790000,2.08884e-16,1.75067,29.924,71.3133
26795000,2.04577e-16,1.89648,29.9474,71.2811
26800000,2.00359e-16,1.82212,29.8781,71.1913
26805000,1.96228e-16,1.75067,29.9465,71.2783
26810000,1.92182e-16,1.82212,29.9289,71.3069
26815000,1.8822e-16,1.89648,29.9412,71.2062
26820000,1.84339e-16,1.82212,29.9247,71.3113
26825000,1.80538e-16,1.75067,29.9192,71.1404
26830000,1.76816e-16,1.61607,29.953,71.2675
26835000,1.73171e-16,1.82212,29.9623,71.2251
26840000,1.696e-16,1.75067,29.9492,71.2362
26845000,1.66103e-16,1.82212,29.9516,71.3016
26850000,1.62679e-16,1.82212,29.9702,71.3061
26855000,1.59325e-16,1.89648,29.9308,71.2157
26860000,1.5604e-16,1.75067,29.9928,71.2995
26865000,1.52822e-16,1.75067,29.9331,71.1645
26870000,1.49672e-16,1.75067,29.9511,71.2311
26875000,1.46586e-16,1.75067,29.9072,71.1042
26880000,1.43563e-16,1.82212,29.9281,71.2973
26885000,1.40603e-16,1.61607,29.9704,71.1768
26890000,1.37705e-16,1.97388,29.9339,71.1983
26895000,1.34865e-16,1.82212,29.9792,71.1827
26900000,1.32085e-16,1.75067,29.9405,71.1809
26905000,1.29361e-16,1.75067,29.9224,71.2632
26910000,1.26694e-16,1.68203,29.9155,71.1648
26915000,1.24082e-16,1.75067,29.9489,71.3164
26920000,1.21524e-16,1.68203,29.935,71.1756
26925000,1.19018e-16,1.97388,29.9417,71.0839
26930000,1.16564e-16,1.75067,29.9305,71.1401
26935000,1.14161e-16,1.82212,29.9415,71.1811
26940000,1.11807e-16,1.82212,29.9414,71.0325
26945000,1.09502e-16,1.75067,29.9626,71.2191
26950000,1.07244e-16,1.68203,29.925,71.1825
26955000,1.05033e-16,1.97388,29.9047,71.1701
26960000,1.02868e-16,1.82212,29.9142,71.2
26965000,1.00747e-16,1.68203,29.9457,71.0876
26970000,9.86696e-17,1.61607,29.9224,71.151
26975000,9.66353e-17,1.68203,29.9545,71.2027
26980000,9.46429e-17,1.68203,29.978,71.1611
26985000,9.26915e-17,1.82212,29.9291,71.1804
26990000,9.07804e-17,1.75067,29.9299,71.1004
26995000,8.89087e-17,1.75067,29.9569,71.1083
27000000,8.70756e-17,1.55271,29.9694,71.1009
27005000,8.52803e-17,1.68203,29.9689,71.2005
27010000,8.3522e-17,1.82212,29.9258,71.1745
27015000,8.18e-17,1.68203,29.9388,71.0913
27020000,8.01134e-17,1.68203,29.9253,71.184
27025000,7.84617e-17,1.75067,29.9383,71.033
27030000,7.6844e-17,1.75067,29.9296,71.1454
27035000,7.52596e-17,1.75067,29.9391,71.0829
27040000,7.37079e-17,1.75067,29.9511,71.0283
27045000,7.21882e-17,1.82212,29.956,71.0524
27050000,7.06999e-17,1.61607,29.9517,71.0607
27055000,6.92422e-17,1.68203,29.9478,71.0777
27060000,6.78146e-17,1.68203,29.9295,71.0225
27065000,6.64164e-17,1.68203,29.9517,71.0825
27070000,6.5047e-17,1.55271,29.9654,71.0969
27075000,6.37059e-17,1.82212,29.9501,71.0981
27080000,6.23924e-17,1.82212,29.9196,71.0261
27085000,6.1106e-17,1.68203,29.9627,71.0906
27090000,5.98461e-17,1.61607,29.9088,71.0196
27095000,5.86123e-17,1.55271,29.9344,71.1219
27100000,5.74038e-17,1.61607,29.933,71.0474
27105000,5.62203e-17,1.68203,29.9334,71.0524
27110000,5.50611e-17,1.82212,29.96,71.0551
27115000,5.39259e-17,1.75067,29.9475,70.9501
27120000,5.2814e-17,1.68203,29.9683,71.0993
27125000,5.17251e-17,1.55271,29.9594,71.1087
27130000,5.06587e-17,1.75067,29.9697,70.9813
27135000,4.96142e-17,1.68203,29.9728,71.0684
27140000,4.85913e-17,1.82212,29.951,71.0532
27145000,4.75894e-17,1.68203,29.9456,71.0621
27150000,4.66082e-17,1.75067,29.9583,71.0224
27155000,4.56473e-17,1.61607,29.9309,71.0492
27160000,4.47061e-17,1.61607,29.9556,71.0829
27165000,4.37844e-17,1.68203,29.9904,71.0138
27170000,4.28816e-17,1.75067,29.928,71.1024
27175000,4.19975e-17,1.68203,29.9397,71.0081
27180000,4.11316e-17,1.68203,29.9463,70.9927
27185000,4.02836e-17,1.55271,29.9575,70.958
27190000,3.9453e-17,1.55271,29.9658,71.0732
27195000,3.86396e-17,1.68203,29.9448,71.0461
27200000,3.78429e-17,1.55271,29.964,71.0076
27205000,3.70627e-17,1.75067,29.9464,70.9702
27210000,3.62985e-17,1.82212,29.9585,70.9794
27215000,3.55501e-17,1.55271,29.9401,70.9802
27220000,3.48172e-17,1.68203,29.9469,70.9989
27225000,3.40993e-17,1.61607,29.9439,70.9874
27230000,3.33963e-17,1.55271,29.9435,70.9807
27235000,3.27077e-17,1.61607,29.9716,71.0393
27240000,3.20333e-17,1.68203,29.9659,70.9787
27245000,3.13729e-17,1.68203,29.9774,70.8636
27250000,3.0726e-17,1.68203,29.9631,70.9719
27255000,3.00925e-17,1.82212,29.9552,70.8407
27260000,2.94721e-17,1.68203,29.938,70.8876
27265000,2.88644e-17,1.49182,29.9528,70.9427
27270000,2.82693e-17,1.55271,29.9397,70.913
27275000,2.76865e-17,1.68203,29.9533,70.9546
27280000,2.71156e-17,1.61607,29.9922,70.959
27285000,2.65566e-17,1.55271,29.97,70.9582
27290000,2.6009e-17,1.61607,29.9176,70.9445
27295000,2.54728e-17,1.61607,29.9516,70.8592
27300000,2.49476e-17,1.68203,29.9373,70.9882
27305000,2.44332e-17,1.49182,29.9507,70.9313
27310000,2.39295e-17,1.68203,29.9595,70.881
27315000,2.34361e-17,1.55271,29.9313,70.8358
27320000,2.29529e-17,1.55271,29.9682,70.9222
27325000,2.24796e-17,1.68203,29.9458,70.8465
27330000,2.20162e-17,1.61607,29.969,70.9069
27335000,2.15622e-17,1.61607,29.996,70.9191
27340000,2.11177e-17,1.75067,29.9348,70.8809
27345000,2.06823e-17,1.61607,29.9597,70.7913
27350000,2.02559e-17,1.49182,29.9669,70.8194
27355000,1.98382e-17,1.55271,29.9679,70.8906
27360000,1.94292e-17,1.75067,29.951,70.8386
27365000,1.90286e-17,1.75067,29.9513,70.857
27370000,1.86363e-17,1.75067,29.9586,70.9245
27375000,1.8252e-17,1.61607,29.9537,70.8491
27380000,1.78757e-17,1.68203,29.9613,70.8846
27385000,1.75072e-17,1.55271,29.9738,70.7914
27390000,1.71462e-17,1.61607,29.9649,70.8157
27395000,1.67927e-17,1.55271,29.9719,70.9285
27400000,1.64465e-17,1.68203,29.9425,70.8897
27405000,1.61074e-17,1.68203,29.9066,70.8346
27410000,1.57753e-17,1.61607,29.9589,70.7579
27415000,1.545e-17,1.55271,29.9645,70.7378
27420000,1.51315e-17,1.55271,29.973,70.8091
27425000,1.48195e-17,1.55271,29.9431,70.8119
27430000,1.4514e-17,1.68203,29.9476,70.7575
27435000,1.42147e-17,1.55271,29.9783,70.7244
27440000,1.39216e-17,1.61607,29.9641,70.8947
27445000,1.36346e-17,1.55271,29.9475,70.8832
27450000,1.33535e-17,1.55271,29.9542,70.7998
27455000,1.30782e-17,1.61607,29.9815,70.7557
27460000,1.28085e-17,1.55271,29.9679,70.7523
27465000,1.25444e-17,1.55271,29.9534,70.7825
27470000,1.22858e-17,1.61607,30.0067,70.8037
27475000,1.20325e-17,1.49182,29.9633,70.7503
27480000,1.17844e-17,1.55271,29.9758,70.7303
27485000,1.15414e-17,1.61607,30.0002,70.7893
27490000,1.13035e-17,1.49182,29.977,70.8562
27495000,1.10704e-17,1.55271,29.9808,70.7567
27500000,1.08422e-17,1.68203,30.0022,70.8234
27505000,1.06186e-17,1.55271,29.9578,70.7549
27510000,1.03997e-17,1.68203,29.9556,70.7652
27515000,1.01853e-17,1.61607,29.9609,70.7572
27520000,9.97528e-18,1.61607,29.9778,70.8421
27525000,9.76962e-18,1.61607,29.9968,70.7905
27530000,9.56819e-18,1.61607,29.9493,70.6955
27535000,9.37091e-18,1.49182,29.9602,70.7046
27540000,9.1777e-18,1.49182,29.9757,70.822
27545000,8.98848e-18,1.55271,29.972,70.7683
27550000,8.80316e-18,1.61607,29.9612,70.6246
27555000,8.62166e-18,1.43333,29.9517,70.6677
27560000,8.4439e-18,1.55271,29.9714,70.7968
27565000,8.2698e-18,1.75067,29.9774,70.7317
27570000,8.0993e-18,1.43333,29.9967,70.6977
27575000,7.93231e-18,1.68203,29.9352,70.6515
27580000,7.76876e-18,1.61607,29.9615,70.6231
27585000,7.60858e-18,1.68203,29.9509,70.7612
27590000,7.45171e-18,1.61607,29.9639,70.605
27595000,7.29807e-18,1.43333,29.9618,70.7437
27600000,7.1476e-18,1.61607,29.9901,70.7307
27605000,7.00024e-18,1.55271,29.9845,70.6532
27610000,6.85591e-18,1.49182,29.9285,70.6285
27615000,6.71455e-18,1.55271,29.9439,70.6292
27620000,6.57611e-18,1.61607,29.9689,70.7018
27625000,6.44053e-18,1.68203,29.9969,70.5885
27630000,6.30774e-18,1.43333,29.9922,70.7188
27635000,6.17769e-18,1.68203,29.9577,70.6713
27640000,6.05032e-18,1.68203,29.9958,70.6067
27645000,5.92557e-18,1.55271,30.0235,70.6564
27650000,5.8034e-18,1.55271,29.9836,70.5488
27655000,5.68375e-18,1.55271,29.9569,70.7167
27660000,5.56656e-18,1.55271,29.9672,70.6689
27665000,5.45179e-18,1.37713,29.9961,70.7506
27670000,5.33938e-18,1.61607,29.9745,70.5164
27675000,5.2293e-18,1.61607,29.9762,70.666
27680000,5.12148e-18,1.49182,29.984,70.6547
27685000,5.01589e-18,1.49182,29.9919,70.6152
27690000,4.91247e-18,1.43333,30.0009,70.5883
27695000,4.81119e-18,1.55271,29.9652,70.6495
27700000,4.71199e-18,1.55271,29.9547,70.682
27705000,4.61484e-18,1.43333,29.9862,70.6694
27710000,4.51969e-18,1.55271,29.9509,70.6534
27715000,4.42651e-18,1.68203,29.9924,70.6028
27720000,4.33524e-18,1.49182,29.9579,70.6117
27725000,4.24586e-18,1.68203,29.9998,70.5764
27730000,4.15832e-18,1.43333,30.0003,70.7316
27735000,4.07258e-18,1.49182,29.9545,70.7071
27740000,3.98861e-18,1.55271,29.9551,70.6413
27745000,3.90638e-18,1.55271,29.973,70.6744
27750000,3.82584e-18,1.49182,29.9645,70.5854
27755000,3.74696e-18,1.37713,29.9501,70.4818
27760000,3.6697e-18,1.55271,30.012,70.5438
27765000,3.59404e-18,1.68203,29.9599,70.546
27770000,3.51994e-18,1.49182,30.0148,70.6157
27775000,3.44737e-18,1.55271,30.0076,70.493
27780000,3.37629e-18,1.75067,29.9822,70.6177
27785000,3.30668e-18,1.61607,29.9804,70.6202
27790000,3.2385e-18,1.49182,29.9568,70.5568
27795000,3.17173e-18,1.43333,29.9933,70.6039
27800000,3.10634e-18,1.49182,30.0041,70.6421
27805000,3.04229e-18,1.55271,30.0025,70.5453
27810000,2.97956e-18,1.55271,29.9996,70.5274
27815000,2.91813e-18,1.55271,30.0066,70.5478
27820000,2.85797e-18,1.43333,29.9506,70.4786
27825000,2.79904e-18,1.55271,29.9694,70.5585
27830000,2.74133e-18,1.43333,29.9457,70.5794
27835000,2.68481e-18,1.68203,29.9986,70.4543
27840000,2.62946e-18,1.49182,29.9726,70.5504
27845000,2.57524e-18,1.49182,29.9974,70.4822
27850000,2.52215e-18,1.43333,29.9488,70.4432
27855000,2.47015e-18,1.49182,29.9758,70.5877
27860000,2.41922e-18,1.55271,29.9969,70.5203
27865000,2.36934e-18,1.61607,29.9946,70.5681
27870000,2.32049e-18,1.68203,29.9912,70.4716
27875000,2.27264e-18,1.61607,29.9699,70.4515
27880000,2.22579e-18,1.49182,29.9843,70.5328
27885000,2.1799e-18,1.55271,30.0172,70.5146
27890000,2.13495e-18,1.55271,29.9836,70.4688
27895000,2.09093e-18,1.55271,29.9833,70.4462
27900000,2.04782e-18,1.55271,29.9873,70.4516
27905000,2.0056e-18,1.43333,29.9807,70.466
27910000,1.96425e-18,1.37713,29.9786,70.4228
27915000,1.92375e-18,1.68203,29.9819,70.4622
27920000,1.88409e-18,1.55271,29.9983,70.4277
27925000,1.84524e-18,1.49182,30.0083,70.4365
27930000,1.8072e-18,1.49182,29.9841,70.3809
27935000,1.76994e-18,1.43333,29.9792,70.4085
27940000,1.73344e-18,1.37713,29.9458,70.524
27945000,1.6977e-18,1.43333,29.9643,70.4672
27950000,1.6627e-18,1.61607,29.9797,70.5008
27955000,1.62842e-18,1.55271,30.0059,70.3735
27960000,1.59485e-18,1.43333,29.9777,70.4224
27965000,1.56196e-18,1.37713,29.9584,70.4395
27970000,1.52976e-18,1.32313,29.982,70.4367
27975000,1.49822e-18,1.43333,29.9883,70.4786
27980000,1.46733e-18,1.43333,29.9837,70.4632
27985000,1.43708e-18,1.55271,29.9827,70.5094
27990000,1.40745e-18,1.49182,29.9938,70.4376
27995000,1.37843e-18,1.37713,29.9907,70.4187
28000000,1.35001e-18,1.43333,29.9838,70.3858
28005000,1.32217e-18,1.43333,29.9914,70.4202
28010000,1.29491e-18,1.49182,29.9587,70.35
28015000,1.26822e-18,1.32313,29.9865,70.277
28020000,1.24207e-18,1.55271,29.9814,70.3147
28025000,1.21646e-18,1.55271,29.9683,70.3529
28030000,1.19138e-18,1.43333,29.9808,70.3644
28035000,1.16681e-18,1.55271,30.0166,70.4816
28040000,1.14276e-18,1.43333,30.0082,70.4176
28045000,1.1192e-18,1.49182,29.9752,70.2809
28050000,1.09612e-18,1.55271,29.9914,70.4564
28055000,1.07352e-18,1.55271,29.9668,70.3481
28060000,1.05139e-18,1.49182,29.9714,70.4285
28065000,1.02971e-18,1.61607,29.9621,70.2614
28070000,1.00848e-18,1.37713,29.9804,70.3621
28075000,9.87687e-19,1.43333,29.9777,70.2665
28080000,9.67323e-19,1.49182,30.0046,70.3223
28085000,9.47379e-19,1.37713,29.9643,70.3091
28090000,9.27846e-19,1.32313,30.0034,70.4136
28095000,9.08716e-19,1.37713,29.9932,70.3436
28100000,8.8998e-19,1.32313,29.9998,70.3384
28105000,8.71631e-19,1.37713,29.9986,70.323
28110000,8.53659e-19,1.49182,29.9792,70.4052
28115000,8.36059e-19,1.49182,29.9781,70.3265
28120000,8.18821e-19,1.49182,30.0181,70.31
28125000,8.01939e-19,1.27125,29.9549,70.3508
28130000,7.85405e-19,1.61607,29.9979,70.238
28305000,4566.98,10,29.9766,70.2605
28310000,4233,9.98553,30.0242,70.257
28315000,3923.49,9.37386,29.9926,70.1696
28320000,3636.65,8.80367,30.042,70.1014
28325000,3370.84,8.48398,30.0065,70.1926
28330000,3124.5,7.97987,29.9636,70.1285
28335000,2896.2,7.50939,30.0241,70.2138
28340000,2684.63,7.23225,30.0063,70.1239
28345000,2488.56,6.76174,30.0102,70.1887
28350000,2306.85,6.48052,29.9879,70.1606
28355000,2138.44,6.28327,29.9705,70.1148
28360000,1982.37,6.05379,30.0161,70.0876
28365000,1837.73,5.60789,30.0288,70.2196
28370000,1703.69,5.41236,30.0072,70.1439
28375000,1579.45,4.96595,30.044,70.2481
28380000,1464.31,4.95941,29.9914,70.22
28385000,1357.61,4.59372,30.0025,70.0461
28390000,1258.71,4.4558,30.0044,70.1548
28395000,1167.05,4.389,29.9977,70.1195
28400000,1082.1,4.11369,30.0374,70.1466
28405000,1003.36,4.12833,30.0291,70.1166
28410000,930.391,4.0454,29.976,70.1156
28415000,862.757,3.68154,29.9826,70.1131
28420000,800.069,3.7248,30.0505,70.0812
28425000,741.967,3.387,29.9861,70.0402
28430000,688.114,3.4395,30.0147,70.1262
28435000,638.198,3.17494,29.9965,70.0028
28440000,591.932,3.29962,29.9987,70.1365
28445000,549.047,3.04117,30.0132,70.0506
28450000,509.296,3.06731,29.9668,70.0185
28455000,472.45,2.98855,29.9913,70.0856
28460000,438.295,2.97321,30.0088,69.9879
28465000,406.635,2.78927,30.0449,70.0539
28470000,377.286,2.67029,30.0218,70.106
28475000,350.08,2.66327,29.9834,70.0345
28480000,324.859,2.55196,30.0112,69.9793
28485000,301.479,2.66678,29.9892,69.9703
28490000,279.804,2.39553,30.025,69.9807
28495000,259.709,2.34784,30.0141,70.035
28500000,241.08,2.25309,30.019,69.9928
28505000,223.808,2.21077,29.9858,70.012
28510000,207.794,2.22072,30.0096,70.0339
28515000,192.946,2.23495,30.0103,70.0372
28520000,179.179,2.19941,30.0014,70.0834
28525000,166.413,2.16582,29.9913,70.1089
28530000,154.576,2.08218,30.0133,70.1083
28535000,143.6,2.05214,30.0063,69.9946
28540000,133.421,2.12957,30.0351,70.052
28545000,123.981,2.04861,30.0009,69.9266
28550000,115.226,2.13325,29.9835,70.0032
28555000,107.106,1.94691,29.9961,70.0156
28560000,99.5753,2.08596,30.036,69.9016
28565000,92.5898,1.90198,30.0055,70.0321
28570000,86.1101,1.93304,30.0376,69.9567
28575000,80.0991,1.81149,30.0097,70.0145
28580000,74.5227,2.00454,29.9922,69.9347
28585000,69.349,1.98654,30.0455,69.929
28590000,64.5487,1.80729,30.0389,69.9689
28595000,60.0946,1.89677,30.0065,69.9602
28600000,55.9613,1.8811,30.0301,69.9335
28605000,52.1255,1.81213,30.0115,70.0338
28610000,48.5654,1.69607,30.0003,69.9603
28615000,45.261,1.73219,30.022,70.0236
28620000,42.1936,1.66918,30.0131,69.9531
28625000,39.346,1.7583,30.0142,69.9668
28630000,36.7021,1.69431,30.0019,69.989
28635000,34.2471,1.78856,30.0019,69.9346
28640000,31.9672,1.6715,30.0357,69.9914
28645000,29.8498,1.76664,30.0134,70.0198
28650000,27.8829,1.55268,30.033,69.92
28655000,26.0557,1.64045,29.9761,69.91
28660000,24.358,1.63086,30.0091,69.9354
28665000,22.7804,1.67348,30.0218,69.8894
28670000,21.3142,1.77475,30.0375,69.8206
28675000,19.9513,1.4603,30.0432,69.9087
28680000,18.6843,1.64761,30.0101,69.9099
28685000,17.506,1.74976,29.99,69.9142
28690000,16.4103,1.63178,30.0148,69.912
28695000,15.391,1.57237,30.0184,69.8281
28700000,14.4427,1.67096,30.007,69.9601
28705000,13.5601,1.55803,30.0412,69.8196
28710000,12.7387,1.65707,30.0398,69.8078
28715000,11.9739,1.49471,30.0232,69.8342
28720000,11.2617,1.644,30.0306,69.8225
28725000,10.5984,1.53188,30.0135,69.8472
28730000,9.98029,1.57771,30.0004,69.9303
28735000,9.40425,1.42221,30.0475,69.8437
28740000,8.86724,1.56611,30.0206,69.8627
28745000,8.36647,1.50868,30.0397,69.8347
28750000,7.89933,1.55516,29.9825,69.8905
28755000,7.46344,1.54991,30.0539,69.8163
28760000,7.05655,1.5448,30.0239,69.88
28765000,6.6766,1.65003,30.0349,69.8028
28770000,6.32168,1.33935,30.0102,69.8206
28775000,5.99001,1.47839,30.0204,69.8155
28780000,5.67994,1.42396,30.0252,69.797
28785000,5.38994,1.52121,29.9994,69.8547
28790000,5.11861,1.46497,30.0174,69.9536
28795000,4.86461,1.46073,30.0241,69.8438
28800000,4.62674,1.45658,30.0426,69.9041
28805000,4.40386,1.50443,29.9946,69.7423
28810000,4.19492,1.4486,30.0414,69.7366
28815000,3.99896,1.44476,30.0348,69.7756
28820000,3.81506,1.44101,30.022,69.7982
28825000,3.6424,1.48923,30.0305,69.7766
28830000,3.48018,1.38393,30.0331,69.8314
28835000,3.3277,1.43029,30.059,69.7069
28840000,3.18429,1.47876,30.0547,69.8089
28845000,3.04931,1.42355,30.0062,69.7668
28850000,2.92221,1.4203,30.0004,69.7587
28855000,2.80243,1.36728,30.0515,69.7943
28860000,2.68949,1.41403,30,69.7779
28865000,2.58292,1.46287,30.0375,69.8015
28870000,2.4823,1.35819,30.0538,69.7667
28875000,2.38722,1.40514,30.0171,69.7268
28880000,2.29733,1.35246,29.9864,69.8195
28885000,2.21227,1.34969,30.0386,69.7274
28890000,2.13173,1.39683,30.0178,69.766
28895000,2.05541,1.50007,30.0567,69.7284
28900000,1.98304,1.44348,30.003,69.6918
28905000,1.91436,1.44096,30.0143,69.8133
28910000,1.84913,1.3866,30.0294,69.7146
28915000,1.78714,1.38418,30.0594,69.7417
28920000,1.72817,1.4337,30.0248,69.6765
28925000,1.67205,1.32966,30.0438,69.7614
28930000,1.61858,1.37724,30.0289,69.7553
28935000,1.56761,1.4269,30.0533,69.7799
28940000,1.51898,1.37285,30.0397,69.6262
28945000,1.47255,1.32089,29.9822,69.7219
28950000,1.42818,1.36866,30.0594,69.6856
28955000,1.38576,1.36663,29.9998,69.7402
28960000,1.34516,1.41652,30.0386,69.6777
28965000,1.30628,1.26496,29.9731,69.6713
28970000,1.26902,1.36079,30.0088,69.7251
28975000,1.23329,1.35893,30.0428,69.7152
28980000,1.19899,1.16915,30.0505,69.6249
28985000,1.16605,1.35532,30.016,69.6689
28990000,1.13439,1.20982,30.0531,69.706
28995000,1.10395,1.30202,30.0658,69.654
29000000,1.07465,1.51227,30.0201,69.6785
29005000,1.04643,1.25082,30.0154,69.6738
29010000,1.01924,1.39883,30.0321,69.6701
29015000,0.993023,1.29554,30.0579,69.5999
29020000,0.967727,1.24611,30.0157,69.7627
29025000,0.943306,1.34234,30.0169,69.6144
29030000,0.919716,1.34087,30.0105,69.6774
29035000,0.896916,1.19567,30.0274,69.6258
29040000,0.874868,1.33801,30.0222,69.6578
29045000,0.853535,1.23889,30.0266,69.6861
29050000,0.832884,1.28543,30.0191,69.6479
29055000,0.812882,1.28411,30.045,69.6551
29060000,0.7935,1.38454,30.0363,69.6715
29065000,0.77471,1.28154,30.0452,69.6465
29070000,0.756486,1.2324,30.0329,69.708
29075000,0.738802,1.32893,30.0217,69.6974
29080000,0.721636,1.22999,30.0295,69.727
29085000,0.704966,1.27672,30.0258,69.6457
29090000,0.688771,1.27558,30.029,69.6327
29095000,0.673031,1.3243,30.045,69.6854
29100000,0.657729,1.22547,30.0598,69.6869
29105000,0.642847,1.37401,30.0404,69.554
29110000,0.628368,1.27123,30.039,69.6407
29115000,0.614278,1.22231,30.0668,69.5703
29120000,0.600562,1.22131,30.0312,69.5929
29125000,0.587205,1.22032,30.0528,69.5661
29130000,0.574196,1.26724,30.0402,69.5845
29135000,0.56152,1.31614,30.0372,69.5315
29140000,0.549168,1.21748,30.0396,69.5803
29145000,0.537127,1.21657,30.0315,69.5652
29150000,0.525387,1.31342,30.0339,69.4207
29155000,0.513938,1.31255,30.0504,69.5405
29160000,0.50277,1.36358,30.0518,69.6239
29165000,0.491874,1.26102,30.0929,69.5959
29170000,0.481242,1.2602,30.0959,69.5605
29175000,0.470865,1.2594,30.0421,69.4993
29180000,0.460735,1.1205,30.0579,69.4546
29185000,0.450845,1.25785,30.0492,69.5473
29190000,0.441187,1.2092,30.0423,69.5993
29195000,0.431756,1.20847,30.0147,69.5102
29200000,0.422543,1.35736,30.0597,69.4344
29205000,0.413543,1.16102,30.0429,69.5459
29210000,0.40475,1.11612,30.0766,69.5036
29215000,0.396157,1.20567,30.0115,69.5922
29220000,0.38776,1.15899,30.0657,69.5399
29225000,0.379553,1.20436,30.0399,69.5782
29230000,0.371531,1.15771,30.0659,69.5765
29235000,0.363688,1.15708,30.0765,69.4737
29240000,0.356021,1.20249,30.0313,69.4945
29245000,0.348524,1.20189,30.0547,69.5048
29250000,0.341193,1.24919,30.0622,69.4632
29255000,0.334024,1.20073,30.0051,69.4737
29260000,0.327012,1.20017,30.0404,69.5383
29265000,0.320154,1.1536,30.017,69.4387
29270000,0.313446,1.19908,30.0565,69.5283
29275000,0.306885,1.34817,30.0415,69.4463
29280000,0.300465,1.06534,30.0379,69.4049
29285000,0.294185,1.10731,30.0603,69.4935
29290000,0.288041,1.19703,30.042,69.4338
29295000,0.282029,1.29429,30.0491,69.5179
29300000,0.276146,1.15006,30.0626,69.3946
29305000,0.27039,1.19561,30.0173,69.4673
29310000,0.264757,1.10493,30.0827,69.451
29315000,0.259244,1.19471,30.0404,69.5205
29320000,0.253849,1.10405,30.0317,69.5308
29325000,0.248569,1.14783,30.0761,69.5046
29330000,0.243401,1.01991,30.0308,69.423
29335000,0.238343,1.147,30.0103,69.4238
29340000,0.233392,1.2405,30.0757,69.4045
29345000,0.228546,1.19222,30.0827,69.4186
29350000,0.223802,1.23972,30.0494,69.4827
29355000,0.219159,1.28919,30.0225,69.4184
29360000,0.214613,1.19108,30.0598,69.3907
29365000,0.210163,1.14471,30.0782,69.4897
29370000,0.205806,1.23826,30.0644,69.428
29375000,0.201542,1.28776,30.0155,69.4112
29380000,0.197366,1.18968,30.0311,69.3506
29385000,0.193278,1.14333,30.0359,69.4469
29390000,0.189276,1.23691,30.0521,69.3699
29395000,0.185358,1.28644,30.0633,69.383
29400000,0.181521,1.09816,30.0573,69.3835
29405000,0.177765,1.18808,30.0656,69.2983
29410000,0.174087,1.14176,30.0272,69.3538
29415000,0.170486,1.28522,30.0403,69.3722
29420000,0.16696,1.14118,30.0628,69.4463
29425000,0.163508,1.23481,30.0346,69.4189
29430000,0.160127,1.23453,30.0893,69.4159
29435000,0.156817,1.05367,30.0799,69.3778
29440000,0.153576,1.14009,30.1051,69.3392
29445000,0.150402,1.18584,30.0855,69.4048
29450000,0.147294,1.05289,30.0355,69.3841
29455000,0.144251,1.18534,30.0632,69.256
29460000,0.141271,1.09487,30.0456,69.2883
29465000,0.138353,1.18486,30.0792,69.3493
29470000,0.135495,1.28236,30.076,69.356
29475000,0.132697,1.01088,30.0549,69.3524
29480000,0.129956,1.13815,30.0449,69.2253
29485000,0.127273,1.23184,30.0838,69.3226
29490000,0.124645,1.28147,30.0516,69.3407
29495000,0.122072,1.13751,30.0765,69.2987
29500000,0.119552,1.18332,30.0473,69.3217
29505000,0.117084,1.18311,30.0583,69.4006
29510000,0.114667,1.28065,30.0798,69.2563
29515000,0.1123,1.13671,30.0777,69.2555
29520000,0.109982,1.18253,30.0803,69.2267
29525000,0.107713,1.23024,30.0746,69.3229
29530000,0.10549,1.18216,30.087,69.2198
29535000,0.103313,1.13597,30.0473,69.2582
29540000,0.101181,1.04911,30.0703,69.2566
29545000,0.0990934,1.22953,30.079,69.3094
29550000,0.0970488,1.13546,30.0611,69.3476
29555000,0.0950464,1.13529,30.0367,69.2296
29560000,0.0930855,1.22904,30.0541,69.2952
29565000,0.0911651,1.04829,30.0553,69.264
29570000,0.0892843,1.18084,30.0823,69.2539
29575000,0.0874425,1.18068,30.0728,69.3145
29580000,0.0856386,1.09031,30.0834,69.2408
29585000,0.0838721,1.09017,30.0771,69.2543
29590000,0.082142,1.22814,30.0718,69.2189
29595000,0.0804476,1.08989,30.0765,69.2024
29600000,0.0787883,1.17997,30.0533,69.2163
29605000,0.0771632,1.04714,30.046,69.2926
29610000,0.0755717,1.08949,30.0667,69.1531
29615000,0.074013,1.13357,30.085,69.1619
29620000,0.0724865,1.04676,30.053,69.2146
29625000,0.0709915,1.22723,30.0553,69.1303
29630000,0.0695273,1.1332,30.0744,69.1303
29635000,0.0680934,1.1791,30.0381,69.1438
29640000,0.0666891,1.08876,30.0912,69.1912
29645000,0.0653138,1.08865,30.068,69.1671
29650000,0.0639668,1.00525,30.084,69.0989
29655000,0.0626477,1.27639,30.0746,69.0482
29660000,0.0613557,1.08832,30.0591,69.1848
29665000,0.0600904,1.17844,30.0823,69.2742
29670000,0.0588513,1.17834,30.0672,69.2597
29675000,0.0576377,1.08802,30.0272,69.2005
29680000,0.0564491,1.13213,30.0819,69.1786
29685000,0.055285,1.04535,30.0892,69.1256
29690000,0.054145,1.08773,30.0747,69.1425
29695000,0.0530285,1.04516,30.0897,69.2079
29700000,0.051935,1.00426,30.0758,69.1174
29705000,0.0508641,1.27542,30.0484,69.1474
29710000,0.0498152,1.00409,30.0787,69.1019
29715000,0.048788,1.04481,30.0819,69.0941
29720000,0.047782,1.08721,30.0725,69.1279
29725000,0.0467967,1.13134,30.0319,69.0911
29730000,0.0458318,1.04457,30.0761,69.071
29735000,0.0448868,1.13118,30.0732,69.1057
29740000,0.0439612,1.04442,30.0903,69.1271
29745000,0.0430547,1.04434,30.0934,69.1009
29750000,0.042167,1.13096,30.0691,69.2046
29755000,0.0412975,1.0442,30.0631,69.084
29760000,0.040446,1.08661,30.0256,69.2205
29765000,0.039612,1.08654,30.0686,69.0347
29770000,0.0387953,1.04399,30.0596,69.0593
29775000,0.0379953,1.00312,30.1111,69.1272
29780000,0.0372119,0.889974,30.0596,69.0069
29785000,0.0364446,1.08628,30.0839,69.1007
29790000,0.0356932,1.13043,30.0831,69.0747
29795000,0.0349572,1.08616,30.0535,69.1113
29800000,0.0342365,1.0861,30.0812,69.0667
29805000,0.0335306,1.04356,30.0806,69.0994
29810000,0.0328392,1.04351,30.0975,69.0453
29815000,0.0321621,1.08593,30.0643,69.0674
29820000,0.031499,1.00258,30.1068,69.0629
29825000,0.0308495,1.08582,30.11,69.0793
29830000,0.0302134,1.08577,30.0617,69.0343
29835000,0.0295905,1.08572,30.0708,69.0875
29840000,0.0289804,1.04319,30.0848,69.072
29845000,0.0283828,1.08562,30.0472,69.0916
29850000,0.0277976,1.17579,30.0852,69.0513
29855000,0.0272245,1.08552,30.0864,68.9782
29860000,0.0266632,1.12968,30.0129,68.9743
29865000,0.0261134,1.17565,30.0522,68.9914
29870000,0.025575,1.1296,30.0914,69.0354
29875000,0.0250477,1.04287,30.0479,69.0411
29880000,0.0245313,1.04282,30.0821,68.983
29885000,0.0240255,1.00197,30.0916,69.119
29890000,0.0235301,1.04274,30.0722,69.0058
29895000,0.023045,1.08518,30.0458,69.1242
29900000,0.0225698,1.00185,30.0712,68.9791
29905000,0.0221045,1.17532,30.092,69.0414
29910000,0.0216487,1.04259,30.0886,69.0417
29915000,0.0212024,1.12924,30.0525,68.8846
29920000,0.0207652,1.0017,30.0594,69.0549
29925000,0.0203371,1.08496,30.0912,69.1165
29930000,0.0199178,1.22304,30.0945,68.9791
29935000,0.0195071,1.0016,30.0649,68.986
29940000,0.0191049,1.12906,30.0718,68.9643
29945000,0.018711,1.12903,30.0773,69.0036
29950000,0.0183252,1.04231,30.1021,69.017
29955000,0.0179474,1.08476,30.1,68.9797
29960000,0.0175773,1.08473,30.0791,68.9036
29965000,0.0172149,1.17492,30.076,68.9898
29970000,0.01686,1.12888,30.0613,68.9801
29975000,0.0165124,1.12885,30.0944,68.844
29980000,0.0161719,1.04214,30.0854,69.02
29985000,0.0158385,0.924416,30.099,68.9375
29990000,0.0155119,1.22268,30.0983,69.0417
29995000,0.0151921,1.12874,30.0759,68.8882
30000000,0.0148789,1.08451,30.1338,68.8691
30005000,0.0145721,1.08448,30.0955,68.8644
30010000,0.0142717,1.12867,30.0983,68.9067
30015000,0.0139774,1.08443,30.0968,68.9219
30020000,0.0136892,0.961913,30.0905,68.967
30025000,0.013407,1.08439,30.098,68.9228
30030000,0.0131306,1.17459,30.0894,68.8835
30035000,0.0128598,1.00106,30.0853,68.8972
30040000,0.0125947,0.961823,30.0844,68.8258
30045000,0.012335,1.0843,30.1373,68.8908
30050000,0.0120807,0.961781,30.073,68.8834
30055000,0.0118316,1.04178,30.1035,68.8991
30060000,0.0115877,1.00095,30.0866,68.8486
30065000,0.0113488,1.08422,30.0694,68.9391
30070000,0.0111148,1.00091,30.0823,68.9081
30075000,0.0108856,1.12839,30.069,68.9984
30080000,0.0106612,0.961664,30.0821,68.9207
30085000,0.0104414,1.08414,30.1021,68.9104
30090000,0.0102261,1.12834,30.0868,68.899
30095000,0.0100152,1.04163,30.1214,68.8364
30100000,0.00980875,1.0008,30.0776,68.886
30105000,0.00960652,1.0416,30.1001,68.8491
30110000,0.00940845,1.04158,30.0844,68.9746
30115000,0.00921447,1.00076,30.1095,68.755
30120000,0.00902449,1.04155,30.1004,68.8385
30125000,0.00883842,1.04154,30.1258,68.8157
30130000,0.00865619,1.084,30.0936,68.8338
30135000,0.00847772,1.04151,30.1209,68.8535
30140000,0.00830293,1.08397,30.0728,68.9094
30145000,0.00813174,1.12816,30.1127,68.809
30150000,0.00796408,0.92377,30.0921,68.7987
30155000,0.00779988,1.04145,30.0977,68.798
30160000,0.00763906,1.00063,30.1133,68.8494
30165000,0.00748156,0.92373,30.1039,68.8298
30170000,0.00732731,0.961391,30.0731,68.7725
30175000,0.00717623,0.961378,30.1104,68.7545
30180000,0.00702827,1.00058,30.1012,68.8778
30185000,0.00688337,1.00056,30.0652,68.7671
30190000,0.00674145,0.961343,30.0953,68.7892
30195000,0.00660245,1.08383,30.112,68.8271
30200000,0.00646632,1.12803,30.0912,68.8057
30205000,0.006333,1.00052,30.086,68.8154
30210000,0.00620243,1.12801,30.0561,68.8067
30215000,0.00607455,1.04131,30.0843,68.7351
30220000,0.00594931,0.961278,30.0793,68.7679
30225000,0.00582664,1.04129,30.0947,68.7619
30230000,0.00570651,1.08376,30.0862,68.7815
30235000,0.00558886,1.08375,30.0885,68.7435
30240000,0.00547363,1.00045,30.0871,68.7597
30245000,0.00536077,0.923556,30.0997,68.7265
30250000,0.00525024,1.08372,30.1083,68.7708
30255000,0.00514199,1.04123,30.1006,68.801
30260000,0.00503598,1.12791,30.0843,68.7428
30265000,0.00493215,0.961194,30.1161,68.7809
30270000,0.00483046,1.0004,30.102,68.7138
30275000,0.00473086,0.923505,30.107,68.7139
30280000,0.00463332,0.923497,30.1062,68.8493
30285000,0.00453779,1.00037,30.0932,68.6618
30290000,0.00444423,1.04118,30.0812,68.7147
30295000,0.0043526,nan,30.1487,68.6839
30300000,0.00426286,nan,30.0873,68.7752
30305000,0.00417497,nan,30.1223,68.7483
30310000,0.00408889,nan,30.1225,68.66
30315000,0.00400459,nan,30.0848,68.7907
30320000,0.00392202,nan,30.0852,68.7165
30325000,0.00384116,nan,30.1267,68.6789
30330000,0.00376196,nan,30.1165,68.6857
30335000,0.0036844,nan,30.0879,68.6224
30340000,0.00360844,nan,30.1039,68.6348
30345000,0.00353404,nan,30.0921,68.6995
30350000,0.00346117,nan,30.1265,68.7475
30355000,0.00338981,1.00028,30.0919,68.6851
30360000,0.00331992,0.923389,30.1001,68.6395
30365000,0.00325147,1.00027,30.1184,68.6945
30370000,0.00318443,0.923378,30.13,68.6921
30375000,0.00311878,1.00026,30.0888,68.6886
30380000,0.00305447,1.04106,30.1084,68.6603
30385000,0.0029915,1.00025,30.1266,68.6745
30390000,0.00292982,0.96103,30.1071,68.5755
30395000,0.00286941,1.08352,30.1239,68.6493
30400000,0.00281025,1.08352,30.1354,68.5806
30405000,0.00275231,0.961015,30.094,68.638
30410000,0.00269556,0.961011,30.1156,68.635
30415000,0.00263999,0.961006,30.1413,68.6367
30420000,0.00258556,0.923329,30.1299,68.7338
30425000,0.00253225,0.960997,30.1058,68.6479
30430000,0.00248004,0.960993,30.1045,68.6483
30435000,0.00242891,1.04101,30.0872,68.583
30440000,0.00237883,1.0002,30.1079,68.5723
30445000,0.00232978,0.960981,30.1221,68.6718
30450000,0.00228175,1.08347,30.1415,68.6685
30455000,0.0022347,1.04099,30.0797,68.592
30460000,0.00218863,0.960969,30.1144,68.5018
30465000,0.0021435,1.04099,30.1347,68.6668
30470000,0.00209931,1.00017,30.1552,68.6418
30475000,0.00205602,0.818899,30.1258,68.5994
30480000,0.00201363,0.960955,30.1341,68.551
30485000,0.00197212,1.04097,30.0974,68.5245
30490000,0.00193146,0.960948,30.1355,68.5513
30495000,0.00189163,0.887076,30.0939,68.6241
30500000,0.00185263,0.923268,30.0873,68.6402
30505000,0.00181444,0.960938,30.1033,68.6119
30510000,0.00177703,1.00015,30.1449,68.5423
30515000,0.00174039,0.923259,30.1436,68.5408
30520000,0.0017045,0.960929,30.1024,68.5075
30525000,0.00166936,1.04095,30.1459,68.6092
30530000,0.00163494,0.923251,30.1151,68.4921
30535000,0.00160123,1.00013,30.1024,68.5284
30540000,0.00156822,0.923245,30.1582,68.5324
30545000,0.00153589,1.04094,30.1139,68.5298
30550000,0.00150422,1.04093,30.1276,68.5293
30555000,0.00147321,0.96091,30.1185,68.5893
30560000,0.00144283,0.887039,30.1399,68.4724
30565000,0.00141308,0.960905,30.1128,68.5062
30570000,0.00138395,0.92323,30.1428,68.4785
30575000,0.00135541,0.960901,30.1334,68.517
30580000,0.00132747,0.960898,30.1207,68.5162
30585000,0.0013001,1.04092,30.1256,68.5296
30590000,0.00127329,0.887025,30.0911,68.493
30595000,0.00124704,0.923219,30.0831,68.4552
30600000,0.00122133,0.923217,30.1276,68.5098
30605000,0.00119615,0.960888,30.0932,68.5132
30610000,0.00117149,0.887017,30.1126,68.4927
30615000,0.00114733,0.852238,30.0912,68.5989
30620000,0.00112368,1.00009,30.1275,68.4727
30625000,0.00110051,0.96088,30.0745,68.5383
30630000,0.00107782,1.00009,30.1723,68.5066
30635000,0.0010556,0.960876,30.1111,68.4026
30640000,0.00103383,0.852229,30.1629,68.5095
30645000,0.00101252,0.923199,30.1359,68.3653
30650000,0.000991643,0.960871,30.117,68.5325
30655000,0.000971197,0.887,30.1388,68.3565
30660000,0.000951173,0.960867,30.1218,68.397
30665000,0.000931562,0.960866,30.0962,68.4126
30670000,0.000912355,1.04089,30.1358,68.4253
30675000,0.000893545,0.92319,30.1418,68.3716
30680000,0.000875122,0.923188,30.1402,68.4975
30685000,0.000857079,0.923187,30.1037,68.3846
30690000,0.000839407,0.923185,30.1104,68.4112
30695000,0.000822101,1.04088,30.121,68.4199
30700000,0.000805151,1.04088,30.1212,68.4003
30705000,0.00078855,0.818795,30.129,68.4517
30710000,0.000772292,0.92318,30.146,68.4541
30715000,0.000756369,0.960852,30.1514,68.3445
30720000,0.000740775,0.96085,30.1186,68.4083
30725000,0.000725501,0.88698,30.1426,68.4147
30730000,0.000710543,1.00006,30.1162,68.3675
30735000,0.000695893,0.852201,30.1504,68.3417
30740000,0.000681545,1.00006,30.1441,68.4353
30745000,0.000667493,0.960844,30.1505,68.3765
30750000,0.000653731,0.886974,30.1065,68.3742
30755000,0.000640253,0.923169,30.133,68.4036
30760000,0.000627052,0.852195,30.1294,68.3982
30765000,0.000614124,1.00005,30.1538,68.368
30770000,0.000601462,0.960839,30.1249,68.2879
30775000,0.000589061,1.00005,30.1235,68.3098
30780000,0.000576916,0.886968,30.1121,68.3409
30785000,0.000565021,0.886967,30.1399,68.2997
30790000,0.000553372,0.960835,30.1066,68.3505
30795000,0.000541962,1.04086,30.1337,68.3641
30800000,0.000530788,1.04085,30.1565,68.2898
30805000,0.000519844,0.886963,30.1458,68.2852
30810000,0.000509126,0.886962,30.1384,68.3545
30815000,0.000498629,0.923157,30.143,68.3215
30820000,0.000488349,0.818771,30.1489,68.302
30825000,0.00047828,1.08333,30.1094,68.3069
30830000,0.000468419,0.886959,30.1578,68.3653
30835000,0.000458761,1.00004,30.1502,68.2501
30840000,0.000449302,0.923153,30.128,68.3556
30845000,0.000440039,0.923152,30.1594,68.2979
30850000,0.000430966,0.923152,30.1293,68.2495
30855000,0.000422081,0.923151,30.1047,68.2975
30860000,0.000413378,1.04084,30.1384,68.1871
30865000,0.000404855,0.92315,30.1524,68.3784
30870000,0.000396508,0.886953,30.147,68.3999
30875000,0.000388333,0.923148,30.0911,68.3242
30880000,0.000380326,1.00003,30.1355,68.1754
30885000,0.000372485,0.852174,30.1094,68.3773
30890000,0.000364805,1.00003,30.1392,68.2553
30895000,0.000357284,0.88695,30.1351,68.2386
30900000,0.000349917,0.923145,30.129,68.2582
30905000,0.000342703,0.852172,30.1218,68.2559
30910000,0.000335637,1.00003,30.1399,68.2671
30915000,0.000328717,0.923143,30.1263,68.2793
30920000,0.000321939,0.818757,30.132,68.2521
30925000,0.000315302,1.04084,30.1225,68.2768
30930000,0.000308801,1.04084,30.1505,68.3065
30935000,0.000302434,0.886945,30.1559,68.2192
30940000,0.000296198,0.818755,30.1481,68.2744
30945000,0.000290091,0.960813,30.1536,68.2379
30950000,0.00028411,0.818754,30.158,68.2753
30955000,0.000278253,0.886943,30.1523,68.2857
30960000,0.000272516,0.818753,30.107,68.2729
30965000,0.000266897,0.923138,30.1437,68.2109
30970000,0.000261394,0.852165,30.151,68.2686
30975000,0.000256005,0.852165,30.1335,68.2078
30980000,0.000250727,0.886941,30.1334,68.1663
30985000,0.000245557,0.886941,30.1605,68.1676
30990000,0.000240494,0.88694,30.1298,68.2368
30995000,0.000235536,0.81875,30.1411,68.1775
31000000,0.00023068,1.00002,30.1318,68.1859
31005000,0.000225923,1.00002,30.1666,68.1356
31010000,0.000221265,0.818749,30.1604,68.1492
31015000,0.000216703,0.923134,30.142,68.2627
31020000,0.000212235,0.852161,30.1462,68.2118
31025000,0.00020786,0.923133,30.1107,68.1656
31030000,0.000203574,0.818747,30.1687,68.2275
31035000,0.000199377,0.818747,30.1605,68.1635
31040000,0.000195266,0.7558,30.1554,68.1455
31045000,0.00019124,0.960805,30.1343,68.1959
31050000,0.000187297,0.923132,30.148,68.1576
31055000,0.000183435,0.923131,30.1517,68.1001
31060000,0.000179653,0.960804,30.1868,68.1629
31065000,0.000175949,0.886935,30.1389,68.0908
31070000,0.000172322,0.92313,30.1777,68.0799
31075000,0.000168769,0.92313,30.1222,68.1755
31080000,0.000165289,0.786641,30.1425,68.2266
31085000,0.000161881,0.786641,30.1328,68.093
31090000,0.000158544,0.852157,30.1779,68.0663
31095000,0.000155275,0.960802,30.1528,68.1492
31100000,0.000152073,0.818743,30.1517,68.0809
31105000,0.000148938,0.852156,30.152,68.1633
31110000,0.000145867,0.960801,30.1045,68.1212
31115000,0.00014286,0.886932,30.14,68.1238
31120000,0.000139914,1.00001,30.145,68.1111
31125000,0.00013703,0.818742,30.1758,68.1301
31130000,0.000134204,0.9608,30.1228,68.0942
31135000,0.000131437,0.886931,30.1501,68.0545
31140000,0.000128727,0.818741,30.1582,68.1493
31145000,0.000126073,0.852154,30.1581,68.0521
31150000,0.000123474,1.00001,30.1576,68.105
31155000,0.000120928,1.04082,30.1478,68.0319
31160000,0.000118435,0.923126,30.1566,68.0165
31165000,0.000115993,1.00001,30.1497,68.037
31170000,0.000113601,0.852153,30.1382,68.0758
31175000,0.000111259,0.923125,30.1918,68.1462
31180000,0.000108965,0.726158,30.1964,68.0192
31185000,0.000106719,0.852153,30.1484,68.0562
31190000,0.000104518,0.786636,30.2012,68.0466
31195000,0.000102363,0.960798,30.0897,68.044
31200000,0.000100253,0.886929,30.1542,68.0399
31205000,9.81859e-05,0.818739,30.1219,68.1147
31210000,9.61616e-05,0.818739,30.1213,67.9957
31215000,9.41789e-05,0.960797,30.1726,68.0874
31220000,9.22371e-05,0.923124,30.1085,68.0031
31225000,9.03354e-05,0.923124,30.1524,67.9806
31230000,8.84729e-05,0.923124,30.1814,68.0758
31235000,8.66488e-05,0.886928,30.1705,68.1455
31240000,8.48623e-05,0.886927,30.1409,67.9711
31245000,8.31126e-05,0.726156,30.1552,67.9284
31250000,8.1399e-05,0.886927,30.1991,68.0094
31255000,7.97207e-05,0.85215,30.1954,67.9483
31260000,7.80771e-05,0.923123,30.1715,67.9402
31265000,7.64673e-05,0.818737,30.1219,68.0142
31270000,7.48907e-05,0.75579,30.1246,67.9545
31275000,7.33466e-05,0.886926,30.1777,67.9105
31280000,7.18344e-05,0.85215,30.1685,67.9644
31285000,7.03533e-05,0.75579,30.141,67.8957
31290000,6.89028e-05,0.786634,30.161,68.0049
31295000,6.74821e-05,0.886926,30.1686,67.9604
31300000,6.60908e-05,0.818736,30.1907,68.0445
31305000,6.47282e-05,0.755789,30.1869,67.9448
31310000,6.33936e-05,0.886926,30.1916,68.1165
31315000,6.20866e-05,0.818736,30.1675,67.9615
31320000,6.08065e-05,0.786633,30.1777,68.0193
31325000,5.95528e-05,0.852149,30.1243,67.9716
31330000,5.83249e-05,0.852149,30.1787,67.9339
31335000,5.71224e-05,0.786633,30.178,67.9003
31340000,5.59447e-05,0.786632,30.154,67.9717
31345000,5.47912e-05,0.755788,30.1544,67.8376
31350000,5.36615e-05,0.786632,30.1649,67.9826
31355000,5.25551e-05,0.818735,30.1904,67.8846
31360000,5.14716e-05,0.923121,30.1737,67.8522
31365000,5.04103e-05,0.818735,30.1592,67.9585
31370000,4.9371e-05,0.818735,30.1701,67.9688
31375000,4.83531e-05,0.755788,30.2013,67.9862
31380000,4.73561e-05,0.92312,30.145,67.8957
31385000,4.63798e-05,0.886924,30.1782,67.9026
31390000,4.54235e-05,0.852148,30.1547,67.8997
31395000,4.4487e-05,0.886924,30.1739,67.939
31400000,4.35697e-05,0.886924,30.1707,67.854
31405000,4.26714e-05,0.852147,30.1556,67.9904
31410000,4.17916e-05,0.852147,30.2132,67.8618
31415000,4.093e-05,0.818734,30.1646,67.9672
31420000,4.00861e-05,0.886924,30.1562,67.9314
31425000,3.92596e-05,0.886924,30.1523,67.9379
31430000,3.84502e-05,0.755787,30.1918,67.8963
31435000,3.76574e-05,0.923119,30.1944,67.8154
31440000,3.6881e-05,0.755787,30.1928,67.8741
31445000,3.61206e-05,0.852147,30.2064,67.7528
31450000,3.53759e-05,0.886923,30.1686,67.7991
31455000,3.46465e-05,0.786631,30.1679,67.7975
31460000,3.39322e-05,0.886923,30.1666,67.9357
31465000,3.32325e-05,0.886923,30.2054,67.9378
31470000,3.25474e-05,0.852146,30.207,67.9152
31475000,3.18763e-05,0.852146,30.1755,67.8646
31480000,3.12191e-05,0.852146,30.1729,67.823
31485000,3.05754e-05,0.78663,30.2045,67.7936
31490000,2.9945e-05,0.923119,30.2087,67.7728
31495000,2.93276e-05,0.886923,30.1647,67.7491
31500000,2.87229e-05,1,30.1748,67.8429
31505000,2.81307e-05,0.852146,30.1707,67.8398
31510000,2.75507e-05,0.818733,30.1802,67.7118
31515000,2.69827e-05,0.726151,30.1845,67.8363
31520000,2.64264e-05,0.78663,30.1603,67.7986
31525000,2.58815e-05,0.818733,30.161,67.7777
31530000,2.53479e-05,0.755786,30.1509,67.7884
31535000,2.48253e-05,0.755786,30.1862,67.7816
31540000,2.43134e-05,0.852146,30.1803,67.8049
31545000,2.38122e-05,0.78663,30.1632,67.7553
31550000,2.33212e-05,0.78663,30.1662,67.7835
31555000,2.28404e-05,0.852146,30.2124,67.7442
31560000,2.23695e-05,0.818733,30.152,67.7353
31565000,2.19082e-05,0.923118,30.1823,67.7581
31570000,2.14565e-05,0.923118,30.1704,67.7533
31575000,2.10142e-05,0.852146,30.1583,67.7828
31580000,2.05809e-05,0.670322,30.1705,67.8853
31585000,2.01566e-05,0.78663,30.1912,67.6601
31590000,1.9741e-05,0.818732,30.1993,67.7312
31595000,1.9334e-05,0.852145,30.1891,67.7581
31600000,1.89353e-05,0.852145,30.2113,67.6637
31605000,1.85449e-05,0.755785,30.1384,67.729
31610000,1.81626e-05,0.818732,30.1764,67.7165
31615000,1.77881e-05,0.72615,30.186,67.7285
31620000,1.74213e-05,0.852145,30.1879,67.7516
31625000,1.70622e-05,0.818732,30.1772,67.7756
31630000,1.67104e-05,0.786629,30.1826,67.7799
31635000,1.63658e-05,0.697678,30.1729,67.833
31640000,1.60284e-05,0.886922,30.1677,67.7258
31645000,1.56979e-05,0.818732,30.1591,67.7965
31650000,1.53743e-05,0.786629,30.1965,67.7294
31655000,1.50573e-05,0.72615,30.1919,67.7119
31660000,1.47469e-05,0.786629,30.1682,67.7342
31665000,1.44428e-05,0.852145,30.1673,67.704
31670000,1.4145e-05,0.786629,30.1889,67.7219
31675000,1.38534e-05,0.852145,30.2064,67.719
31680000,1.35678e-05,0.755785,30.2189,67.671
31685000,1.3288e-05,0.670321,30.1603,67.6901
31690000,1.30141e-05,0.670321,30.2023,67.6164
31695000,1.27457e-05,0.818732,30.1773,67.7162
31700000,1.24829e-05,0.886921,30.1746,67.7052
31705000,1.22256e-05,0.786629,30.1706,67.7247
31710000,1.19735e-05,0.818732,30.1626,67.7118
31715000,1.17266e-05,0.786629,30.1924,67.7308
31720000,1.14849e-05,0.755785,30.1743,67.6544
31725000,1.12481e-05,0.818732,30.1976,67.6371
31730000,1.10162e-05,0.886921,30.2016,67.686
31735000,1.0789e-05,0.886921,30.1909,67.6118
31740000,1.05666e-05,0.72615,30.1993,67.6283
31745000,1.03487e-05,0.786629,30.201,67.6443
31750000,1.01354e-05,0.786629,30.2061,67.653
31755000,9.92638e-06,0.755785,30.1785,67.6536
31760000,9.72172e-06,0.755785,30.1932,67.6216
31765000,9.52128e-06,0.923117,30.1745,67.6419
31770000,9.32497e-06,0.786629,30.1807,67.6987
31775000,9.13271e-06,0.818732,30.1685,67.5823
31780000,8.94442e-06,0.786629,30.1854,67.6657
31785000,8.76e-06,0.72615,30.2069,67.6344
31790000,8.57939e-06,0.786629,30.1894,67.6003
31795000,8.4025e-06,0.818731,30.1967,67.5997
31800000,8.22926e-06,0.755784,30.1979,67.6199
31805000,8.05959e-06,0.852144,30.1824,67.5411
31810000,7.89342e-06,0.886921,30.1947,67.5601
31815000,7.73068e-06,0.786628,30.1873,67.6253
31820000,7.57129e-06,0.852144,30.178,67.6248
31825000,7.41518e-06,0.644037,30.184,67.5626
31830000,7.2623e-06,0.72615,30.2032,67.565
31835000,7.11257e-06,0.755784,30.2145,67.5131
31840000,6.96592e-06,0.786628,30.1866,67.5801
31845000,6.8223e-06,0.852144,30.2279,67.5563
31850000,6.68164e-06,0.72615,30.1519,67.6225
31855000,6.54388e-06,0.923117,30.178,67.5452
31860000,6.40896e-06,0.852144,30.1985,67.6067
31865000,6.27682e-06,0.786628,30.236,67.5599
31870000,6.1474e-06,0.852144,30.1872,67.5386
31875000,6.02066e-06,0.786628,30.1981,67.5263
31880000,5.89652e-06,0.852144,30.1875,67.4738
31885000,5.77495e-06,0.72615,30.1926,67.4982
31890000,5.65588e-06,0.886921,30.1662,67.5516
31895000,5.53927e-06,0.818731,30.2141,67.5277
31900000,5.42506e-06,0.923117,30.213,67.4967
31905000,5.31321e-06,0.726149,30.1528,67.5157
31910000,5.20366e-06,0.697677,30.1771,67.4853
31915000,5.09638e-06,0.755784,30.1933,67.4582
31920000,4.9913e-06,0.852144,30.1874,67.4825
31925000,4.88839e-06,0.755784,30.1952,67.5152
31930000,4.7876e-06,0.786628,30.2028,67.5738
31935000,4.68889e-06,0.67032,30.2114,67.5576
31940000,4.59222e-06,0.755784,30.2363,67.5275
31945000,4.49754e-06,0.786628,30.1437,67.51
31950000,4.40481e-06,0.726149,30.2008,67.5106
31955000,4.31399e-06,0.786628,30.1922,67.5024
31960000,4.22504e-06,0.818731,30.1878,67.5538
31965000,4.13793e-06,0.618784,30.1793,67.5153
31970000,4.05262e-06,0.755784,30.1922,67.4552
31975000,3.96906e-06,0.786628,30.1977,67.4914
31980000,3.88723e-06,0.818731,30.2097,67.4708
31985000,3.80708e-06,0.67032,30.2138,67.5253
31990000,3.72859e-06,0.67032,30.2037,67.5385
31995000,3.65171e-06,0.697677,30.2426,67.4134
32000000,3.57642e-06,0.818731,30.2002,67.4745
32005000,3.50268e-06,0.726149,30.2468,67.4847
32010000,3.43047e-06,0.67032,30.1939,67.4616
32015000,3.35974e-06,0.886921,30.1944,67.4279
32020000,3.29047e-06,0.67032,30.2048,67.4415
32025000,3.22263e-06,0.755784,30.2122,67.4392
32030000,3.15618e-06,0.818731,30.1893,67.4602
32035000,3.09111e-06,0.726149,30.202,67.416
32040000,3.02738e-06,0.697677,30.1964,67.4168
32045000,2.96496e-06,0.726149,30.1956,67.316
32050000,2.90383e-06,0.852144,30.2206,67.456
32055000,2.84396e-06,0.755784,30.2154,67.4034
32060000,2.78532e-06,0.786628,30.206,67.2972
32065000,2.72789e-06,0.726149,30.2323,67.4978
32070000,2.67165e-06,0.818731,30.2058,67.3299
32075000,2.61657e-06,0.786628,30.2329,67.516
32080000,2.56262e-06,0.755784,30.2055,67.4251
32085000,2.50978e-06,0.755784,30.2179,67.3403
32090000,2.45804e-06,0.726149,30.1962,67.3312
32095000,2.40736e-06,0.67032,30.198,67.3693
32100000,2.35772e-06,0.818731,30.2445,67.3151
32105000,2.30911e-06,0.755784,30.2254,67.4521
32110000,2.2615e-06,0.644037,30.1916,67.3619
32115000,2.21488e-06,0.886921,30.1925,67.2918
32120000,2.16921e-06,0.818731,30.2159,67.3497
32125000,2.12449e-06,0.726149,30.2955,67.3935
32130000,2.08068e-06,0.786628,30.2063,67.3412
32135000,2.03778e-06,0.786628,30.2175,67.3605
32140000,1.99577e-06,0.67032,30.2136,67.3
32145000,1.95462e-06,0.726149,30.2092,67.3803
32150000,1.91432e-06,0.726149,30.2096,67.4115
32155000,1.87485e-06,0.818731,30.2351,67.3005
32160000,1.8362e-06,0.852144,30.2194,67.3888
32165000,1.79834e-06,0.726149,30.2341,67.26
32170000,1.76126e-06,0.818731,30.2361,67.3736
32175000,1.72495e-06,0.644037,30.2386,67.4239
32180000,1.68938e-06,0.755784,30.1868,67.3583
32185000,1.65455e-06,0.726149,30.2199,67.2726
32190000,1.62044e-06,0.618784,30.2228,67.4037
32195000,1.58703e-06,0.818731,30.2282,67.2522
32200000,1.55431e-06,0.726149,30.2175,67.3361
32205000,1.52226e-06,0.726149,30.222,67.2991
32210000,1.49087e-06,0.67032,30.2466,67.3338
32215000,1.46014e-06,0.886921,30.2032,67.2829
32220000,1.43003e-06,0.755784,30.1938,67.2389
32225000,1.40055e-06,0.697676,30.2354,67.3808
32230000,1.37167e-06,0.786628,30.21,67.3083
32235000,1.34339e-06,0.697676,30.2166,67.2737
32240000,1.31569e-06,0.755784,30.2331,67.355
32245000,1.28857e-06,0.852144,30.2295,67.2695
32250000,1.262e-06,0.755784,30.1831,67.3687
32255000,1.23598e-06,0.618783,30.2211,67.2733
32260000,1.2105e-06,0.726149,30.2316,67.3279
32265000,1.18554e-06,0.755784,30.2428,67.2891
32270000,1.16109e-06,0.67032,30.2151,67.2773
32275000,1.13716e-06,0.726149,30.2143,67.2311
32280000,1.11371e-06,0.67032,30.2243,67.2027
32285000,1.09075e-06,0.726149,30.2174,67.278
32290000,1.06826e-06,0.697676,30.2277,67.2654
32295000,1.04623e-06,0.818731,30.229,67.2106
32300000,1.02466e-06,0.786628,30.2384,67.3107
32305000,1.00354e-06,0.726149,30.231,67.1934
32310000,9.82845e-07,0.726149,30.2021,67.2347
32315000,9.62581e-07,0.571209,30.2094,67.2386
32320000,9.42735e-07,0.618783,30.2141,67.2585
32325000,9.23298e-07,0.618783,30.2205,67.1821
32330000,9.04261e-07,0.67032,30.2035,67.2429
32335000,8.85617e-07,0.726149,30.2168,67.1504
32340000,8.67358e-07,0.818731,30.223,67.1338
32345000,8.49475e-07,0.786628,30.231,67.1984
32350000,8.3196e-07,0.618783,30.2115,67.2065
32355000,8.14807e-07,0.786628,30.2306,67.0913
32360000,7.98008e-07,0.726149,30.2306,67.1452
32365000,7.81555e-07,0.571209,30.2134,67.149
32370000,7.65441e-07,0.818731,30.2001,67.1807
32375000,7.49659e-07,0.786628,30.2312,67.1278
32380000,7.34203e-07,0.726149,30.1972,67.2179
32385000,7.19065e-07,0.644036,30.2363,67.0749
32390000,7.04239e-07,0.644036,30.2241,67.1501
32395000,6.89719e-07,0.755784,30.2635,67.1398
32400000,6.75499e-07,0.67032,30.2181,67.2148
32405000,6.61572e-07,0.786628,30.1995,67.2078
32410000,6.47931e-07,0.644036,30.201,67.2404
32415000,6.34573e-07,0.786628,30.2442,67.1827
32420000,6.21489e-07,0.786628,30.231,67.1833
32425000,6.08675e-07,0.644036,30.1912,67.1362
32430000,5.96126e-07,0.644036,30.2815,67.1048
32435000,5.83835e-07,0.852144,30.2447,67.1948
32440000,5.71797e-07,0.755784,30.2422,67.094
32445000,5.60008e-07,0.755784,30.229,67.159
32450000,5.48462e-07,0.697676,30.2453,67.0698
32455000,5.37154e-07,0.726149,30.2037,67.1989
32460000,5.26079e-07,0.726149,30.215,67.0702
32465000,5.15232e-07,0.644036,30.2235,67.1823
32470000,5.0461e-07,0.67032,30.2339,67.077
32475000,4.94206e-07,0.726149,30.2561,67.1356
32480000,4.84016e-07,0.755784,30.2404,67.163
32485000,4.74037e-07,0.697676,30.2166,67.0258
32490000,4.64263e-07,0.726149,30.2343,67.1203
32495000,4.54691e-07,0.594521,30.258,67.1
32500000,4.45316e-07,0.67032,30.2303,67.1544
32505000,4.36135e-07,0.755784,30.2423,67.1646
32510000,4.27143e-07,0.755784,30.2454,67.1263
32515000,4.18336e-07,0.755784,30.2567,67.0037
32520000,4.09711e-07,0.852144,30.2405,67.0478
32525000,4.01263e-07,0.755784,30.2534,67.0286
32530000,3.9299e-07,0.571209,30.2094,67.068
32535000,3.84888e-07,0.786628,30.2138,67.1178
32540000,3.76952e-07,0.755784,30.2037,66.9992
32545000,3.6918e-07,0.697676,30.2209,67.0705
32550000,3.61569e-07,0.755784,30.2818,67.0492
32555000,3.54114e-07,0.644036,30.2069,67.1035
32560000,3.46813e-07,0.618783,30.2668,67.1113
32565000,3.39662e-07,0.67032,30.2614,67.0119
32570000,3.32659e-07,0.697676,30.2407,66.9868
32575000,3.258e-07,0.786628,30.2619,66.967
32580000,3.19083e-07,0.644036,30.2577,67.003
32585000,3.12504e-07,0.67032,30.2226,66.944
32590000,3.06061e-07,0.786628,30.2851,67.0434
32595000,2.99751e-07,0.67032,30.2496,66.9785
32600000,2.93571e-07,0.67032,30.2262,67.075
32605000,2.87518e-07,0.755784,30.2561,66.9585
32610000,2.8159e-07,0.618783,30.2755,67.0145
32615000,2.75784e-07,0.697676,30.2416,66.9083
32620000,2.70098e-07,0.67032,30.2759,66.9857
32625000,2.64529e-07,0.755784,30.2702,66.9402
32630000,2.59075e-07,0.786628,30.2596,66.971
32635000,2.53734e-07,0.644036,30.243,67.0073
32640000,2.48502e-07,0.506617,30.2932,66.8513
32645000,2.43379e-07,0.786628,30.2436,66.9425
32650000,2.38361e-07,0.644036,30.2326,66.952
32655000,2.33446e-07,0.755784,30.2293,66.9417
32660000,2.28633e-07,0.786628,30.2389,67.0379
32665000,2.23919e-07,0.67032,30.2476,66.9973
32670000,2.19302e-07,0.755784,30.2309,66.879
32675000,2.14781e-07,0.755784,30.2353,66.9275
32680000,2.10353e-07,0.755784,30.2383,67.007
32685000,2.06016e-07,0.726149,30.236,66.9596
32690000,2.01768e-07,0.726149,30.2352,67.0005
32695000,1.97608e-07,0.786628,30.287,66.9335
32700000,1.93534e-07,0.618783,30.2596,66.9387
32705000,1.89543e-07,0.67032,30.2231,66.9769
32710000,1.85635e-07,0.67032,30.233,66.946
32715000,1.81808e-07,0.697676,30.2904,66.9881
32720000,1.7806e-07,0.726149,30.2368,66.9316
32725000,1.74388e-07,0.755784,30.2544,66.8984
32730000,1.70793e-07,0.644036,30.2649,66.9406
32735000,1.67271e-07,0.697676,30.2457,66.9411
32740000,1.63823e-07,0.644036,30.2332,66.9532
32745000,1.60445e-07,0.67032,30.2334,66.857
32750000,1.57137e-07,0.618783,30.2514,66.8473
32755000,1.53897e-07,0.697676,30.2491,66.8329
32760000,1.50724e-07,0.726149,30.2803,66.9717
32765000,1.47617e-07,0.697676,30.2375,66.8633
32770000,1.44573e-07,0.67032,30.2421,66.8787
32775000,1.41592e-07,0.67032,30.2588,66.911
32780000,1.38673e-07,0.644036,30.2572,66.8309
32785000,1.35814e-07,0.644036,30.2587,66.9329
32790000,1.33014e-07,0.697676,30.2763,66.8664
32795000,1.30271e-07,0.644036,30.2503,66.9022
32800000,1.27585e-07,0.755784,30.2657,66.937
32805000,1.24955e-07,0.618783,30.2978,66.8681
32810000,1.22378e-07,0.755784,30.2595,66.8924
32815000,1.19855e-07,0.644036,30.2656,66.831
32820000,1.17384e-07,0.697676,30.2591,66.8554
32825000,1.14964e-07,0.618783,30.2459,66.8551
32830000,1.12594e-07,0.67032,30.2653,66.7812
32835000,1.10272e-07,0.67032,30.2659,66.768
32840000,1.07999e-07,0.618783,30.2615,66.8131
32845000,1.05772e-07,0.571209,30.2559,66.7906
32850000,1.03591e-07,0.618783,30.3009,66.852
32855000,1.01455e-07,0.644036,30.2588,66.8404
32860000,9.93635e-08,0.726149,30.2977,66.7931
32865000,9.73148e-08,0.594521,30.2702,66.8727
32870000,9.53084e-08,0.726149,30.24,66.7822
32875000,9.33434e-08,0.697676,30.2765,66.8236
32880000,9.14188e-08,0.618783,30.2528,66.7733
32885000,8.9534e-08,0.852144,30.2743,66.764
32890000,8.7688e-08,0.67032,30.2465,66.7467
32895000,8.58801e-08,0.697676,30.2627,66.7693
32900000,8.41094e-08,0.67032,30.2462,66.7457
32905000,8.23752e-08,0.755784,30.2641,66.8578
32910000,8.06768e-08,0.67032,30.2628,66.7595
32915000,7.90135e-08,0.644036,30.2209,66.7476
32920000,7.73844e-08,0.755784,30.2605,66.7515
32925000,7.57889e-08,0.618783,30.2681,66.8085
32930000,7.42263e-08,0.755784,30.2635,66.7553
32935000,7.26959e-08,0.644036,30.2507,66.7943
32940000,7.11971e-08,0.67032,30.2772,66.7715
32945000,6.97291e-08,0.644036,30.2405,66.7906
32950000,6.82915e-08,0.726149,30.2915,66.7886
32955000,6.68835e-08,0.571209,30.2944,66.7389
32960000,6.55045e-08,0.618783,30.2561,66.7203
32965000,6.41539e-08,0.786628,30.2665,66.8059
32970000,6.28312e-08,0.755784,30.2718,66.7658
32975000,6.15357e-08,0.618783,30.2712,66.7283
32980000,6.0267e-08,0.697676,30.2389,66.7401
32985000,5.90244e-08,0.726149,30.3089,66.7568
32990000,5.78075e-08,0.726149,30.2675,66.717
32995000,5.66156e-08,0.618783,30.3084,66.6662
33000000,5.54483e-08,0.697676,30.2615,66.7593
33005000,5.43051e-08,0.594521,30.251,66.6997
33010000,5.31855e-08,0.726149,30.2561,66.6841
33015000,5.20889e-08,0.644036,30.2572,66.6911
33020000,5.10149e-08,0.726149,30.2563,66.6888
33025000,4.99631e-08,0.726149,30.2582,66.7074
33030000,4.8933e-08,0.618783,30.2672,66.7311
33035000,4.79241e-08,0.67032,30.3051,66.7423
33040000,4.6936e-08,0.644036,30.2438,66.6348
33045000,4.59683e-08,0.726149,30.2996,66.6075
33050000,4.50205e-08,0.644036,30.2838,66.7138
33055000,4.40923e-08,0.67032,30.2525,66.639
33060000,4.31832e-08,0.67032,30.294,66.6491
33065000,4.22929e-08,0.644036,30.2743,66.6616
33070000,4.14209e-08,0.755784,30.2981,66.6543
33075000,4.05669e-08,0.571209,30.2762,66.7343
33080000,3.97305e-08,0.67032,30.2778,66.6142
33085000,3.89113e-08,0.548812,30.2693,66.7482
33090000,3.8109e-08,0.618783,30.2676,66.6669
33095000,3.73233e-08,0.697676,30.2641,66.6564
33100000,3.65538e-08,0.571209,30.2497,66.5864
33105000,3.58001e-08,0.726149,30.2853,66.6763
33110000,3.5062e-08,0.697676,30.3004,66.5993
33115000,3.43391e-08,0.755784,30.3099,66.6192
33120000,3.36311e-08,0.644036,30.2706,66.7029
33125000,3.29377e-08,0.548812,30.2926,66.6344
33130000,3.22586e-08,0.726149,30.2727,66.6622
33135000,3.15935e-08,0.571209,30.2705,66.5507
33140000,3.09421e-08,0.644036,30.274,66.6306
33145000,3.03042e-08,0.548812,30.2985,66.6326
33150000,2.96794e-08,0.644036,30.2973,66.6036
33155000,2.90674e-08,0.726149,30.2971,66.612
33160000,2.84681e-08,0.67032,30.3026,66.5058
33165000,2.78812e-08,0.571209,30.2944,66.611
33170000,2.73063e-08,0.644036,30.2674,66.6244
33175000,2.67433e-08,0.67032,30.293,66.6272
33180000,2.61919e-08,0.644036,30.2885,66.5774
33185000,2.56519e-08,0.726149,30.2914,66.587
33190000,2.5123e-08,0.618783,30.2582,66.5914
33195000,2.4605e-08,0.644036,30.2794,66.5805
33200000,2.40977e-08,0.818731,30.2962,66.6122
33205000,2.36009e-08,0.594521,30.3163,66.6125
33210000,2.31143e-08,0.67032,30.3026,66.544
33215000,2.26377e-08,0.506617,30.2379,66.5769
33220000,2.2171e-08,0.594521,30.2673,66.5292
33225000,2.17139e-08,0.67032,30.2823,66.5097
33230000,2.12662e-08,0.697676,30.2658,66.5453
33235000,2.08277e-08,0.618783,30.2621,66.4721
33240000,2.03983e-08,0.571209,30.2933,66.6118
33245000,1.99777e-08,0.618783,30.3069,66.5697
33250000,1.95658e-08,0.618783,30.2631,66.5451
33255000,1.91624e-08,0.594521,30.2756,66.521
33260000,1.87673e-08,0.618783,30.2943,66.47
33265000,1.83804e-08,0.594521,30.315,66.458
33270000,1.80014e-08,0.548812,30.3037,66.4949
33275000,1.76303e-08,0.644036,30.2664,66.4431
33280000,1.72668e-08,0.618783,30.2743,66.5367
33285000,1.69108e-08,0.726149,30.2668,66.5028
33290000,1.65621e-08,0.571209,30.2785,66.5255
33295000,1.62206e-08,0.726149,30.3004,66.5053
33300000,1.58862e-08,0.571209,30.2739,66.5376
33305000,1.55587e-08,0.67032,30.325,66.5082
33310000,1.52379e-08,0.571209,30.2733,66.5622
33315000,1.49237e-08,0.571209,30.2477,66.4536
33320000,1.4616e-08,0.67032,30.3209,66.6004
33325000,1.43147e-08,0.644036,30.2668,66.4951
33330000,1.40195e-08,0.594521,30.2623,66.4609
33335000,1.37305e-08,0.594521,30.2972,66.5269
33340000,1.34474e-08,0.618783,30.2849,66.5353
33345000,1.31701e-08,0.571209,30.2856,66.4792
33350000,1.28986e-08,0.571209,30.3174,66.5427
33355000,1.26327e-08,0.527292,30.2748,66.4688
33360000,1.23722e-08,0.644036,30.2975,66.4567
33365000,1.21171e-08,0.644036,30.2795,66.4694
33370000,1.18673e-08,0.618783,30.3258,66.4876
33375000,1.16226e-08,0.527292,30.3002,66.4536
33380000,1.1383e-08,0.527292,30.3023,66.3877
33385000,1.11483e-08,0.697676,30.2963,66.4227
33390000,1.09184e-08,0.594521,30.309,66.5347
33395000,1.06933e-08,0.594521,30.2849,66.3519
33400000,1.04728e-08,0.594521,30.3103,66.4834
33405000,1.02569e-08,0.697676,30.2439,66.4756
33410000,1.00454e-08,0.726149,30.2662,66.4412
33415000,9.83832e-09,0.755784,30.3139,66.4117
33420000,9.63547e-09,0.594521,30.2967,66.4887
33425000,9.43681e-09,0.571209,30.2836,66.3433
33430000,9.24225e-09,0.618783,30.2851,66.4695
33435000,9.05169e-09,0.594521,30.2756,66.4137
33440000,8.86506e-09,0.506617,30.304,66.395
33445000,8.68229e-09,0.67032,30.3008,66.3954
33450000,8.50328e-09,0.594521,30.3124,66.4264
33455000,8.32796e-09,0.644036,30.2741,66.2801
33460000,8.15625e-09,0.67032,30.3038,66.3414
33465000,7.98809e-09,0.697676,30.2894,66.3705
33470000,7.82339e-09,0.571209,30.299,66.4118
33475000,7.66209e-09,0.644036,30.2809,66.4966
33480000,7.50412e-09,0.548812,30.293,66.4081
33485000,7.3494e-09,0.594521,30.2978,66.3674
33490000,7.19787e-09,0.697676,30.302,66.4419
33495000,7.04946e-09,0.67032,30.3084,66.2738
33500000,6.90412e-09,0.618783,30.283,66.3604
33505000,6.76177e-09,0.644036,30.3069,66.4307
33510000,6.62236e-09,0.548812,30.2606,66.312
33515000,6.48582e-09,0.594521,30.2925,66.3522
33520000,6.3521e-09,0.506617,30.2902,66.2398
33525000,6.22113e-09,0.548812,30.3022,66.2828
33530000,6.09286e-09,0.697676,30.279,66.3063
33535000,5.96724e-09,0.449329,30.2898,66.3505
33540000,5.84421e-09,0.506617,30.3034,66.2793
33545000,5.72372e-09,0.644036,30.3169,66.3269
33550000,5.60571e-09,0.594521,30.2907,66.268
33555000,5.49013e-09,0.594521,30.3027,66.2657
33560000,5.37693e-09,0.644036,30.3175,66.2523
33565000,5.26607e-09,0.644036,30.3485,66.3315
33570000,5.1575e-09,0.697676,30.2794,66.3593
33575000,5.05116e-09,0.548812,30.2872,66.3444
33580000,4.94702e-09,0.506617,30.3102,66.3481
33585000,4.84502e-09,0.594521,30.3233,66.315
33590000,4.74513e-09,0.594521,30.314,66.3336
33595000,4.64729e-09,0.594521,30.3283,66.1874
33600000,4.55148e-09,0.506617,30.2909,66.2911
33605000,4.45763e-09,0.548812,30.2892,66.2764
33610000,4.36573e-09,0.527292,30.3026,66.3162
33615000,4.27572e-09,0.548812,30.3148,66.2219
33620000,4.18756e-09,0.697676,30.3269,66.3167
33625000,4.10122e-09,0.697676,30.322,66.2821
33630000,4.01666e-09,0.755784,30.2981,66.2998
33635000,3.93385e-09,0.618783,30.3185,66.2465
33640000,3.85274e-09,0.548812,30.3029,66.3282
33645000,3.77331e-09,0.67032,30.3331,66.3055
33650000,3.69551e-09,0.726149,30.3122,66.208
33655000,3.61932e-09,0.594521,30.3084,66.2026
33660000,3.54469e-09,0.618783,30.2962,66.2085
33665000,3.47161e-09,0.644036,30.3116,66.2355
33670000,3.40003e-09,0.571209,30.3216,66.1861
33675000,3.32993e-09,0.571209,30.2807,66.2891
33680000,3.26128e-09,0.697676,30.2846,66.1545
33685000,3.19403e-09,0.618783,30.3141,66.2838
33690000,3.12818e-09,0.594521,30.3272,66.1612
33695000,3.06368e-09,0.618783,30.3169,66.231
33700000,3.00052e-09,0.548812,30.3163,66.3577
33705000,2.93865e-09,0.571209,30.3006,66.1663
33710000,2.87807e-09,0.644036,30.3151,66.2974
33715000,2.81873e-09,0.644036,30.3552,66.2109
33720000,2.76061e-09,0.571209,30.3146,66.3043
33725000,2.70369e-09,0.594521,30.3022,66.1997
33730000,2.64795e-09,0.594521,30.3033,66.1037
33735000,2.59335e-09,0.67032,30.291,66.1888
33740000,2.53988e-09,0.697676,30.3088,66.1506
33745000,2.48752e-09,0.618783,30.3421,66.1752
33750000,2.43623e-09,0.594521,30.3465,66.1131
33755000,2.386e-09,0.618783,30.3376,66.1414
33760000,2.33681e-09,0.644036,30.3463,66.1979
33880000,3273.31,6.43796,30.2821,66.1609
33885000,2859.42,5.89213,30.3554,66.0108
33890000,2497.95,5.45043,30.3191,66.1313
33895000,2182.27,5.03832,30.3199,66.0537
33900000,1906.57,4.69248,30.3026,66.066
33905000,1665.79,4.42971,30.2994,66.1123
33910000,1455.5,4.25644,30.3692,66.0072
33915000,1271.84,3.7755,30.3309,66.0754
33920000,1111.44,3.67661,30.3373,66.0342
33925000,971.345,3.5294,30.3437,66.0263
33930000,848.986,3.4599,30.3472,66.0038
33935000,742.116,3.15614,30.3406,66.1306
33940000,648.774,3.06257,30.319,66.0682
33945000,567.244,2.89128,30.3347,65.9643
33950000,496.031,2.77775,30.3115,66.0787
33955000,433.828,2.74481,30.3109,66.0482
33960000,379.493,2.58125,30.3404,66.0682
33965000,332.03,2.59113,30.341,66.0428
33970000,290.568,2.44022,30.3171,65.9346
33975000,254.347,2.36856,30.3032,65.9635
33980000,222.703,2.30257,30.3256,65.9897
33985000,195.056,2.31443,30.3034,66.0458
33990000,170.901,2.1851,30.2966,65.9763
33995000,149.795,2.20538,30.3144,66.0165
34000000,131.353,2.15636,30.3381,65.9409
34005000,115.235,2.06097,30.3349,65.9666
34010000,101.15,2.06742,30.3404,65.9054
34015000,88.838,1.91012,30.327,65.9947
34020000,78.0759,1.85115,30.3617,66.0549
34025000,68.6674,1.9523,30.3358,65.957
34030000,60.4409,1.76057,30.3548,65.9183
34035000,53.2471,1.76833,30.3207,65.8254
34040000,46.9552,1.80428,30.3426,65.9332
34045000,41.4512,1.70714,30.3157,65.8815
34050000,36.6354,1.6578,30.3387,66.0495
34055000,32.4208,1.67247,30.3554,65.947
34060000,28.7314,1.58393,30.3249,65.969
34065000,25.5008,1.57828,30.3095,65.9107
34070000,22.6712,1.59585,30.3088,65.8933
34075000,20.1918,1.51,30.3425,65.9132
34080000,18.0184,1.52752,30.3322,65.9795
34085000,16.1126,1.44559,30.3685,65.998
34090000,14.4404,1.55081,30.3444,65.9239
34095000,12.9725,1.5065,30.3443,65.8656
34100000,11.6831,1.38256,30.3368,66.0103
34105000,10.5498,1.23464,30.3259,65.9122
34110000,9.55291,1.47026,30.3618,65.989
34115000,8.67536,1.52726,30.3574,65.9342
34120000,7.90213,1.50894,30.3314,66.0166
34125000,7.22016,1.39197,30.325,65.8799
34130000,6.61801,1.37455,30.3215,65.9018
34135000,6.08572,1.31364,30.3753,65.9272
34140000,5.61455,1.20146,30.3628,65.888
34145000,5.19691,1.32476,30.3418,65.9079
34150000,4.82612,1.24434,30.2921,65.8691
34155000,4.49639,1.29347,30.3459,65.8617
34160000,4.20262,1.32593,30.3402,65.9451
34165000,3.94039,1.31116,30.3499,65.9058
34170000,3.70582,1.27246,30.3385,65.8698
34175000,3.49551,1.23502,30.3768,65.8485
34180000,3.3065,1.09932,30.3061,65.8544
34185000,3.1362,1.28052,30.3612,65.9151
34190000,2.98236,1.05497,30.3511,65.9095
34195000,2.84299,1.15914,30.3556,65.915
34200000,2.71636,1.14648,30.3367,65.783
34205000,2.60096,1.05295,30.3762,65.8947
34210000,2.49546,1.16768,30.3945,65.8232
34215000,2.39872,1.08858,30.3399,65.8413
34220000,2.3097,1.07697,30.315,65.8903
34225000,2.22754,1.02505,30.3527,65.77
34230000,2.15144,1.14595,30.3583,65.8046
34235000,2.08074,1.04357,30.353,65.9079
34240000,2.01483,1.0329,30.3303,65.8614
34245000,1.9532,1.06637,30.3551,65.7721
34250000,1.89538,1.15525,30.3188,65.895
34255000,1.84098,1.06943,30.3492,65.7875
34260000,1.78964,1.03632,30.3503,65.7376
34265000,1.74106,0.942257,30.359,65.7473
34270000,1.69495,1.09014,30.3375,65.7445
34275000,1.6511,1.0081,30.3688,65.767
34280000,1.60927,0.955171,30.347,65.8446
34285000,1.56929,0.967861,30.3577,65.8122
34290000,1.531,0.937695,30.3316,65.8203
34295000,1.49425,0.973145,30.3223,65.767
34300000,1.45892,0.942455,30.3539,65.739
34305000,1.42489,0.89214,30.3482,65.7695
34310000,1.39206,0.926382,30.3771,65.7623
34315000,1.36034,0.856535,30.3681,65.7934
34320000,1.32966,0.811485,30.3389,65.7966
34325000,1.29995,0.998723,30.3867,65.746
34330000,1.27114,0.941892,30.3669,65.7343
34335000,1.24318,0.8675,30.3704,65.777
34340000,1.21601,0.882003,30.4017,65.8253
34345000,1.1896,0.897529,30.364,65.7312
34350000,1.16391,0.938374,30.3458,65.6892
34355000,1.13889,0.744711,30.3486,65.7894
34360000,1.11452,0.721329,30.3379,65.7123
34365000,1.09076,0.749554,30.3738,65.761
34370000,1.0676,0.865243,30.3578,65.7121
34375000,1.04499,0.836783,30.3471,65.739
34380000,1.02293,0.78865,30.3731,65.6918
34385000,1.00138,0.782835,30.3859,65.652
34390000,0.980343,0.757275,30.3754,65.7868
34395000,0.959785,0.836154,30.366,65.7404
34400000,0.939695,0.808293,30.4216,65.6714
34405000,0.920058,0.848652,30.3501,65.7309
34410000,0.900858,0.776184,30.3705,65.6765
34415000,0.882084,0.658543,30.342,65.6969
34420000,0.863722,0.745351,30.3785,65.6529
34425000,0.845761,0.80502,30.3781,65.7279
34430000,0.82819,0.8002,30.3375,65.6891
34435000,0.810998,0.795478,30.374,65.6685
34440000,0.794175,0.726262,30.3878,65.6994
34445000,0.777711,0.701869,30.3394,65.6099
34450000,0.761599,0.78189,30.3819,65.6805
34455000,0.745829,0.693089,30.3733,65.7431
34460000,0.730392,0.729375,30.3683,65.5981
34465000,0.715281,0.746728,30.3485,65.6554
34470000,0.700488,0.765045,30.3516,65.6846
34475000,0.686006,0.676591,30.4106,65.6402
34480000,0.671828,0.734737,30.3421,65.6011
34485000,0.657946,0.709384,30.3409,65.645
34490000,0.644355,0.66509,30.3966,65.7012
34495000,0.631046,0.642327,30.3527,65.5709
34500000,0.618016,0.698352,30.3596,65.6369
34505000,0.605256,0.694825,30.3963,65.6554
34510000,0.592762,0.631745,30.3533,65.6994
34515000,0.580527,0.804732,30.3718,65.6304
34520000,0.568546,0.684674,30.3429,65.7276
34525000,0.556814,0.660754,30.3681,65.6501
34530000,0.545324,0.794996,30.3851,65.5851
34535000,0.534073,0.675139,30.3762,65.5168
34540000,0.523055,0.716007,30.4058,65.6003
34545000,0.512265,0.609479,30.3485,65.5157
34550000,0.501698,0.687701,30.3603,65.588
34555000,0.491349,0.585354,30.3909,65.6289
34560000,0.481215,0.752004,30.4024,65.6414
34565000,0.47129,0.513367,30.3418,65.6753
34570000,0.46157,0.676596,30.3351,65.5912
34575000,0.452051,0.743933,30.3527,65.5623
34580000,0.442728,0.521088,30.354,65.5588
34585000,0.433598,0.668854,30.3783,65.6937
34590000,0.424656,0.688776,30.3484,65.6541
34595000,0.415899,0.546854,30.3825,65.5441
34600000,0.407323,0.640061,30.3276,65.6056
34605000,0.398924,0.659256,30.3724,65.5652
34610000,0.390698,0.656979,30.3806,65.5034
34615000,0.382642,0.654748,30.3653,65.5591
34620000,0.374752,0.722536,30.3826,65.5853
34625000,0.367024,0.650425,30.372,65.557
34630000,0.359457,0.64833,30.3634,65.5207
34635000,0.352045,0.668676,30.3794,65.5366
34640000,0.344786,0.666666,30.3836,65.568
34645000,0.337677,0.525199,30.4008,65.5797
34650000,0.330714,0.618854,30.3924,65.5286
34655000,0.323895,0.759994,30.3799,65.6014
34660000,0.317217,0.706608,30.3359,65.5245
34665000,0.310677,0.500797,30.3719,65.4374
34670000,0.304271,0.482759,30.3773,65.573
34675000,0.297997,0.609796,30.3505,65.5229
34680000,0.291853,0.512513,30.3686,65.5475
34685000,0.285836,0.627948,30.3801,65.4912
34690000,0.279942,0.564257,30.367,65.506
34695000,0.27417,0.624719,30.3697,65.5062
34700000,0.268517,0.580959,30.4025,65.4962
34705000,0.262981,0.579426,30.3766,65.4921
34710000,0.257559,0.55806,30.3815,65.4592
34715000,0.252249,0.641047,30.3919,65.4757
34720000,0.247048,0.536064,30.3781,65.5425
34725000,0.241954,0.573605,30.4018,65.4358
34730000,0.236965,0.514935,30.3783,65.4489
34735000,0.23208,0.658774,30.4005,65.5251
34740000,0.227295,0.512258,30.3952,65.459
34745000,0.222608,0.568249,30.3814,65.485
34750000,0.218019,0.528027,30.413,65.4183
34755000,0.213524,0.457635,30.3865,65.4313
34760000,0.209121,0.58519,30.3498,65.4105
34765000,0.20481,0.563321,30.4107,65.4101
34770000,0.200587,0.562152,30.3729,65.5323
34775000,0.196451,0.503719,30.4073,65.4953
34780000,0.192401,0.580561,30.3741,65.453
34785000,0.188434,0.558787,30.373,65.3316
34790000,0.184549,0.578387,30.3794,65.519
34795000,0.180744,0.644562,30.3744,65.4901
34800000,0.177017,0.576302,30.3914,65.4092
34805000,0.173367,0.619208,30.367,65.3637
34810000,0.169793,0.595821,30.3683,65.4044
34815000,0.166292,0.573332,30.3932,65.4298
34820000,0.162864,0.551708,30.3864,65.4105
34825000,0.159506,0.530913,30.4033,65.4171
34830000,0.156217,0.592062,30.3806,65.4117
34835000,0.152996,0.613568,30.4106,65.4512
34840000,0.149842,0.636006,30.387,65.4766
34845000,0.146752,0.611839,30.3962,65.4713
34850000,0.143727,0.611001,30.3788,65.3939
34855000,0.140763,0.566264,30.3646,65.3779
34860000,0.137861,0.609377,30.3969,65.3392
34865000,0.135019,0.586193,30.4069,65.3413
34870000,0.132235,0.523363,30.4006,65.3612
34875000,0.129509,0.584668,30.4142,65.4149
34880000,0.126838,0.629637,30.3903,65.4267
34885000,0.124223,0.483722,30.383,65.3152
34890000,0.121662,0.50135,30.4094,65.3208
34895000,0.119154,0.386444,30.3696,65.3569
34900000,0.116697,0.481638,30.3726,65.3574
34905000,0.114291,0.518395,30.4139,65.3075
34910000,0.111934,0.579802,30.3925,65.4341
34915000,0.109627,0.517104,30.3978,65.3202
34920000,0.107366,0.444509,30.372,65.3269
34925000,0.105153,0.460823,30.3565,65.3443
34930000,0.102985,0.577324,30.3723,65.3126
34935000,0.100861,0.426444,30.3488,65.3542
34940000,0.0987818,0.476678,30.4097,65.3392
34945000,0.0967451,0.513537,30.4169,65.3853
34950000,0.0947504,0.424752,30.4379,65.3343
34955000,0.0927969,0.440475,30.3558,65.3777
34960000,0.0908836,0.573974,30.3837,65.2964
34965000,0.0890098,0.456354,30.3697,65.2278
34970000,0.0871746,0.455846,30.414,65.3606
34975000,0.0853773,0.572449,30.4161,65.3037
34980000,0.083617,0.490817,30.4074,65.2865
34985000,0.081893,0.490339,30.3783,65.1931
34990000,0.0802045,0.528823,30.3973,65.2909
34995000,0.0785509,0.528365,30.4091,65.2685
35000000,0.0769313,0.470628,30.385,65.3929
35005000,0.0753452,0.569672,30.3851,65.2448
35010000,0.0737917,0.569242,30.392,65.2761
35015000,0.0722703,0.56882,30.3637,65.3043
35020000,0.0707802,0.451307,30.3942,65.2515
35025000,0.0693209,0.505945,30.384,65.2767
35030000,0.0678917,0.590006,30.3744,65.2494
35035000,0.0664919,0.505161,30.3987,65.2398
35040000,0.065121,0.416549,30.4104,65.2966
35045000,0.0637783,0.466987,30.4034,65.3228
35050000,0.0624633,0.523911,30.3714,65.1721
35055000,0.0611755,0.523554,30.3965,65.2256
35060000,0.0599142,0.50334,30.3932,65.2657
35065000,0.0586789,0.522863,30.4342,65.2669
35070000,0.057469,0.447621,30.407,65.2151
35075000,0.0562842,0.383462,30.4199,65.2735
35080000,0.0551237,0.542554,30.4016,65.1701
35085000,0.0539872,0.368402,30.3945,65.2666
35090000,0.0528741,0.463968,30.3887,65.235
35095000,0.0517839,0.520954,30.4291,65.2638
35100000,0.0507163,0.481708,30.4089,65.2304
35105000,0.0496706,0.463081,30.3793,65.258
35110000,0.0486465,0.584677,30.4083,65.2788
35115000,0.0476435,0.480857,30.4172,65.2446
35120000,0.0466612,0.444629,30.4194,65.1777
35125000,0.0456992,0.411171,30.4319,65.2054
35130000,0.0447569,0.539684,30.4119,65.2073
35135000,0.0438341,0.498888,30.395,65.1746
35140000,0.0429304,0.518503,30.46,65.207
35145000,0.0420453,0.443351,30.4081,65.2579
35150000,0.0411784,0.538693,30.4277,65.2785
35155000,0.0403294,0.497918,30.3727,65.2672
35160000,0.0394979,0.517552,30.4264,65.2014
35165000,0.0386835,0.517327,30.4134,65.1849
35170000,0.0378859,0.478156,30.4054,65.1551
35175000,0.0371048,0.477939,30.4103,65.2754
35180000,0.0363398,0.441772,30.4018,65.0341
35185000,0.0355905,0.424637,30.4241,65.1944
35190000,0.0348567,0.558462,30.4159,65.2152
35195000,0.0341381,0.45878,30.4071,65.1192
35200000,0.0334342,0.515874,30.4198,65.2533
35205000,0.0327449,0.423849,30.4235,65.1589
35210000,0.0320697,0.440589,30.4073,65.1846
35215000,0.0314085,0.458025,30.4151,65.0481
35220000,0.030761,0.579726,30.4125,65.1497
35225000,0.0301267,0.495093,30.4262,65.1336
35230000,0.0295056,0.494921,30.3967,65.1245
35235000,0.0288973,0.439711,30.4326,65.1663
35240000,0.0283015,0.422618,30.4013,65.0475
35245000,0.0277179,0.47534,30.404,65.1219
35250000,0.0271465,0.422299,30.4038,65.191
35255000,0.0265868,0.513978,30.4096,65.0831
35260000,0.0260386,0.534502,30.4454,65.1572
35265000,0.0255017,0.456389,30.4422,65.082
35270000,0.0249759,0.493667,30.4261,65.1264
35275000,0.024461,0.534065,30.4141,65.0562
35280000,0.0239567,0.438343,30.4114,65.0635
35285000,0.0234627,0.493248,30.4071,65.0927
35290000,0.022979,0.421145,30.4377,65.1524
35295000,0.0225052,0.45556,30.4786,65.059
35300000,0.0220412,0.577311,30.4109,65.0436
35305000,0.0215868,0.437687,30.4002,65.023
35310000,0.0211417,0.47352,30.391,65.1264
35315000,0.0207058,0.455062,30.4671,65.0543
35320000,0.0202789,0.437325,30.4158,64.9746
35325000,0.0198608,0.492251,30.4177,65.0232
35330000,0.0194513,0.532678,30.4035,64.9798
35335000,0.0190502,0.576483,30.3943,65.0827
35340000,0.0186575,0.532458,30.4038,65.0771
35345000,0.0182728,0.403578,30.449,65.1488
35350000,0.017896,0.403474,30.3953,65.0947
35355000,0.0175271,0.454182,30.4307,65.0625
35360000,0.0171657,0.454081,30.426,65.0763
35365000,0.0168118,0.511272,30.4398,65.0887
35370000,0.0164652,0.531851,30.4317,65.0415
35375000,0.0161257,0.511082,30.4292,65.0292
35380000,0.0157932,0.387265,30.4255,65.0189
35385000,0.0154676,0.471949,30.4042,64.9972
35390000,0.0151487,0.471861,30.3816,65.0979
35395000,0.0148363,0.435818,30.4082,64.9982
35400000,0.0145305,0.490775,30.4281,65.0192
35405000,0.0142309,0.531232,30.436,65.099
35410000,0.0139375,0.402378,30.4299,64.9746
35415000,0.0136501,0.43549,30.4343,65.0278
35420000,0.0133687,0.386594,30.4589,64.9259
35425000,0.013093,0.471291,30.4272,65.032
35430000,0.0128231,0.471217,30.4209,65.0536
35435000,0.0125587,0.401996,30.4043,65.0036
35440000,0.0122998,0.471072,30.4372,64.9838
35445000,0.0120462,0.509952,30.4627,65.0405
35450000,0.0117978,0.434977,30.4249,64.9806
35455000,0.0115546,0.452528,30.3957,64.8786
35460000,0.0113163,0.434844,30.4439,64.9566
35465000,0.011083,0.55188,30.4219,64.9199
35470000,0.0108545,0.489757,30.4529,64.9054
35475000,0.0106307,0.574152,30.4082,64.8905
35480000,0.0104115,0.5095,30.4252,64.9678
35485000,0.0101969,0.50944,30.3987,64.9011
35490000,0.00998662,0.530057,30.4636,64.8526
35495000,0.00978072,0.470374,30.4346,64.9342
35500000,0.00957906,0.451981,30.3911,64.9397
35505000,0.00938156,0.470264,30.4393,65.0254
35510000,0.00918814,0.434254,30.4419,64.9564
35515000,0.0089987,0.5737,30.4678,64.8402
35520000,0.00881316,0.434151,30.4101,64.8766
35525000,0.00863146,0.573599,30.4121,64.9709
35530000,0.00845349,0.417123,30.4504,64.9087
35535000,0.0082792,0.341888,30.4448,64.9373
35540000,0.0081085,0.433955,30.4589,64.9076
35545000,0.00794132,0.416982,30.4507,64.8591
35550000,0.00777759,0.529446,30.3954,64.9208
35555000,0.00761723,0.508726,30.415,64.9529
35560000,0.00746018,0.699742,30.4246,64.9175
35565000,0.00730637,0.400542,30.4251,64.8459
35570000,0.00715573,0.45131,30.4578,64.7364
35575000,0.00700819,0.488693,30.4209,64.9752
35580000,0.0068637,0.508517,30.4254,64.7642
35585000,0.00672218,0.45119,30.4353,64.9912
35590000,0.00658359,0.433533,30.4151,64.8868
35595000,0.00644785,0.400304,30.4321,64.9523
35600000,0.00631491,0.488501,30.4226,64.7369
35605000,0.00618471,0.451041,30.4292,64.9411
35610000,0.00605719,0.400196,30.4091,64.8132
35615000,0.00593231,0.355097,30.4588,64.7667
35620000,0.00581,0.433319,30.4193,64.846
35625000,0.00569021,0.488328,30.3911,64.8471
35630000,0.00557289,0.400062,30.4231,64.9073
35635000,0.00545799,0.488263,30.422,64.881
35640000,0.00534545,0.450809,30.458,64.8991
35645000,0.00523524,0.384342,30.4333,64.9054
35650000,0.0051273,0.416202,30.4568,64.8418
35655000,0.00502159,0.433101,30.4364,64.8381
35660000,0.00491806,0.384255,30.4258,64.8414
35665000,0.00481666,0.507951,30.4551,64.862
35670000,0.00471735,0.433017,30.4482,64.7928
35675000,0.00462009,0.416062,30.4695,64.7599
35680000,0.00452483,0.369132,30.4427,64.8444
35685000,0.00443154,0.219939,30.4452,64.7927
35690000,0.00434017,0.432912,30.4357,64.726
35695000,0.00425068,0.487929,30.4107,64.8529
35700000,0.00416304,0.487905,30.4658,64.7909
35705000,0.00407721,0.415912,30.4437,64.8635
35710000,0.00399315,0.487858,30.403,64.8168
35715000,0.00391082,0.450412,30.4599,64.8325
35720000,0.00383019,0.450389,30.4426,64.6682
35725000,0.00375122,0.432749,30.4696,64.8238
35730000,0.00367387,0.432728,30.4353,64.768
35735000,0.00359813,0.432707,30.438,64.7788
35740000,0.00352394,0.468642,30.4155,64.7312
35745000,0.00345128,0.247552,30.4286,64.8394
35750000,0.00338013,0.487688,30.4036,64.8283
35755000,0.00331044,0.399436,30.4508,64.7555
35760000,0.00324218,0.399417,30.4464,64.7788
35765000,0.00317534,0.43259,30.4461,64.7581
35770000,0.00310987,0.415644,30.457,64.7658
35775000,0.00304575,0.415626,30.4451,64.7267
35780000,0.00298295,0.450155,30.4269,64.7404
35785000,0.00292145,0.487561,30.4586,64.7514
35790000,0.00286122,0.383685,30.4605,64.7355
35795000,0.00280222,0.415559,30.4409,64.7171
35800000,0.00274445,0.415543,30.4146,64.6759
35805000,0.00268786,0.571953,30.4652,64.8071
35810000,0.00263245,0.507346,30.4672,64.7215
35815000,0.00257817,0.487466,30.4456,64.7237
35820000,0.00252501,0.43241,30.4392,64.8124
35825000,0.00247295,0.399204,30.4458,64.7031
35830000,0.00242197,0.36855,30.4524,64.7261
35835000,0.00237203,0.41544,30.4358,64.7224
35840000,0.00232312,0.383536,30.4582,64.7335
35845000,0.00227523,0.449959,30.4749,64.6851
35850000,0.00222832,0.507234,30.4282,64.6117
35855000,0.00218237,0.487356,30.4455,64.7182
35860000,0.00213738,0.507209,30.4318,64.6885
35865000,0.00209331,0.527872,30.4876,64.7087
35870000,0.00205015,0.507185,30.4596,64.6604
35875000,0.00200788,0.449885,30.469,64.696
35880000,0.00196648,0.368424,30.4398,64.7384
35885000,0.00192594,0.4682,30.4555,64.6023
35890000,0.00188623,0.383415,30.4606,64.64
35895000,0.00184734,0.432222,30.4403,64.6693
35900000,0.00180925,0.313987,30.4596,64.648
35905000,0.00177195,0.36837,30.4621,64.7453
35910000,0.00173541,0.487233,30.4476,64.7222
35915000,0.00169963,0.383363,30.4736,64.6517
35920000,0.00166459,0.432171,30.4512,64.615
35925000,0.00163027,0.44978,30.4364,64.6352
35930000,0.00159666,0.432153,30.4557,64.5978
35935000,0.00156374,0.50705,30.4782,64.5978
35940000,0.0015315,0.353879,30.4651,64.5655
35945000,0.00149992,0.487168,30.4593,64.5624
35950000,0.001469,0.353861,30.4867,64.6566
35955000,0.00143871,0.289783,30.4622,64.6521
35960000,0.00140905,0.415173,30.437,64.617
35965000,0.00137999,0.468048,30.4495,64.6755
35970000,0.00135154,0.432085,30.4438,64.62
35975000,0.00132368,0.415149,30.4619,64.5548
35980000,0.00129639,0.432069,30.4494,64.617
35985000,0.00126966,0.368231,30.4886,64.7041
35990000,0.00124348,0.33994,30.4337,64.5598
35995000,0.00121784,0.449666,30.4396,64.5223
