step,co,stel_co,twa_co,proj_co,no2,stel_no2,twa_no2,proj_no2,model_ok,x0,x1,x2,x3,x4,x5,x6,x7,rule_co,lp_co,rule_no2,lp_no2
0,nan,nan,0,nan,nan,nan,0,nan,0,0,0,0,0,0,0,0.2326677,0.3391787,0,0,0,0
1,nan,nan,0,nan,nan,nan,0,nan,0,0,0,0,0,0,0,0.2234363,0.3405997,0,0,0,0
2,nan,nan,0,nan,nan,nan,0,nan,0,0,0,0,0,0,0,0.2279427,0.3368674,0,0,0,0
3,nan,nan,0,nan,nan,nan,0,nan,0,0,0,0,0,0,0,0.23185,0.3367971,0,0,0,0
4,nan,nan,0,nan,nan,nan,0,nan,0,0,0,0,0,0,0,0.2285791,0.3367829,0,0,0,0
5,nan,nan,0,nan,nan,nan,0,nan,0,0,0,0,0,0,0,0.2283988,0.3403228,0,0,0,0
6,nan,nan,0,nan,nan,nan,0,nan,0,0,0,0,0,0,0,0.2294556,0.3378887,0,0,0,0
7,nan,nan,0,nan,nan,nan,0,nan,0,0,0,0,0,0,0,0.2269132,0.3339066,0,0,0,0
8,nan,nan,0,nan,nan,nan,0,nan,0,0,0,0,0,0,0,0.2299346,0.3362935,0,0,0,0
9,nan,nan,0,nan,nan,nan,0,nan,0,0,0,0,0,0,0,0.2317194,0.3379082,0,0,0,0
10,nan,nan,0,nan,nan,nan,0,nan,0,0,0,0,0,0,0,0.2212567,0.3384421,0,0,0,0
11,nan,nan,0,nan,nan,nan,0,nan,0,0,0,0,0,0,0,0.2284222,0.3383194,0,0,0,0
12,nan,nan,0,nan,nan,nan,0,nan,0,0,0,0,0,0,0,0.2297513,0.3391933,0,0,0,0
13,nan,nan,0,nan,nan,nan,0,nan,0,0,0,0,0,0,0,0.2248036,0.3400102,0,0,0,0
14,nan,nan,0,nan,nan,nan,0,nan,0,0,0,0,0,0,0,0.2314342,0.3406087,0,0,0,0
15,nan,nan,0,nan,nan,nan,0,nan,0,0,0,0,0,0,0,0.2233954,0.3411987,0,0,0,0
16,nan,nan,0,nan,nan,nan,0,nan,0,0,0,0,0,0,0,0.2275455,0.3417041,0,0,0,0
17,nan,nan,0,nan,nan,nan,0,nan,0,0,0,0,0,0,0,0.228455,0.3408067,0,0,0,0
18,nan,nan,0,nan,nan,nan,0,nan,0,0,0,0,0,0,0,0.2304603,0.3416815,0,0,0,0
19,nan,nan,0,nan,nan,nan,0,nan,0,0,0,0,0,0,0,0.2302506,0.341201,0,0,0,0
20,nan,nan,0,nan,nan,nan,0,nan,0,0,0,0,0,0,0,0.2284167,0.3427433,0,0,0,0
21,nan,nan,0,nan,nan,nan,0,nan,0,0,0,0,0,0,0,0.2299427,0.3421772,0,0,0,0
22,nan,nan,0,nan,nan,nan,0,nan,0,0,0,0,0,0,0,0.2244014,0.3420998,0,0,0,0
23,nan,nan,0,nan,nan,nan,0,nan,0,0,0,0,0,0,0,0.2282623,0.3409795,0,0,0,0
24,nan,nan,0,nan,nan,nan,0,nan,0,0,0,0,0,0,0,0.2313558,0.3405115,0,0,0,0
25,nan,nan,0,nan,nan,nan,0,nan,0,0,0,0,0,0,0,0.2271015,0.341845,0,0,0,0
26,nan,nan,0,nan,nan,nan,0,nan,0,0,0,0,0,0,0,0.2293164,0.3393538,0,0,0,0
27,nan,nan,0,nan,nan,nan,0,nan,0,0,0,0,0,0,0,0.2261112,0.3387353,0,0,0,0
28,nan,nan,0,nan,nan,nan,0,nan,0,0,0,0,0,0,0,0.2314879,0.3421066,0,0,0,0
29,nan,nan,0,nan,nan,nan,0,nan,0,0,0,0,0,0,0,0.2295743,0.3428697,0,0,0,0
30,nan,nan,0,nan,nan,nan,0,nan,0,0,0,0,0,0,0,0.2223469,0.3411193,0,0,0,0
31,nan,nan,0,nan,nan,nan,0,nan,0,0,0,0,0,0,0,0.2287592,0.3421658,0,0,0,0
32,nan,nan,0,nan,nan,nan,0,nan,0,0,0,0,0,0,0,0.2301783,0.3426356,0,0,0,0
33,nan,nan,0,nan,nan,nan,0,nan,0,0,0,0,0,0,0,0.2283524,0.3456208,0,0,0,0
34,nan,nan,0,nan,nan,nan,0,nan,0,0,0,0,0,0,0,0.22617,0.3432322,0,0,0,0
35,nan,nan,0,nan,nan,nan,0,nan,0,0,0,0,0,0,0,0.2270827,0.3446852,0,0,0,0
36,nan,nan,0,nan,nan,nan,0,nan,0,0,0,0,0,0,0,0.2324836,0.3454309,0,0,0,0
37,nan,nan,0,nan,nan,nan,0,nan,0,0,0,0,0,0,0,0.2228434,0.3435371,0,0,0,0
38,nan,nan,0,nan,nan,nan,0,nan,0,0,0,0,0,0,0,0.2264166,0.3414288,0,0,0,0
39,nan,nan,0,nan,nan,nan,0,nan,0,0,0,0,0,0,0,0.2266306,0.3423624,0,0,0,0
40,nan,nan,0,nan,nan,nan,0,nan,0,0,0,0,0,0,0,0.2275139,0.3458143,0,0,0,0
41,nan,nan,0,nan,nan,nan,0,nan,0,0,0,0,0,0,0,0.2248115,0.3470441,0,0,0,0
42,nan,nan,0,nan,nan,nan,0,nan,0,0,0,0,0,0,0,0.2278565,0.3430412,0,0,0,0
43,nan,nan,0,nan,nan,nan,0,nan,0,0,0,0,0,0,0,0.2246575,0.3469227,0,0,0,0
44,nan,nan,0,nan,nan,nan,0,nan,0,0,0,0,0,0,0,0.2259294,0.3433125,0,0,0,0
45,nan,nan,0,nan,nan,nan,0,nan,0,0,0,0,0,0,0,0.2243956,0.3435713,0,0,0,0
46,nan,nan,0,nan,nan,nan,0,nan,0,0,0,0,0,0,0,0.2214374,0.3448137,0,0,0,0
47,nan,nan,0,nan,nan,nan,0,nan,0,0,0,0,0,0,0,0.226402,0.3474097,0,0,0,0
48,nan,nan,0,nan,nan,nan,0,nan,0,0,0,0,0,0,0,0.230756,0.3472304,0,0,0,0
49,nan,nan,0,nan,nan,nan,0,nan,0,0,0,0,0,0,0,0.2281015,0.3454837,0,0,0,0
50,nan,nan,0,nan,nan,nan,0,nan,0,0,0,0,0,0,0,0.2287553,0.3482569,0,0,0,0
51,nan,nan,0,nan,nan,nan,0,nan,0,0,0,0,0,0,0,0.2287186,0.3484325,0,0,0,0
52,nan,nan,0,nan,nan,nan,0,nan,0,0,0,0,0,0,0,0.2267077,0.3489282,0,0,0,0
53,nan,nan,0,nan,nan,nan,0,nan,0,0,0,0,0,0,0,0.2269657,0.3486589,0,0,0,0
54,nan,nan,0,nan,nan,nan,0,nan,0,0,0,0,0,0,0,0.2190545,0.3468781,0,0,0,0
55,nan,nan,0,nan,nan,nan,0,nan,0,0,0,0,0,0,0,0.2249395,0.3453867,0,0,0,0
56,nan,nan,0,nan,nan,nan,0,nan,0,0,0,0,0,0,0,0.2289814,0.3520186,0,0,0,0
57,nan,nan,0,nan,nan,nan,0,nan,0,0,0,0,0,0,0,0.2266024,0.3496931,0,0,0,0
58,nan,nan,0,nan,nan,nan,0,nan,0,0,0,0,0,0,0,0.2241113,0.3477178,0,0,0,0
59,nan,nan,0,nan,nan,nan,0,nan,0,0,0,0,0,0,0,0.2272931,0.3488386,0,0,0,0
60,0,nan,0,nan,0.1236585,nan,4.293697e-05,nan,0,0,0.03318407,0,0,0,0,0.2253454,0.3475718,0,0,0,0
61,0,nan,0,nan,0.09318699,nan,7.529356e-05,nan,0,0,0.02507757,0,0,0,0,0.2243019,0.3512192,0,0,0,0
62,0,nan,0,nan,0.1530787,nan,0.0001284459,nan,0,0,0.04096792,0,0,0,0,0.2195625,0.3494949,0,0,0,0
63,0,nan,0,nan,0.1184639,nan,0.0001695792,nan,0,0,0.03180535,0,0,0,0,0.225131,0.3497878,0,0,0,0
64,0,nan,0,nan,0.07940871,nan,0.0001971516,nan,0,0,0.02139704,0,0,0,0,0.2222803,0.3446828,0,0,0,0
65,0,0,0,nan,0.1826594,0.125076,0.000260575,nan,0,0,0.04875214,0,0.03356009,0,0,0.2247386,0.3520267,0,0,0,0
66,0,0,0,nan,0.06246511,0.1161316,0.0002822643,nan,0,0,0.01685807,0,0.03118589,0,0,0.2212836,0.3492032,0,0,0,0
67,0,0,0,nan,0.05322925,0.1082688,0.0003007467,nan,0,0,0.01437787,0,0.02909557,0,0,0.2270777,0.3505569,0,0,0,0
68,0,0,0,nan,0.07629505,0.1047162,0.000327238,nan,0,0,0.020564,0,0.0281501,0,0,0.2218849,0.3512711,0,0,0,0
69,0,0,0,nan,0.08264944,0.1025095,0.0003559358,nan,0,0,0.02226357,0,0.02756253,0,0,0.228816,0.3506114,0,0,0,0
70,0,0,0,nan,0.06001581,0.09864644,0.0003767746,nan,0,0,0.01620075,0,0.02653333,0,0,0.2228693,0.3505947,0,0,0,0
71,0,0,0,nan,0.1702935,0.104617,0.0004359043,nan,0,0,0.04550314,0,0.02812371,0,0,0.2241297,0.3508955,0,0,0,0
72,0,0,0,nan,0.07042921,0.1019872,0.0004603589,nan,0,0,0.01899333,0,0.02742342,0,0,0.2251111,0.3503079,0,0,0,0
73,0,0,0,nan,0.07940871,0.1003744,0.0004879313,nan,0,0,0.02139704,0,0.0269938,0,0,0.2190582,0.3510871,0,0,0,0
74,0,0,0,nan,0.06501436,0.0980171,0.0005105058,nan,0,0,0.01754189,0,0.02636559,0,0,0.2181295,0.3508059,0,0,0,0
75,0,0,0,nan,0.1138188,0.09900471,0.0005500262,nan,0,0,0.03057136,0,0.02662881,0,0,0.2319723,0.3504451,0,0,0,0
76,0,0,0,nan,0.07330348,0.09749288,0.0005754788,nan,0,0,0.01976317,0,0.02622586,0,0,0.2239003,0.3538235,0,0,0,0
77,0,0,0,nan,0.07042921,0.09598934,0.0005999334,nan,0,0,0.01899333,0,0.025825,0,0,0.2220996,0.3533964,0,0,0,0
78,0,0,0,nan,0.06766764,0.09449872,0.0006234291,nan,0,0,0.01825328,0,0.02542748,0,0,0.2252253,0.3520278,0,0,0,0
79,0,0,0,nan,0.08953307,0.09425044,0.000654517,nan,0,0,0.02410243,0,0.02536125,0,0,0.2273609,0.3525268,0,0,0,0
80,0,0,0,nan,0.09699002,0.0943809,0.000688194,nan,0,0,0.0260918,0,0.02539605,0,0,0.2210068,0.3562637,0,0,0,0
81,0,0,0,nan,0.1413094,0.09651401,0.0007372598,nan,0,0,0.03785911,0,0.02596489,0,0,0.2215189,0.3537378,0,0,0,0
82,0,0,0,nan,0.1783715,0.100073,0.0007991944,nan,0,0,0.04762637,0,0.02691349,0,0,0.2224326,0.3520339,0,0,0,0
83,0,0,0,nan,0.1339576,0.1014849,0.0008457074,nan,0,0,0.03591375,0,0.02728963,0,0,0.2218134,0.3529949,0,0,0,0
84,0,0,0,nan,0.1859929,0.1048652,0.0009102883,nan,0,0,0.04962673,0,0.02818978,0,0,0.2214081,0.352654,0,0,0,0
85,0,0,0,nan,0,0.1008319,0.0009102883,nan,0,0,0,0,0.02711568,0,0,0.2297547,0.3550748,0,0,0,0
86,0,0,0,nan,0.05322925,0.09906887,0.0009287707,nan,0,0,0.01437787,0,0.02664591,0,0,0.2224983,0.3520418,0,0,0,0
87,0,0,0,nan,0.1451146,0.1007134,0.0009791577,nan,0,0,0.03886496,0,0.02708409,0,0,0.2249552,0.3567397,0,0,0,0
88,0,0,0,nan,0.1700824,0.1031054,0.001038214,nan,0,0,0.04544761,0,0.02772122,0,0,0.2214038,0.3519677,0,0,0,0
89,0,0,0,0,0.1380969,0.1042718,0.001086164,0.1117035,0,0,0.03700936,0,0.02803179,0,0.03000905,0.2237176,0.3563925,0,0,0,0
90,0,0,0,0,0.180929,0.1067446,0.001148987,0.1117772,0,0,0.04829792,0,0.02869,0,0.03002864,0.2231957,0.3560115,0,0,0,0
91,0,0,0,0,0.06001581,0.1052843,0.001169826,0.118077,0,0,0.01620075,0,0.02830135,0,0.03170261,0.2225117,0.3565875,0,0,0,0
92,0,0,0,0,0.1563498,0.1068318,0.001224114,0.1295712,0,0,0.0418308,0,0.0287132,0,0.03475181,0.218986,0.353242,0,0,0,0
93,0,0,0,0,0.05322925,0.1052552,0.001242596,0.1186369,0,0,0.01437787,0,0.0282936,0,0.03185129,0.2208088,0.3557926,0,0,0,0
94,0,0,0,0,0.1333193,0.106057,0.001288888,0.1151511,0,0,0.03574472,0,0.02850702,0,0.03092539,0.2250043,0.3578413,0,0,0,0
95,0,0,0,0,0.1721825,0.1078939,0.001348673,0.118822,0,0,0.04599993,0,0.02899581,0,0.03190044,0.2166698,0.3567916,0,0,0,0
96,0,0,0,0,0.1815596,0.1098848,0.001411715,0.1202153,0,0,0.04846347,0,0.02952543,0,0.03227036,0.2235925,0.3577869,0,0,0,0
97,0,0,0,0,0.08602243,0.1092569,0.001441584,0.1234693,0,0,0.02316491,0,0.02935841,0,0.0331339,0.222259,0.3571541,0,0,0,0
98,0,0,0,0,0.2108089,0.1118608,0.001514781,0.1310149,0,0,0.0561209,0,0.03005087,0,0.03513436,0.2214565,0.3553363,0,0,0,0
99,0,0,0,0,0.09318699,0.1113939,0.001547138,0.1355718,0,0,0.02507757,0,0.02992674,0,0.0363411,0.2177526,0.3551359,0,0,0,0
100,0,0,0,0,0.1253302,0.1117338,0.001590655,0.1354098,0,0,0.0336275,0,0.03001712,0,0.03629823,0.2246534,0.3606379,0,0,0,0
101,0,0,0,0,0.132638,0.1122316,0.00163671,0.1305976,0,0,0.03556428,0,0.03014944,0,0.03502378,0.2180034,0.3556739,0,0,0,0
102,0,0,0,0,0.1557038,0.1132425,0.001690774,0.1286722,0,0,0.04166042,0,0.03041818,0,0.03451356,0.2234369,0.3566667,0,0,0,0
103,0,0,0,0,0.1136072,0.1132508,0.001730221,0.1321172,0,0,0.03051511,0,0.03042039,0,0.03542634,0.2200965,0.3564318,0,0,0,0
104,0,0,0,0,0.07940871,0.1124988,0.001757793,0.1176771,0,0,0.02139704,0,0.03022048,0,0.0315964,0.2209167,0.3571231,0,0,0,0
105,0,0,0,0,0.1742517,0.1138412,0.001818297,0.1273557,0,0,0.04654391,0,0.03057731,0,0.03416459,0.2162201,0.3612613,0,0,0,0
106,0,0,0,0,0.1964683,0.1155993,0.001886516,0.1366285,0,0,0.05237162,0,0.03104446,0,0.03662079,0.2182441,0.3546524,0,0,0,0
107,0,0,0,0,0.07330348,0.1147181,0.001911968,0.1300677,0,0,0.01976317,0,0.03081033,0,0.03488338,0.2198963,0.3580281,0,0,0,0
108,0,0,0,0,0.1901139,0.1162568,0.00197798,0.1352516,0,0,0.05070718,0,0.03121915,0,0.03625633,0.2195551,0.3544846,0,0,0,0
109,0,0,0,0,0.06501436,0.1152319,0.002000554,0.1295799,0,0,0.01754189,0,0.03094687,0,0.03475412,0.2200791,0.3594952,0,0,0,0
110,0,0,0,0,0.1979383,0.1168536,0.002069283,0.1438715,0,0,0.0527564,0,0.03137769,0,0.03853646,0.2217259,0.3563177,0,0,0,0
111,0,0,0,0,0.05322925,0.1156301,0.002087765,0.1294459,0,0,0.01437787,0,0.03105265,0,0.03471861,0.2176264,0.3624437,0,0,0,0
112,0,0,0,0,0.1471956,0.1162257,0.002138875,0.1236248,0,0,0.03941477,0,0.03121088,0,0.03317514,0.2238827,0.3584184,0,0,0,0
113,0,0,0,0,0.1358787,0.1165896,0.002186055,0.1305989,0,0,0.03642234,0,0.03130756,0,0.03502413,0.2204779,0.3599224,0,0,0,0
114,0,0,0,0,0,0.1144698,0.002186055,0.1074086,0,0,0,0,0.03074435,0,0.02886669,0.2178139,0.3600951,0,0,0,0
115,0,0,0,0,0.169482,0.1154522,0.002244903,0.1208992,0,0,0.04528968,0,0.03100538,0,0.03245189,0.2173723,0.3593907,0,0,0,0
116,0,0,0,0,0.1370713,0.1158314,0.002292497,0.1150678,0,0,0.03673798,0,0.03110615,0,0.03090325,0.2235242,0.3614423,0,0,0,0
117,0,0,0,0,0.1960328,0.1172142,0.002360564,0.1315006,0,0,0.0522576,0,0.03147347,0,0.03526302,0.2154551,0.362047,0,0,0,0
118,0,0,0,0,0.1287051,0.117409,0.002405253,0.1289863,0,0,0.03452227,0,0.03152519,0,0.03459682,0.2230264,0.3639744,0,0,0,0
119,0,0,0,0,0.1409711,0.1178017,0.002454202,0.1295841,0,0,0.03776965,0,0.03162949,0,0.03475523,0.2248105,0.3627781,0,0,0,0
120,0,0,0,0,0.2360087,0.1197395,0.002536149,0.1564193,0,0,0.06268574,0,0.03214404,0,0.04184912,0.2194187,0.3615668,0,0,0,0
121,0,0,0,0,0.07940871,0.119089,0.002563722,0.1466266,0,0,0.02139704,0,0.03197134,0,0.03926447,0.2195636,0.3639866,0,0,0,0
122,0,0,0,0,0.05766256,0.118114,0.002583743,0.1367069,0,0,0.01556892,0,0.03171243,0,0.03664155,0.2207618,0.3620152,0,0,0,0
123,0,0,0,0,0.1670185,0.1188781,0.002641736,0.1347474,0,0,0.04464144,0,0.03191534,0,0.03612287,0.2187621,0.3631953,0,0,0,0
124,0,0,0,0,0.1654311,0.1195943,0.002699177,0.1391849,0,0,0.0442236,0,0.03210549,0,0.03729722,0.2175334,0.3627559,0,0,0,0
125,0,0,0,0,0.1525901,0.1200942,0.00275216,0.1402582,0,0,0.04083901,0,0.03223822,0,0.03758111,0.2158025,0.3636795,0,0,0,0
126,0,0,0,0,0.1788332,0.1209709,0.002814255,0.1338751,0,0,0.04774762,0,0.03247093,0,0.0358919,0.2209249,0.3605545,0,0,0,0
127,0,0,0,0,0.06501436,0.1201481,0.002836829,0.1320423,0,0,0.01754189,0,0.0322525,0,0.03540651,0.2204875,0.3636249,0,0,0,0
128,0,0,0,0,0.08264944,0.1196046,0.002865527,0.1333946,0,0,0.02226357,0,0.03210822,0,0.03576467,0.2181175,0.3632667,0,0,0,0
129,0,0,0,0,0.06766764,0.1188626,0.002889023,0.1220721,0,0,0.01825328,0,0.03191123,0,0.03276316,0.2185166,0.3682213,0,0,0,0
130,0,0,0,0,0.195998,0.1199491,0.002957077,0.1262536,0,0,0.05224852,0,0.03219967,0,0.03387237,0.2209863,0.3702943,0,0,0,0
131,0,0,0,0,0.0511421,0.1189934,0.002974835,0.1140761,0,0,0.0138168,0,0.03194595,0,0.03063972,0.2163347,0.3741706,0,0,0,0
132,0,0,0,0,0,0.1173634,0.002974835,0.09247569,0,0,0,0,0.03151308,0,0.02488779,0.2174354,0.3776802,0,0,0,0
133,0,0,0,0,0.1138188,0.1173155,0.003014356,0.09790076,0,0,0.03057136,0,0.03150036,0,0.02633458,0.2266158,0.385552,0,0,0,0
134,0,0,0,0,0.1283304,0.1174623,0.003058915,0.10352,0,0,0.03442296,0,0.03153937,0,0.02783163,0.2210326,0.3851005,0,0,0,0
135,0,0,0,0,0.1714814,0.1181731,0.003118457,0.1150241,0,0,0.04581556,0,0.03172813,0,0.03089164,0.2172034,0.3941107,0,0,0,0
136,0,0,0,0,0.1328943,0.1183643,0.003164601,0.1073062,0,0,0.03563217,0,0.0317789,0,0.02883944,0.2182219,0.398712,0,0,0,0
137,0,0,0,0,0.05766256,0.1175861,0.003184622,0.1078569,0,0,0.01556892,0,0.03157223,0,0.02898597,0.2219113,0.4020103,0,0,0,0
138,0,0,0,0,0,0.1160976,0.003184622,0.1057445,0,0,0,0,0.03117687,0,0.02842384,0.2216464,0.4050858,0,0,0,0
139,0,0,0,0,0.1009483,0.1159083,0.003219674,0.1047137,0,0,0.02714667,0,0.03112656,0,0.02814945,0.2191785,0.4138192,0,0,0,0
140,0,0,0,0,0.1732851,0.1166166,0.003279842,0.1094347,0,0,0.04628981,0,0.03131473,0,0.02940572,0.2240878,0.4171711,0,0,0,0
141,0,0,0,0,0.05766256,0.1158977,0.003299864,0.09683747,0,0,0.01556892,0,0.03112374,0,0.02605113,0.2261504,0.4197822,0,0,0,0
142,0,0,0,0,0.2038264,0.116957,0.003370637,0.105348,0,0,0.05429657,0,0.03140516,0,0.02831831,0.2210478,0.4288683,0,0,0,0
143,0,0,0,0,0.1567431,0.1174307,0.003425062,0.1165888,0,0,0.0419345,0,0.03153097,0,0.03130735,0.2198051,0.4363706,0,0,0,0
144,0,0,0,0,0.1755555,0.1181145,0.003486019,0.1380456,0,0,0.04688656,0,0.03171257,0,0.0369958,0.2249881,0.4393374,0,0,0,0
145,0,0,0,0,0.2025429,0.1190962,0.003556346,0.1497012,0,0,0.053961,0,0.03197325,0,0.04007647,0.225079,0.4419771,0,0,0,0
146,0,0,0,0,0.1689418,0.1196692,0.003615006,0.1495728,0,0,0.04514755,0,0.03212537,0,0.04004255,0.2240553,0.4483871,0,0,0,0
147,0,0,0,0,0.2332466,0.1209598,0.003695995,0.1694956,0,0,0.06196764,0,0.03246798,0,0.04529324,0.2178186,0.4549265,0,0,0,0
148,0,0,0,0,0.105068,0.1207813,0.003732477,0.1582598,0,0,0.02824377,0,0.03242058,0,0.04233438,0.218726,0.4592786,0,0,0,0
149,0,0,0,0,0.06501436,0.1201616,0.003755051,0.1472238,0,0,0.01754189,0,0.0322561,0,0.0394222,0.2216665,0.4658818,0,0,0,0
150,0,0,0,0,0.143685,0.1203842,0.003804942,0.1426568,0,0,0.03848715,0,0.03231517,0,0.03821535,0.2195262,0.4682656,0,0,0,0
151,0,0,0,0,0.1065437,0.1205326,0.003841936,0.1322917,0,0,0.02863654,0,0.03235457,0,0.03547257,0.2258249,0.4728865,0,0,0,0
152,0,0,0,0,0.2018965,0.121075,0.003912039,0.1375559,0,0,0.05379196,0,0.03249854,0,0.03686623,0.2255503,0.4798537,0,0,0,0
153,0,0,0,0,0.1541775,0.1214718,0.003965573,0.1286278,0,0,0.04125784,0,0.03260386,0,0.03450179,0.2234422,0.48383,0,0,0,0
154,0,0,0,0,0.1887647,0.1226869,0.004031116,0.1381867,0,0,0.05035352,0,0.0329263,0,0.03703313,0.2238853,0.4857521,0,0,0,0
155,0,0,0,0,0.1830125,0.1226908,0.004094662,0.1516356,0,0,0.04884478,0,0.03292734,0,0.0405871,0.2237505,0.4915294,0,0,0,0
156,0,0,0,0,0.1725957,0.1239145,0.004154591,0.1547786,0,0,0.04610857,0,0.03325199,0,0.0414164,0.2314103,0.5000163,0,0,0,0
157,0,0,0,0,0.2103042,0.1256597,0.004227614,0.1679219,0,0,0.05598912,0,0.03371489,0,0.04487918,0.2266347,0.5020069,0,0,0,0
158,0,0,0,0,0.1725957,0.1267297,0.004287543,0.1656656,0,0,0.04610857,0,0.03399863,0,0.04428533,0.2223451,0.5068465,0,0,0,0
159,0,0,0,0,0.198255,0.1280143,0.004356381,0.1720141,0,0,0.05283929,0,0.03433916,0,0.04595564,0.2308802,0.5107491,0,0,0,0
160,0,0,0,0,0.1869707,0.1294249,0.004421302,0.1717145,0,0,0.04988315,0,0.03471303,0,0.04587685,0.2240808,0.5172827,0,0,0,0
161,0,0,0,0,0.310295,0.1309804,0.004529043,0.1887365,0,0,0.08186619,0,0.03512521,0,0.05034613,0.2280075,0.5212937,0,0,0,0
162,0,0,0,0,0.2371173,0.1328325,0.004611375,0.1985402,0,0,0.06297388,0,0.03561581,0,0.05291391,0.2300372,0.5228155,0,0,0,0
163,0,0,0,0,0.2273416,0.1344762,0.004690313,0.2016946,0,0,0.06043123,0,0.03605107,0,0.05373914,0.229076,0.5303117,0,0,0,0
164,0,0,0,0,0.1998413,0.1359743,0.004759703,0.2055164,0,0,0.05325435,0,0.03644765,0,0.05473835,0.2292816,0.533026,0,0,0,0
165,0,0,0,0,0.2330381,0.137299,0.004840619,0.2100652,0,0,0.06191344,0,0.03679823,0,0.0559267,0.228257,0.5359871,0,0,0,0
166,0,0,0,0,0.2850735,0.139652,0.004939602,0.2226564,0,0,0.07538264,0,0.03742076,0,0.05921103,0.2267614,0.5396875,0,0,0,0
167,0,0,0,0,0.2033519,0.1411289,0.005010211,0.2123926,0,0,0.05417253,0,0.03781137,0,0.05653435,0.2276495,0.5447377,0,0,0,0
168,0,0,0,0,0.1689418,0.1422541,0.005068871,0.2066946,0,0,0.04514755,0,0.03810891,0,0.05504625,0.2263354,0.5472586,0,0,0,0
169,0,0,0,0,0.322558,0.1448433,0.00518087,0.2197366,0,0,0.08500807,0,0.03879328,0,0.05845009,0.2309645,0.5517007,0,0,0,0
170,0,0,0,0,0.2421492,0.1464562,0.00526495,0.2252026,0,0,0.06428092,0,0.03921944,0,0.0598743,0.232452,0.5543705,0,0,0,0
171,0,0,0,0,0.2077391,0.1471943,0.005337082,0.2240591,0,0,0.05531914,0,0.03941442,0,0.05957647,0.2316008,0.5597693,0,0,0,0
172,0,0,0,0,0.1567431,0.146954,0.005391506,0.2092771,0,0,0.0419345,0,0.03935094,0,0.05572088,0.2295064,0.5658708,0,0,0,0
173,0,0,0,0,0.2242467,0.1479572,0.00546937,0.2123487,0,0,0.05962534,0,0.03961593,0,0.05652291,0.2327671,0.5659638,0,0,0,0
174,0,0,0,0,0.264416,0.1488286,0.005561181,0.2239443,0,0,0.07005054,0,0.03984604,0,0.05954657,0.2271311,0.5700949,0,0,0,0
175,0,0,0,0,0.2348121,0.1514376,0.005642713,0.2145533,0,0,0.0623747,0,0.04053484,0,0.05709826,0.2307029,0.573733,0,0,0,0
176,0,0,0,0,0.2417624,0.1535324,0.005726658,0.2153195,0,0,0.06418047,0,0.04108764,0,0.05729816,0.2309885,0.5804291,0,0,0,0
177,0,0,0,0,0.1674192,0.1537802,0.00578479,0.2101081,0,0,0.04474691,0,0.04115302,0,0.0559379,0.2326244,0.5842751,0,0,0,0
178,0,0,0,0,0.1909661,0.1540123,0.005851097,0.214865,0,0,0.05093052,0,0.04121424,0,0.0571796,0.2315943,0.5817313,0,0,0,0
179,0,0,0,0,0.2188869,0.1549099,0.0059271,0.2159792,1,0,0.05822857,0,0.04145104,0,0.05747027,0.2248822,0.5894767,0,0,0,0
180,0,0,0,0,0.2109798,0.1552438,0.006000357,0.2107896,1,0,0.05616554,0,0.04153912,0,0.05611586,0.232491,0.588455,0,0,0,0
181,0,0,0,0,0.2345159,0.1571827,0.006081786,0.2121786,1,0,0.06229769,0,0.04205042,0,0.05647849,0.2321583,0.5921285,0,0,0,0
182,0,0,0,0,0.3250141,0.1590568,0.006194638,0.2227967,1,0,0.08563652,0,0.04254446,0,0.05924761,0.2321384,0.5961475,0,0,0,0
183,0,0,0,0,0.2789275,0.1615645,0.006291488,0.2365726,1,0,0.07379831,0,0.04320529,0,0.06283233,0.2325044,0.6003275,0,0,0,0
184,0,0,0,0,0.2427655,0.1627806,0.006375781,0.2429281,1,0,0.06444092,0,0.04352563,0,0.06448314,0.2318854,0.6016306,0,0,0,0
185,0,0,0,0,0.2957617,0.1641537,0.006478476,0.2527226,1,0,0.07813377,0,0.04388725,0,0.06702349,0.2342898,0.6081125,0,0,0,0
186,0,0,0,0,0.2724958,0.1651641,0.006573093,0.2606677,1,0,0.07213846,0,0.0441533,0,0.06908093,0.2341927,0.6117588,0,0,0,0
187,0,0,0,0,0.2202885,0.1666559,0.006649582,0.2591978,1,0,0.05859396,0,0.04454602,0,0.06870051,0.2374929,0.6136501,0,0,0,0
188,0,0,0,0,0.2273416,0.1668396,0.00672852,0.2489536,1,0,0.06043123,0,0.04459437,0,0.06604647,0.2347686,0.6104588,0,0,0,0
189,0,0,0,0,0.2098627,0.168136,0.006801389,0.2414087,1,0,0.05587383,0,0.04493554,0,0.06408864,0.2345353,0.620598,0,0,0,0
190,0,0,0,0,0.105068,0.1679109,0.006837871,0.2251989,1,0,0.02824377,0,0.0448763,0,0.05987334,0.23246,0.619372,0,0,0,0
191,0,0,0,0,0.2817954,0.1695682,0.006935717,0.2233305,1,0,0.07453781,0,0.04531235,0,0.05938666,0.2303634,0.624045,0,0,0,0
192,0,0,0,0,0.2101361,0.170173,0.007008681,0.2161018,1,0,0.05594522,0,0.04547144,0,0.05750225,0.2328525,0.627399,0,0,0,0
193,0,0,0,0,0.3753862,0.1730817,0.007139023,0.2349798,1,0,0.09846539,0,0.04623633,0,0.0624183,0.2382531,0.6261566,0,0,0,0
194,0,0,0,0,0.3021585,0.1755567,0.007243939,0.2444297,1,0,0.07977778,0,0.04688687,0,0.06487288,0.2428343,0.6309705,0,0,0,0
195,0,0,0,0,0.2292786,0.1761681,0.00732355,0.2465452,1,0,0.06093542,0,0.04704752,0,0.06542181,0.2362134,0.6353434,0,0,0,0
196,0,0,0,0,0.3273244,0.177622,0.007437204,0.2717098,1,0,0.08622742,0,0.04742951,0,0.07193548,0.2330661,0.6350493,0,0,0,0
197,0,0,0,0,0.3088164,0.1802388,0.007544432,0.275884,1,0,0.0814869,0,0.04811673,0,0.0730131,0.2351599,0.6389859,0,0,0,0
198,0,0,0,0,0.3197768,0.1816795,0.007655466,0.2897423,1,0,0.08429611,0,0.04849495,0,0.07658502,0.2384667,0.6392686,0,0,0,0
199,0,0,0,0,0.3529949,0.1848793,0.007778033,0.2875925,1,0,0.09277681,0,0.04933462,0,0.07603151,0.2398484,0.6430126,0,0,0,0
200,0,0,0,0,0.3537375,0.1866104,0.007900859,0.2945634,1,0,0.09296583,0,0.04978868,0,0.07782558,0.2435434,0.6462533,0,0,0,0
201,0,0,0,0,0.3214194,0.1895903,0.008012463,0.3060644,1,0,0.08471666,0,0.05056995,0,0.08078068,0.2380942,0.6461818,0,0,0,0
202,0,0,0,0,0.3229584,0.1915432,0.008124601,0.3074261,1,0,0.08511053,0,0.05108175,0,0.08113016,0.2370782,0.6509032,0,0,0,0
203,0,0,0,0,0.3681738,0.1941243,0.008252439,0.3156205,1,0,0.09663551,0,0.05175787,0,0.08323147,0.2393179,0.6531762,0,0,0,0
204,0,0,0,0,0.2864384,0.1973069,0.008351897,0.312161,1,0,0.07573426,0,0.05259116,0,0.0823447,0.2393175,0.6548261,0,0,0,0
205,0,0,0,0,0.284888,0.1985892,0.008450817,0.3051499,1,0,0.07533485,0,0.05292675,0,0.08054594,0.2398218,0.6601596,0,0,0,0
206,0,0,0,0,0.2850735,0.2002337,0.0085498,0.2980018,1,0,0.07538264,0,0.05335702,0,0.07870969,0.2416098,0.6575605,0,0,0,0
207,0,0,0,0,0.3623994,0.2020822,0.008675634,0.3047216,1,0,0.09516879,0,0.05384052,0,0.08043598,0.2345508,0.6644678,0,0,0,0
208,0,0,0,0,0.3014352,0.2040014,0.008780299,0.3035576,1,0,0.07959197,0,0.05434235,0,0.08013709,0.2406883,0.6613533,0,0,0,0
209,0,0,0,0,0.2967075,0.2057319,0.008883322,0.2964816,1,0,0.07837696,0,0.05479465,0,0.07831886,0.2372961,0.6642959,0,0,0,0
210,0,0,0,0,0.2618111,0.2060185,0.008974229,0.29431,1,0,0.06937678,0,0.05486957,0,0.0777604,0.2397411,0.6686524,0,0,0,0
211,0,0,0,0,0.3681738,0.209227,0.009102067,0.305049,1,0,0.09663551,0,0.05570782,0,0.08052004,0.2395585,0.6687552,0,0,0,0
212,0,0,0,0,0.3334704,0.2122916,0.009217855,0.3105204,1,0,0.08779818,0,0.05650799,0,0.08192401,0.2435298,0.6721663,0,0,0,0
213,0,0,0,0,0.310295,0.2138835,0.009325596,0.3050796,1,0,0.08186619,0,0.05692349,0,0.08052788,0.2398288,0.6721909,0,0,0,0
214,0,0,0,0,0.2662604,0.2150039,0.009418048,0.3014323,1,0,0.07052743,0,0.05721582,0,0.07959124,0.2378814,0.6770173,0,0,0,0
215,0,0,0,0,0.2332466,0.2159,0.009499036,0.2936865,1,0,0.06196764,0,0.05744962,0,0.07760002,0.2376178,0.6782143,0,0,0,0
216,0,0,0,0,0.2951912,0.2171929,0.009601533,0.2976476,1,0,0.07798705,0,0.05778684,0,0.07861863,0.2447832,0.6797067,0,0,0,0
217,0,0,0,0,0.3334704,0.2201758,0.009717322,0.2950492,1,0,0.08779818,0,0.05856457,0,0.07795053,0.2376445,0.679452,0,0,0,0
218,0,0,0,0,0.2951912,0.2225373,0.009819819,0.2915499,1,0,0.07798705,0,0.05918002,0,0.07705027,0.2390741,0.6840008,0,0,0,0
219,0,0,0,0,0.3725984,0.2259255,0.009949193,0.3002806,1,0,0.09775836,0,0.06006253,0,0.07929534,0.2433079,0.6874645,0,0,0,0
220,0,0,0,0,0.2399669,0.226414,0.01003251,0.298858,1,0,0.06371421,0,0.06018974,0,0.07892976,0.2408993,0.6874111,0,0,0,0
221,0,0,0,0,0.313737,0.2293317,0.01014145,0.3081563,1,0,0.08274875,0,0.06094923,0,0.08131754,0.2420592,0.6873704,0,0,0,0
222,0,0,0,0,0.3470796,0.2331882,0.01026197,0.3154433,1,0,0.09127026,0,0.06195245,0,0.08318605,0.2395036,0.6937478,0,0,0,0
223,0,0,0,0,0.4300358,0.2367017,0.01041128,0.32678,1,0,0.1122559,0,0.06286586,0,0.0860882,0.2442315,0.6910127,0,0,0,0
224,0,0,0,0,0.3465251,0.2391261,0.0105316,0.3329767,1,0,0.09112895,0,0.06349579,0,0.08767206,0.2427449,0.6936834,0,0,0,0
225,0,0,0,0,0.2884365,0.2404256,0.01063176,0.3242827,1,0,0.07624883,0,0.06383333,0,0.08544941,0.2415386,0.6934801,0,0,0,0
226,0,0,0,0,0.3050577,0.2423385,0.01073768,0.3312676,1,0,0.08052227,0,0.06433006,0,0.08723539,0.2398697,0.6979578,0,0,0,0
227,0,0,0,0,0.3690573,0.2457984,0.01086582,0.3380836,1,0,0.09685979,0,0.06522806,0,0.08897608,0.2431113,0.6988574,0,0,0,0
228,0,0,0,0,0.3771892,0.2499894,0.01099679,0.3420671,1,0,0.09892249,0,0.06631505,0,0.0899924,0.245972,0.7018852,0,0,0,0
229,0,0,0,0,0.3329377,0.2525671,0.0111124,0.3310555,1,0,0.08766209,0,0.06698321,0,0.0871812,0.2414449,0.7030916,0,0,0,0
230,0,0,0,0,0.4013918,0.2551016,0.01125177,0.3376813,1,0,0.1050442,0,0.06763986,0,0.08887339,0.2437601,0.7035097,0,0,0,0
231,0,0,0,0,0.3623994,0.2584876,0.0113776,0.3463548,1,0,0.09516879,0,0.06851666,0,0.09108554,0.2423999,0.7067571,0,0,0,0
232,0,0,0,0,0.3050577,0.2596124,0.01148352,0.3461559,1,0,0.08052227,0,0.06880781,0,0.09103485,0.2446008,0.7065417,0,0,0,0
233,0,0,0,0,0.3470796,0.2617272,0.01160404,0.3434795,1,0,0.09127026,0,0.06935507,0,0.09035259,0.2398197,0.7070612,0,0,0,0
234,0,0,0,0,0.4300358,0.2645548,0.01175336,0.3509469,1,0,0.1122559,0,0.07008643,0,0.09225539,0.2481197,0.7092869,0,0,0,0
235,0,0,0,0,0.3789952,0.2665154,0.01188495,0.35711,1,0,0.09938017,0,0.07059333,0,0.09382396,0.2446872,0.7109987,0,0,0,0
236,0,0,0,0,0.2841648,0.2677956,0.01198362,0.3440747,1,0,0.07514849,0,0.07092424,0,0.09050434,0.246598,0.7121736,0,0,0,0
237,0,0,0,0,0.4320559,0.2700046,0.01213364,0.3525883,1,0,0.1127631,0,0.07149502,0,0.0926733,0.245993,0.7121085,0,0,0,0
238,0,0,0,0,0.3681738,0.272928,0.01226148,0.3603427,1,0,0.09663551,0,0.07225005,0,0.09464602,0.2417361,0.7128397,0,0,0,0
239,0,0,0,0,0.3969731,0.2766164,0.01239931,0.3670005,1,0,0.1039285,0,0.0732021,0,0.09633761,0.2487738,0.7176154,0,0,0,0
240,0,0,0,0,0.4772093,0.2803223,0.01256501,0.3746353,1,0,0.1240547,0,0.07415801,0,0.098275,0.2449675,0.7180089,0,0,0,0
241,0,0,0,0,0.3972139,0.2835519,0.01270293,0.3769823,1,0,0.1039893,0,0.07499057,0,0.09887003,0.2541595,0.7182655,0,0,0,0
242,0,0,0,0,0.3612442,0.2853225,0.01282837,0.3858553,1,0,0.09487519,0,0.07544678,0,0.1011174,0.2430141,0.719867,0,0,0,0
243,0,0,0,0,0.3345368,0.2873264,0.01294452,0.3752892,1,0,0.08807055,0,0.07596298,0,0.09844079,0.2502861,0.7206044,0,0,0,0
244,0,0,0,0,0.508239,0.2908762,0.013121,0.3935406,1,0,0.1317634,0,0.07687689,0,0.1030612,0.2475998,0.7206061,0,0,0,0
245,0,0,0,0,0.4412247,0.2937452,0.0132742,0.4007683,1,0,0.1150631,0,0.07761511,0,0.1048868,0.2482508,0.726101,0,0,0,0
246,0,0,0,0,0.3203949,0.2953874,0.01338545,0.3836245,1,0,0.08445436,0,0.0780375,0,0.1005527,0.2470039,0.7250629,0,0,0,0
247,0,0,0,0,0.3913312,0.2973988,0.01352133,0.3836138,1,0,0.1025026,0,0.07855468,0,0.10055,0.2463492,0.7217141,0,0,0,0
248,0,0,0,0,0.4966846,0.3009998,0.01369379,0.4009015,1,0,0.1288978,0,0.07948011,0,0.1049204,0.2460437,0.7258482,0,0,0,0
249,0,0,0,0,0.4348226,0.3036283,0.01384477,0.4127358,1,0,0.1134575,0,0.08015525,0,0.1079046,0.2480075,0.7277949,0,0,0,0
250,0,0,0,0,0.3398672,0.3053272,0.01396278,0.3951378,1,0,0.08943123,0,0.08059144,0,0.1034648,0.2511505,0.7301719,0,0,0,0
251,0,0,0,0,0.3771892,0.3060704,0.01409374,0.3887278,1,0,0.09892249,0,0.08078223,0,0.1018442,0.2515846,0.7293307,0,0,0,0
252,0,0,0,0,0.477973,0.3087466,0.01425971,0.4076908,1,0,0.1242449,0,0.08146899,0,0.1066332,0.2513889,0.7288261,0,0,0,0
253,0,0,0,0,0.4273158,0.3109686,0.01440808,0.4116589,1,0,0.1115726,0,0.08203894,0,0.1076333,0.2495729,0.7307934,0,0,0,0
254,0,0,0,0,0.3828929,0.3130025,0.01454103,0.3994195,1,0,0.1003675,0,0.08256045,0,0.1045463,0.2469864,0.7336617,0,0,0,0
255,0,0,0,0,0.4320559,0.3152138,0.01469105,0.4007078,1,0,0.1127631,0,0.08312724,0,0.1048715,0.2456903,0.7373754,0,0,0,0
256,0,0,0,0,0.3144899,0.3155406,0.01480025,0.3979929,1,0,0.08294172,0,0.083211,0,0.1041861,0.2492474,0.7340679,0,0,0,0
257,0,0,0,0,0.5277143,0.3191446,0.01498348,0.4164808,1,0,0.1365807,0,0.08413423,0,0.1088476,0.2523247,0.7375272,0,0,0,0
258,0,0,0,0,0.423924,0.3219778,0.01513068,0.4109946,1,0,0.1107201,0,0.08485956,0,0.1074659,0.2518244,0.735947,0,0,0,0
259,0,0,0,0,0.4871417,0.3238065,0.01529982,0.4193553,1,0,0.1265267,0,0.08532756,0,0.1095711,0.252004,0.7369934,0,0,0,0
260,0,0,0,0,0.4676664,0.3263122,0.01546221,0.429511,1,0,0.1216756,0,0.08596857,0,0.1121241,0.2516129,0.7380316,0,0,0,0
261,0,0,0,0,0.4039056,0.3284919,0.01560245,0.4268444,1,0,0.1056785,0,0.08652592,0,0.1114541,0.2533464,0.7407575,0,0,0,0
262,0,0,0,0,0.4871417,0.332163,0.0157716,0.4480511,1,0,0.1265267,0,0.08746417,0,0.1167732,0.2526647,0.7417751,0,0,0,0
263,0,0,0,0,0.4592314,0.3347739,0.01593105,0.441688,1,0,0.1195695,0,0.08813109,0,0.1151792,0.248522,0.7408236,0,0,0,0
264,0,0,0,0,0.4320559,0.3366366,0.01608107,0.442614,1,0,0.1127631,0,0.0886067,0,0.1154113,0.2486216,0.7427902,0,0,0,0
265,0,0,0,0,0.477973,0.3393384,0.01624704,0.442695,1,0,0.1242449,0,0.08929627,0,0.1154316,0.2508933,0.7460619,0,0,0,0
266,0,0,0,0,0.5070223,0.3422857,0.01642309,0.449544,1,0,0.1314619,0,0.09004815,0,0.1171469,0.2508461,0.7415529,0,0,0,0
267,0,0,0,0,0.4426356,0.3453436,0.01657678,0.4539649,1,0,0.1154167,0,0.09082783,0,0.118253,0.2524317,0.7431484,0,0,0,0
268,0,0,0,0,0.3537375,0.3471522,0.0166996,0.4389818,1,0,0.09296583,0,0.09128876,0,0.1145008,0.2531571,0.7463292,0,0,0,0
269,0,0,0,0,0.3944622,0.3491031,0.01683657,0.4317574,1,0,0.1032941,0,0.09178578,0,0.1126882,0.2543874,0.7468202,0,0,0,0
270,0,0,0,0,0.4442036,0.3516944,0.01699081,0.4327404,1,0,0.1158096,0,0.09244573,0,0.1129349,0.2538737,0.7513818,0,0,0,0
271,0,0,0,0,0.4691638,0.3543016,0.01715371,0.432561,1,0,0.1220492,0,0.09310941,0,0.1128899,0.2545566,0.7484111,0,0,0,0
272,0,0,0,0,0.452568,0.3557189,0.01731085,0.4275252,1,0,0.1179036,0,0.09347005,0,0.1116252,0.2536494,0.7502454,0,0,0,0
273,0,0,0,0,0.4592314,0.3577223,0.01747031,0.4307547,1,0,0.1195695,0,0.09397969,0,0.1124364,0.2508898,0.7479703,0,0,0,0
274,0,0,0,0,0.4348226,0.3598562,0.01762129,0.4389484,1,0,0.1134575,0,0.09452234,0,0.1144925,0.2524382,0.7495099,0,0,0,0
275,0,0,0,0,0.4412247,0.3614725,0.01777449,0.4441443,1,0,0.1150631,0,0.09493321,0,0.1157947,0.2554165,0.7534682,0,0,0,0
276,0,0,0,0,0.5609065,0.3646771,0.01796925,0.4597836,1,0,0.1447541,0,0.0957475,0,0.1197075,0.2589414,0.7539739,0,0,0,0
277,0,0,0,0,0.423924,0.3669397,0.01811645,0.4551191,1,0,0.1107201,0,0.09632216,0,0.1185416,0.2530808,0.7525674,0,0,0,0
278,0,0,0,0,0.4974794,0.3699412,0.01828918,0.4601181,1,0,0.1290951,0,0.09708414,0,0.119791,0.2549994,0.7539914,0,0,0,0
279,0,0,0,0,0.4883107,0.3730351,0.01845874,0.4639434,1,0,0.1268173,0,0.09786914,0,0.1207464,0.2555795,0.7515541,0,0,0,0
280,0,0,0,0,0.5070223,0.3775012,0.01863478,0.4738229,1,0,0.1314619,0,0.09900157,0,0.1232109,0.2543477,0.7564511,0,0,0,0
281,0,0,0,0,0.477973,0.379681,0.01880075,0.4790259,1,0,0.1242449,0,0.09955394,0,0.1245071,0.2523471,0.7570012,0,0,0,0
282,0,0,0,0,0.4710377,0.3825799,0.0189643,0.4689634,1,0,0.1225165,0,0.1002882,0,0.1219992,0.2557039,0.7575352,0,0,0,0
283,0,0,0,0,0.5310935,0.38431,0.01914871,0.4820242,1,0,0.1374149,0,0.1007263,0,0.1252536,0.256711,0.7540929,0,0,0,0
284,0,0,0,0,0.5289807,0.3868302,0.01933238,0.4871475,1,0,0.1368934,0,0.1013642,0,0.1265281,0.2515356,0.7596901,0,0,0,0
285,0,0,0,0,0.4676664,0.389479,0.01949477,0.4852494,1,0,0.1216756,0,0.1020342,0,0.126056,0.2560702,0.7576358,0,0,0,0
286,0,0,0,0,0.5289807,0.3917196,0.01967844,0.4900724,1,0,0.1368934,0,0.1026009,0,0.1272553,0.2553797,0.7572613,0,0,0,0
287,0,0,0,0,0.5277143,0.3941518,0.01986168,0.4955993,1,0,0.1365807,0,0.1032156,0,0.1286283,0.2544136,0.7585246,0,0,0,0
288,0,0,0,0,0.4990703,0.3961439,0.02003496,0.4995489,1,0,0.1294899,0,0.103719,0,0.1296087,0.2580542,0.7601071,0,0,0,0
289,0,0,0,0,0.5505688,0.3983392,0.02022613,0.5024176,1,0,0.1422134,0,0.1042735,0,0.1303203,0.2587278,0.7612881,0,0,0,0
290,0,0,0,0,0.4592314,0.3995114,0.02038559,0.494574,1,0,0.1195695,0,0.1045695,0,0.1283737,0.2524372,0.7630051,0,0,0,0
291,0,0,0,0,0.5219248,0.4017392,0.02056681,0.501914,1,0,0.1351503,0,0.1051319,0,0.1301954,0.2598386,0.7622332,0,0,0,0
292,0,0,0,0,0.4496885,0.4031473,0.02072295,0.4926876,1,0,0.117183,0,0.1054872,0,0.1279051,0.25331,0.7645294,0,0,0,0
293,0,0,0,0,0.4496885,0.404053,0.0208791,0.483912,1,0,0.117183,0,0.1057157,0,0.1257233,0.2552865,0.7648857,0,0,0,0
294,0,0,0,0,0.538913,0.4068583,0.02106622,0.4895263,1,0,0.1393435,0,0.1064233,0,0.1271195,0.2573547,0.764219,0,0,0,0
295,0,0,0,0,0.5988062,0.4103463,0.02127414,0.4962286,1,0,0.1540304,0,0.1073025,0,0.1287846,0.2584067,0.7609279,0,0,0,0
296,0,0,0,0,0.5169547,0.4129227,0.02145364,0.5027527,1,0,0.1339213,0,0.1079517,0,0.1304034,0.2603711,0.7641255,0,0,0,0
297,0,0,0,0,0.5310935,0.4147971,0.02163804,0.5047543,1,0,0.1374149,0,0.1084237,0,0.1308998,0.2580711,0.7646773,0,0,0,0
298,0,0,0,0,0.5070223,0.4170814,0.02181409,0.5128279,1,0,0.1314619,0,0.1089988,0,0.1328999,0.254558,0.7696327,0,0,0,0
299,0,0,0,0,0.4658523,0.4189608,0.02197585,0.5154171,1,0,0.1212229,0,0.1094718,0,0.1335408,0.2579657,0.7636515,0,0,0,0
300,0,0,0,0,0.538913,0.4220397,0.02216297,0.5164694,1,0,0.1393435,0,0.1102463,0,0.1338012,0.2616942,0.7700148,0,0,0,0
301,0,0,0,0,0.5492507,0.4240517,0.02235368,0.5118531,1,0,0.1418892,0,0.1107522,0,0.1326586,0.2594563,0.7703833,0,0,0,0
302,0,0,0,0,0.596424,0.4269734,0.02256077,0.5222814,1,0,0.153449,0,0.1114866,0,0.1352385,0.259082,0.7671379,0,0,0,0
303,0,0,0,0,0.5492507,0.4296285,0.02275149,0.5252991,1,0,0.1418892,0,0.1121536,0,0.1359842,0.2592137,0.7714844,0,0,0,0
304,0,0,0,0,0.508239,0.4323171,0.02292796,0.52625,1,0,0.1317634,0,0.1128287,0,0.1362191,0.2585713,0.76885,0,0,0,0
305,0,0,0,0,0.4974794,0.435253,0.02310069,0.5303892,1,0,0.1290951,0,0.1135655,0,0.1372411,0.256457,0.7705939,0,0,0,0
306,0,0,0,0,0.506617,0.4376022,0.0232766,0.5261976,1,0,0.1313615,0,0.1141548,0,0.1362061,0.2582704,0.7717975,0,0,0,0
307,0,0,0,0,0.5716661,0.4402488,0.0234751,0.5303297,1,0,0.1473936,0,0.1148185,0,0.1372264,0.2616477,0.7756726,0,0,0,0
308,0,0,0,0,0.5277143,0.4428324,0.02365833,0.5230313,1,0,0.1365807,0,0.115466,0,0.1354238,0.2584532,0.7717642,0,0,0,0
309,0,0,0,0,0.4966846,0.4442111,0.02383079,0.5172836,1,0,0.1288978,0,0.1158115,0,0.1340026,0.2580192,0.7729014,0,0,0,0
310,0,0,0,0,0.5600103,0.4477672,0.02402524,0.5236248,1,0,0.144534,0,0.1167021,0,0.1355705,0.2643303,0.7695066,0,0,0,0
311,0,0,0,0,0.5945205,0.450887,0.02423167,0.5357021,1,0,0.1529844,0,0.117483,0,0.1385519,0.2645727,0.7726744,0,0,0,0
312,0,0,0,0,0.4607,0.4521495,0.02439164,0.5304853,1,0,0.1199364,0,0.1177988,0,0.1372648,0.2605073,0.7764518,0,0,0,0
313,0,0,0,0,0.6021467,0.4540618,0.02460071,0.5346615,1,0,0.1548451,0,0.1182772,0,0.1382953,0.2623702,0.7774126,0,0,0,0
314,0,0,0,0,0.5837975,0.4566982,0.02480342,0.5415021,1,0,0.150364,0,0.1189364,0,0.1399815,0.2611306,0.7731776,0,0,0,0
315,0,0,0,0,0.5627002,0.4597455,0.0249988,0.5498931,1,0,0.1451944,0,0.119698,0,0.1420472,0.26035,0.7744891,0,0,0,0
316,0,0,0,0,0.508239,0.4620031,0.02517528,0.5439102,1,0,0.1317634,0,0.1202619,0,0.1405746,0.2596301,0.7766531,0,0,0,0
317,0,0,0,0,0.6076227,0.4646538,0.02538626,0.5462539,1,0,0.1561798,0,0.1209238,0,0.1411517,0.2623887,0.7795867,0,0,0,0
318,0,0,0,0,0.5949962,0.4670739,0.02559285,0.5622416,1,0,0.1531005,0,0.1215278,0,0.1450819,0.26538,0.7745656,0,0,0,0
319,0,0,0,0,0.6582299,0.4706883,0.0258214,0.5696693,1,0,0.1684558,0,0.1224294,0,0.1469041,0.2612627,0.7770116,0,0,0,0
320,0,0,0,0,0.5837975,0.472715,0.02602411,0.5710533,1,0,0.150364,0,0.1229347,0,0.1472435,0.2618914,0.7750571,0,0,0,0
321,0,0,0,0,0.5716661,0.4750402,0.02622261,0.5726022,1,0,0.1473936,0,0.1235143,0,0.1476231,0.2650156,0.7814281,0,0,0,0
322,0,0,0,0,0.623244,0.4785756,0.02643901,0.5873089,1,0,0.1599802,0,0.124395,0,0.1512226,0.2648397,0.7784624,0,0,0,0
323,0,0,0,0,0.5310935,0.4806202,0.02662342,0.5797102,1,0,0.1374149,0,0.1249041,0,0.1493639,0.2627135,0.7799469,0,0,0,0
324,0,0,0,0,0.6076227,0.4825934,0.0268344,0.5818766,1,0,0.1561798,0,0.1253952,0,0.1498941,0.2623892,0.7801473,0,0,0,0
325,0,0,0,0,0.6324203,0.4854092,0.02705399,0.5793823,1,0,0.1622081,0,0.1260958,0,0.1492836,0.2661971,0.7805406,0,0,0,0
326,0,0,0,0,0.5730379,0.4886189,0.02725296,0.57881,1,0,0.1477298,0,0.126894,0,0.1491435,0.2685972,0.777006,0,0,0,0
327,0,0,0,0,0.6187834,0.4906937,0.02746782,0.5850196,1,0,0.158896,0,0.1274097,0,0.1506629,0.2671876,0.7815898,0,0,0,0
328,0,0,0,0,0.525247,0.4924389,0.02765019,0.5743335,1,0,0.1359713,0,0.1278433,0,0.1480473,0.2614761,0.7830517,0,0,0,0
329,0,0,0,0,0.6582299,0.4953418,0.02787874,0.5905973,1,0,0.1684558,0,0.1285643,0,0.1520262,0.2691548,0.7801311,0,0,0,0
330,0,0,0,0,0.5277143,0.4959029,0.02806198,0.5815941,1,0,0.1365807,0,0.1287037,0,0.1498249,0.260618,0.7823326,0,0,0,0
331,0,0,0,0,0.6076227,0.4982408,0.02827296,0.5794874,1,0,0.1561798,0,0.1292841,0,0.1493094,0.2667897,0.7825072,0,0,0,0
332,0,0,0,0,0.5177819,0.4999801,0.02845274,0.5724741,1,0,0.1341259,0,0.1297157,0,0.1475917,0.2694471,0.7817348,0,0,0,0
333,0,0,0,0,0.5712091,0.5026098,0.02865108,0.567432,1,0,0.1472816,0,0.130368,0,0.1463555,0.261522,0.7851835,0,0,0,0
334,0,0,0,0,0.4966846,0.5024814,0.02882354,0.5641301,1,0,0.1288978,0,0.1303362,0,0.1455454,0.2691731,0.7822949,0,0,0,0
335,0,0,0,0,0.6571782,0.5048809,0.02905173,0.5657876,1,0,0.1682017,0,0.1309311,0,0.1459521,0.2663145,0.787259,0,0,0,0
336,0,0,0,0,0.5488116,0.5074189,0.02924229,0.5686006,1,0,0.1417812,0,0.1315602,0,0.1466421,0.2674636,0.783907,0,0,0,0
337,0,0,0,0,0.6267207,0.5100343,0.0294599,0.5713343,1,0,0.1608247,0,0.1322082,0,0.1473123,0.2640525,0.7869656,0,0,0,0
338,0,0,0,0,0.5828648,0.5109919,0.02966228,0.5791785,1,0,0.1501358,0,0.1324453,0,0.1492338,0.2613897,0.7840374,0,0,0,0
339,0,0,0,0,0.5828648,0.5126368,0.02986467,0.5814312,1,0,0.1501358,0,0.1328526,0,0.1497851,0.2682627,0.7851762,0,0,0,0
340,0,0,0,0,0.623244,0.5157854,0.03008107,0.5961959,1,0,0.1599802,0,0.133632,0,0.1533934,0.2702932,0.7837819,0,0,0,0
341,0,0,0,0,0.5488116,0.5176923,0.03027163,0.5836473,1,0,0.1417812,0,0.1341037,0,0.1503272,0.2647328,0.7905933,0,0,0,0
342,0,0,0,0,0.5730379,0.5187486,0.0304706,0.5875873,1,0,0.1477298,0,0.134365,0,0.1512906,0.2693909,0.7877321,0,0,0,0
343,0,0,0,0,0.6571782,0.5213026,0.03069879,0.591583,1,0,0.1682017,0,0.1349965,0,0.152267,0.2689628,0.7907706,0,0,0,0
344,0,0,0,0,0.5609065,0.5232806,0.03089355,0.5888888,1,0,0.1447541,0,0.1354854,0,0.1516087,0.2670752,0.7904696,0,0,0,0
345,0,0,0,0,0.6314099,0.5254956,0.03111279,0.5950461,1,0,0.1619629,0,0.1360327,0,0.1531127,0.2688871,0.7885007,0,0,0,0
346,0,0,0,0,0.6445517,0.529163,0.03133659,0.5989283,1,0,0.1651481,0,0.1369384,0,0.1540601,0.2657795,0.7902042,0,0,0,0
347,0,0,0,0,0.6582299,0.5306131,0.03156514,0.6116481,1,0,0.1684558,0,0.1372964,0,0.15716,0.2695996,0.7863819,0,0,0,0
348,0,0,0,0,0.6445517,0.5330646,0.03178894,0.6201447,1,0,0.1651481,0,0.1379013,0,0.159227,0.2648602,0.7911237,0,0,0,0
349,0,0,0,0,0.6850927,0.535264,0.03202682,0.6235448,1,0,0.1749299,0,0.1384439,0,0.1600533,0.2695448,0.7875752,0,0,0,0
350,0,0,0,0,0.606652,0.5368083,0.03223747,0.6288816,1,0,0.1559432,0,0.1388247,0,0.1613494,0.2655996,0.791652,0,0,0,0
351,0,0,0,0,0.6486791,0.539528,0.0324627,0.6316561,1,0,0.166147,0,0.1394951,0,0.1620227,0.2736459,0.7929006,0,0,0,0
352,0,0,0,0,0.6314099,0.541131,0.03268194,0.6302866,1,0,0.1619629,0,0.1398901,0,0.1616904,0.2690363,0.790979,0,0,0,0
353,0,0,0,0,0.67032,0.5434764,0.03291469,0.6331769,1,0,0.1713732,0,0.1404678,0,0.1623916,0.2633866,0.7920958,0,0,0,0
354,0,0,0,0,0.67032,0.5461238,0.03314744,0.6367367,1,0,0.1713732,0,0.1411196,0,0.1632548,0.2668012,0.7866526,0,0,0,0
355,0,0,0,0,0.606652,0.5475535,0.03335808,0.6277348,1,0,0.1559432,0,0.1414716,0,0.1610709,0.2710113,0.7880471,0,0,0,0
356,0,0,0,0,0.6571782,0.5492219,0.03358627,0.6342837,1,0,0.1682017,0,0.1418821,0,0.16266,0.2688241,0.7958243,0,0,0,0
357,0,0,0,0,0.6976763,0.5520557,0.03382852,0.6406044,1,0,0.1779526,0,0.1425792,0,0.1641921,0.2704523,0.7924377,0,0,0,0
358,0,0,0,0,0.67032,0.5555733,0.03406127,0.6465397,1,0,0.1713732,0,0.1434439,0,0.1656293,0.271227,0.7894147,0,0,0,0
359,0,0,0,0,0.6192785,0.5580713,0.0342763,0.6404356,1,0,0.1590164,0,0.1440577,0,0.1641512,0.2661,0.7921004,0,0,0,0
360,0,0,0,0,0.6571782,0.5604377,0.03450448,0.6404139,1,0,0.1682017,0,0.144639,0,0.164146,0.2745716,0.7904056,0,0,0,0
361,0,0,0,0,0.6582299,0.5625384,0.03473304,0.6467071,1,0,0.1684558,0,0.1451547,0,0.1656698,0.2735539,0.7915293,0,0,0,0
362,0,0,0,0,0.623244,0.5644348,0.03494944,0.6441084,1,0,0.1599802,0,0.1456202,0,0.1650408,0.2680438,0.7942696,0,0,0,0
363,0,0,0,0,0.6374803,0.5664153,0.03517079,0.6381563,1,0,0.1634351,0,0.1461061,0,0.1635989,0.2715475,0.7949815,0,0,0,0
364,0,0,0,0,0.6839982,0.569184,0.03540829,0.6417574,1,0,0.1746666,0,0.1467852,0,0.1644714,0.272696,0.7929463,0,0,0,0
365,0,0,0,0,0.5828648,0.5707577,0.03561067,0.6368857,1,0,0.1501358,0,0.147171,0,0.1632909,0.2727068,0.7934199,0,0,0,0
366,0,0,0,0,0.5828648,0.5710017,0.03581305,0.629007,1,0,0.1501358,0,0.1472308,0,0.1613798,0.2691613,0.7908061,0,0,0,0
367,0,0,0,0,0.6440364,0.5734474,0.03603668,0.6276224,1,0,0.1650233,0,0.1478302,0,0.1610437,0.2755385,0.7932108,0,0,0,0
368,0,0,0,0,0.6850927,0.575532,0.03627456,0.6356303,1,0,0.1749299,0,0.1483409,0,0.1629866,0.2749776,0.792596,0,0,0,0
369,0,0,0,0,0.6324203,0.5771332,0.03649415,0.6356187,1,0,0.1622081,0,0.148733,0,0.1629838,0.2726604,0.794036,0,0,0,0
370,0,0,0,0,0.6440364,0.5786556,0.03671777,0.6314095,1,0,0.1650233,0,0.1491057,0,0.1619629,0.2758837,0.7966645,0,0,0,0
371,0,0,0,0,0.6187834,0.5802202,0.03693263,0.6361779,1,0,0.158896,0,0.1494887,0,0.1631194,0.2679249,0.7945125,0,0,0,0
372,0,0,0,0,0.67032,0.5824344,0.03716538,0.6469761,1,0,0.1713732,0,0.1500305,0,0.1657349,0.2743717,0.7988999,0,0,0,0
373,0,0,0,0,0.6839982,0.5841333,0.03740288,0.6517143,1,0,0.1746666,0,0.1504461,0,0.1668811,0.2721387,0.7999886,0,0,0,0
374,0,0,0,0,0.6187834,0.5851312,0.03761773,0.6449897,1,0,0.158896,0,0.1506901,0,0.1652541,0.2711016,0.7956168,0,0,0,0
375,0,0,0,0,0.6603348,0.5872719,0.03784702,0.6484127,1,0,0.1689641,0,0.1512135,0,0.1660825,0.27073,0.7945558,0,0,0,0
376,0,0,0,0,0.7153321,0.5893425,0.03809539,0.6571209,1,0,0.1821831,0,0.1517196,0,0.1681879,0.2695986,0.8007112,0,0,0,0
377,0,0,0,0,0.623244,0.5904039,0.0383118,0.6572278,1,0,0.1599802,0,0.151979,0,0.1682137,0.2719584,0.7939433,0,0,0,0
378,0,0,0,0,0.6708564,0.5923127,0.03854473,0.6575796,1,0,0.1715024,0,0.1524452,0,0.1682987,0.274156,0.7975523,0,0,0,0
379,0,0,0,0,0.726149,0.5942636,0.03879687,0.6627192,1,0,0.1847688,0,0.1529216,0,0.1695398,0.2752976,0.7988527,0,0,0,0
380,0,0,0,0,0.6976763,0.5969129,0.03903912,0.6724965,1,0,0.1779526,0,0.1535684,0,0.1718977,0.2723908,0.7969888,0,0,0,0
381,0,0,0,0,0.5837975,0.5976004,0.03924183,0.6632714,1,0,0.150364,0,0.1537361,0,0.169673,0.2808135,0.7982183,0,0,0,0
382,0,0,0,0,0.7409664,0.6008368,0.03949911,0.667337,1,0,0.1883033,0,0.1545257,0,0.1706539,0.2744057,0.7964524,0,0,0,0
383,0,0,0,0,0.6192785,0.6027212,0.03971413,0.6663292,1,0,0.1590164,0,0.1549852,0,0.1704108,0.2749662,0.7967284,0,0,0,0
384,0,0,0,0,0.606652,0.6034738,0.03992478,0.658488,1,0,0.1559432,0,0.1551687,0,0.1685181,0.2700416,0.8000785,0,0,0,0
385,0,0,0,0,0.7421521,0.6050666,0.04018247,0.6617717,1,0,0.1885858,0,0.1555569,0,0.169311,0.2727237,0.7987059,0,0,0,0
386,0,0,0,0,0.6324203,0.6063495,0.04040206,0.6542459,1,0,0.1622081,0,0.1558695,0,0.1674931,0.2755269,0.7994359,0,0,0,0
387,0,0,0,0,0.7557837,0.6088461,0.04066448,0.6740011,1,0,0.1918292,0,0.1564777,0,0.1722603,0.2742848,0.8007855,0,0,0,0
388,0,0,0,0,0.7027056,0.6110203,0.04090848,0.6701098,1,0,0.1791589,0,0.1570072,0,0.1713225,0.2722366,0.7994032,0,0,0,0
389,0,0,0,0,0.6571782,0.6131462,0.04113667,0.674742,1,0,0.1682017,0,0.1575247,0,0.1724387,0.2786523,0.800804,0,0,0,0
390,0,0,0,0,0.6440364,0.6143142,0.04136029,0.6787498,1,0,0.1650233,0,0.1578089,0,0.1734038,0.2755599,0.7993107,0,0,0,0
391,0,0,0,0,0.6982345,0.6159696,0.04160273,0.6743146,1,0,0.1780865,0,0.1582117,0,0.1723358,0.2767117,0.8002277,0,0,0,0
392,0,0,0,0,0.7066257,0.617194,0.04184809,0.6834861,1,0,0.1800985,0,0.1585095,0,0.1745435,0.2792506,0.8002511,0,0,0,0
393,0,0,0,0,0.6999101,0.618868,0.04209111,0.6779715,1,0,0.1784885,0,0.1589166,0,0.1732164,0.2802936,0.8008636,0,0,0,0
394,0,0,0,0,0.7866279,0.6219613,0.04236425,0.6884366,1,0,0.1991412,0,0.1596685,0,0.1757337,0.276653,0.8002564,0,0,0,0
395,0,0,0,0,0.6999101,0.6242105,0.04260727,0.694485,1,0,0.1784885,0,0.160215,0,0.1771866,0.2800734,0.8023448,0,0,0,0
396,0,0,0,0,0.72673,0.6266562,0.04285961,0.7052717,1,0,0.1849076,0,0.1608091,0,0.179774,0.2730343,0.8007436,0,0,0,0
397,0,0,0,0,0.7563884,0.6287087,0.04312224,0.7129816,1,0,0.1919729,0,0.1613074,0,0.1816206,0.2803404,0.8019679,0,0,0,0
398,0,0,0,0,0.7421521,0.6310913,0.04337993,0.717563,1,0,0.1885858,0,0.1618856,0,0.1827167,0.2743015,0.8043497,0,0,0,0
399,0,0,0,0,0.6982345,0.6333307,0.04362238,0.7181081,1,0,0.1780865,0,0.1624289,0,0.1828471,0.2764773,0.7990937,0,0,0,0
400,0,0,0,0,0.6708564,0.6345624,0.04385531,0.7055426,1,0,0.1715024,0,0.1627276,0,0.179839,0.2768845,0.8005709,0,0,0,0
401,0,0,0,0,0.6708564,0.6354105,0.04408825,0.702893,1,0,0.1715024,0,0.1629333,0,0.1792039,0.2777654,0.8006749,0,0,0,0
402,0,0,0,0,0.6582299,0.6376053,0.0443168,0.6951475,1,0,0.1684558,0,0.1634654,0,0.1773456,0.28287,0.8004031,0,0,0,0
403,0,0,0,0,0.7130519,0.6388376,0.04456439,0.6906552,1,0,0.1816374,0,0.163764,0,0.1762668,0.2711066,0.8030483,0,0,0,0
404,0,0,0,0,0.7421521,0.6405971,0.04482208,0.6920259,1,0,0.1885858,0,0.1641904,0,0.1765961,0.2781588,0.8038288,0,0,0,0
405,0,0,0,0,0.726149,0.6424132,0.04507422,0.6958588,1,0,0.1847688,0,0.1646303,0,0.1775164,0.2823928,0.8025131,0,0,0,0
406,0,0,0,0,0.6440364,0.643922,0.04529784,0.6920867,1,0,0.1650233,0,0.1649956,0,0.1766107,0.2782387,0.8023239,0,0,0,0
407,0,0,0,0,0.7724399,0.6457533,0.04556605,0.7050314,1,0,0.1957823,0,0.165439,0,0.1797165,0.2820634,0.8032388,0,0,0,0
408,0,0,0,0,0.7563884,0.6475466,0.04582868,0.7168883,1,0,0.1919729,0,0.165873,0,0.1825554,0.275176,0.8015665,0,0,0,0
409,0,0,0,0,0.7119127,0.6481431,0.04607587,0.7166035,1,0,0.1813647,0,0.1660173,0,0.1824873,0.2809727,0.8047807,0,0,0,0
410,0,0,0,0,0.8367741,0.6509539,0.04636642,0.7286626,1,0,0.2109504,0,0.1666972,0,0.185369,0.2821352,0.8055273,0,0,0,0
411,0,0,0,0,0.6982345,0.6523602,0.04660886,0.7268326,1,0,0.1780865,0,0.1670373,0,0.1849321,0.2835359,0.8040401,0,0,0,0
412,0,0,0,0,0.7891464,0.6542036,0.04688287,0.7434912,1,0,0.1997366,0,0.1674829,0,0.1889047,0.2805581,0.8038582,0,0,0,0
413,0,0,0,0,0.8213521,0.6574287,0.04716806,0.7511712,1,0,0.2073289,0,0.1682622,0,0.1907325,0.2780662,0.8018525,0,0,0,0
414,0,0,0,0,0.7557837,0.6590749,0.04743049,0.752761,1,0,0.1918292,0,0.1686599,0,0.1911106,0.2790157,0.8046309,0,0,0,0
415,0,0,0,0,0.726149,0.6601164,0.04768262,0.754165,1,0,0.1847688,0,0.1689114,0,0.1914444,0.2860085,0.8053523,0,0,0,0
416,0,0,0,0,0.7409664,0.6619822,0.0479399,0.7447258,1,0,0.1883033,0,0.1693619,0,0.1891987,0.2814564,0.8065836,0,0,0,0
417,0,0,0,0,0.7563884,0.6635112,0.04820254,0.751194,1,0,0.1919729,0,0.1697309,0,0.1907379,0.2824825,0.8085287,0,0,0,0
418,0,0,0,0,0.8354373,0.6669577,0.04849262,0.7578123,1,0,0.2106368,0,0.1705624,0,0.1923112,0.2779365,0.802408,0,0,0,0
419,0,0,0,0,0.6999101,0.6674208,0.04873565,0.7447935,1,0,0.1784885,0,0.1706741,0,0.1892148,0.2787761,0.805939,0,0,0,0
420,0,0,0,0,0.7724399,0.67014,0.04900385,0.7480709,1,0,0.1957823,0,0.1713298,0,0.1899949,0.282629,0.8035148,0,0,0,0
421,0,0,0,0,0.7409664,0.6716216,0.04926113,0.7501921,1,0,0.1883033,0,0.1716869,0,0.1904996,0.2837778,0.8015738,0,0,0,0
422,0,0,0,0,0.8026793,0.6747871,0.04953984,0.7581163,1,0,0.2029317,0,0.1724496,0,0.1923834,0.2790211,0.8059075,0,0,0,0
423,0,0,0,0,0.7582035,0.6768649,0.04980311,0.7589657,1,0,0.1924042,0,0.17295,0,0.1925852,0.2839945,0.8082111,0,0,0,0
424,0,0,0,0,0.8187308,0.6804431,0.05008739,0.7574661,1,0,0.2067124,0,0.1738114,0,0.192229,0.2785783,0.8091138,0,0,0,0
425,0,0,0,0,0.8039638,0.6820741,0.05036654,0.7701838,1,0,0.2032346,0,0.1742038,0,0.1952475,0.2833416,0.8072874,0,0,0,0
426,0,0,0,0,0.7153321,0.6839243,0.05061492,0.7637118,1,0,0.1821831,0,0.1746489,0,0.1937122,0.2821659,0.8089157,0,0,0,0
427,0,0,0,0,0.7409664,0.6851937,0.0508722,0.7635405,1,0,0.1883033,0,0.1749541,0,0.1936715,0.2845971,0.8020139,0,0,0,0
428,0,0,0,0,0.7612319,0.6871756,0.05113652,0.7591472,1,0,0.1931234,0,0.1754306,0,0.1926283,0.2814648,0.8058735,0,0,0,0
429,0,0,0,0,0.7409664,0.6889323,0.0513938,0.7577068,1,0,0.1883033,0,0.1758528,0,0.1922861,0.2769963,0.8076279,0,0,0,0
430,0,0,0,0,0.7563884,0.6904116,0.05165643,0.7517302,1,0,0.1919729,0,0.1762083,0,0.1908655,0.2825665,0.8081749,0,0,0,0
431,0,0,0,0,0.7724399,0.6928964,0.05192464,0.7493563,1,0,0.1957823,0,0.1768051,0,0.1903008,0.2852166,0.8088593,0,0,0,0
432,0,0,0,0,0.7409664,0.6947623,0.05218192,0.7531238,1,0,0.1883033,0,0.1772532,0,0.1911969,0.2799623,0.8103376,0,0,0,0
433,0,0,0,0,0.72673,0.6955351,0.05243426,0.751694,1,0,0.1849076,0,0.1774387,0,0.1908568,0.2851845,0.8062353,0,0,0,0
434,0,0,0,0,0.6976763,0.6970547,0.05267651,0.7441381,1,0,0.1779526,0,0.1778034,0,0.1890588,0.2848113,0.8094554,0,0,0,0
435,0,0,0,0,0.8193858,0.6991434,0.05296102,0.7538873,1,0,0.2068665,0,0.1783046,0,0.1913784,0.278891,0.8084542,0,0,0,0
436,0,0,0,0,0.7872572,0.700729,0.05323437,0.7589085,1,0,0.19929,0,0.1786849,0,0.1925716,0.2810781,0.8079684,0,0,0,0
437,0,0,0,0,0.7563884,0.7018196,0.053497,0.7569467,1,0,0.1919729,0,0.1789465,0,0.1921055,0.2881123,0.8097326,0,0,0,0
438,0,0,0,0,0.7409664,0.7028909,0.05375428,0.7567753,1,0,0.1883033,0,0.1792033,0,0.1920648,0.2854281,0.8114468,0,0,0,0
439,0,0,0,0,0.6982345,0.7030369,0.05399673,0.7534572,1,0,0.1780865,0,0.1792383,0,0.1912761,0.2824276,0.8092249,0,0,0,0
440,0,0,0,0,0.7872572,0.7050436,0.05427008,0.7628604,1,0,0.19929,0,0.1797194,0,0.1935101,0.2856036,0.8117051,0,0,0,0
441,0,0,0,0,0.8354373,0.7071187,0.05456016,0.7661684,1,0,0.2106368,0,0.1802166,0,0.1942951,0.2862985,0.8115521,0,0,0,0
442,0,0,0,0,0.8709235,0.70978,0.05486257,0.7763733,1,0,0.2189375,0,0.1808541,0,0.1967143,0.2806063,0.8104683,0,0,0,0
443,0,0,0,0,0.72673,0.7104068,0.0551149,0.7720265,1,0,0.1849076,0,0.1810042,0,0.1956843,0.2819426,0.8137698,0,0,0,0
444,0,0,0,0,0.8528256,0.7124346,0.05541102,0.7855336,1,0,0.2147101,0,0.1814897,0,0.1988824,0.2816112,0.8066559,0,0,0,0
445,0,0,0,0,0.8695321,0.7153555,0.05571294,0.8061598,1,0,0.2186129,0,0.1821887,0,0.2037523,0.2846992,0.8107082,0,0,0,0
446,0,0,0,0,0.8193858,0.7171578,0.05599745,0.8106009,1,0,0.2068665,0,0.1826198,0,0.2047988,0.2862478,0.8065304,0,0,0,0
447,0,0,0,0,0.7313836,0.7175323,0.05625141,0.7987616,1,0,0.1860184,0,0.1827094,0,0.2020075,0.2847906,0.8109705,0,0,0,0
448,0,0,0,0,0.8187308,0.7191814,0.05653569,0.7927768,1,0,0.2067124,0,0.1831038,0,0.2005944,0.2871859,0.8137798,0,0,0,0
449,0,0,0,0,0.8528256,0.7217763,0.05683181,0.8084864,1,0,0.2147101,0,0.1837241,0,0.2043007,0.282864,0.8093716,0,0,0,0
450,0,0,0,0,0.8187308,0.7235713,0.05711609,0.8052125,1,0,0.2067124,0,0.1841531,0,0.203529,0.2816164,0.8126092,0,0,0,0
451,0,0,0,0,0.7872572,0.725005,0.05738944,0.7965852,1,0,0.19929,0,0.1844956,0,0.2014938,0.2836521,0.8105558,0,0,0,0
452,0,0,0,0,0.7891464,0.7268483,0.05766345,0.7930749,1,0,0.1997366,0,0.1849358,0,0.2006648,0.2807547,0.8096612,0,0,0,0
453,0,0,0,0,0.7866279,0.7285055,0.05793659,0.7995289,1,0,0.1991412,0,0.1853315,0,0.2021886,0.2830444,0.809432,0,0,0,0
454,0,0,0,0,0.7712058,0.7294745,0.05820437,0.7937203,1,0,0.1954898,0,0.1855628,0,0.2008173,0.2851154,0.8084552,0,0,0,0
455,0,0,0,0,0.7724399,0.7315809,0.05847257,0.7844383,1,0,0.1957823,0,0.1860655,0,0.1986233,0.2901478,0.8115642,0,0,0,0
456,0,0,0,0,0.8354373,0.7343873,0.05876266,0.7876291,1,0,0.2106368,0,0.186735,0,0.1993779,0.2855108,0.8106558,0,0,0,0
457,0,0,0,0,0.8528256,0.7367071,0.05905878,0.7961574,1,0,0.2147101,0,0.1872882,0,0.2013928,0.2843383,0.8122372,0,0,0,0
458,0,0,0,0,0.8026793,0.7380137,0.05933748,0.7981215,1,0,0.2029317,0,0.1875997,0,0.2018564,0.2899156,0.8125331,0,0,0,0
459,0,0,0,0,0.8354373,0.7402694,0.05962757,0.8045945,1,0,0.2106368,0,0.1881372,0,0.2033833,0.2890698,0.8115176,0,0,0,0
460,0,0,0,0,0.9064666,0.7431853,0.05994231,0.821291,1,0,0.2272038,0,0.1888319,0,0.2073145,0.2865621,0.8142125,0,0,0,0
461,0,0,0,0,0.83945,0.7456371,0.06023379,0.8294811,1,0,0.2115779,0,0.1894157,0,0.2092389,0.2869189,0.8132658,0,0,0,0
462,0,0,0,0,0.7866279,0.7469295,0.06050692,0.8245652,1,0,0.1991412,0,0.1897233,0,0.2080842,0.2882051,0.8105012,0,0,0,0
463,0,0,0,0,0.9238549,0.7495945,0.06082771,0.8346476,1,0,0.2312307,0,0.1903575,0,0.2104516,0.2856378,0.8119426,0,0,0,0
464,0,0,0,0,0.7724399,0.7513018,0.06109591,0.8321184,1,0,0.1957823,0,0.1907636,0,0.2098581,0.2844776,0.8113835,0,0,0,0
465,0,0,0,0,0.8528256,0.7534406,0.06139203,0.834422,1,0,0.2147101,0,0.1912722,0,0.2103986,0.2910066,0.8131778,0,0,0,0
466,0,0,0,0,0.8354373,0.7547751,0.06168212,0.8270652,1,0,0.2106368,0,0.1915894,0,0.2086715,0.2953348,0.8150094,0,0,0,0
467,0,0,0,0,0.7612319,0.7563083,0.06194643,0.8184281,1,0,0.1931234,0,0.1919538,0,0.2066412,0.2834149,0.8147782,0,0,0,0
468,0,0,0,0,0.7749101,0.7574645,0.0622155,0.8175033,1,0,0.1963677,0,0.1922286,0,0.2064236,0.2874927,0.8154113,0,0,0,0
469,0,0,0,0,0.8354373,0.7586788,0.06250558,0.8092036,1,0,0.2106368,0,0.1925171,0,0.2044696,0.2892187,0.8139831,0,0,0,0
470,0,0,0,0,0.8876301,0.7607894,0.06281379,0.8231177,1,0,0.2228289,0,0.1930183,0,0.2077439,0.288741,0.8137321,0,0,0,0
471,0,0,0,0,0.7724399,0.7628854,0.06308199,0.813486,1,0,0.1957823,0,0.193516,0,0.2054782,0.2912206,0.8092315,0,0,0,0
472,0,0,0,0,0.83945,0.7639797,0.06337347,0.8135822,1,0,0.2115779,0,0.1937757,0,0.2055008,0.2903551,0.8122729,0,0,0,0
473,0,0,0,0,0.8193858,0.7662031,0.06365798,0.8210732,1,0,0.2068665,0,0.1943033,0,0.2072633,0.2893961,0.8153657,0,0,0,0
474,0,0,0,0,0.8367741,0.76876,0.06394853,0.8277687,1,0,0.2109504,0,0.1949099,0,0.2088368,0.2864728,0.8117772,0,0,0,0
475,0,0,0,0,0.8695321,0.7701753,0.06425045,0.831557,1,0,0.2186129,0,0.1952455,0,0.2097263,0.2899508,0.8137973,0,0,0,0
476,0,0,0,0,0.9260719,0.7734381,0.064572,0.8370137,1,0,0.2317433,0,0.1960189,0,0.2110066,0.2915265,0.8150292,0,0,0,0
477,0,0,0,0,0.7872572,0.7737878,0.06484535,0.8392809,1,0,0.19929,0,0.1961018,0,0.2115382,0.2885987,0.8150224,0,0,0,0
478,0,0,0,0,0.7891464,0.7747483,0.06511936,0.8333629,1,0,0.1997366,0,0.1963293,0,0.2101501,0.285034,0.8158634,0,0,0,0
479,0,0,0,0,0.9238549,0.7777114,0.06544015,0.8457598,1,0,0.2312307,0,0.1970312,0,0.2130563,0.2908759,0.8143242,0,0,0,0
480,0,0,0,0,0.8521438,0.7800237,0.06573603,0.8478388,1,0,0.2145506,0,0.1975787,0,0.2135431,0.2890097,0.8166332,0,0,0,0
481,0,0,0,0,0.8354373,0.7815481,0.06602611,0.8445858,1,0,0.2106368,0,0.1979395,0,0.2127814,0.2932004,0.8148876,0,0,0,0
482,0,0,0,0,0.8695321,0.7833582,0.06632803,0.8391968,1,0,0.2186129,0,0.1983678,0,0.2115185,0.2916597,0.8150904,0,0,0,0
483,0,0,0,0,0.7891464,0.7843497,0.06660204,0.8394346,1,0,0.1997366,0,0.1986024,0,0.2115743,0.2930324,0.8164722,0,0,0,0
484,0,0,0,0,0.7872572,0.7843567,0.06687539,0.8394031,1,0,0.19929,0,0.198604,0,0.2115669,0.2871536,0.8170204,0,0,0,0
485,0,0,0,0,0.8039638,0.7855129,0.06715455,0.8264321,1,0,0.2032346,0,0.1988775,0,0.2085228,0.2868321,0.8172292,0,0,0,0
486,0,0,0,0,0.9050184,0.7874938,0.06746879,0.8330802,1,0,0.2268679,0,0.1993459,0,0.2100838,0.2914874,0.8182113,0,0,0,0
487,0,0,0,0,0.8354373,0.7883722,0.06775887,0.832887,1,0,0.2106368,0,0.1995536,0,0.2100385,0.2898129,0.8148908,0,0,0,0
488,0,0,0,0,0.8354373,0.7894087,0.06804896,0.8294626,1,0,0.2106368,0,0.1997986,0,0.2092346,0.2872436,0.8152806,0,0,0,0
489,0,0,0,0,0.8876301,0.7915131,0.06835716,0.8409852,1,0,0.2228289,0,0.2002959,0,0.2119377,0.29045,0.8134002,0,0,0,0
490,0,0,0,0,0.8695321,0.7937206,0.06865908,0.8497165,1,0,0.2186129,0,0.2008173,0,0.2139827,0.2911159,0.8152053,0,0,0,0
491,0,0,0,0,0.8695321,0.7959281,0.068961,0.8573361,1,0,0.2186129,0,0.2013386,0,0.2157649,0.2898086,0.8199185,0,0,0,0
492,0,0,0,0,0.8695321,0.7982759,0.06926292,0.8543143,1,0,0.2186129,0,0.2018929,0,0.2150583,0.2923111,0.8159572,0,0,0,0
493,0,0,0,0,0.8193858,0.7994574,0.06954743,0.8513701,1,0,0.2068665,0,0.2021717,0,0.2143696,0.2944227,0.8164197,0,0,0,0
494,0,0,0,0,0.8026793,0.8001299,0.06982614,0.8480663,1,0,0.2029317,0,0.2023304,0,0.2135964,0.2948563,0.8169091,0,0,0,0
495,0,0,0,0,0.8039638,0.8009945,0.07010529,0.8382271,1,0,0.2032346,0,0.2025343,0,0.2112911,0.2918311,0.8173007,0,0,0,0
496,0,0,0,0,0.8876301,0.8037011,0.0704135,0.8408179,1,0,0.2228289,0,0.2031727,0,0.2118985,0.2934847,0.8183944,0,0,0,0
497,0,0,0,0,0.8709235,0.8047954,0.0707159,0.8421913,1,0,0.2189375,0,0.2034307,0,0.2122204,0.2907523,0.8199779,0,0,0,0
498,0,0,0,0,0.8039638,0.805324,0.07099506,0.8352288,1,0,0.2032346,0,0.2035553,0,0.2105879,0.2923624,0.8158092,0,0,0,0
499,0,0,0,0,0.7582035,0.8058383,0.07125832,0.8275726,1,0,0.1924042,0,0.2036766,0,0.2087907,0.2919595,0.8131559,0,0,0,0
500,0,0,0,0,0.9231163,0.8067977,0.07157885,0.8413488,1,0,0.2310599,0,0.2039027,0,0.2120229,0.2918805,0.8189442,0,0,0,0
501,0,0,0,0,0.9615582,0.8097235,0.07191272,0.8609606,1,0,0.2399237,0,0.2045921,0,0.2166119,0.293552,0.8182606,0,0,0,0
502,0,0,0,0,0.8521438,0.8104235,0.07220861,0.8571587,1,0,0.2145506,0,0.204757,0,0.2157234,0.2895629,0.8175576,0,0,0,0
503,0,0,0,0,0.83945,0.8106246,0.07250008,0.8538846,1,0,0.2115779,0,0.2048043,0,0.2149578,0.292822,0.8169687,0,0,0,0
504,0,0,0,0,0.9050184,0.8122827,0.07281432,0.8658711,1,0,0.2268679,0,0.2051948,0,0.2177586,0.2921125,0.8163395,0,0,0,0
505,0,0,0,0,0.8876301,0.814077,0.07312253,0.8804529,1,0,0.2228289,0,0.2056173,0,0.2211584,0.2938749,0.8185906,0,0,0,0
506,0,0,0,0,0.8897601,0.8157302,0.07343147,0.8763432,1,0,0.2233243,0,0.2060064,0,0.220201,0.2917664,0.820882,0,0,0,0
507,0,0,0,0,0.8528256,0.8168017,0.07372759,0.8649904,1,0,0.2147101,0,0.2062586,0,0.217553,0.2945306,0.8187255,0,0,0,0
508,0,0,0,0,0.8695321,0.8171806,0.07402951,0.8678156,1,0,0.2186129,0,0.2063477,0,0.2182124,0.2924057,0.8197654,0,0,0,0
509,0,0,0,0,0.8876301,0.8192664,0.07433772,0.8727664,1,0,0.2228289,0,0.2068384,0,0.2193673,0.2969653,0.8198935,0,0,0,0
510,0,0,0,0,0.9419529,0.8211498,0.07466479,0.8778681,1,0,0.23541,0,0.2072813,0,0.2205563,0.2990963,0.8142903,0,0,0,0
511,0,0,0,0,0.8897601,0.8228031,0.07497373,0.8787084,1,0,0.2233243,0,0.20767,0,0.2207521,0.2955769,0.8175408,0,0,0,0
512,0,0,0,0,0.8354373,0.8231671,0.07526381,0.8722937,1,0,0.2106368,0,0.2077556,0,0.219257,0.2959004,0.8192704,0,0,0,0
513,0,0,0,0,0.8354373,0.8240252,0.0755539,0.870876,1,0,0.2106368,0,0.2079572,0,0.2189264,0.2976502,0.8188806,0,0,0,0
514,0,0,0,0,0.9064666,0.8250001,0.07586864,0.8763044,1,0,0.2272038,0,0.2081863,0,0.220192,0.2939932,0.8208103,0,0,0,0
515,0,0,0,0,0.8367741,0.8253646,0.07615919,0.8710183,1,0,0.2109504,0,0.208272,0,0.2189596,0.2948362,0.8182595,0,0,0,0
516,0,0,0,0,0.9238549,0.8276815,0.07647997,0.8692167,1,0,0.2312307,0,0.2088163,0,0.2185393,0.2935874,0.820868,0,0,0,0
517,0,0,0,0,1,0.8305597,0.07682719,0.883294,1,0,0.2487335,0,0.2094922,0,0.2218199,0.2968842,0.8183297,0,0,0,0
518,0,0,0,0,0.8695321,0.831763,0.07712911,0.8874612,1,0,0.2186129,0,0.2097747,0,0.2227896,0.2970282,0.818283,0,0,0,0
519,0,0,0,0,0.8528256,0.8330059,0.07742523,0.8890065,1,0,0.2147101,0,0.2100664,0,0.223149,0.2917898,0.8171942,0,0,0,0
520,0,0,0,0,0.9260719,0.8348913,0.07774679,0.8918131,1,0,0.2317433,0,0.2105087,0,0.2238016,0.2927431,0.8190499,0,0,0,0
521,0,0,0,0,0.8354373,0.8355913,0.07803687,0.8912857,1,0,0.2106368,0,0.210673,0,0.223679,0.2956521,0.81867,0,0,0,0
522,0,0,0,0,0.8709235,0.8370352,0.07833927,0.8854199,1,0,0.2189375,0,0.2110116,0,0.2223147,0.3007473,0.8200828,0,0,0,0
523,0,0,0,0,0.9434602,0.8394433,0.07866686,0.8805163,1,0,0.2357575,0,0.2115763,0,0.2211732,0.2977766,0.8186889,0,0,0,0
524,0,0,0,0,0.8709235,0.8413683,0.07896927,0.8814292,1,0,0.2189375,0,0.2120275,0,0.2213858,0.29804,0.8189385,0,0,0,0
525,0,0,0,0,0.9050184,0.8423198,0.07928351,0.8883512,1,0,0.2268679,0,0.2122505,0,0.2229966,0.3004815,0.8206937,0,0,0,0
526,0,0,0,0,0.8933139,0.8434982,0.07959369,0.8847746,1,0,0.2241504,0,0.2125266,0,0.2221645,0.2943517,0.8206035,0,0,0,0
527,0,0,0,0,0.8876301,0.8449564,0.07990189,0.8907594,1,0,0.2228289,0,0.2128682,0,0.2235566,0.2908223,0.8262289,0,0,0,0
528,0,0,0,0,0.8528256,0.8461993,0.08019801,0.8892915,1,0,0.2147101,0,0.2131592,0,0.2232153,0.2950945,0.8213752,0,0,0,0
529,0,0,0,0,0.9638656,0.8491508,0.08053269,0.8938439,1,0,0.2404541,0,0.2138502,0,0.2242735,0.298677,0.8244553,0,0,0,0
530,0,0,0,0,0.9419529,0.8508696,0.08085976,0.9019453,1,0,0.23541,0,0.2142525,0,0.2261549,0.2925832,0.8230275,0,0,0,0
531,0,0,0,0,0.9064666,0.8516588,0.0811745,0.9014941,1,0,0.2272038,0,0.2144372,0,0.2260502,0.3003007,0.8213645,0,0,0,0
532,0,0,0,0,0.9297708,0.8523127,0.08149734,0.9064074,1,0,0.2325982,0,0.2145901,0,0.2271901,0.2976184,0.8212484,0,0,0,0
533,0,0,0,0,0.9093654,0.854342,0.08181309,0.9095992,1,0,0.2278759,0,0.2150648,0,0.2279301,0.2955394,0.8243061,0,0,0,0
534,0,0,0,0,0.9464773,0.8553825,0.08214173,0.9204656,1,0,0.2364529,0,0.2153081,0,0.2304467,0.3005687,0.8189815,0,0,0,0
535,0,0,0,0,0.9050184,0.8557768,0.08245597,0.9141203,1,0,0.2268679,0,0.2154003,0,0.2289777,0.3012946,0.8203744,0,0,0,0
536,0,0,0,0,0.8876301,0.8565351,0.08276418,0.9080607,1,0,0.2228289,0,0.2155776,0,0.2275735,0.3001202,0.823107,0,0,0,0
537,0,0,0,0,0.9803947,0.8593019,0.08310459,0.9176924,1,0,0.2442473,0,0.2162243,0,0.2298048,0.2977463,0.8208402,0,0,0,0
538,0,0,0,0,0.9231163,0.8604617,0.08342512,0.9175484,1,0,0.2310599,0,0.2164953,0,0.2297715,0.3009762,0.8178183,0,0,0,0
539,0,0,0,0,0.8876301,0.8608484,0.08373332,0.9151334,1,0,0.2228289,0,0.2165857,0,0.2292123,0.3009443,0.818781,0,0,0,0
540,0,0,0,0,0.9260719,0.8620411,0.08405487,0.9126896,1,0,0.2317433,0,0.2168643,0,0.2286463,0.3020667,0.8230165,0,0,0,0
541,0,0,0,0,0.8897601,0.86318,0.08436382,0.9109943,1,0,0.2233243,0,0.2171303,0,0.2282535,0.2962588,0.8221059,0,0,0,0
542,0,0,0,0,0.9064666,0.8644836,0.08467856,0.9138764,1,0,0.2272038,0,0.2174347,0,0.2289212,0.3014745,0.8202543,0,0,0,0
543,0,0,0,0,0.8933139,0.865669,0.08498874,0.9048439,1,0,0.2241504,0,0.2177114,0,0.2268275,0.29881,0.8243759,0,0,0,0
544,0,0,0,0,0.8695321,0.8667615,0.08529066,0.8984797,1,0,0.2186129,0,0.2179664,0,0.2253504,0.2980736,0.8247623,0,0,0,0
545,0,0,0,0,0.9260719,0.8684685,0.08561222,0.9037432,1,0,0.2317433,0,0.2183648,0,0.2265721,0.3004326,0.8210383,0,0,0,0
546,0,0,0,0,0.8695321,0.8688474,0.08591414,0.8968574,1,0,0.2186129,0,0.2184532,0,0.2249737,0.2943479,0.8230365,0,0,0,0
547,0,0,0,0,0.8876301,0.8692341,0.08622234,0.8953722,1,0,0.2228289,0,0.2185434,0,0.2246287,0.3016346,0.8218513,0,0,0,0
548,0,0,0,0,0.9419529,0.8707816,0.08654941,0.9001198,1,0,0.23541,0,0.2189044,0,0.2257312,0.3007916,0.8217235,0,0,0,0
549,0,0,0,0,0.9803947,0.8723922,0.08688982,0.9112129,1,0,0.2442473,0,0.21928,0,0.2283041,0.3001716,0.8210202,0,0,0,0
550,0,0,0,0,0.9231163,0.8725772,0.08721035,0.9171338,1,0,0.2310599,0,0.2193231,0,0.2296755,0.2978597,0.8249925,0,0,0,0
551,0,0,0,0,0.9615582,0.873934,0.08754422,0.9224781,1,0,0.2399237,0,0.2196395,0,0.2309123,0.3027733,0.819926,0,0,0,0
552,0,0,0,0,0.8737087,0.8749015,0.0878476,0.9229731,1,0,0.219587,0,0.219865,0,0.2310268,0.2998857,0.8232705,0,0,0,0
553,0,0,0,0,1.0008,0.8757565,0.0881951,0.9361846,1,0,0.2489163,0,0.2200643,0,0.2340793,0.2988278,0.8230667,0,0,0,0
554,0,0,0,0,0.9419529,0.8776399,0.08852216,0.9369739,1,0,0.23541,0,0.2205032,0,0.2342614,0.2993277,0.8245946,0,0,0,0
555,0,0,0,0,0.9615582,0.8788481,0.08885604,0.9355091,1,0,0.2399237,0,0.2207846,0,0.2339233,0.3002136,0.8228705,0,0,0,0
556,0,0,0,0,0.9238549,0.8798305,0.08917682,0.9359305,1,0,0.2312307,0,0.2210135,0,0.2340206,0.2946685,0.8209727,0,0,0,0
557,0,0,0,0,0.9260719,0.8816621,0.08949837,0.9324148,1,0,0.2317433,0,0.22144,0,0.2332089,0.3005015,0.8244244,0,0,0,0
558,0,0,0,0,0.9638656,0.8837616,0.08983305,0.943666,1,0,0.2404541,0,0.2219287,0,0.235805,0.2999815,0.8247575,0,0,0,0
559,0,0,0,0,1.020405,0.8858168,0.09018736,0.9464726,1,0,0.253388,0,0.222407,0,0.2364518,0.3055987,0.8226639,0,0,0,0
560,0,0,0,0,0.9238549,0.8862193,0.09050814,0.9442606,1,0,0.2312307,0,0.2225007,0,0.235942,0.3033874,0.8247411,0,0,0,0
561,0,0,0,0,1.083287,0.8896731,0.09088428,0.9597507,1,0,0.2676379,0,0.223304,0,0.2395082,0.2990252,0.8236692,0,0,0,0
562,0,0,0,0,0.9803947,0.8912392,0.09122469,0.9665954,1,0,0.2442473,0,0.2236682,0,0.2410812,0.2991901,0.8237696,0,0,0,0
563,0,0,0,0,0.8876301,0.8919974,0.0915329,0.9620826,1,0,0.2228289,0,0.2238444,0,0.2400443,0.3032302,0.8267525,0,0,0,0
564,0,0,0,0,1.063748,0.8945194,0.09190226,0.9744837,1,0,0.2632252,0,0.2244305,0,0.2428919,0.3016481,0.8225144,0,0,0,0
565,0,0,0,0,0.9638656,0.8955675,0.09223693,0.9688553,1,0,0.2404541,0,0.224674,0,0.2416002,0.2986196,0.8237621,0,0,0,0
566,0,0,0,0,0.8876301,0.8951404,0.09254514,0.9648303,1,0,0.2228289,0,0.2245748,0,0.2406757,0.3045354,0.8248392,0,0,0,0
567,0,0,0,0,0.8548721,0.8958917,0.09284197,0.9380562,1,0,0.2151888,0,0.2247493,0,0.2345112,0.301815,0.8246109,0,0,0,0
568,0,0,0,0,0.9638656,0.897833,0.09317664,0.9366724,1,0,0.2404541,0,0.2252003,0,0.2341918,0.3009937,0.823859,0,0,0,0
569,0,0,0,0,0.9434602,0.8980508,0.09350423,0.9434961,1,0,0.2357575,0,0.2252508,0,0.2357658,0.3035382,0.8279533,0,0,0,0
570,0,0,0,0,0.9231163,0.8988394,0.09382476,0.9278375,1,0,0.2310599,0,0.2254339,0,0.2321514,0.3105118,0.824164,0,0,0,0
571,0,0,0,0,0.8695321,0.8992183,0.09412668,0.9171312,1,0,0.2186129,0,0.2255219,0,0.2296749,0.3035618,0.826447,0,0,0,0
572,0,0,0,0,0.9803947,0.9004501,0.0944671,0.9282598,1,0,0.2442473,0,0.2258079,0,0.232249,0.3052376,0.8241428,0,0,0,0
573,0,0,0,0,0.9434602,0.9021647,0.09479469,0.9386601,1,0,0.2357575,0,0.2262058,0,0.2346505,0.3024088,0.8239626,0,0,0,0
574,0,0,0,0,0.8869204,0.903272,0.09510264,0.9303039,1,0,0.2226638,0,0.2264628,0,0.2327213,0.3037974,0.8238944,0,0,0,0
575,0,0,0,0,0.9238549,0.9046041,0.09542343,0.9281009,1,0,0.2312307,0,0.2267719,0,0.2322123,0.2997739,0.8221531,0,0,0,0
576,0,0,0,0,1.0008,0.9056684,0.09577093,0.9381909,1,0,0.2489163,0,0.2270187,0,0.2345423,0.3035865,0.828099,0,0,0,0
577,0,0,0,0,0.9819636,0.9072965,0.09611189,0.9517315,1,0,0.2446068,0,0.2273963,0,0.2376631,0.3039261,0.8231558,0,0,0,0
578,0,0,0,0,1.022038,0.9093698,0.09646676,0.9572484,1,0,0.2537599,0,0.227877,0,0.2389327,0.3066701,0.8254552,0,0,0,0
579,0,0,0,0,1.022038,0.9108632,0.09682164,0.9664419,1,0,0.2537599,0,0.2282231,0,0.241046,0.3041685,0.8271173,0,0,0,0
580,0,0,0,0,1.0008,0.9123218,0.09716914,0.9799584,1,0,0.2489163,0,0.2285611,0,0.2441473,0.3061534,0.8251914,0,0,0,0
581,0,0,0,0,0.9238549,0.9129253,0.09748992,0.9795395,1,0,0.2312307,0,0.2287009,0,0.2440512,0.3066528,0.828284,0,0,0,0
582,0,0,0,0,0.9419529,0.91373,0.09781699,0.9737592,1,0,0.23541,0,0.2288873,0,0.2427257,0.3041027,0.8252389,0,0,0,0
583,0,0,0,0,0.9819636,0.9155364,0.09815795,0.9735499,1,0,0.2446068,0,0.2293057,0,0.2426777,0.3005147,0.8279057,0,0,0,0
584,0,0,0,0,1.022038,0.9179738,0.09851282,0.9744397,1,0,0.2537599,0,0.22987,0,0.2428818,0.3015585,0.8290474,0,0,0,0
585,0,0,0,0,0.9607894,0.9197163,0.09884643,0.9676257,1,0,0.239747,0,0.2302733,0,0.2413178,0.3061778,0.8269933,0,0,0,0
586,0,0,0,0,1.063748,0.9216731,0.09921578,0.9761744,1,0,0.2632252,0,0.230726,0,0.2432797,0.3048625,0.8275967,0,0,0,0
587,0,0,0,0,1.020405,0.9233341,0.09957009,0.9879503,1,0,0.253388,0,0.2311102,0,0.2459778,0.306065,0.8225347,0,0,0,0
588,0,0,0,0,1.040811,0.9259657,0.09993148,0.9997895,1,0,0.2580276,0,0.2317187,0,0.2486854,0.3078082,0.8288895,0,0,0,0
589,0,0,0,0,1.040811,0.9291058,0.1002929,1.006555,1,0,0.2580276,0,0.2324445,0,0.2502303,0.3012209,0.8243452,0,0,0,0
590,0,0,0,0,1.0008,0.9299689,0.1006404,1.00505,1,0,0.2489163,0,0.2326439,0,0.2498868,0.3069188,0.8268883,0,0,0,0
591,0,0,0,0,1.041644,0.9308588,0.1010021,1.013571,1,0,0.2582166,0,0.2328495,0,0.2518308,0.3077809,0.8268566,0,0,0,0
592,0,0,0,0,0.9615582,0.9320745,0.1013359,1.002007,1,0,0.2399237,0,0.2331303,0,0.249192,0.3019708,0.8232067,0,0,0,0
593,0,0,0,0,0.9615582,0.9334312,0.1016698,0.9962901,1,0,0.2399237,0,0.2334436,0,0.2478856,0.3065545,0.8258206,0,0,0,0
594,0,0,0,0,1.062049,0.935176,0.1020386,0.998631,1,0,0.2628408,0,0.2338465,0,0.2484207,0.305496,0.82725,0,0,0,0
595,0,0,0,0,1.0008,0.9364335,0.1023861,0.9945958,1,0,0.2489163,0,0.2341367,0,0.2474983,0.3064905,0.8286946,0,0,0,0
596,0,0,0,0,1.041644,0.9381211,0.1027478,1.000845,1,0,0.2582166,0,0.2345261,0,0.2489266,0.3116119,0.8244001,0,0,0,0
597,0,0,0,0,1.020405,0.939983,0.1031021,1.000325,1,0,0.253388,0,0.2349557,0,0.2488077,0.3010026,0.8240424,0,0,0,0
598,0,0,0,0,1.041644,0.9418954,0.1034637,1.010087,1,0,0.2582166,0,0.2353967,0,0.2510363,0.3046111,0.8289616,0,0,0,0
599,0,0,0,0,1.020405,0.9433707,0.1038181,1.017481,1,0,0.253388,0,0.2357369,0,0.2527218,0.3009357,0.829343,0,0,0,0
600,0,0,0,0,0.9238549,0.9431696,0.1041388,1.002134,1,0,0.2312307,0,0.2356905,0,0.249221,0.3071571,0.8269767,0,0,0,0
601,0,0,0,0,1.0008,0.9444034,0.1044863,1.003593,1,0,0.2489163,0,0.235975,0,0.2495541,0.3033808,0.8253374,0,0,0,0
602,0,0,0,0,1.020405,0.9464586,0.1048406,1.001677,1,0,0.253388,0,0.2364486,0,0.2491167,0.3115219,0.8305522,0,0,0,0
603,0,0,0,0,0.9615582,0.9478599,0.1051745,0.9953399,1,0,0.2399237,0,0.2367715,0,0.2476684,0.3092074,0.8257411,0,0,0,0
604,0,0,0,0,1.083287,0.9498246,0.1055507,1.002149,1,0,0.2676379,0,0.237224,0,0.2492243,0.3085311,0.8308146,0,0,0,0
605,0,0,0,0,0.9851038,0.9514727,0.1058927,0.9989069,1,0,0.2453261,0,0.2376035,0,0.2484837,0.3039528,0.8295649,0,0,0,0
606,0,0,0,0,0.9851038,0.9521532,0.1062348,1.005538,1,0,0.2453261,0,0.2377602,0,0.2499982,0.3109527,0.8277866,0,0,0,0
607,0,0,0,0,1.041644,0.9526159,0.1065964,1.010739,1,0,0.2582166,0,0.2378667,0,0.251185,0.3119306,0.827665,0,0,0,0
608,0,0,0,0,1.020405,0.9542923,0.1069507,1.010721,1,0,0.253388,0,0.2382526,0,0.2511809,0.3089115,0.8291739,0,0,0,0
609,0,0,0,0,0.9231163,0.9550733,0.1072713,1.005351,1,0,0.2310599,0,0.2384323,0,0.2499555,0.3129799,0.8310528,0,0,0,0
610,0,0,0,0,0.9419529,0.9552498,0.1075983,0.988993,1,0,0.23541,0,0.2384729,0,0.2462165,0.30937,0.8290221,0,0,0,0
611,0,0,0,0,1.062049,0.9577677,0.1079671,0.9990779,1,0,0.2628408,0,0.2390522,0,0.2485228,0.3067974,0.8270074,0,0,0,0
612,0,0,0,0,1.007209,0.959282,0.1083168,1.002259,1,0,0.2503795,0,0.2394004,0,0.2492495,0.3085275,0.8322977,0,0,0,0
613,0,0,0,0,1.062049,0.9605996,0.1086856,1.005416,1,0,0.2628408,0,0.2397034,0,0.2499704,0.3105292,0.8285147,0,0,0,0
614,0,0,0,0,1.0008,0.9620427,0.1090331,1.003002,1,0,0.2489163,0,0.2400351,0,0.2494192,0.3120276,0.8285255,0,0,0,0
615,0,0,0,0,1.062049,0.9637875,0.1094019,1.019564,1,0,0.2628408,0,0.2404361,0,0.2531964,0.3076678,0.827401,0,0,0,0
616,0,0,0,0,1.020405,0.9651996,0.1097562,1.027799,1,0,0.253388,0,0.2407606,0,0.2550709,0.3103641,0.8312488,0,0,0,0
617,0,0,0,0,1.062049,0.9671376,0.1101249,1.028262,1,0,0.2628408,0,0.2412057,0,0.2551762,0.3027422,0.8279172,0,0,0,0
618,0,0,0,0,1.020405,0.9689996,0.1104793,1.029502,1,0,0.253388,0,0.2416333,0,0.2554581,0.3080956,0.8260223,0,0,0,0
619,0,0,0,0,1.041644,0.9698638,0.1108409,1.027244,1,0,0.2582166,0,0.2418317,0,0.2549445,0.3098237,0.8281459,0,0,0,0
620,0,0,0,0,0.9638656,0.9701073,0.1111756,1.022729,1,0,0.2404541,0,0.2418876,0,0.2539172,0.3103563,0.8283109,0,0,0,0
621,0,0,0,0,1.0008,0.9711554,0.1115231,1.01547,1,0,0.2489163,0,0.2421282,0,0.2522637,0.30763,0.8308321,0,0,0,0
622,0,0,0,0,1.062049,0.9726252,0.1118919,1.021214,1,0,0.2628408,0,0.2424655,0,0.2535721,0.3143902,0.8270912,0,0,0,0
623,0,0,0,0,1.020405,0.9738589,0.1122462,1.017241,1,0,0.253388,0,0.2427486,0,0.2526671,0.3062614,0.827729,0,0,0,0
624,0,0,0,0,1,0.9744536,0.1125934,1.014284,1,0,0.2487335,0,0.242885,0,0.2519933,0.307273,0.8293104,0,0,0,0
625,0,0,0,0,1.0008,0.9755179,0.1129409,1.009746,1,0,0.2489163,0,0.2431291,0,0.2509584,0.3124841,0.8262703,0,0,0,0
626,0,0,0,0,1.020405,0.9769932,0.1132952,1.015792,1,0,0.253388,0,0.2434675,0,0.252337,0.305968,0.8295716,0,0,0,0
627,0,0,0,0,1.063748,0.9779193,0.1136646,1.023268,1,0,0.2632252,0,0.2436798,0,0.2540398,0.3104348,0.8316461,0,0,0,0
628,0,0,0,0,1.041644,0.9792363,0.1140263,1.021,1,0,0.2582166,0,0.2439817,0,0.2535236,0.312378,0.8295875,0,0,0,0
629,0,0,0,0,1.062049,0.9811743,0.114395,1.02609,1,0,0.2628408,0,0.2444259,0,0.2546821,0.311489,0.8313264,0,0,0,0
630,0,0,0,0,1.022038,0.9822406,0.1147499,1.02963,1,0,0.2537599,0,0.2446702,0,0.2554873,0.3101663,0.8290004,0,0,0,0
631,0,0,0,0,1.062049,0.9841549,0.1151187,1.037116,1,0,0.2628408,0,0.2451088,0,0.2571886,0.3117411,0.8278325,0,0,0,0
632,0,0,0,0,0.9851038,0.9850286,0.1154607,1.032801,1,0,0.2453261,0,0.2453089,0,0.2562083,0.3115165,0.8323596,0,0,0,0
633,0,0,0,0,1.062049,0.9869035,0.1158295,1.033729,1,0,0.2628408,0,0.2457382,0,0.2564191,0.3091027,0.8291473,0,0,0,0
634,0,0,0,0,1.083287,0.9892785,0.1162056,1.038356,1,0,0.2676379,0,0.2462818,0,0.2574703,0.3083014,0.8282588,0,0,0,0
635,0,0,0,0,1.107161,0.9912906,0.11659,1.044725,1,0,0.2730114,0,0.2467423,0,0.2589158,0.3056699,0.8271683,0,0,0,0
636,0,0,0,0,1,0.9927403,0.1169373,1.042441,1,0,0.2487335,0,0.2470739,0,0.2583978,0.3080735,0.8333921,0,0,0,0
637,0,0,0,0,1,0.9939888,0.1172845,1.035084,1,0,0.2487335,0,0.2473595,0,0.2567271,0.3108425,0.8291792,0,0,0,0
638,0,0,0,0,1,0.9946338,0.1176317,1.036513,1,0,0.2487335,0,0.2475069,0,0.2570516,0.3118847,0.8311386,0,0,0,0
639,0,0,0,0,1.0008,0.9948605,0.1179792,1.030571,1,0,0.2489163,0,0.2475588,0,0.2557012,0.30658,0.8279792,0,0,0,0
640,0,0,0,0,1.062049,0.9964042,0.118348,1.029545,1,0,0.2628408,0,0.2479117,0,0.255468,0.3085138,0.8303292,0,0,0,0
641,0,0,0,0,1.131107,0.9982881,0.1187407,1.032973,1,0,0.278381,0,0.2483423,0,0.2562473,0.314947,0.830566,0,0,0,0
642,0,0,0,0,1.020405,0.999918,0.119095,1.035387,1,0,0.253388,0,0.2487148,0,0.2567959,0.3086535,0.8296514,0,0,0,0
643,0,0,0,0,1.062049,1.000599,0.1194638,1.042281,1,0,0.2628408,0,0.2488703,0,0.2583614,0.3159471,0.8237522,0,0,0,0
644,0,0,0,0,1.105392,1.002415,0.1198476,1.055154,1,0,0.2726139,0,0.2492851,0,0.2612799,0.3115756,0.8153856,0,0,0,0
645,0,0,0,0,1.107161,1.004032,0.120232,1.067473,1,0,0.2730114,0,0.2496545,0,0.2640674,0.3108719,0.8144843,0,0,0,0
646,0,0,0,0,1.022038,1.005123,0.1205869,1.063045,1,0,0.2537599,0,0.2499036,0,0.2630662,0.3130415,0.8043795,0,0,0,0
647,0,0,0,0,0.9819636,1.005744,0.1209279,1.045584,1,0,0.2446068,0,0.2500453,0,0.2591108,0.3072206,0.7948608,0,0,0,0
648,0,0,0,0,1.062049,1.006835,0.1212966,1.050674,1,0,0.2628408,0,0.2502943,0,0.2602648,0.3137695,0.795068,0,0,0,0
649,0,0,0,0,1.041644,1.007071,0.1216583,1.048406,1,0,0.2582166,0,0.2503482,0,0.2597509,0.3123265,0.7886995,0,0,0,0
650,0,0,0,0,1.0008,1.007926,0.1220058,1.037196,1,0,0.2489163,0,0.2505433,0,0.2572067,0.3063055,0.7822312,0,0,0,0
651,0,0,0,0,1.063748,1.007709,0.1223752,1.033071,1,0,0.2632252,0,0.2504937,0,0.2562697,0.3117735,0.778237,0,0,0,0
652,0,0,0,0,1.048314,1.008464,0.1227392,1.035838,1,0,0.2597298,0,0.2506659,0,0.2568984,0.3079862,0.7716253,0,0,0,0
653,0,0,0,0,1.062049,1.010402,0.123108,1.045199,1,0,0.2628408,0,0.2511081,0,0.2590235,0.3098269,0.7684024,0,0,0,0
654,0,0,0,0,1.020405,1.00992,0.1234623,1.040799,1,0,0.253388,0,0.2509982,0,0.258025,0.3047926,0.7579885,0,0,0,0
655,0,0,0,0,1.030216,1.010657,0.12382,1.039856,1,0,0.2556205,0,0.2511663,0,0.2578109,0.3094529,0.7547386,0,0,0,0
656,0,0,0,0,1.020405,1.012133,0.1241743,1.042034,1,0,0.253388,0,0.2515028,0,0.2583054,0.3045567,0.7487637,0,0,0,0
657,0,0,0,0,1.0008,1.013754,0.1245218,1.034341,1,0,0.2489163,0,0.2518725,0,0.2565582,0.3114424,0.7454568,0,0,0,0
658,0,0,0,0,1.128399,1.015582,0.1249136,1.044203,1,0,0.2777749,0,0.2522892,0,0.2587975,0.3084925,0.7389088,0,0,0,0
659,0,0,0,0,1.041644,1.016673,0.1252753,1.041709,1,0,0.2582166,0,0.2525378,0,0.2582315,0.3124935,0.7318338,0,0,0,0
660,0,0,0,0,1.0008,1.017536,0.1256228,1.039295,1,0,0.2489163,0,0.2527345,0,0.2576834,0.3084824,0.728403,0,0,0,0
661,0,0,0,0,1.003202,1.019022,0.1259711,1.035639,1,0,0.2494648,0,0.2530729,0,0.2568532,0.3045517,0.7238517,0,0,0,0
662,0,0,0,0,1.062049,1.019929,0.1263399,1.041121,1,0,0.2628408,0,0.2532795,0,0.2580981,0.3053161,0.7179144,0,0,0,0
663,0,0,0,0,1.0008,1.020566,0.1266874,1.040441,1,0,0.2489163,0,0.2534246,0,0.2579436,0.3101282,0.7123799,0,0,0,0
664,0,0,0,0,1.020405,1.022049,0.1270417,1.027743,1,0,0.253388,0,0.2537623,0,0.2550581,0.2997405,0.7066196,0,0,0,0
665,0,0,0,0,1.041644,1.023358,0.1274034,1.027015,1,0,0.2582166,0,0.2540603,0,0.2548925,0.3027527,0.7028253,0,0,0,0
666,0,0,0,0,1.083287,1.024274,0.1277795,1.037105,1,0,0.2676379,0,0.2542689,0,0.2571863,0.308467,0.7031847,0,0,0,0
667,0,0,0,0,1.041644,1.024937,0.1281412,1.041839,1,0,0.2582166,0,0.2544198,0,0.2582611,0.3048545,0.6967366,0,0,0,0
668,0,0,0,0,1.020405,1.024919,0.1284955,1.037439,1,0,0.253388,0,0.2544157,0,0.2572621,0.3063741,0.6935072,0,0,0,0
669,0,0,0,0,1.044143,1.025165,0.128858,1.042737,1,0,0.2587839,0,0.2544716,0,0.2584648,0.3082182,0.690555,0,0,0,0
670,0,0,0,0,1.083287,1.026081,0.1292342,1.049959,1,0,0.2676379,0,0.2546801,0,0.2601029,0.299792,0.6835289,0,0,0,0
671,0,0,0,0,1.020405,1.027154,0.1295885,1.04637,1,0,0.253388,0,0.2549242,0,0.259289,0.3053241,0.6782881,0,0,0,0
672,0,0,0,0,1.003202,1.027835,0.1299368,1.03728,1,0,0.2494648,0,0.255079,0,0.2572259,0.3018364,0.6752527,0,0,0,0
673,0,0,0,0,1.063748,1.028743,0.1303062,1.039755,1,0,0.2632252,0,0.2552857,0,0.257788,0.308392,0.6730301,0,0,0,0
674,0,0,0,0,0.9607894,1.028063,0.1306398,1.031524,1,0,0.239747,0,0.2551309,0,0.255918,0.3040008,0.6679008,0,0,0,0
675,0,0,0,0,1.062049,1.029188,0.1310086,1.033013,1,0,0.2628408,0,0.2553868,0,0.2562563,0.3041594,0.6648607,0,0,0,0
676,0,0,0,0,1.040811,1.028933,0.1313699,1.028502,1,0,0.2580276,0,0.2553288,0,0.2552307,0.301892,0.6589335,0,0,0,0
677,0,0,0,0,1.044143,1.029197,0.1317325,1.03183,1,0,0.2587839,0,0.2553888,0,0.2559875,0.3002476,0.657523,0,0,0,0
678,0,0,0,0,1.020405,1.02897,0.1320868,1.033279,1,0,0.253388,0,0.2553372,0,0.2563168,0.3035715,0.6532961,0,0,0,0
679,0,0,0,0,1.041644,1.028979,0.1324485,1.030823,1,0,0.2582166,0,0.2553394,0,0.2557585,0.3024481,0.6491329,0,0,0,0
680,0,0,0,0,0.9260719,1.028149,0.13277,1.026135,1,0,0.2317433,0,0.2551505,0,0.2546923,0.3058714,0.6451808,0,0,0,0
681,0,0,0,0,1.003202,1.027722,0.1331184,1.018924,1,0,0.2494648,0,0.2550533,0,0.2530506,0.3029006,0.643681,0,0,0,0
682,0,0,0,0,1.040811,1.028603,0.1334798,1.01884,1,0,0.2580276,0,0.2552536,0,0.2530316,0.3001557,0.641629,0,0,0,0
683,0,0,0,0,1,1.02903,0.133827,1.013246,1,0,0.2487335,0,0.2553508,0,0.2517567,0.300101,0.6387135,0,0,0,0
684,0,0,0,0,0.9607894,1.027905,0.1341606,1.00596,1,0,0.239747,0,0.2550949,0,0.2500945,0.3064035,0.6335389,0,0,0,0
685,0,0,0,0,0.9238549,1.02705,0.1344814,0.9916903,1,0,0.2312307,0,0.2549004,0,0.2468337,0.3026218,0.632439,0,0,0,0
686,0,0,0,0,0.9803947,1.026369,0.1348218,0.9972816,1,0,0.2442473,0,0.2547456,0,0.2481123,0.3022921,0.6228599,0,0,0,0
687,0,0,0,0,0.9615582,1.025715,0.1351557,0.9922185,1,0,0.2399237,0,0.2545968,0,0.2469545,0.3032809,0.6203861,0,0,0,0
688,0,0,0,0,0.9803947,1.025035,0.1354961,0.9838611,1,0,0.2442473,0,0.2544419,0,0.2450415,0.301816,0.6181015,0,0,0,0
689,0,0,0,0,1.062049,1.025497,0.1358648,0.9909822,1,0,0.2628408,0,0.2545472,0,0.2466717,0.3007116,0.6220669,0,0,0,0
690,0,0,0,0,0.9607894,1.025908,0.1361985,0.9905376,1,0,0.239747,0,0.2546406,0,0.24657,0.3022338,0.6138013,0,0,0,0
691,0,0,0,0,0.9803947,1.025681,0.1365389,0.9965664,1,0,0.2442473,0,0.254589,0,0.2479488,0.3002714,0.6122642,0,0,0,0
692,0,0,0,0,0.9607894,1.025019,0.1368725,0.9932629,1,0,0.239747,0,0.2544383,0,0.2471934,0.3016303,0.607919,0,0,0,0
693,0,0,0,0,0.9093654,1.024439,0.1371882,0.9864478,1,0,0.2278759,0,0.2543063,0,0.2456339,0.2981625,0.6048756,0,0,0,0
694,0,0,0,0,0.9064666,1.022474,0.137503,0.9769676,1,0,0.2272038,0,0.2538591,0,0.2434616,0.2975753,0.6002405,0,0,0,0
695,0,0,0,0,1.0008,1.022649,0.1378505,0.9697083,1,0,0.2489163,0,0.2538988,0,0.241796,0.3010231,0.5996915,0,0,0,0
696,0,0,0,0,0.9615582,1.022387,0.1381843,0.9684412,1,0,0.2399237,0,0.2538392,0,0.2415051,0.2976277,0.5991582,0,0,0,0
697,0,0,0,0,1.003202,1.02196,0.1385327,0.9705482,1,0,0.2494648,0,0.253742,0,0.2419888,0.2959865,0.5958796,0,0,0,0
698,0,0,0,0,0.9615582,1.021306,0.1388666,0.9699797,1,0,0.2399237,0,0.2535931,0,0.2418583,0.2984661,0.5891873,0,0,0,0
699,0,0,0,0,0.9231163,1.021306,0.1391871,0.9701629,1,0,0.2310599,0,0.2535931,0,0.2419004,0.2972901,0.5861616,0,0,0,0
700,0,0,0,0,0.9434602,1.021323,0.1395147,0.9727197,1,0,0.2357575,0,0.2535969,0,0.2424872,0.294863,0.5878726,0,0,0,0
701,0,0,0,0,0.9607894,1.020198,0.1398483,0.9676116,1,0,0.239747,0,0.2533407,0,0.2413146,0.2957743,0.5835307,0,0,0,0
702,0,0,0,0,0.9615582,1.01969,0.1401822,0.9671489,1,0,0.2399237,0,0.2532252,0,0.2412083,0.2954864,0.5844678,0,0,0,0
703,0,0,0,0,1.020405,1.019228,0.1405365,0.9685789,1,0,0.253388,0,0.2531198,0,0.2415367,0.2959432,0.584318,0,0,0,0
704,0,0,0,0,0.9607894,1.018783,0.1408701,0.9684934,1,0,0.239747,0,0.2530185,0,0.2415171,0.2895787,0.5785745,0,0,0,0
705,0,0,0,0,0.9419529,1.017449,0.1411971,0.969252,1,0,0.23541,0,0.2527145,0,0.2416913,0.3002246,0.5732561,0,0,0,0
706,0,0,0,0,0.9615582,1.016795,0.141531,0.9703823,1,0,0.2399237,0,0.2525656,0,0.2419508,0.2994006,0.5731059,0,0,0,0
707,0,0,0,0,0.9615582,1.015678,0.1418649,0.9695501,1,0,0.2399237,0,0.2523111,0,0.2417597,0.2976002,0.5713534,0,0,0,0
708,0,0,0,0,0.9064666,1.014412,0.1421796,0.9621628,1,0,0.2272038,0,0.2520225,0,0.2400627,0.2940662,0.5724277,0,0,0,0
709,0,0,0,0,0.9615582,1.013522,0.1425135,0.9547344,1,0,0.2399237,0,0.2518197,0,0.2383543,0.2946166,0.5693554,0,0,0,0
710,0,0,0,0,0.9419529,1.013279,0.1428406,0.9528179,1,0,0.23541,0,0.2517642,0,0.2379132,0.2985241,0.5669391,0,0,0,0
711,0,0,0,0,0.9238549,1.012424,0.1431614,0.9499254,1,0,0.2312307,0,0.2515692,0,0.2372472,0.2918538,0.5639843,0,0,0,0
712,0,0,0,0,0.9803947,1.011517,0.1435018,0.9513471,1,0,0.2442473,0,0.2513624,0,0.2375746,0.2997732,0.5595238,0,0,0,0
713,0,0,0,0,0.9419529,1.010645,0.1438288,0.9485237,1,0,0.23541,0,0.2511635,0,0.2369244,0.2978125,0.5575682,0,0,0,0
714,0,0,0,0,1,1.010645,0.1441761,0.959352,1,0,0.2487335,0,0.2511635,0,0.2394165,0.2977065,0.5556483,0,0,0,0
715,0,0,0,0,0.8548721,1.009024,0.1444729,0.9467315,1,0,0.2151888,0,0.2507937,0,0.2365115,0.2954104,0.5528719,0,0,0,0
716,0,0,0,0,1,1.008797,0.1448201,0.953399,1,0,0.2487335,0,0.2507419,0,0.238047,0.2931676,0.5519352,0,0,0,0
717,0,0,0,0,1.020405,1.008315,0.1451744,0.9647807,1,0,0.253388,0,0.250632,0,0.2406643,0.2951836,0.5486056,0,0,0,0
718,0,0,0,0,0.9803947,1.007635,0.1455148,0.9647807,1,0,0.2442473,0,0.2504768,0,0.2406643,0.2927573,0.5485336,0,0,0,0
719,0,0,0,0,1.0008,1.006954,0.1458623,0.9706388,1,0,0.2489163,0,0.2503215,0,0.2420096,0.2937383,0.5461102,0,0,0,0
720,0,0,0,0,0.8869204,1.005453,0.1461703,0.9572536,1,0,0.2226638,0,0.2499788,0,0.2389339,0.2900057,0.5479368,0,0,0,0
721,0,0,0,0,0.9238549,1.003917,0.1464911,0.9642901,1,0,0.2312307,0,0.2496282,0,0.2405516,0.295884,0.5423279,0,0,0,0
722,0,0,0,0,0.9434602,1.003455,0.1468187,0.9578154,1,0,0.2357575,0,0.2495226,0,0.2390631,0.2943281,0.542636,0,0,0,0
723,0,0,0,0,0.9607894,1.00233,0.1471523,0.9517628,1,0,0.239747,0,0.2492656,0,0.2376703,0.2949319,0.5409314,0,0,0,0
724,0,0,0,0,0.8876301,1.000156,0.1474605,0.9412463,1,0,0.2228289,0,0.248769,0,0.235247,0.2967779,0.5380158,0,0,0,0
725,0,0,0,0,0.9231163,0.9981107,0.147781,0.9317516,1,0,0.2310599,0,0.2483018,0,0.2330557,0.2946254,0.5358148,0,0,0,0
726,0,0,0,0,0.9064666,0.9970714,0.1480958,0.9333113,1,0,0.2272038,0,0.2480642,0,0.2334159,0.2926225,0.5327866,0,0,0,0
727,0,0,0,0,0.9464773,0.9964767,0.1484244,0.9351946,1,0,0.2364529,0,0.2479283,0,0.2338507,0.2899943,0.5312153,0,0,0,0
728,0,0,0,0,0.9607894,0.9960411,0.148758,0.9371115,1,0,0.239747,0,0.2478287,0,0.2342932,0.2937839,0.5324773,0,0,0,0
729,0,0,0,0,0.8876301,0.9947836,0.1490662,0.9285884,1,0,0.2228289,0,0.2475412,0,0.232325,0.2948118,0.5303601,0,0,0,0
730,0,0,0,0,1.020405,0.9943209,0.1494205,0.9441962,1,0,0.253388,0,0.2474354,0,0.2359272,0.2925055,0.5268824,0,0,0,0
731,0,0,0,0,0.9615582,0.992437,0.1497544,0.948476,1,0,0.2399237,0,0.2470045,0,0.2369134,0.2926694,0.5249004,0,0,0,0
732,0,0,0,0,0.9615582,0.9917832,0.1500883,0.9545973,1,0,0.2399237,0,0.2468549,0,0.2383228,0.2860428,0.5254428,0,0,0,0
733,0,0,0,0,0.8876301,0.9898452,0.1503965,0.9465835,1,0,0.2228289,0,0.2464115,0,0.2364774,0.2941514,0.5247869,0,0,0,0
734,0,0,0,0,0.9064666,0.9876349,0.1507112,0.939944,1,0,0.2272038,0,0.2459056,0,0.2349467,0.2959428,0.5230983,0,0,0,0
735,0,0,0,0,0.9238549,0.9855982,0.151032,0.9437679,1,0,0.2312307,0,0.2454393,0,0.2358285,0.2922193,0.5186914,0,0,0,0
736,0,0,0,0,0.9231163,0.984499,0.1513525,0.9325309,1,0,0.2310599,0,0.2451876,0,0.2332357,0.2901402,0.5144052,0,0,0,0
737,0,0,0,0,0.8065347,0.9825498,0.1516326,0.9135836,1,0,0.2038407,0,0.2447411,0,0.2288534,0.2890635,0.5170407,0,0,0,0
738,0,0,0,0,0.8354373,0.9800319,0.1519226,0.8987809,1,0,0.2106368,0,0.2441641,0,0.2254204,0.2901411,0.5128153,0,0,0,0
739,0,0,0,0,0.8876301,0.9783207,0.1522309,0.8979595,1,0,0.2228289,0,0.2437718,0,0.2252296,0.2879734,0.514365,0,0,0,0
740,0,0,0,0,0.9238549,0.9774657,0.1525516,0.8996904,1,0,0.2312307,0,0.2435758,0,0.2256315,0.2874404,0.5142747,0,0,0,0
741,0,0,0,0,0.9260719,0.975936,0.1528732,0.8999614,1,0,0.2317433,0,0.243225,0,0.2256944,0.290443,0.5135314,0,0,0,0
742,0,0,0,0,0.9607894,0.9749635,0.1532068,0.9039295,1,0,0.239747,0,0.243002,0,0.2266153,0.291226,0.509204,0,0,0,0
743,0,0,0,0,0.9238549,0.973428,0.1535276,0.916764,1,0,0.2312307,0,0.2426497,0,0.2295899,0.2918409,0.5114685,0,0,0,0
744,0,0,0,0,0.9615582,0.9727741,0.1538615,0.9303503,1,0,0.2399237,0,0.2424997,0,0.232732,0.288004,0.5073916,0,0,0,0
745,0,0,0,0,0.9231163,0.9715841,0.154182,0.9350514,1,0,0.2310599,0,0.2422266,0,0.2338177,0.2892475,0.5059539,0,0,0,0
746,0,0,0,0,0.9419529,0.9707124,0.154509,0.9364174,1,0,0.23541,0,0.2420265,0,0.234133,0.2905588,0.5049883,0,0,0,0
747,0,0,0,0,0.9064666,0.9696643,0.1548238,0.932973,1,0,0.2272038,0,0.2417859,0,0.2333378,0.2856644,0.5052204,0,0,0,0
748,0,0,0,0,0.9260719,0.9674162,0.1551453,0.9285119,1,0,0.2317433,0,0.2412697,0,0.2323073,0.2862232,0.5065138,0,0,0,0
749,0,0,0,0,0.8869204,0.9656971,0.1554533,0.9231428,1,0,0.2226638,0,0.2408749,0,0.231066,0.2860053,0.5021947,0,0,0,0
750,0,0,0,0,0.9638656,0.9652867,0.155788,0.9242541,1,0,0.2404541,0,0.2407806,0,0.231323,0.2851014,0.5016659,0,0,0,0
751,0,0,0,0,0.9638656,0.9648496,0.1561227,0.9292263,1,0,0.2404541,0,0.2406802,0,0.2324724,0.290378,0.5032489,0,0,0,0
752,0,0,0,0,0.8193858,0.9621534,0.1564072,0.9142292,1,0,0.2068665,0,0.2400606,0,0.2290029,0.2867223,0.5011841,0,0,0,0
753,0,0,0,0,0.8528256,0.9605092,0.1567033,0.9070695,1,0,0.2147101,0,0.2396826,0,0.2273436,0.2840263,0.4994302,0,0,0,0
754,0,0,0,0,0.8354373,0.958454,0.1569934,0.896419,1,0,0.2106368,0,0.23921,0,0.2248718,0.2908684,0.4990366,0,0,0,0
755,0,0,0,0,0.8737087,0.9565881,0.1572967,0.8944021,1,0,0.219587,0,0.2387808,0,0.2244033,0.2939964,0.4976169,0,0,0,0
756,0,0,0,0,0.8709235,0.9542285,0.1575991,0.8836803,1,0,0.2189375,0,0.2382379,0,0.2219098,0.2905376,0.4984483,0,0,0,0
757,0,0,0,0,0.8834799,0.9524711,0.1579059,0.8740485,1,0,0.2218632,0,0.2378334,0,0.2196662,0.2876454,0.4953742,0,0,0,0
758,0,0,0,0,0.8528256,0.9506091,0.158202,0.8765645,1,0,0.2147101,0,0.2374047,0,0.2202526,0.285758,0.4949115,0,0,0,0
759,0,0,0,0,0.9419529,0.9494736,0.1585291,0.8870711,1,0,0.23541,0,0.2371432,0,0.2226989,0.2883078,0.4943244,0,0,0,0
760,0,0,0,0,0.8548721,0.9469357,0.1588259,0.8873913,1,0,0.2151888,0,0.2365585,0,0.2227733,0.284608,0.4912589,0,0,0,0
761,0,0,0,0,0.9260719,0.9458876,0.1591475,0.8928151,1,0,0.2317433,0,0.236317,0,0.2240345,0.2873426,0.4887698,0,0,0,0
762,0,0,0,0,0.8876301,0.9446034,0.1594557,0.89385,1,0,0.2228289,0,0.2360211,0,0.224275,0.2838969,0.4891438,0,0,0,0
763,0,0,0,0,0.8869204,0.9426387,0.1597636,0.8942244,1,0,0.2226638,0,0.2355681,0,0.224362,0.2875547,0.4917591,0,0,0,0
764,0,0,0,0,0.8709235,0.9416402,0.160066,0.8958403,1,0,0.2189375,0,0.2353379,0,0.2247374,0.2824478,0.489448,0,0,0,0
765,0,0,0,0,1.0008,0.9409596,0.1604135,0.9032338,1,0,0.2489163,0,0.2351809,0,0.2264539,0.2861421,0.4860397,0,0,0,0
766,0,0,0,0,0.8026793,0.9383137,0.1606922,0.8960965,1,0,0.2029317,0,0.2345706,0,0.2247969,0.2852513,0.4897635,0,0,0,0
767,0,0,0,0,0.8695321,0.9363736,0.1609942,0.8905142,1,0,0.2186129,0,0.2341229,0,0.2234996,0.2832994,0.4883199,0,0,0,0
768,0,0,0,0,0.8528256,0.9345116,0.1612903,0.8868403,1,0,0.2147101,0,0.2336931,0,0.2226451,0.2839297,0.4858883,0,0,0,0
769,0,0,0,0,0.8521438,0.932406,0.1615862,0.8825819,1,0,0.2145506,0,0.2332069,0,0.2216541,0.2845531,0.4842075,0,0,0,0
770,0,0,0,0,0.8869204,0.931971,0.1618941,0.883949,1,0,0.2226638,0,0.2331064,0,0.2219723,0.279021,0.4847719,0,0,0,0
771,0,0,0,0,0.8193858,0.9299286,0.1621786,0.8626064,1,0,0.2068665,0,0.2326346,0,0.2169963,0.2878638,0.4848378,0,0,0,0
772,0,0,0,0,0.9803947,0.9292573,0.1625191,0.8825704,1,0,0.2442473,0,0.2324795,0,0.2216515,0.2830265,0.4846204,0,0,0,0
773,0,0,0,0,0.7872572,0.9268935,0.1627924,0.871911,1,0,0.19929,0,0.2319332,0,0.2191678,0.281922,0.4810115,0,0,0,0
774,0,0,0,0,0.8548721,0.9257167,0.1630892,0.870953,1,0,0.2151888,0,0.2316612,0,0.2189444,0.2833349,0.4813106,0,0,0,0
775,0,0,0,0,0.9231163,0.9257085,0.1634098,0.8788388,1,0,0.2310599,0,0.2316593,0,0.2207825,0.2818165,0.4810947,0,0,0,0
776,0,0,0,0,0.8582866,0.9243517,0.1637078,0.8747277,1,0,0.215987,0,0.2313456,0,0.2198245,0.2784533,0.4794697,0,0,0,0
777,0,0,0,0,0.8026793,0.9225864,0.1639865,0.8717182,1,0,0.2029317,0,0.2309373,0,0.2191228,0.2875608,0.4802049,0,0,0,0
778,0,0,0,0,0.7872572,0.9204404,0.1642598,0.8487161,1,0,0.19929,0,0.2304408,0,0.2137485,0.2850229,0.4770423,0,0,0,0
779,0,0,0,0,0.9137193,0.9187923,0.1645771,0.8630652,1,0,0.2288848,0,0.2300594,0,0.2171035,0.2835443,0.4770445,0,0,0,0
780,0,0,0,0,0.8695321,0.9177783,0.164879,0.8636459,1,0,0.2186129,0,0.2298247,0,0.2172391,0.2841696,0.4784,0,0,0,0
781,0,0,0,0,0.7409664,0.915118,0.1651363,0.8409304,1,0,0.1883033,0,0.2292088,0,0.2119249,0.2841629,0.4789419,0,0,0,0
782,0,0,0,0,0.83945,0.9137698,0.1654278,0.8390604,1,0,0.2115779,0,0.2288965,0,0.2114865,0.2777758,0.4740445,0,0,0,0
783,0,0,0,0,0.8528256,0.9131416,0.1657239,0.8446322,1,0,0.2147101,0,0.228751,0,0.2127922,0.2806606,0.4740904,0,0,0,0
784,0,0,0,0,0.8026793,0.9119884,0.1660026,0.8459818,1,0,0.2029317,0,0.2284838,0,0.2131083,0.2755198,0.4752399,0,0,0,0
785,0,0,0,0,0.8548721,0.910367,0.1662994,0.8392339,1,0,0.2151888,0,0.2281081,0,0.2115272,0.280107,0.4743711,0,0,0,0
786,0,0,0,0,0.9419529,0.9101491,0.1666265,0.8480699,1,0,0.23541,0,0.2280576,0,0.2135972,0.2778714,0.4766186,0,0,0,0
787,0,0,0,0,0.8528256,0.9084783,0.1669226,0.8601581,1,0,0.2147101,0,0.2276703,0,0.2164244,0.2786283,0.4706564,0,0,0,0
788,0,0,0,0,0.8521438,0.9072626,0.1672185,0.8615609,1,0,0.2145506,0,0.2273884,0,0.2167521,0.2842987,0.4702997,0,0,0,0
789,0,0,0,0,0.8354373,0.9062884,0.1675086,0.8584454,1,0,0.2106368,0,0.2271625,0,0.2160241,0.2777126,0.4720434,0,0,0,0
790,0,0,0,0,0.8548721,0.905304,0.1678054,0.8642446,1,0,0.2151888,0,0.2269342,0,0.2173789,0.275196,0.4748124,0,0,0,0
791,0,0,0,0,0.8528256,0.9041044,0.1681015,0.8632033,1,0,0.2147101,0,0.2266559,0,0.2171357,0.2873217,0.4687838,0,0,0,0
792,0,0,0,0,0.7724399,0.9020031,0.1683698,0.8430887,1,0,0.1957823,0,0.2261683,0,0.2124306,0.2787052,0.4715488,0,0,0,0
793,0,0,0,0,0.8521438,0.9001336,0.1686656,0.8426265,1,0,0.2145506,0,0.2257344,0,0.2123223,0.2774784,0.4696265,0,0,0,0
794,0,0,0,0,0.8213521,0.8985843,0.1689508,0.8386544,1,0,0.2073289,0,0.2253747,0,0.2113913,0.2765245,0.4695973,0,0,0,0
795,0,0,0,0,0.7712058,0.8966871,0.1692186,0.8289665,1,0,0.1954898,0,0.2249341,0,0.2091181,0.2846396,0.4724539,0,0,0,0
796,0,0,0,0,0.8039638,0.894936,0.1694978,0.8233243,1,0,0.2032346,0,0.2245273,0,0.2077925,0.2812578,0.4678592,0,0,0,0
797,0,0,0,0,0.8193858,0.8933563,0.1697823,0.8190516,1,0,0.2068665,0,0.2241603,0,0.2067879,0.2789645,0.4657806,0,0,0,0
798,0,0,0,0,0.8187308,0.8923815,0.1700666,0.8238162,1,0,0.2067124,0,0.2239337,0,0.2079081,0.2840206,0.4667618,0,0,0,0
799,0,0,0,0,0.8213521,0.8908236,0.1703517,0.8200528,1,0,0.2073289,0,0.2235716,0,0.2070233,0.2753115,0.4690808,0,0,0,0
800,0,0,0,0,0.8354373,0.8896401,0.1706418,0.8210458,1,0,0.2106368,0,0.2232964,0,0.2072568,0.2842713,0.4684912,0,0,0,0
801,0,0,0,0,0.8187308,0.8884721,0.1709261,0.826319,1,0,0.2067124,0,0.2230247,0,0.2084962,0.2762681,0.4649094,0,0,0,0
802,0,0,0,0,0.7872572,0.8863261,0.1711995,0.8223168,1,0,0.19929,0,0.2225255,0,0.2075557,0.2786418,0.4626806,0,0,0,0
803,0,0,0,0,0.8246327,0.8850226,0.1714858,0.823315,1,0,0.2081,0,0.2222222,0,0.2077903,0.2732409,0.4664374,0,0,0,0
804,0,0,0,0,0.7891464,0.8826797,0.1717598,0.8192976,1,0,0.1997366,0,0.2216769,0,0.2068457,0.2819124,0.4632308,0,0,0,0
805,0,0,0,0,0.8897601,0.8830674,0.1720687,0.8265279,1,0,0.2233243,0,0.2217671,0,0.2085453,0.2769778,0.4623847,0,0,0,0
806,0,0,0,0,0.8367741,0.8812538,0.1723593,0.8264374,1,0,0.2109504,0,0.2213449,0,0.208524,0.2773563,0.4638054,0,0,0,0
807,0,0,0,0,0.8695321,0.8795774,0.1726612,0.8328248,1,0,0.2186129,0,0.2209545,0,0.2100239,0.2813741,0.4617713,0,0,0,0
808,0,0,0,0,0.8213521,0.8778103,0.1729464,0.8369919,1,0,0.2073289,0,0.2205429,0,0.2110015,0.2789245,0.4606914,0,0,0,0
809,0,0,0,0,0.8876301,0.8765528,0.1732546,0.8437018,1,0,0.2228289,0,0.2202499,0,0.2125743,0.2749178,0.4641454,0,0,0,0
810,0,0,0,0,0.9093654,0.8768022,0.1735704,0.857502,1,0,0.2278759,0,0.220308,0,0.2158037,0.27738,0.459351,0,0,0,0
811,0,0,0,0,0.7891464,0.8753054,0.1738444,0.8468581,1,0,0.1997366,0,0.2199592,0,0.2133135,0.2799092,0.4621828,0,0,0,0
812,0,0,0,0,0.8039638,0.8737555,0.1741235,0.8428182,1,0,0.2032346,0,0.2195979,0,0.2123673,0.275185,0.4623571,0,0,0,0
813,0,0,0,0,0.7872572,0.8718273,0.1743969,0.832948,1,0,0.19929,0,0.2191483,0,0.2100528,0.272734,0.459081,0,0,0,0
814,0,0,0,0,0.7409664,0.8701977,0.1746542,0.8233305,1,0,0.1883033,0,0.2187682,0,0.207794,0.2764261,0.4584011,0,0,0,0
815,0,0,0,0,0.7724399,0.8685236,0.1749224,0.8096157,1,0,0.1957823,0,0.2183776,0,0.2045667,0.2761989,0.4603584,0,0,0,0
816,0,0,0,0,0.8354373,0.8677343,0.1752125,0.800218,1,0,0.2106368,0,0.2181935,0,0.2023511,0.2751234,0.4580154,0,0,0,0
817,0,0,0,0,0.7712058,0.8657869,0.1754802,0.7973177,1,0,0.1954898,0,0.2177389,0,0.2016667,0.275241,0.4625372,0,0,0,0
818,0,0,0,0,0.7866279,0.8638518,0.1757534,0.7946635,1,0,0.1991412,0,0.2172871,0,0.20104,0.279921,0.4588753,0,0,0,0
819,0,0,0,0,0.8026793,0.8629079,0.1760321,0.7960131,1,0,0.2029317,0,0.2170667,0,0.2013587,0.2755973,0.4604176,0,0,0,0
820,0,0,0,0,0.8354373,0.8608527,0.1763222,0.8062939,1,0,0.2106368,0,0.2165866,0,0.203784,0.2722308,0.4577788,0,0,0,0
821,0,0,0,0,0.8582866,0.8597052,0.1766202,0.8158931,1,0,0.215987,0,0.2163185,0,0.2060447,0.2731475,0.4605649,0,0,0,0
822,0,0,0,0,0.8213521,0.8581473,0.1769054,0.8148716,1,0,0.2073289,0,0.2159545,0,0.2058043,0.2696923,0.4594059,0,0,0,0
823,0,0,0,0,0.9419529,0.8587509,0.1772324,0.8348413,1,0,0.23541,0,0.2160956,0,0.210497,0.2739767,0.4573447,0,0,0,0
824,0,0,0,0,0.7153321,0.8566272,0.1774808,0.8257416,1,0,0.1821831,0,0.2155992,0,0.2083606,0.2771588,0.45899,0,0,0,0
825,0,0,0,0,0.8026793,0.8552808,0.1777595,0.8260913,1,0,0.2029317,0,0.2152844,0,0.2084427,0.2751193,0.4591856,0,0,0,0
826,0,0,0,0,0.8367741,0.8543215,0.1780501,0.8266044,1,0,0.2109504,0,0.21506,0,0.2085633,0.275311,0.4597929,0,0,0,0
827,0,0,0,0,0.8695321,0.8550214,0.178352,0.8284111,1,0,0.2186129,0,0.2152237,0,0.2089877,0.2712976,0.4568332,0,0,0,0
828,0,0,0,0,0.7528519,0.8541038,0.1786134,0.820068,1,0,0.1911322,0,0.2150091,0,0.2070269,0.2746147,0.4538514,0,0,0,0
829,0,0,0,0,0.8709235,0.8539182,0.1789158,0.8127266,1,0,0.2189375,0,0.2149657,0,0.2052994,0.269626,0.4566149,0,0,0,0
830,0,0,0,0,0.9238549,0.8539182,0.1792366,0.8368782,1,0,0.2312307,0,0.2149657,0,0.2109748,0.2711937,0.4544918,0,0,0,0
831,0,0,0,0,0.7866279,0.8523688,0.1795097,0.834738,1,0,0.1991412,0,0.2146033,0,0.2104728,0.2712653,0.4555711,0,0,0,0
832,0,0,0,0,0.7872572,0.8504407,0.1797831,0.8292362,1,0,0.19929,0,0.2141521,0,0.2091814,0.2720776,0.4551613,0,0,0,0
833,0,0,0,0,0.7749101,0.8487857,0.1800521,0.8181701,1,0,0.1963677,0,0.2137648,0,0.2065805,0.2724738,0.4524135,0,0,0,0
834,0,0,0,0,0.7724399,0.8466844,0.1803203,0.8201609,1,0,0.1957823,0,0.2132729,0,0.2070488,0.2787562,0.4536427,0,0,0,0
835,0,0,0,0,0.8582866,0.8459641,0.1806184,0.8184071,1,0,0.215987,0,0.2131042,0,0.2066363,0.2697914,0.4536892,0,0,0,0
836,0,0,0,0,0.7409664,0.8437309,0.1808756,0.7970217,1,0,0.1883033,0,0.2125811,0,0.2015968,0.270524,0.4541122,0,0,0,0
837,0,0,0,0,0.8026793,0.8425777,0.1811543,0.7980623,1,0,0.2029317,0,0.2123109,0,0.2018425,0.2763595,0.454596,0,0,0,0
838,0,0,0,0,0.8354373,0.8415707,0.1814444,0.8035722,1,0,0.2106368,0,0.2120749,0,0.2031423,0.2687262,0.4573261,0,0,0,0
839,0,0,0,0,0.8065347,0.8406775,0.1817245,0.806185,1,0,0.2038407,0,0.2118656,0,0.2037583,0.2749767,0.4537522,0,0,0,0
840,0,0,0,0,0.6872836,0.8376044,0.1819631,0.7942556,1,0,0.1754566,0,0.2111451,0,0.2009437,0.2755547,0.4562963,0,0,0,0
841,0,0,0,0,0.7872572,0.835642,0.1822365,0.7863424,1,0,0.19929,0,0.2106849,0,0.1990737,0.2704122,0.4527509,0,0,0,0
842,0,0,0,0,0.7891464,0.835306,0.1825105,0.7915311,1,0,0.1997366,0,0.2106061,0,0.2003001,0.2637691,0.4547906,0,0,0,0
843,0,0,0,0,0.7563884,0.8342345,0.1827731,0.7860447,1,0,0.1919729,0,0.2103547,0,0.1990032,0.2733666,0.4534591,0,0,0,0
844,0,0,0,0,0.7445254,0.8332244,0.1830316,0.775983,1,0,0.189151,0,0.2101176,0,0.1966218,0.2740629,0.4487604,0,0,0,0
845,0,0,0,0,0.8026793,0.8324352,0.1833103,0.7758906,1,0,0.2029317,0,0.2099324,0,0.1965999,0.2745615,0.4520189,0,0,0,0
846,0,0,0,0,0.7119127,0.8306684,0.1835575,0.7772546,1,0,0.1813647,0,0.2095177,0,0.196923,0.270632,0.4522057,0,0,0,0
847,0,0,0,0,0.8193858,0.8299562,0.183842,0.7813598,1,0,0.2068665,0,0.2093505,0,0.1978949,0.2719679,0.4511423,0,0,0,0
848,0,0,0,0,0.7407205,0.8287106,0.1840992,0.7754691,1,0,0.1882447,0,0.209058,0,0.1965001,0.2648518,0.4532869,0,0,0,0
849,0,0,0,0,0.7872572,0.8269918,0.1843726,0.7787276,1,0,0.19929,0,0.2086543,0,0.1972718,0.2726498,0.4489003,0,0,0,0
850,0,0,0,0,0.7563884,0.8258975,0.1846352,0.7791674,1,0,0.1919729,0,0.2083972,0,0.197376,0.2708951,0.4490075,0,0,0,0
851,0,0,0,0,0.6982345,0.823366,0.1848777,0.765784,1,0,0.1780865,0,0.2078023,0,0.1942039,0.268295,0.4522988,0,0,0,0
852,0,0,0,0,0.7724399,0.8220861,0.1851459,0.7719658,1,0,0.1957823,0,0.2075014,0,0.1956699,0.2700796,0.4477509,0,0,0,0
853,0,0,0,0,0.7891464,0.8209997,0.1854199,0.766908,1,0,0.1997366,0,0.207246,0,0.1944706,0.2694188,0.4505851,0,0,0,0
854,0,0,0,0,0.8354373,0.8206054,0.18571,0.7787666,1,0,0.2106368,0,0.2071533,0,0.1972811,0.2695085,0.4506112,0,0,0,0
855,0,0,0,0,0.7130519,0.8174082,0.1859575,0.7695257,1,0,0.1816374,0,0.2064013,0,0.1950915,0.271022,0.4491793,0,0,0,0
856,0,0,0,0,0.7712058,0.8170585,0.1862253,0.7704436,1,0,0.1954898,0,0.206319,0,0.1953091,0.2687385,0.4481361,0,0,0,0
857,0,0,0,0,0.7421521,0.8156432,0.186483,0.773908,1,0,0.1885858,0,0.2059859,0,0.1961302,0.2699967,0.4487108,0,0,0,0
858,0,0,0,0,0.83945,0.8154946,0.1867745,0.7823157,1,0,0.2115779,0,0.205951,0,0.1981211,0.2741106,0.4502149,0,0,0,0
859,0,0,0,0,0.7891464,0.8147946,0.1870485,0.7814071,1,0,0.1997366,0,0.2057862,0,0.1979061,0.2695158,0.4507567,0,0,0,0
860,0,0,0,0,0.7409664,0.8131729,0.1873058,0.7688782,1,0,0.1883033,0,0.2054044,0,0.1949379,0.2664649,0.4477154,0,0,0,0
861,0,0,0,0,0.8193858,0.8131729,0.1875903,0.7810571,1,0,0.2068665,0,0.2054044,0,0.1978233,0.2732368,0.4502529,0,0,0,0
862,0,0,0,0,0.7130519,0.8102024,0.1878379,0.773771,1,0,0.1816374,0,0.2047049,0,0.1960978,0.2712662,0.4496595,0,0,0,0
863,0,0,0,0,0.8187308,0.8105521,0.1881222,0.7827667,1,0,0.2067124,0,0.2047873,0,0.1982278,0.2666916,0.4505721,0,0,0,0
864,0,0,0,0,0.7027056,0.8088614,0.1883662,0.766798,1,0,0.1791589,0,0.204389,0,0.1944445,0.2732487,0.4480082,0,0,0,0
865,0,0,0,0,0.83945,0.8079318,0.1886576,0.772178,1,0,0.2115779,0,0.20417,0,0.1957203,0.2687519,0.4464002,0,0,0,0
866,0,0,0,0,0.7872572,0.8071425,0.188931,0.7778358,1,0,0.19929,0,0.203984,0,0.1970607,0.2707027,0.4501164,0,0,0,0
867,0,0,0,0,0.6872836,0.8058604,0.1891696,0.7618756,1,0,0.1754566,0,0.2036818,0,0.1932763,0.2731412,0.4442529,0,0,0,0
868,0,0,0,0,0.67032,0.8045611,0.1894024,0.755293,1,0,0.1713732,0,0.2033755,0,0.1917125,0.2703298,0.4502183,0,0,0,0
869,0,0,0,0,0.7130519,0.8023314,0.18965,0.7425122,1,0,0.1816374,0,0.2028497,0,0.1886715,0.2684192,0.449199,0,0,0,0
870,0,0,0,0,0.7557837,0.8010676,0.1899124,0.7491709,1,0,0.1918292,0,0.2025516,0,0.1902567,0.2700174,0.4482971,0,0,0,0
871,0,0,0,0,0.6850927,0.8004467,0.1901503,0.7308849,1,0,0.1749299,0,0.2024051,0,0.1858994,0.2616244,0.4432453,0,0,0,0
872,0,0,0,0,0.7119127,0.7990297,0.1903975,0.7216551,1,0,0.1813647,0,0.2020707,0,0.1836951,0.2659294,0.4486478,0,0,0,0
873,0,0,0,0,0.7421521,0.7977999,0.1906552,0.7275934,1,0,0.1885858,0,0.2017805,0,0.1851137,0.2679482,0.4455658,0,0,0,0
874,0,0,0,0,0.6999101,0.7966581,0.1908982,0.7303855,1,0,0.1784885,0,0.201511,0,0.1857803,0.2657594,0.4476329,0,0,0,0
875,0,0,0,0,0.7421521,0.7954056,0.1911559,0.7329463,1,0,0.1885858,0,0.2012153,0,0.1863913,0.2642359,0.4437174,0,0,0,0
876,0,0,0,0,0.7409664,0.7931724,0.1914131,0.7316228,1,0,0.1883033,0,0.2006879,0,0.1860755,0.267744,0.4455591,0,0,0,0
877,0,0,0,0,0.6460984,0.7908755,0.1916375,0.7253647,1,0,0.1655225,0,0.2001452,0,0.1845815,0.2660825,0.4461834,0,0,0,0
878,0,0,0,0,0.7153321,0.7893553,0.1918859,0.7254625,1,0,0.1821831,0,0.199786,0,0.1846048,0.2700941,0.4473473,0,0,0,0
879,0,0,0,0,0.7313836,0.7881992,0.1921398,0.7236452,1,0,0.1860184,0,0.1995127,0,0.1841707,0.2652613,0.4458156,0,0,0,0
880,0,0,0,0,0.7130519,0.7866234,0.1923874,0.7246239,1,0,0.1816374,0,0.1991401,0,0.1844045,0.2650622,0.4483829,0,0,0,0
881,0,0,0,0,0.7153321,0.7850957,0.1926358,0.7218339,1,0,0.1821831,0,0.1987788,0,0.1837378,0.2634203,0.4472276,0,0,0,0
882,0,0,0,0,0.7480901,0.7848251,0.1928955,0.7223548,1,0,0.1899995,0,0.1987148,0,0.1838624,0.2671248,0.4448235,0,0,0,0
883,0,0,0,0,0.6445517,0.7825186,0.1931193,0.7205764,1,0,0.1651481,0,0.1981691,0,0.1834373,0.2657635,0.4450485,0,0,0,0
884,0,0,0,0,0.7130519,0.7813152,0.1933669,0.7189632,1,0,0.1816374,0,0.1978844,0,0.1830516,0.2659686,0.4484611,0,0,0,0
885,0,0,0,0,0.7872572,0.7814936,0.1936403,0.7259959,1,0,0.19929,0,0.1979266,0,0.1847322,0.2655215,0.4450018,0,0,0,0
886,0,0,0,0,0.7119127,0.7804708,0.1938875,0.7252105,1,0,0.1813647,0,0.1976845,0,0.1845446,0.2660441,0.4478694,0,0,0,0
887,0,0,0,0,0.6982345,0.7791247,0.1941299,0.7228228,1,0,0.1780865,0,0.1973658,0,0.1839742,0.2632811,0.4477623,0,0,0,0
888,0,0,0,0,0.7724399,0.7786103,0.1943981,0.7247837,1,0,0.1957823,0,0.1972441,0,0.1844427,0.2656341,0.4473196,0,0,0,0
889,0,0,0,0,0.6976763,0.7772362,0.1946404,0.7296701,1,0,0.1779526,0,0.1969187,0,0.1856095,0.2688878,0.4461785,0,0,0,0
890,0,0,0,0,0.726149,0.7760218,0.1948925,0.7309607,1,0,0.1847688,0,0.196631,0,0.1859175,0.2658339,0.4457666,0,0,0,0
891,0,0,0,0,0.8187308,0.7760218,0.1951768,0.7344505,1,0,0.2067124,0,0.196631,0,0.1867501,0.2654217,0.4446223,0,0,0,0
892,0,0,0,0,0.8193858,0.7763788,0.1954613,0.7475735,1,0,0.2068665,0,0.1967156,0,0.1898766,0.2643186,0.4466937,0,0,0,0
893,0,0,0,0,0.7872572,0.7759635,0.1957347,0.7571152,1,0,0.19929,0,0.1966172,0,0.1921456,0.2645029,0.4473487,0,0,0,0
894,0,0,0,0,0.7119127,0.7751054,0.1959818,0.7504922,1,0,0.1813647,0,0.1964139,0,0.190571,0.26217,0.4453067,0,0,0,0
895,0,0,0,0,0.7563884,0.7736235,0.1962445,0.7560929,1,0,0.1919729,0,0.1960628,0,0.1919026,0.2617285,0.4429851,0,0,0,0
896,0,0,0,0,0.72673,0.7724008,0.1964968,0.7554849,1,0,0.1849076,0,0.1957731,0,0.1917581,0.261677,0.4461754,0,0,0,0
897,0,0,0,0,0.72673,0.7708141,0.1967492,0.7457009,1,0,0.1849076,0,0.1953969,0,0.1894308,0.2647367,0.4426585,0,0,0,0
898,0,0,0,0,0.7712058,0.7702569,0.1970169,0.7414685,1,0,0.1954898,0,0.1952648,0,0.1884229,0.2630008,0.4455536,0,0,0,0
899,0,0,0,0,0.6999101,0.7681711,0.19726,0.7316173,1,0,0.1784885,0,0.1947702,0,0.1860742,0.2667201,0.4398656,0,0,0,0
900,0,0,0,0,0.7409664,0.7663,0.1975172,0.7346808,1,0,0.1883033,0,0.1943264,0,0.186805,0.2625299,0.4445064,0,0,0,0
901,0,0,0,0,0.6603348,0.7648688,0.1977465,0.7237331,1,0,0.1689641,0,0.1939867,0,0.1841917,0.2672849,0.4449914,0,0,0,0
902,0,0,0,0,0.726149,0.7640042,0.1979987,0.7238267,1,0,0.1847688,0,0.1937816,0,0.1842141,0.2638265,0.4429466,0,0,0,0
903,0,0,0,0,0.7119127,0.763167,0.1982458,0.7218444,1,0,0.1813647,0,0.1935828,0,0.1837404,0.2656586,0.444054,0,0,0,0
904,0,0,0,0,0.7421521,0.7631802,0.1985035,0.7190855,1,0,0.1885858,0,0.193586,0,0.1830808,0.2656988,0.4428667,0,0,0,0
905,0,0,0,0,0.7563884,0.7630018,0.1987662,0.7255191,1,0,0.1919729,0,0.1935436,0,0.1846184,0.2658697,0.4433936,0,0,0,0
906,0,0,0,0,0.6751521,0.7612209,0.1990006,0.7174751,1,0,0.1725375,0,0.1931208,0,0.1826957,0.2612895,0.4424059,0,0,0,0
907,0,0,0,0,0.6582299,0.7599656,0.1992292,0.717376,1,0,0.1684558,0,0.1928227,0,0.182672,0.2625993,0.4433655,0,0,0,0
908,0,0,0,0,0.6839982,0.7588253,0.1994667,0.7123444,1,0,0.1746666,0,0.1925519,0,0.1814681,0.2644629,0.4422909,0,0,0,0
909,0,0,0,0,0.7130519,0.7578294,0.1997142,0.7122673,1,0,0.1816374,0,0.1923153,0,0.1814496,0.2661075,0.4448076,0,0,0,0
910,0,0,0,0,0.6999101,0.7563236,0.1999573,0.7074278,1,0,0.1784885,0,0.1919575,0,0.1802907,0.2636193,0.4403759,0,0,0,0
911,0,0,0,0,0.6837712,0.7543845,0.2001947,0.6990085,1,0,0.174612,0,0.1914966,0,0.1782722,0.2636814,0.4436858,0,0,0,0
912,0,0,0,0,0.6850927,0.7528705,0.2004326,0.699413,1,0,0.1749299,0,0.1911366,0,0.1783693,0.2604647,0.4421011,0,0,0,0
913,0,0,0,0,0.6708564,0.7498583,0.2006655,0.7011083,1,0,0.1715024,0,0.1904202,0,0.1787759,0.2647024,0.4447632,0,0,0,0
914,0,0,0,0,0.6850927,0.7495223,0.2009034,0.7009192,1,0,0.1749299,0,0.1903403,0,0.1787305,0.2652346,0.4436218,0,0,0,0
915,0,0,0,0,0.6976763,0.7483556,0.2011456,0.6982155,1,0,0.1779526,0,0.1900627,0,0.178082,0.2663317,0.4420654,0,0,0,0
916,0,0,0,0,0.6982345,0.7468163,0.2013881,0.6978773,1,0,0.1780865,0,0.1896964,0,0.1780008,0.2665733,0.442471,0,0,0,0
917,0,0,0,0,0.728474,0.745249,0.201641,0.7031803,1,0,0.185324,0,0.1893233,0,0.1792727,0.2649975,0.4417299,0,0,0,0
918,0,0,0,0,0.6872836,0.7445204,0.2018797,0.7024775,1,0,0.1754566,0,0.1891498,0,0.1791042,0.2612691,0.4433054,0,0,0,0
919,0,0,0,0,0.6460984,0.7420224,0.202104,0.6991536,1,0,0.1655225,0,0.1885549,0,0.178307,0.2678692,0.4439033,0,0,0,0
920,0,0,0,0,0.6751521,0.739259,0.2023384,0.6974824,1,0,0.1725375,0,0.1878965,0,0.1779061,0.2672202,0.4397979,0,0,0,0
921,0,0,0,0,0.6839982,0.7381187,0.2025759,0.6944656,1,0,0.1746666,0,0.1876247,0,0.1771819,0.2673681,0.4445011,0,0,0,0
922,0,0,0,0,0.6445517,0.7365331,0.2027997,0.6865582,1,0,0.1651481,0,0.1872467,0,0.1752822,0.2636031,0.4412951,0,0,0,0
923,0,0,0,0,0.6187834,0.7347983,0.2030146,0.6724985,1,0,0.158896,0,0.1868331,0,0.1718982,0.2647565,0.4415455,0,0,0,0
924,0,0,0,0,0.6445517,0.7333774,0.2032384,0.667002,1,0,0.1651481,0,0.1864941,0,0.1705731,0.2660126,0.4462296,0,0,0,0
925,0,0,0,0,0.6314099,0.7308565,0.2034576,0.6639813,1,0,0.1619629,0,0.1858927,0,0.1698444,0.2655165,0.4427919,0,0,0,0
926,0,0,0,0,0.6603348,0.7299606,0.2036869,0.6615972,1,0,0.1689641,0,0.1856788,0,0.1692689,0.2684408,0.4419821,0,0,0,0
927,0,0,0,0,0.6724662,0.7285138,0.2039204,0.659713,1,0,0.1718904,0,0.1853335,0,0.168814,0.264818,0.4403006,0,0,0,0
928,0,0,0,0,0.6850927,0.7268433,0.2041583,0.6632607,1,0,0.1749299,0,0.1849346,0,0.1696704,0.264773,0.4414915,0,0,0,0
929,0,0,0,0,0.6839982,0.7254818,0.2043958,0.67033,1,0,0.1746666,0,0.1846094,0,0.1713756,0.263521,0.4453648,0,0,0,0
930,0,0,0,0,0.6839982,0.7254453,0.2046333,0.67408,1,0,0.1746666,0,0.1846007,0,0.1722792,0.2667673,0.4405656,0,0,0,0
931,0,0,0,0,0.72673,0.7247727,0.2048856,0.6854088,1,0,0.1849076,0,0.1844401,0,0.1750059,0.2679643,0.440763,0,0,0,0
932,0,0,0,0,0.6839982,0.7236044,0.2051231,0.6875697,1,0,0.1746666,0,0.184161,0,0.1755254,0.2712095,0.4379407,0,0,0,0
933,0,0,0,0,0.6850927,0.7228123,0.205361,0.6886747,1,0,0.1749299,0,0.1839717,0,0.1757909,0.2672156,0.4379564,0,0,0,0
934,0,0,0,0,0.7119127,0.7224499,0.2056082,0.6913187,1,0,0.1813647,0,0.1838851,0,0.1764262,0.2681811,0.4413994,0,0,0,0
935,0,0,0,0,0.7612319,0.7219894,0.2058725,0.699954,1,0,0.1931234,0,0.183775,0,0.178499,0.2676669,0.4402192,0,0,0,0
936,0,0,0,0,0.72673,0.722154,0.2061248,0.7052751,1,0,0.1849076,0,0.1838144,0,0.1797749,0.2621181,0.4421001,0,0,0,0
937,0,0,0,0,0.6440364,0.7202057,0.2063485,0.6959292,1,0,0.1650233,0,0.1833487,0,0.1775333,0.2697573,0.4390506,0,0,0,0
938,0,0,0,0,0.6872836,0.7196119,0.2065871,0.6963308,1,0,0.1754566,0,0.1832067,0,0.1776297,0.2678754,0.4382669,0,0,0,0
939,0,0,0,0,0.7027056,0.7186725,0.2068311,0.6981728,1,0,0.1791589,0,0.1829821,0,0.1780717,0.2699868,0.4395483,0,0,0,0
940,0,0,0,0,0.6708564,0.7177221,0.207064,0.6932882,1,0,0.1715024,0,0.1827548,0,0.1768992,0.2627814,0.4400038,0,0,0,0
941,0,0,0,0,0.67032,0.717412,0.2072968,0.6830374,1,0,0.1713732,0,0.1826806,0,0.1744355,0.2684973,0.4425058,0,0,0,0
942,0,0,0,0,0.6571782,0.7161313,0.207525,0.6749992,1,0,0.1682017,0,0.1823743,0,0.1725007,0.268801,0.4416363,0,0,0,0
943,0,0,0,0,0.7557837,0.7157606,0.2077874,0.6883592,1,0,0.1918292,0,0.1822856,0,0.1757151,0.2712454,0.4393089,0,0,0,0
944,0,0,0,0,0.726149,0.7145463,0.2080395,0.6931338,1,0,0.1847688,0,0.181995,0,0.1768622,0.2645924,0.438941,0,0,0,0
945,0,0,0,0,0.7866279,0.7153638,0.2083127,0.7034469,1,0,0.1991412,0,0.1821907,0,0.1793366,0.267813,0.4396847,0,0,0,0
946,0,0,0,0,0.6982345,0.714553,0.2085551,0.7064889,1,0,0.1780865,0,0.1819967,0,0.1800657,0.2705722,0.4393685,0,0,0,0
947,0,0,0,0,0.6314099,0.7133225,0.2087743,0.701087,1,0,0.1619629,0,0.1817022,0,0.1787708,0.2664592,0.4420173,0,0,0,0
948,0,0,0,0,0.6445517,0.711157,0.2089982,0.6992093,1,0,0.1651481,0,0.1811838,0,0.1783204,0.2678935,0.4392315,0,0,0,0
949,0,0,0,0,0.7445254,0.7106612,0.2092567,0.699052,1,0,0.189151,0,0.1810651,0,0.1782827,0.2709752,0.4408503,0,0,0,0
950,0,0,0,0,0.6982345,0.7101864,0.2094991,0.6962069,1,0,0.1780865,0,0.1809514,0,0.1775999,0.2725181,0.440465,0,0,0,0
951,0,0,0,0,0.6076227,0.7078335,0.2097101,0.6754688,1,0,0.1561798,0,0.1803879,0,0.1726138,0.2729678,0.4372892,0,0,0,0
952,0,0,0,0,0.728474,0.7080048,0.209963,0.6797612,1,0,0.185324,0,0.1804289,0,0.1736472,0.2700926,0.443537,0,0,0,0
953,0,0,0,0,0.7421521,0.7071539,0.2102207,0.6934366,1,0,0.1885858,0,0.1802251,0,0.1769349,0.276835,0.4396062,0,0,0,0
954,0,0,0,0,0.6850927,0.7069582,0.2104586,0.6983917,1,0,0.1749299,0,0.1801782,0,0.1781242,0.2700939,0.4421885,0,0,0,0
955,0,0,0,0,0.7119127,0.7055412,0.2107058,0.6956625,1,0,0.1813647,0,0.1798386,0,0.1774693,0.2691088,0.4430843,0,0,0,0
956,0,0,0,0,0.7563884,0.7051982,0.2109684,0.7031913,1,0,0.1919729,0,0.1797564,0,0.1792754,0.2756241,0.4423012,0,0,0,0
957,0,0,0,0,0.6486791,0.7047692,0.2111937,0.7074888,1,0,0.166147,0,0.1796536,0,0.1803053,0.2717355,0.441749,0,0,0,0
958,0,0,0,0,0.6872836,0.7049577,0.2114323,0.7029364,1,0,0.1754566,0,0.1796988,0,0.1792143,0.274606,0.4439836,0,0,0,0
959,0,0,0,0,0.7119127,0.7049451,0.2116795,0.6998867,1,0,0.1813647,0,0.1796958,0,0.1784829,0.2700147,0.4412189,0,0,0,0
960,0,0,0,0,0.6314099,0.7035631,0.2118987,0.6933376,1,0,0.1619629,0,0.1793645,0,0.1769111,0.272,0.4410548,0,0,0,0
961,0,0,0,0,0.6344427,0.7030004,0.212119,0.6837044,1,0,0.1626986,0,0.1792296,0,0.174596,0.2778679,0.4401897,0,0,0,0
962,0,0,0,0,0.7027056,0.7028981,0.212363,0.6779475,1,0,0.1791589,0,0.1792051,0,0.1732107,0.2746036,0.4417482,0,0,0,0
963,0,0,0,0,0.7027056,0.7024598,0.212607,0.6841462,1,0,0.1791589,0,0.1791,0,0.1747022,0.2730721,0.4368336,0,0,0,0
964,0,0,0,0,0.6905742,0.702356,0.2128468,0.6842747,1,0,0.1762474,0,0.1790751,0,0.1747331,0.2783283,0.440501,0,0,0,0
965,0,0,0,0,0.7582035,0.7025344,0.2131101,0.6893845,1,0,0.1924042,0,0.1791179,0,0.1759615,0.2779146,0.4386045,0,0,0,0
966,0,0,0,0,0.7612319,0.7027595,0.2133744,0.7041925,1,0,0.1931234,0,0.1791719,0,0.1795154,0.2712818,0.4423884,0,0,0,0
967,0,0,0,0,0.6872836,0.7032172,0.213613,0.7105442,1,0,0.1754566,0,0.1792816,0,0.1810371,0.2776916,0.4385905,0,0,0,0
968,0,0,0,0,0.72673,0.7033438,0.2138654,0.7136519,1,0,0.1849076,0,0.1793119,0,0.181781,0.2766285,0.4363253,0,0,0,0
969,0,0,0,0,0.6095658,0.7019903,0.214077,0.7022681,1,0,0.156653,0,0.1789874,0,0.179054,0.2700998,0.4407176,0,0,0,0
970,0,0,0,0,0.6445517,0.7012292,0.2143008,0.6968623,1,0,0.1651481,0,0.1788049,0,0.1777572,0.2763184,0.4424491,0,0,0,0
971,0,0,0,0,0.6324203,0.7003079,0.2145204,0.6824652,1,0,0.1622081,0,0.1785839,0,0.1742979,0.270907,0.4364535,0,0,0,0
972,0,0,0,0,0.6982345,0.699754,0.2147629,0.6759217,1,0,0.1780865,0,0.1784511,0,0.1727229,0.277035,0.4400585,0,0,0,0
973,0,0,0,0,0.7130519,0.7005151,0.2150104,0.6783101,1,0,0.1816374,0,0.1786336,0,0.1732979,0.2787355,0.4391469,0,0,0,0
974,0,0,0,0,0.7354636,0.7007641,0.2152658,0.679384,1,0,0.1869917,0,0.1786934,0,0.1735564,0.2746843,0.4409924,0,0,0,0
975,0,0,0,0,0.7445254,0.7002893,0.2155243,0.6939117,1,0,0.189151,0,0.1785795,0,0.1770489,0.277125,0.4385998,0,0,0,0
976,0,0,0,0,0.6522977,0.6996269,0.2157508,0.6942619,1,0,0.1670222,0,0.1784206,0,0.177133,0.2792786,0.4392889,0,0,0,0
977,0,0,0,0,0.6522977,0.6991165,0.2159773,0.6967026,1,0,0.1670222,0,0.1782981,0,0.1777189,0.2733189,0.4406833,0,0,0,0
978,0,0,0,0,0.6192785,0.6974147,0.2161923,0.6876489,1,0,0.1590164,0,0.1778898,0,0.1755444,0.2722286,0.4389418,0,0,0,0
979,0,0,0,0,0.6460984,0.6968416,0.2164167,0.679116,1,0,0.1655225,0,0.1777523,0,0.1734919,0.2805258,0.4382046,0,0,0,0
980,0,0,0,0,0.623244,0.6956982,0.2166331,0.6658139,1,0,0.1599802,0,0.1774779,0,0.1702865,0.27925,0.4377103,0,0,0,0
981,0,0,0,0,0.6789185,0.6941448,0.2168688,0.6593164,1,0,0.1734444,0,0.1771049,0,0.1687182,0.2764846,0.4383631,0,0,0,0
982,0,0,0,0,0.6440364,0.6921964,0.2170924,0.6574603,1,0,0.1650233,0,0.176637,0,0.1682699,0.2835609,0.4393618,0,0,0,0
983,0,0,0,0,0.726149,0.6915175,0.2173446,0.6654882,1,0,0.1847688,0,0.1764739,0,0.1702079,0.2823576,0.4415396,0,0,0,0
984,0,0,0,0,0.6872836,0.6912438,0.2175832,0.6730687,1,0,0.1754566,0,0.1764082,0,0.1720356,0.2793599,0.4383779,0,0,0,0
985,0,0,0,0,0.6192785,0.6897204,0.2177982,0.6690594,1,0,0.1590164,0,0.1760422,0,0.1710692,0.2780337,0.4393466,0,0,0,0
986,0,0,0,0,0.6708564,0.6890995,0.2180312,0.6733993,1,0,0.1715024,0,0.175893,0,0.1721153,0.2815916,0.4395202,0,0,0,0
987,0,0,0,0,0.728474,0.6891189,0.2182841,0.6797921,1,0,0.185324,0,0.1758977,0,0.1736547,0.2784235,0.4364866,0,0,0,0
988,0,0,0,0,0.6095658,0.6873229,0.2184958,0.6750985,1,0,0.156653,0,0.175466,0,0.1725246,0.2764644,0.4375986,0,0,0,0
989,0,0,0,0,0.6374803,0.6866292,0.2187171,0.6644194,1,0,0.1634351,0,0.1752993,0,0.1699501,0.2788892,0.436904,0,0,0,0
990,0,0,0,0,0.6634964,0.6857685,0.2189475,0.6621329,1,0,0.1697273,0,0.1750923,0,0.1693982,0.282198,0.4388986,0,0,0,0
991,0,0,0,0,0.6324203,0.6854583,0.2191671,0.6635706,1,0,0.1622081,0,0.1750178,0,0.1697452,0.276366,0.4381134,0,0,0,0
992,0,0,0,0,0.7563884,0.6857943,0.2194297,0.6736707,1,0,0.1919729,0,0.1750986,0,0.1721806,0.2815266,0.4379539,0,0,0,0
993,0,0,0,0,0.6872836,0.6855206,0.2196684,0.6689226,1,0,0.1754566,0,0.1750327,0,0.1710363,0.2799532,0.4370569,0,0,0,0
994,0,0,0,0,0.7313836,0.685401,0.2199223,0.6829113,1,0,0.1860184,0,0.175004,0,0.1744052,0.2856622,0.4381871,0,0,0,0
995,0,0,0,0,0.7563884,0.685401,0.220185,0.6961032,1,0,0.1919729,0,0.175004,0,0.1775751,0.2813487,0.4383929,0,0,0,0
996,0,0,0,0,0.6839982,0.6854993,0.2204225,0.697523,1,0,0.1746666,0,0.1750276,0,0.1779158,0.2837366,0.4389789,0,0,0,0
997,0,0,0,0,0.6124844,0.684991,0.2206351,0.6944768,1,0,0.1573636,0,0.1749054,0,0.1771846,0.2827548,0.4367664,0,0,0,0
998,0,0,0,0,0.6708564,0.684845,0.2208681,0.6843524,1,0,0.1715024,0,0.1748703,0,0.1747518,0.2804469,0.4405051,0,0,0,0
999,0,0,0,0,0.6582299,0.6842358,0.2210966,0.6816649,1,0,0.1684558,0,0.1747238,0,0.1741054,0.2781991,0.4372889,0,0,0,0
1000,0,0,0,0,0.5988062,0.6831125,0.2213045,0.6664258,1,0,0.1540304,0,0.1744536,0,0.1704341,0.2811652,0.4375005,0,0,0,0
1001,0,0,0,0,0.7153321,0.6834631,0.2215529,0.6627853,1,0,0.1821831,0,0.1745379,0,0.1695557,0.2895315,0.437005,0,0,0,0
1002,0,0,0,0,0.6192785,0.6827319,0.2217679,0.6547169,1,0,0.1590164,0,0.174362,0,0.167607,0.2896666,0.4393037,0,0,0,0
1003,0,0,0,0,0.6582299,0.6825916,0.2219965,0.6591906,1,0,0.1684558,0,0.1743283,0,0.1686878,0.2856524,0.441125,0,0,0,0
1004,0,0,0,0,0.6850927,0.6825916,0.2222344,0.6602127,1,0,0.1749299,0,0.1743283,0,0.1689347,0.2868315,0.4372309,0,0,0,0
1005,0,0,0,0,0.6314099,0.6818553,0.2224536,0.6559759,1,0,0.1619629,0,0.1741512,0,0.1679112,0.2832095,0.4347487,0,0,0,0
1006,0,0,0,0,0.596424,0.6807241,0.2226607,0.6550904,1,0,0.153449,0,0.173879,0,0.1676973,0.2899566,0.440038,0,0,0,0
1007,0,0,0,0,0.6124844,0.6794353,0.2228734,0.6432205,1,0,0.1573636,0,0.1735688,0,0.1648258,0.2897809,0.4374916,0,0,0,0
1008,0,0,0,0,0.7409664,0.6800318,0.2231306,0.6580935,1,0,0.1883033,0,0.1737124,0,0.1684228,0.2895182,0.4362996,0,0,0,0
1009,0,0,0,0,0.6324203,0.6798798,0.2233502,0.6550738,1,0,0.1622081,0,0.1736758,0,0.1676932,0.285493,0.4385581,0,0,0,0
1010,0,0,0,0,0.6571782,0.6796801,0.2235784,0.6523492,1,0,0.1682017,0,0.1736277,0,0.1670346,0.2888122,0.436849,0,0,0,0
1011,0,0,0,0,0.606652,0.6788207,0.2237891,0.6487953,1,0,0.1559432,0,0.1734209,0,0.1661751,0.291326,0.436151,0,0,0,0
1012,0,0,0,0,0.6905742,0.679332,0.2240289,0.6597736,1,0,0.1762474,0,0.1735439,0,0.1688286,0.2900612,0.4416519,0,0,0,0
1013,0,0,0,0,0.6999101,0.6802334,0.2242719,0.669196,1,0,0.1784885,0,0.1737609,0,0.1711022,0.2922956,0.439673,0,0,0,0
1014,0,0,0,0,0.6314099,0.6800874,0.2244911,0.6564022,1,0,0.1619629,0,0.1737258,0,0.1680143,0.2871365,0.4393935,0,0,0,0
1015,0,0,0,0,0.6976763,0.6808237,0.2247334,0.664524,1,0,0.1779526,0,0.1739029,0,0.1699753,0.2922337,0.4376976,0,0,0,0
1016,0,0,0,0,0.6708564,0.6809406,0.2249663,0.6660438,1,0,0.1715024,0,0.1739311,0,0.170342,0.2939736,0.4375469,0,0,0,0
1017,2.476516,0.02751685,0.0008599015,0.3026853,0.726149,0.6815371,0.2252184,0.6792954,1,0.09886099,0.1847688,0.001136518,0.1740746,0.01245273,0.1735351,0.2925691,0.4403165,0,0,0,0
1018,0,0.02751685,0.0008599015,0.3026853,0.5837975,0.6804116,0.2254211,0.667145,1,0,0.150364,0.001136518,0.1738038,0.01245273,0.1706076,0.29374,0.4359497,0,0,0,0
1019,0,0.02751685,0.0008599015,0.3026853,0.6839982,0.6804116,0.2256586,0.6658939,1,0,0.1746666,0.001136518,0.1738038,0.01245273,0.1703058,0.2888541,0.4362583,0,0,0,0
1020,0,0.02751685,0.0008599015,0.3026853,0.6850927,0.6804238,0.2258965,0.6720986,1,0,0.1749299,0.001136518,0.1738067,0.01245273,0.1718018,0.2927741,0.4381807,0,0,0,0
1021,0,0.02751685,0.0008599015,0.3026853,0.6522977,0.6795967,0.226123,0.6672774,1,0,0.1670222,0.001136518,0.1736077,0.01245273,0.1706395,0.2914775,0.4364358,0,0,0,0
1022,0,0.02751685,0.0008599015,0.3026853,0.6839982,0.6795967,0.2263605,0.6679333,1,0,0.1746666,0.001136518,0.1736077,0.01245273,0.1707977,0.291639,0.4363742,0,0,0,0
1023,0,0.02751685,0.0008599015,0.02751685,0.6839982,0.6795846,0.226598,0.6632133,1,0,0.1746666,0.001136518,0.1736047,0.001136518,0.169659,0.2896618,0.437396,0,0,0,0
1024,0,0.02751685,0.0008599015,0.02751685,0.6486791,0.678882,0.2268232,0.6695034,1,0,0.166147,0.001136518,0.1734356,0.001136518,0.1711763,0.291692,0.4366932,0,0,0,0
1025,0,0.02751685,0.0008599015,0.02751685,0.5837975,0.6769105,0.227026,0.6564524,1,0,0.150364,0.001136518,0.172961,0.001136518,0.1680264,0.2884094,0.4377283,0,0,0,0
1026,0,0.02751685,0.0008599015,0.02751685,0.6982345,0.6765939,0.2272684,0.6580707,1,0,0.1780865,0.001136518,0.1728847,0.001136518,0.1684173,0.289981,0.4388163,0,0,0,0
1027,0,0.02751685,0.0008599015,0.02751685,0.7119127,0.677348,0.2275156,0.6657994,1,0,0.1813647,0.001136518,0.1730663,0.001136518,0.170283,0.2939321,0.4348319,0,0,0,0
1028,0,0.02751685,0.0008599015,0.02751685,0.7313836,0.677838,0.2277695,0.671737,1,0,0.1860184,0.001136518,0.1731843,0.001136518,0.1717147,0.2949689,0.4367317,0,0,0,0
1029,0,0.02751685,0.0008599015,0.02751685,0.5856644,0.6765376,0.2279729,0.6600047,1,0,0.1508205,0.001136518,0.1728712,0.001136518,0.1688844,0.2925522,0.4354571,0,0,0,0
1030,0,0.02751685,0.0008599015,0.02751685,0.6344427,0.676133,0.2281932,0.6588188,1,0,0.1626986,0.001136518,0.1727737,0.001136518,0.168598,0.2958713,0.4363377,0,0,0,0
1031,0,0.02751685,0.0008599015,0.02751685,0.5949962,0.6752961,0.2283998,0.6587261,1,0,0.1531005,0.001136518,0.1725722,0.001136518,0.1685756,0.2908264,0.4373278,0,0,0,0
1032,0,0.02751685,0.0008599015,0.02751685,0.616383,0.6748428,0.2286138,0.6495993,1,0,0.1583123,0.001136518,0.172463,0.001136518,0.1663696,0.291377,0.4328639,0,0,0,0
1033,0,0.02751685,0.0008599015,0.02751685,0.6582299,0.6737588,0.2288424,0.6436345,1,0,0.1684558,0.001136518,0.1722019,0.001136518,0.164926,0.2919802,0.43571,0,0,0,0
1034,0,0.02751685,0.0008599015,0.02751685,0.6324203,0.6727174,0.229062,0.6320534,1,0,0.1622081,0.001136518,0.171951,0.001136518,0.1621191,0.2959358,0.4359115,0,0,0,0
1035,0,0.02751685,0.0008599015,0.02751685,0.6982345,0.6717353,0.2293044,0.6453036,1,0,0.1780865,0.001136518,0.1717143,0.001136518,0.1653301,0.2905932,0.4356096,0,0,0,0
1036,0,0.02751685,0.0008599015,0.02751685,0.7130519,0.6718999,0.229552,0.6553339,1,0,0.1816374,0.001136518,0.171754,0.001136518,0.1677561,0.2985886,0.4366503,0,0,0,0
1037,2.577585,0.05615668,0.001754896,0.342555,0.6982345,0.6726424,0.2297944,0.6677576,1,0.1027552,0.1780865,0.002318468,0.1719329,0.01408502,0.1707553,0.2937029,0.4329164,0,0,0,0
1038,0,0.05615668,0.001754896,0.342555,0.6603348,0.6728178,0.2300237,0.6717452,1,0,0.1689641,0.002318468,0.1719751,0.01408502,0.1717167,0.2958365,0.4350733,0,0,0,0
1039,0,0.05615668,0.001754896,0.342555,0.6999101,0.672322,0.2302667,0.6771262,1,0,0.1784885,0.002318468,0.1718557,0.01408502,0.1730129,0.2936379,0.4374534,0,0,0,0
1040,0,0.05615668,0.001754896,0.342555,0.6192785,0.6714448,0.2304818,0.6752449,1,0,0.1590164,0.002318468,0.1716443,0.01408502,0.1725599,0.2972321,0.4346328,0,0,0,0
1041,2.577585,0.08479651,0.002649891,0.6575931,0.6314099,0.6717091,0.230701,0.668095,1,0.1027552,0.1619629,0.003499451,0.171708,0.02691833,0.1708367,0.2980738,0.4365226,0,0,0,0
1042,0,0.08479651,0.002649891,0.6575931,0.606652,0.6703555,0.2309116,0.6553404,1,0,0.1559432,0.003499451,0.1713817,0.02691833,0.1677577,0.2977984,0.4371172,0,0,0,0
1043,0,0.08479651,0.002649891,0.3711948,0.5837975,0.668596,0.2311143,0.641335,1,0,0.150364,0.003499451,0.1709575,0.01525641,0.1643691,0.2922355,0.4356527,0,0,0,0
1044,2.577585,0.1134363,0.003544886,0.686233,0.6634964,0.668356,0.2313447,0.6420428,1,0.1027552,0.1697273,0.004679468,0.1708996,0.02807936,0.1645406,0.3013628,0.4362921,0,0,0,0
1045,3.148269,0.1484171,0.004638035,1.071021,0.6582299,0.6677595,0.2315733,0.6369734,1,0.1245487,0.1684558,0.006119436,0.1707558,0.04358828,0.1633122,0.3012688,0.4348886,0,0,0,0
1046,0,0.1484171,0.004638035,1.071021,0.7027056,0.6671631,0.2318173,0.6465969,1,0,0.1791589,0.006119436,0.1706119,0.04358828,0.1656432,0.2979627,0.4356344,0,0,0,0
1047,0,0.1484171,0.004638035,0.7571062,0.67032,0.6674035,0.23205,0.6503,1,0,0.1713732,0.006119436,0.1706699,0.03094846,0.1665391,0.2989905,0.4359591,0,0,0,0
1048,0,0.1484171,0.004638035,0.7571062,0.8026793,0.6686857,0.2323287,0.6745128,1,0,0.2029317,0.006119436,0.1709791,0.03094846,0.1723835,0.2972015,0.4342293,0,0,0,0
1049,0,0.1484171,0.004638035,0.7571062,0.7119127,0.6686857,0.2325759,0.689058,1,0,0.1813647,0.006119436,0.1709791,0.03094846,0.175883,0.2989781,0.4346547,0,0,0,0
1050,0,0.1484171,0.004638035,0.4707079,0.6850927,0.6692822,0.2328138,0.6914576,1,0,0.1749299,0.006119436,0.171123,0.0193192,0.1764596,0.2947946,0.4344611,0,0,0,0
1051,0,0.1484171,0.004638035,0.1209003,0.6982345,0.669991,0.2330562,0.6964129,1,0,0.1780865,0.006119436,0.1712938,0.004986838,0.1776494,0.297078,0.433771,0,0,0,0
1052,2.682778,0.1782258,0.005569555,0.4487953,0.6582299,0.6694968,0.2332848,0.6911849,1,0.1067972,0.1684558,0.007345362,0.1711747,0.01842557,0.1763941,0.2972624,0.4359222,0,0,0,0
1053,0,0.1782258,0.005569555,0.4487953,0.6314099,0.6687046,0.233504,0.6862772,1,0,0.1619629,0.007345362,0.1709837,0.01842557,0.1752146,0.3000446,0.4341873,0,0,0,0
1054,2.577585,0.2068656,0.006464549,0.7638335,0.7409664,0.6692645,0.2337613,0.6804456,1,0.1027552,0.1883033,0.008522239,0.1711187,0.0312205,0.173812,0.3031201,0.4346364,0,0,0,0
1055,0,0.2068656,0.006464549,0.7638335,0.6999101,0.6686168,0.2340043,0.6804022,1,0,0.1784885,0.008522239,0.1709625,0.0312205,0.1738015,0.3036254,0.4341265,0,0,0,0
1056,0,0.2068656,0.006464549,0.7638335,0.6976763,0.6679107,0.2342466,0.6817941,1,0,0.1779526,0.008522239,0.1707923,0.0312205,0.1741364,0.2967856,0.4368812,0,0,0,0
1057,2.682778,0.2366742,0.00739607,1.091729,0.6440364,0.6674301,0.2344702,0.6750179,1,0.1067972,0.1650233,0.009746125,0.1706764,0.04441817,0.1725052,0.3022979,0.4379568,0,0,0,0
1058,0,0.2366742,0.00739607,0.7936421,0.6192785,0.6662362,0.2346852,0.6694444,1,0,0.1590164,0.009746125,0.1703884,0.03242529,0.1711621,0.307132,0.4344448,0,0,0,0
1059,2.682778,0.2664829,0.00832759,1.121537,0.6324203,0.6664902,0.2349048,0.6700762,1,0.1067972,0.1622081,0.01096897,0.1704496,0.045612,0.1713144,0.3035698,0.4335516,0,0,0,0
1060,0,0.2664829,0.00832759,0.8351389,0.6708564,0.6667824,0.2351378,0.6626908,1,0,0.1715024,0.01096897,0.1705201,0.03410081,0.1695329,0.3045698,0.4343551,0,0,0,0
1061,0,0.2664829,0.00832759,0.8351389,0.6976763,0.6675075,0.23538,0.6635835,1,0,0.1779526,0.01096897,0.170695,0.03410081,0.1697483,0.3009592,0.4316287,0,0,0,0
1062,2.792264,0.297508,0.009297126,1.176416,0.7563884,0.6681537,0.2356427,0.6716626,1,0.1109921,0.1919729,0.01224063,0.1708508,0.04780728,0.1716968,0.3032759,0.4306374,0,0,0,0
1063,0,0.297508,0.009297126,0.8783292,0.6839982,0.6678308,0.2358802,0.6763891,1,0,0.1746666,0.01224063,0.170773,0.03584265,0.1728354,0.3022846,0.4359766,0,0,0,0
1064,0,0.297508,0.009297126,0.8783292,0.6187834,0.6665344,0.236095,0.6761826,1,0,0.158896,0.01224063,0.1704603,0.03584265,0.1727857,0.3076363,0.4375394,0,0,0,0
1065,3.148269,0.3324888,0.01039027,0.9650312,0.6344427,0.6653113,0.2363153,0.6756985,1,0.1245487,0.1626986,0.01367307,0.1701653,0.03933295,0.1726691,0.3046737,0.4339438,0,0,0,0
1066,0,0.3324888,0.01039027,0.9650312,0.6603348,0.6654006,0.2365446,0.6739437,1,0,0.1689641,0.01367307,0.1701868,0.03933295,0.1722464,0.3073251,0.4362145,0,0,0,0
1067,0,0.3324888,0.01039027,0.9363914,0.6724662,0.6656247,0.2367781,0.6708563,1,0,0.1718904,0.01367307,0.1702409,0.03818095,0.1715024,0.3053659,0.4351086,0,0,0,0
1068,2.476516,0.3600056,0.01125018,0.9288251,0.6445517,0.6659055,0.2370019,0.6582546,1,0.09886099,0.1651481,0.01479888,0.1703086,0.03787645,0.1684618,0.3036137,0.4334758,0,0,0,0
1069,0,0.3600056,0.01125018,0.9288251,0.6839982,0.6663266,0.2372394,0.6580778,1,0,0.1746666,0.01479888,0.1704102,0.03787645,0.168419,0.3106679,0.4327477,0,0,0,0
1070,2.577585,0.3886455,0.01214517,1.243863,0.7421521,0.6676478,0.2374971,0.6731507,1,0.1027552,0.1885858,0.01596969,0.1707288,0.05050078,0.1720554,0.3016299,0.4320066,0,0,0,0
1071,0,0.3886455,0.01214517,0.8654157,0.6789185,0.6676478,0.2377328,0.6786203,1,0,0.1734444,0.01596969,0.1707288,0.03532208,0.1733726,0.3047642,0.4335522,0,0,0,0
1072,0,0.3886455,0.01214517,0.8654157,0.5949962,0.6671029,0.2379394,0.671231,1,0,0.1531005,0.01596969,0.1705974,0.03532208,0.1715927,0.307505,0.4345901,0,0,0,0
1073,0,0.3886455,0.01214517,0.8654157,0.5753267,0.6654271,0.2381392,0.6603436,1,0,0.1482906,0.01596969,0.1701932,0.03532208,0.1689662,0.3090985,0.4358313,0,0,0,0
1074,0,0.3886455,0.01214517,0.5616074,0.6445517,0.6649523,0.238363,0.6601331,1,0,0.1651481,0.01596969,0.1700787,0.02302036,0.1689154,0.3050731,0.4352088,0,0,0,0
1075,5.483803,0.4495766,0.01404927,1.196869,0.6445517,0.6652331,0.2385868,0.6555982,1,0.2104594,0.1651481,0.01845744,0.1701464,0.04862462,0.16782,0.3061253,0.4311592,0,0,0,0
1076,0,0.4495766,0.01404927,0.910471,0.7153321,0.6657273,0.2388352,0.6527585,1,0,0.1821831,0.01845744,0.1702656,0.03713754,0.1671336,0.3097667,0.4348435,0,0,0,0
1077,2.577585,0.4782165,0.01494426,1.225509,0.5949962,0.6642442,0.2390418,0.6425968,1,0.1027552,0.1531005,0.01962529,0.1699078,0.04976831,0.1646747,0.3124948,0.4353105,0,0,0,0
1078,2.906219,0.5105078,0.01595337,1.580714,0.7119127,0.6653814,0.2392889,0.654579,1,0.1153454,0.1813647,0.0209409,0.1701822,0.06387809,0.1675737,0.3062962,0.4345806,0,0,0,0
1079,0,0.5105078,0.01595337,1.580714,0.5716661,0.6646501,0.2394874,0.652614,1,0,0.1473936,0.0209409,0.1700057,0.06387809,0.1670987,0.3090265,0.4334733,0,0,0,0
1080,3.024824,0.5441169,0.01700365,1.950414,0.6850927,0.6648901,0.2397253,0.6571186,1,0.1198624,0.1749299,0.02230894,0.1700636,0.07841859,0.1681873,0.3112004,0.4344267,0,0,0,0
1081,2.682778,0.5739256,0.01793517,1.668998,0.6571782,0.6651652,0.2399535,0.6580653,1,0.1067972,0.1682017,0.02352119,0.17013,0.06736369,0.168416,0.3129471,0.4341334,0,0,0,0
1082,5.054101,0.6300822,0.01969007,2.256913,0.5627002,0.6630131,0.2401489,0.6400448,1,0.1950324,0.1451944,0.02580219,0.1696107,0.09036319,0.1640566,0.3136392,0.4373587,0,0,0,0
1083,6.425022,0.7014714,0.02192098,2.755795,0.6905742,0.6630496,0.2403887,0.6513219,1,0.2436851,0.1762474,0.02869672,0.1696195,0.1095962,0.1667862,0.3151992,0.4303377,0,0,0,0
1084,0,0.7014714,0.02192098,2.404242,0.6207646,0.6618205,0.2406042,0.6398588,1,0,0.1593777,0.02869672,0.1693228,0.09606978,0.1640115,0.307734,0.4351245,0,0,0,0
1085,0,0.7014714,0.02192098,2.404242,0.6724662,0.6608881,0.2408377,0.6507539,1,0,0.1718904,0.02869672,0.1690977,0.09606978,0.1666489,0.3093844,0.4339834,0,0,0,0
1086,2.682778,0.73128,0.0228525,2.396045,0.6571782,0.6605901,0.2410659,0.6472023,1,0.1067972,0.1682017,0.02990362,0.1690258,0.09575289,0.1657896,0.3152832,0.4353909,0,0,0,0
1087,0,0.73128,0.0228525,2.06815,0.6582299,0.6610983,0.2412944,0.6474768,1,0,0.1684558,0.02990362,0.1691485,0.0830186,0.1658561,0.3071308,0.4363176,0,0,0,0
1088,2.476516,0.7587969,0.0237124,1.809269,0.6314099,0.66066,0.2415137,0.6552461,1,0.09886099,0.1619629,0.03101683,0.1690427,0.07288455,0.1677349,0.3169747,0.4349818,0,0,0,0
1089,2.476516,0.7863137,0.0245723,1.368254,0.6021467,0.6600369,0.2417228,0.6450844,1,0.09886099,0.1548451,0.03212919,0.1688922,0.05545517,0.165277,0.3149017,0.4319724,0,0,0,0
1090,5.260363,0.8447622,0.02639882,2.011187,0.7153321,0.6613316,0.2419711,0.6560861,1,0.2024581,0.1821831,0.0344891,0.1692048,0.08079486,0.1679379,0.3095365,0.432373,0,0,0,0
1091,5.15517,0.9020418,0.02818881,2.641264,0.5837975,0.6598701,0.2421739,0.6449687,1,0.1986758,0.150364,0.03679807,0.1688519,0.1052034,0.165249,0.3108474,0.4333428,0,0,0,0
1092,0,0.9020418,0.02818881,2.312152,0.6850927,0.6606014,0.2424117,0.6472781,1,0,0.1749299,0.03679807,0.1690285,0.09250546,0.165808,0.3182131,0.432481,0,0,0,0
1093,5.260363,0.9604903,0.03001532,2.955085,0.5730379,0.6596548,0.2426107,0.6365795,1,0.2024581,0.1477298,0.03915036,0.1687999,0.1172081,0.1632167,0.3154226,0.4310732,0,0,0,0
1094,2.906219,0.9927816,0.03102443,3.035121,0.623244,0.6589676,0.2428271,0.6357217,1,0.1153454,0.1599802,0.0404483,0.168634,0.1202539,0.1630087,0.3154252,0.432893,0,0,0,0
1095,2.577585,1.021421,0.03191942,3.04001,0.7119127,0.6598621,0.2430743,0.6487787,1,0.1027552,0.1813647,0.04159849,0.16885,0.1204397,0.1661711,0.3131769,0.4317002,0,0,0,0
1096,5.483803,1.082353,0.03382352,3.125768,0.6708564,0.6606891,0.2433072,0.6439538,1,0.2104594,0.1715024,0.04404247,0.1690497,0.1236957,0.1650033,0.307451,0.4334815,0,0,0,0
1097,0,1.082353,0.03382352,2.552972,0.6839982,0.6614837,0.2435447,0.6552154,1,0,0.1746666,0.04404247,0.1692415,0.1018078,0.1677275,0.3123724,0.4360437,0,0,0,0
1098,5.698483,1.145669,0.03580216,3.221936,0.606652,0.6599913,0.2437554,0.6460786,1,0.2181054,0.1559432,0.04657775,0.1688812,0.1273381,0.1655177,0.315795,0.4328905,0,0,0,0
1099,5.260363,1.204118,0.03762867,3.280384,0.6837712,0.6605619,0.2439928,0.6583798,1,0.2024581,0.174612,0.04891416,0.169019,0.1295474,0.168492,0.3169954,0.4313621,0,0,0,0
1100,6.049647,1.271336,0.03972925,3.668233,0.6440364,0.6604159,0.2442164,0.6595999,1,0.2305257,0.1650233,0.05159646,0.1689837,0.1441227,0.1687867,0.3203317,0.4330898,0,0,0,0
1101,3.024824,1.304945,0.04077953,3.751535,0.6708564,0.6611293,0.2444494,0.6549485,1,0.1198624,0.1715024,0.05293575,0.169156,0.1472341,0.167663,0.317846,0.434649,0,0,0,0
1102,6.182971,1.373645,0.0429264,3.89792,0.6839982,0.6610562,0.2446869,0.6573976,1,0.2352134,0.1746666,0.05566948,0.1691383,0.1526854,0.1682547,0.3196175,0.4331986,0,0,0,0
1103,0,1.373645,0.0429264,3.89792,0.6708564,0.6607334,0.2449198,0.6569989,1,0,0.1715024,0.05566948,0.1690604,0.1526854,0.1681584,0.3203903,0.431024,0,0,0,0
1104,3.276752,1.410053,0.04406416,3.665247,0.6724662,0.6611896,0.2451533,0.6646217,1,0.1294102,0.1718904,0.05711617,0.1691705,0.1440111,0.1699989,0.3140184,0.4313191,0,0,0,0
1105,2.682778,1.439862,0.04499568,3.347727,0.5988062,0.660091,0.2453612,0.6546729,1,0.1067972,0.1540304,0.05829953,0.1689053,0.1320887,0.1675964,0.3175674,0.4316627,0,0,0,0
1106,5.483803,1.500793,0.04689978,3.345786,0.6207646,0.6595344,0.2455768,0.6510364,1,0.2104594,0.1593777,0.06071541,0.1687709,0.1320156,0.1667172,0.3200611,0.4332117,0,0,0,0
1107,5.812437,1.537859,0.04891798,3.691464,0.6999101,0.6592429,0.2458198,0.6554303,1,0.2221476,0.1784885,0.06218306,0.1687005,0.1449911,0.1677794,0.3205795,0.4351354,0,0,0,0
1108,2.682778,1.567667,0.0498495,3.300071,0.6708564,0.6602102,0.2460527,0.6535139,1,0.1067972,0.1715024,0.06336229,0.168934,0.1302908,0.1673162,0.3154626,0.4300718,0,0,0,0
1109,2.906219,1.599959,0.05085861,3.655275,0.6445517,0.6597719,0.2462765,0.651401,1,0.1153454,0.1651481,0.06463863,0.1688282,0.1436381,0.1668054,0.3208208,0.4333785,0,0,0,0
1110,3.148269,1.634939,0.05195176,3.642371,0.6440364,0.6593157,0.2465001,0.647786,1,0.1245487,0.1650233,0.06602,0.168718,0.1431554,0.1659309,0.318633,0.4344442,0,0,0,0
1111,6.826416,1.710788,0.05432204,4.148816,0.6571782,0.65937,0.2467283,0.6542717,1,0.2576251,0.1682017,0.06901072,0.1687311,0.1619811,0.1674994,0.3209831,0.434224,0,0,0,0
1112,3.024824,1.744398,0.05537233,3.853048,0.7027056,0.6595778,0.2469723,0.6649319,1,0.1198624,0.1791589,0.07033394,0.1687813,0.1510166,0.1700737,0.3227367,0.431576,0,0,0,0
1113,6.425022,1.815787,0.05760324,3.921113,0.6634964,0.65935,0.2472027,0.6605851,1,0.2436851,0.1697273,0.07314058,0.1687263,0.1535472,0.1690246,0.3214456,0.4309655,0,0,0,0
1114,6.719352,1.890446,0.05993635,4.444281,0.6839982,0.6597425,0.2474402,0.6627479,1,0.25392,0.1746666,0.07606995,0.1688211,0.1728517,0.1695467,0.320583,0.433432,0,0,0,0
1115,2.577585,1.919086,0.06083134,4.436406,0.6999101,0.6610326,0.2476832,0.6692037,1,0.1027552,0.1784885,0.0771921,0.1691326,0.1725631,0.171104,0.3260051,0.4300271,0,0,0,0
1116,5.707602,1.982504,0.06281315,4.754385,0.728474,0.6613686,0.2479362,0.6793779,1,0.2184293,0.185324,0.0796738,0.1692137,0.1841736,0.173555,0.3202204,0.4300303,0,0,0,0
1117,2.906219,2.014795,0.06382225,4.351099,0.6708564,0.6609124,0.2481691,0.6810379,1,0.1153454,0.1715024,0.08093581,0.1691036,0.1694323,0.1739545,0.3292521,0.4352246,0,0,0,0
1118,2.682778,2.044604,0.06475377,4.315386,0.6850927,0.6603981,0.248407,0.6796774,1,0.1067972,0.1749299,0.0820998,0.1689794,0.1681195,0.1736271,0.3257539,0.433168,0,0,0,0
1119,3.148269,2.079585,0.06584692,3.958766,0.726149,0.661959,0.2486591,0.6880166,1,0.1245487,0.1847688,0.08346457,0.1693563,0.1549453,0.1756328,0.3195744,0.4314139,0,0,0,0
1120,6.202743,2.148504,0.06800065,3.911836,0.606652,0.6616502,0.2488698,0.6782151,1,0.2359073,0.1559432,0.08614967,0.1692817,0.1532026,0.1732751,0.3254932,0.4329352,0,0,0,0
1121,6.637569,2.222255,0.07030536,4.379416,0.67032,0.6624871,0.2491025,0.6758886,1,0.2510834,0.1713732,0.08901747,0.1694838,0.1704723,0.1727149,0.3254364,0.430004,0,0,0,0
1122,5.50134,2.283381,0.07221555,4.417624,0.6839982,0.6632384,0.24934,0.6709347,1,0.2110855,0.1746666,0.09139005,0.1696651,0.1718744,0.1715213,0.3302319,0.4306689,0,0,0,0
1123,6.069017,2.350814,0.07432285,4.778031,0.6460984,0.6631036,0.2495643,0.6689956,1,0.2312077,0.1655225,0.09400294,0.1696325,0.1850333,0.1710539,0.3265828,0.4334185,0,0,0,0
1124,2.906219,2.383106,0.07533195,4.802858,0.6976763,0.6638287,0.2498066,0.6712208,1,0.1153454,0.1779526,0.09525248,0.1698075,0.1859353,0.1715903,0.3237584,0.4294648,0,0,0,0
1125,3.024824,2.416715,0.07638224,4.794111,0.6324203,0.6630974,0.2500262,0.6599233,1,0.1198624,0.1622081,0.09655186,0.169631,0.1856176,0.1688648,0.3255468,0.4261125,0,0,0,0
1126,7.255784,2.497335,0.0789016,4.930804,0.5753267,0.6615672,0.250226,0.6553813,1,0.272389,0.1482906,0.09966398,0.1692617,0.1905752,0.1677676,0.323272,0.4304865,0,0,0,0
1127,5.812437,2.533277,0.08091981,4.903706,0.6187834,0.6606844,0.2504408,0.6489304,1,0.2221476,0.158896,0.1010493,0.1690485,0.1895938,0.1662078,0.3230397,0.4302075,0,0,0,0
1128,5.931042,2.599178,0.0829792,4.954035,0.6582299,0.660661,0.2506694,0.6466403,1,0.2263427,0.1684558,0.1035858,0.1690429,0.191416,0.1656536,0.3255135,0.4321715,0,0,0,0
1129,6.301576,2.669195,0.08516725,4.991444,0.623244,0.6598091,0.2508858,0.6434284,1,0.2393707,0.1599802,0.1062759,0.1688372,0.1927691,0.1648761,0.3269164,0.4302781,0,0,0,0
1130,2.577585,2.697835,0.08606224,4.91635,0.6603348,0.6602653,0.251115,0.6394604,1,0.1027552,0.1689641,0.1073748,0.1689474,0.1900518,0.163915,0.3226161,0.4299397,0,0,0,0
1131,5.931042,2.735096,0.08812163,5.271555,0.5837975,0.6597363,0.2513178,0.6330906,1,0.2263427,0.150364,0.1088033,0.1688196,0.20286,0.1623707,0.32886,0.4305603,0,0,0,0
1132,6.301576,2.805113,0.09030968,5.166849,0.6445517,0.6601574,0.2515416,0.6403439,1,0.2393707,0.1651481,0.1114836,0.1689213,0.1990962,0.164129,0.3290872,0.4318969,0,0,0,0
1133,7.255784,2.885733,0.09282905,5.407841,0.5609065,0.659903,0.2517363,0.6326915,1,0.272389,0.1447541,0.1145638,0.1688599,0.2077442,0.1622739,0.3276634,0.4335104,0,0,0,0
1134,6.069017,2.924527,0.09493635,5.454197,0.5945205,0.6591366,0.2519427,0.6247466,1,0.2312077,0.1529844,0.1160436,0.1686748,0.2094018,0.1603453,0.3251089,0.4311534,0,0,0,0
1135,6.600747,2.962888,0.09722827,5.530971,0.6708564,0.6592769,0.2521757,0.6308375,1,0.2498044,0.1715024,0.1175053,0.1687087,0.2121428,0.161824,0.3244268,0.4302148,0,0,0,0
1136,5.988064,3.029422,0.09930746,5.915516,0.6634964,0.6588413,0.2524061,0.6316635,1,0.2283553,0.1697273,0.1200372,0.1686035,0.2257942,0.1620245,0.326556,0.4259991,0,0,0,0
1137,6.719352,3.104081,0.1016406,6.013183,0.6724662,0.6588651,0.2526396,0.6412107,1,0.25392,0.1718904,0.122873,0.1686092,0.229241,0.164339,0.3251824,0.4281775,0,0,0,0
1138,5.365556,3.163698,0.1035036,5.938989,0.6440364,0.6571024,0.2528632,0.6408554,1,0.2062306,0.1650233,0.1251334,0.1681834,0.2266234,0.1642529,0.3284318,0.4295985,0,0,0,0
1139,6.455882,3.23543,0.1057452,5.889552,0.5716661,0.6555441,0.2530617,0.6412411,1,0.2447616,0.1473936,0.1278485,0.1678069,0.2248766,0.1643464,0.3289531,0.4346339,0,0,0,0
1140,6.455882,3.307162,0.1079869,5.969288,0.6207646,0.6548294,0.2532772,0.6438985,1,0.2447616,0.1593777,0.1305585,0.1676342,0.2276929,0.1649899,0.328334,0.4255534,0,0,0,0
1141,6.054488,3.374435,0.1100891,5.900016,0.6440364,0.6542272,0.2535008,0.6407725,1,0.2306962,0.1650233,0.1330954,0.1674886,0.2252465,0.1642329,0.3311678,0.4305855,0,0,0,0
1142,3.276752,3.381034,0.1112269,5.601558,0.5828648,0.6533898,0.2537032,0.6304819,1,0.1294102,0.1501358,0.133344,0.1672862,0.2146583,0.1617378,0.3315742,0.4329507,0,0,0,0
1143,5.475042,3.441868,0.1131279,5.452746,0.6522977,0.6536219,0.2539297,0.6281165,1,0.2101465,0.1670222,0.1356339,0.1673423,0.2093499,0.1611636,0.3342067,0.4282489,0,0,0,0
1144,5.812437,3.477811,0.1151461,5.492323,0.6124844,0.6521943,0.2541424,0.6238161,1,0.2221476,0.1573636,0.1369851,0.1669972,0.2107636,0.1601192,0.3312586,0.4297824,0,0,0,0
1145,7.389056,3.559912,0.1177118,5.64947,0.6440364,0.6515735,0.254366,0.6312365,1,0.2769411,0.1650233,0.1400668,0.1668471,0.2163633,0.1619209,0.3274956,0.4281394,0,0,0,0
1146,7.746048,3.645979,0.1204014,5.815471,0.6724662,0.6512934,0.2545995,0.6363588,1,0.2890642,0.1718904,0.1432904,0.1667793,0.222255,0.1631632,0.3297984,0.4293955,0,0,0,0
1147,6.697933,3.690592,0.1227271,5.929095,0.6095658,0.6509104,0.2548112,0.6318477,1,0.2531777,0.156653,0.1449585,0.1666867,0.2262739,0.1620692,0.3295919,0.4302593,0,0,0,0
1148,6.820958,3.76638,0.1250954,6.368875,0.67032,0.6514775,0.2550439,0.6414008,1,0.2574365,0.1713732,0.1477879,0.1668238,0.2417244,0.1643851,0.3290527,0.4326136,0,0,0,0
1149,6.826416,3.81242,0.1274657,6.559896,0.6267207,0.6514142,0.2552615,0.6374542,1,0.2576251,0.1608247,0.149504,0.1668085,0.2483842,0.1634288,0.3310355,0.4268351,0,0,0,0
1150,5.707602,3.875838,0.1294475,6.542746,0.67032,0.6514082,0.2554943,0.6445878,1,0.2184293,0.1713732,0.1518644,0.1668071,0.2477875,0.1651568,0.3296778,0.4260601,0,0,0,0
1151,7.394968,3.958005,0.1320152,6.551819,0.72673,0.651731,0.2557466,0.6544027,1,0.2771427,0.1849076,0.154917,0.1668852,0.2481032,0.1675311,0.3370883,0.42838,0,0,0,0
1152,6.049647,3.994198,0.1341158,6.369422,0.7153321,0.6512748,0.255995,0.6595138,1,0.2305257,0.1821831,0.1562596,0.1667748,0.2417435,0.1687659,0.3346273,0.4315798,0,0,0,0
1153,6.455882,4.06593,0.1363574,6.346826,0.5730379,0.6500419,0.256194,0.6546433,1,0.2447616,0.1477298,0.1589168,0.1664767,0.2409537,0.1675892,0.3310243,0.4285555,0,0,0,0
1154,2.792264,4.096955,0.137327,5.897927,0.6207646,0.650064,0.2564095,0.6482826,1,0.1109921,0.1593777,0.1600645,0.166482,0.2251726,0.1660511,0.3344886,0.4289584,0,0,0,0
1155,7.071787,4.14055,0.1397824,5.970157,0.6314099,0.6500303,0.2566287,0.6487924,1,0.2660808,0.1619629,0.1616758,0.1664738,0.2277236,0.1661744,0.3364649,0.4298939,0,0,0,0
1156,6.301576,4.210567,0.1419705,6.025552,0.6872836,0.6503297,0.2568674,0.6519212,1,0.2393707,0.1754566,0.1642598,0.1665463,0.2296769,0.1669311,0.3312346,0.427481,0,0,0,0
1157,7.255784,4.291187,0.1444899,6.026124,0.5856644,0.6493652,0.2570707,0.6358792,1,0.272389,0.1508205,0.1672294,0.166313,0.229697,0.163047,0.3380054,0.4302404,0,0,0,0
1158,5.854337,4.328718,0.1465226,6.003571,0.6486791,0.6494111,0.257296,0.6283672,1,0.223631,0.166147,0.1686097,0.1663241,0.2289021,0.1612245,0.3341469,0.4272645,0,0,0,0
1159,6.054488,4.39599,0.1486249,5.956226,0.6445517,0.6489728,0.2575198,0.6365499,1,0.2306962,0.1651481,0.1710806,0.166218,0.2272319,0.1632096,0.3384484,0.4289157,0,0,0,0
1160,7.105007,4.446295,0.1510919,6.485724,0.6095658,0.6474996,0.2577314,0.6347415,1,0.2672217,0.156653,0.1729256,0.1658616,0.2458019,0.1627711,0.3377469,0.4273387,0,0,0,0
1161,7.244192,4.526786,0.1536072,6.519471,0.6124844,0.6467615,0.2579441,0.6329575,1,0.2719924,0.1573636,0.1758727,0.165683,0.2469774,0.1623384,0.3381363,0.4288821,0,0,0,0
1162,6.093257,4.594489,0.1557229,6.49401,0.6603348,0.6474874,0.2581734,0.6301385,1,0.2320607,0.1689641,0.1783469,0.1658587,0.2460906,0.1616544,0.3403593,0.4283467,0,0,0,0
1163,7.696763,4.680008,0.1583954,6.547907,0.5837975,0.6475816,0.2583761,0.6301854,1,0.2873965,0.150364,0.1814662,0.1658814,0.2479671,0.1616658,0.3363079,0.4278673,0,0,0,0
1164,6.296538,4.74997,0.1605817,6.599568,0.616383,0.6472686,0.2585901,0.6268399,1,0.2391944,0.1583123,0.184013,0.1658057,0.2497635,0.1608537,0.339926,0.4303252,0,0,0,0
1165,7.105007,4.767983,0.1630487,6.721896,0.6267207,0.6470705,0.2588077,0.6243683,1,0.2672217,0.1608247,0.184668,0.1657577,0.2540082,0.1602534,0.3369147,0.4278932,0,0,0,0
1166,7.105007,4.846928,0.1655158,6.734306,0.6571782,0.6464243,0.2590359,0.6295883,1,0.2672217,0.1682017,0.1875352,0.1656014,0.2544381,0.1615209,0.3420506,0.4278862,0,0,0,0
1167,7.885232,4.905902,0.1682537,6.818487,0.7563884,0.6482175,0.2592985,0.6465101,1,0.2937633,0.1919729,0.1896733,0.1660353,0.2573511,0.1656221,0.3354216,0.4290543,0,0,0,0
1168,6.296538,4.943572,0.17044,6.851418,0.6445517,0.6474691,0.2595224,0.6447622,1,0.2391944,0.1651481,0.1910374,0.1658542,0.258489,0.165199,0.3388626,0.4283109,0,0,0,0
1169,5.831047,5.008361,0.1724647,6.637174,0.5884685,0.6476558,0.2597267,0.6454679,1,0.2228066,0.151506,0.1933805,0.1658994,0.2510697,0.1653699,0.3397349,0.4274963,0,0,0,0
1170,6.842797,5.050783,0.1748406,6.702168,0.6192785,0.6469245,0.2599417,0.6457731,1,0.2581912,0.1590164,0.1949126,0.1657224,0.2533245,0.1654438,0.3430885,0.4316298,0,0,0,0
1171,7.539833,5.104751,0.1774586,6.766986,0.606652,0.6463631,0.2601524,0.6431279,1,0.2820737,0.1559432,0.1968594,0.1655866,0.2555697,0.1648033,0.3402788,0.4265512,0,0,0,0
1172,5.95953,5.114811,0.1795279,6.66952,0.6021467,0.6468014,0.2603614,0.6372275,1,0.2273486,0.1548451,0.197222,0.1656926,0.2521923,0.1633738,0.3426238,0.4280636,0,0,0,0
1173,6.960143,5.120757,0.1819446,6.583233,0.6850927,0.6467405,0.2605993,0.6296701,1,0.2622396,0.1749299,0.1974363,0.1656779,0.2491957,0.1615407,0.3431499,0.4260712,0,0,0,0
1174,6.528083,5.193291,0.1842113,6.616912,0.7130519,0.6477659,0.2608469,0.6383987,1,0.2472772,0.1816374,0.2000476,0.165926,0.2503661,0.1636577,0.3369677,0.4291759,0,0,0,0
1175,7.847539,5.280486,0.1869362,6.846061,0.6571782,0.647596,0.2610751,0.6461791,1,0.2924922,0.1682017,0.2031805,0.1658849,0.2583039,0.165542,0.340554,0.4312771,0,0,0,0
1176,7.551898,5.334587,0.1895583,6.922692,0.67032,0.6477421,0.2613078,0.6518265,1,0.2824837,0.1713732,0.205121,0.1659203,0.2609488,0.1669082,0.3367219,0.4244942,0,0,0,0
1177,7.539833,5.418363,0.1921763,6.932047,0.5949962,0.6470395,0.2615144,0.6503696,1,0.2820737,0.1531005,0.2081206,0.1657503,0.2612713,0.1665559,0.3388643,0.4281146,0,0,0,0
1178,6.637569,5.464597,0.1944811,7.005347,0.5949962,0.6466349,0.261721,0.6487381,1,0.2510834,0.1531005,0.2097734,0.1656523,0.2637961,0.1661613,0.3418219,0.4321711,0,0,0,0
1179,6.574487,5.51013,0.1967639,6.959697,0.6445517,0.647106,0.2619448,0.6444317,1,0.2488916,0.1651481,0.2113992,0.1657664,0.2622242,0.165119,0.3431484,0.4278384,0,0,0,0
1180,5.831047,5.516471,0.1987885,6.88362,0.6460984,0.6463368,0.2621692,0.6367233,1,0.2228066,0.1655225,0.2116255,0.1655802,0.2596008,0.1632516,0.342271,0.4252319,0,0,0,0
1181,5.854337,5.524239,0.2008213,6.645035,0.6751521,0.6473518,0.2624036,0.6381473,1,0.223631,0.1725375,0.2119027,0.1658258,0.2513426,0.1635967,0.3432071,0.4288498,0,0,0,0
1182,7.973418,5.612833,0.2035898,6.713246,0.5753267,0.6461322,0.2626034,0.6260369,1,0.2967327,0.1482906,0.2150598,0.1655307,0.2537085,0.1606587,0.346066,0.4287158,0,0,0,0
1183,7.551898,5.638294,0.206212,6.726764,0.5600103,0.6459875,0.2627978,0.6220048,1,0.2824837,0.144534,0.2159658,0.1654956,0.2541769,0.1596791,0.3441886,0.4268124,0,0,0,0
1184,7.150504,5.685453,0.2086948,6.832182,0.6850927,0.6466747,0.2630357,0.6327303,1,0.2687829,0.1749299,0.2176425,0.165662,0.2578244,0.1622833,0.341087,0.4259306,0,0,0,0
1185,7.612321,5.741395,0.211338,6.953503,0.6314099,0.6457802,0.2632549,0.6312701,1,0.2845349,0.1619629,0.2196289,0.1654455,0.2620108,0.161929,0.3429557,0.4257359,0,0,0,0
1186,7.696763,5.765983,0.2140105,7.176307,0.6486791,0.6455338,0.2634802,0.6311279,1,0.2873965,0.166147,0.2205011,0.1653858,0.2696676,0.1618945,0.3461672,0.4292313,0,0,0,0
1187,6.960143,5.843318,0.2164272,7.295889,0.6571782,0.6452358,0.2637084,0.6299254,1,0.2622396,0.1682017,0.223241,0.1653137,0.2737604,0.1616027,0.3440381,0.423627,0,0,0,0
1188,6.377306,5.850861,0.2186416,7.124354,0.6850927,0.6461073,0.2639462,0.6425262,1,0.242019,0.1749299,0.223508,0.1655247,0.2678858,0.1646576,0.3456092,0.4252243,0,0,0,0
1189,8.582868,5.887777,0.2216217,7.266999,0.7119127,0.64642,0.2641934,0.6601527,1,0.3170888,0.1813647,0.2248138,0.1656003,0.2727727,0.1689202,0.343226,0.4279386,0,0,0,0
1190,6.97128,5.898018,0.2240423,7.2456,0.7119127,0.6471742,0.2644406,0.6642699,1,0.2626232,0.1813647,0.2251758,0.1657829,0.2720406,0.169914,0.3434295,0.4251163,0,0,0,0
1191,7.394968,5.946575,0.22661,7.223125,0.6187834,0.6465956,0.2646555,0.6629369,1,0.2771427,0.158896,0.2268912,0.1656428,0.2712713,0.1695923,0.3441208,0.4281726,0,0,0,0
1192,7.412714,5.960239,0.2291839,7.206225,0.6603348,0.6463327,0.2648848,0.664232,1,0.2777476,0.1689641,0.2273735,0.1655792,0.2706926,0.1699049,0.3479117,0.425851,0,0,0,0
1193,7.412714,6.042602,0.2317577,7.253354,0.6982345,0.6466369,0.2651272,0.6700653,1,0.2777476,0.1780865,0.2302776,0.1656528,0.2723059,0.1713118,0.3437472,0.4254167,0,0,0,0
1194,6.97128,6.083652,0.2341783,7.326848,0.5949962,0.6457761,0.2653338,0.659817,1,0.2626232,0.1531005,0.2317228,0.1654445,0.2748181,0.1688391,0.3464451,0.4268859,0,0,0,0
1195,7.278987,6.134721,0.2367057,7.183906,0.6571782,0.6464247,0.265562,0.6540738,1,0.2731826,0.1682017,0.2335187,0.1656015,0.269928,0.1674516,0.3402026,0.4265494,0,0,0,0
1196,7.442321,6.156483,0.2392899,7.239992,0.596424,0.6461542,0.2657691,0.6405667,1,0.2787564,0.153449,0.2342832,0.165536,0.2718487,0.164183,0.3475947,0.4254076,0,0,0,0
1197,6.97128,6.169359,0.2417104,7.18276,0.6582299,0.6456911,0.2659976,0.643859,1,0.2626232,0.1684558,0.2347354,0.1654239,0.2698887,0.1649804,0.3471058,0.424441,0,0,0,0
1198,7.576048,6.223728,0.244341,7.215125,0.5492507,0.64434,0.2661883,0.6304574,1,0.2833038,0.1418892,0.2366433,0.1650968,0.2709974,0.1617318,0.3493944,0.4281031,0,0,0,0
1199,8.030097,6.28066,0.2471292,7.308157,0.6415381,0.6443065,0.2664111,0.6247475,1,0.298638,0.1644183,0.2386385,0.1650887,0.2741796,0.1603455,0.3437031,0.426313,0,0,0,0
1200,7.922986,6.333713,0.2498803,7.425904,0.7130519,0.6450733,0.2666587,0.6389067,1,0.2950353,0.1816374,0.2404951,0.1652744,0.2781971,0.1637808,0.3501091,0.4258991,0,0,0,0
1201,7.847539,6.345059,0.2526051,7.492496,0.7153321,0.6457195,0.2669071,0.6465758,1,0.2924922,0.1821831,0.2408919,0.1654308,0.2804643,0.165638,0.3472014,0.4229716,0,0,0,0
1202,7.696763,6.396969,0.2552776,7.54007,0.6440364,0.6450676,0.2671307,0.6523315,1,0.2873965,0.1650233,0.2427058,0.165273,0.2820818,0.1670303,0.3472194,0.4285637,0,0,0,0
1203,7.551898,6.40949,0.2578998,7.611158,0.5828648,0.6441717,0.2673331,0.6428217,1,0.2824837,0.1501358,0.243143,0.1650561,0.2844954,0.1647292,0.3475789,0.4252529,0,0,0,0
1204,7.394968,6.416997,0.2604675,7.60067,0.6571782,0.6438737,0.2675613,0.6541929,1,0.2771427,0.1682017,0.243405,0.1649839,0.2841395,0.1674803,0.3476444,0.4250428,0,0,0,0
1205,8.010873,6.477367,0.263249,7.600349,0.5949962,0.642708,0.2677678,0.6483306,1,0.297992,0.1531005,0.2455106,0.1647017,0.2841287,0.1660627,0.3541226,0.4248585,0,0,0,0
1206,8.337803,6.506591,0.2661441,7.655172,0.6076227,0.6413652,0.2679788,0.6359196,1,0.3089379,0.1561798,0.2465288,0.1643764,0.2859878,0.1630567,0.3486072,0.4230203,0,0,0,0
1207,7.690609,6.559751,0.2688145,7.63941,0.606652,0.6406518,0.2681895,0.6239736,1,0.2871882,0.1559432,0.2483791,0.1642036,0.2854535,0.1601575,0.3548485,0.42226,0,0,0,0
1208,7.612321,6.614524,0.2714576,7.640859,0.6324203,0.6400665,0.2684091,0.6230987,1,0.2845349,0.1622081,0.2502831,0.1640618,0.2855026,0.1599449,0.3462345,0.4274816,0,0,0,0
1209,8.004469,6.668481,0.274237,7.707033,0.6582299,0.6393119,0.2686376,0.6316246,1,0.2977768,0.1684558,0.2521563,0.163879,0.2877442,0.162015,0.3495451,0.4288065,0,0,0,0
1210,6.820958,6.675351,0.2766054,7.654253,0.6982345,0.6403295,0.2688801,0.6367657,1,0.2574365,0.1780865,0.2523946,0.1641255,0.2859566,0.1632619,0.3534758,0.4248064,0,0,0,0
1211,7.483838,6.684753,0.2792039,7.613799,0.6751521,0.6403832,0.2691145,0.6456719,1,0.2801697,0.1725375,0.2527207,0.1641385,0.284585,0.1654193,0.3538378,0.4246403,0,0,0,0
1212,8.582868,6.718993,0.2821841,7.6478,0.6440364,0.6399391,0.2693381,0.6504813,1,0.3170888,0.1650233,0.2539076,0.164031,0.2857379,0.1665829,0.3498939,0.425058,0,0,0,0
1213,7.746048,6.737626,0.2848737,7.656117,0.6850927,0.6403724,0.269576,0.6605868,1,0.2890642,0.1749299,0.2545531,0.1641359,0.2860198,0.169025,0.3481092,0.4245381,0,0,0,0
1214,7.885232,6.792949,0.2876116,7.694605,0.5716661,0.6389723,0.2697745,0.652576,1,0.2937633,0.1473936,0.256468,0.1637967,0.2873235,0.1670895,0.3569926,0.4271834,0,0,0,0
1215,6.870128,6.835674,0.2899971,7.56032,0.6582299,0.6392591,0.270003,0.652874,1,0.2591351,0.1684558,0.2579451,0.1638662,0.2827697,0.1671615,0.3548582,0.4262926,0,0,0,0
1216,7.696763,6.840574,0.2926695,7.657632,0.6207646,0.6397639,0.2702186,0.6439561,1,0.2873965,0.1593777,0.2581144,0.1639885,0.2860711,0.1650039,0.3513666,0.422515,0,0,0,0
1217,7.696763,6.861511,0.295342,7.689475,0.6724662,0.6403604,0.2704521,0.6438275,1,0.2873965,0.1718904,0.2588376,0.164133,0.2871498,0.1649727,0.3531568,0.4285699,0,0,0,0
1218,8.6989,6.892265,0.2983625,7.728163,0.6571782,0.6403487,0.2706803,0.6449775,1,0.320932,0.1682017,0.2598992,0.1641302,0.2884592,0.1652512,0.3499887,0.4257123,0,0,0,0
1219,7.442321,6.90494,0.3009466,7.681742,0.6076227,0.6401752,0.2708912,0.635211,1,0.2787564,0.1561798,0.2603365,0.1640881,0.2868879,0.1628849,0.3511337,0.4231882,0,0,0,0
1220,7.389056,6.958401,0.3035123,7.631254,0.6571782,0.6401401,0.2711194,0.6441042,1,0.2769411,0.1682017,0.2621796,0.1640796,0.285177,0.1650397,0.3521829,0.4238172,0,0,0,0
1221,9.209172,6.994824,0.3067099,7.911305,0.6677197,0.6410726,0.2713513,0.6457023,1,0.3377127,0.1707462,0.2634339,0.1643055,0.2946418,0.1654266,0.3549086,0.423844,0,0,0,0
1222,8.357811,7.017672,0.3096119,7.995256,0.6460984,0.6410897,0.2715756,0.648359,1,0.3096051,0.1655225,0.2642201,0.1643097,0.2974671,0.1660696,0.3525411,0.4254645,0,0,0,0
1223,7.860097,7.024386,0.3123411,8.018375,0.5828648,0.6413337,0.271778,0.6371214,1,0.2929158,0.1501358,0.2644511,0.1643688,0.2982441,0.1633481,0.3542788,0.4274167,0,0,0,0
1224,8.167803,7.047706,0.3151772,7.972659,0.6751521,0.6422296,0.2720124,0.6400092,1,0.3032565,0.1725375,0.2652531,0.1645858,0.2967072,0.1640479,0.3576594,0.4241653,0,0,0,0
1225,8.337803,7.067007,0.3180722,8.083922,0.6582299,0.6420893,0.272241,0.6456438,1,0.3089379,0.1684558,0.2659165,0.1645518,0.300445,0.1654125,0.3616615,0.4270759,0,0,0,0
1226,6.870128,7.076807,0.3204577,8.019906,0.6839982,0.6423171,0.2724785,0.6495969,1,0.2591351,0.1746666,0.2662532,0.164607,0.2982956,0.166369,0.3564457,0.425032,0,0,0,0
1227,7.690609,7.087599,0.323128,7.859169,0.6095658,0.6416182,0.2726901,0.6425946,1,0.2871882,0.156653,0.2666239,0.1644377,0.2928845,0.1646742,0.3600391,0.4223196,0,0,0,0
1228,8.514741,7.12259,0.3260845,7.887035,0.7409664,0.6426952,0.2729474,0.6552657,1,0.3148275,0.1883033,0.2678253,0.1646986,0.293824,0.1677396,0.3594058,0.4252765,0,0,0,0
1229,7.746048,7.136925,0.3287741,7.871207,0.606652,0.643084,0.2731581,0.6575211,1,0.2890642,0.1559432,0.2683172,0.1647927,0.2932905,0.1682846,0.3495249,0.4212987,0,0,0,0
1230,7.244192,7.145684,0.3312895,7.761042,0.596424,0.6428135,0.2733651,0.6474777,1,0.2719924,0.153449,0.2686176,0.1647272,0.2895711,0.1658563,0.3551625,0.4233322,0,0,0,0
1231,7.715232,7.164137,0.3339684,7.690397,0.6582299,0.6429712,0.2735937,0.6468432,1,0.2880217,0.1684558,0.2692504,0.1647654,0.287181,0.1657027,0.3549508,0.4224908,0,0,0,0
1232,9.032234,7.228087,0.3371046,7.94547,0.6076227,0.6432463,0.2738047,0.6379524,1,0.3319161,0.1561798,0.2714412,0.164832,0.2957923,0.1635495,0.3530273,0.4227762,0,0,0,0
1233,8.180873,7.258151,0.3399452,8.006932,0.6344427,0.6430479,0.274025,0.6412896,1,0.3036941,0.1626986,0.27247,0.164784,0.2978595,0.1643581,0.3580202,0.4204296,0,0,0,0
1234,8.848076,7.291881,0.3430174,8.060115,0.67032,0.6436905,0.2742577,0.633586,1,0.325858,0.1713732,0.2736234,0.1649396,0.299646,0.1624908,0.3613998,0.4218066,0,0,0,0
1235,8.848076,7.308092,0.3460897,8.191864,0.5712091,0.6428813,0.2744561,0.6293836,1,0.325858,0.1472816,0.2741774,0.1647436,0.304062,0.1614712,0.3549723,0.4214548,0,0,0,0
1236,7.551898,7.305935,0.3487118,8.217322,0.6486791,0.642617,0.2746813,0.6356459,1,0.2824837,0.166147,0.2741037,0.1646796,0.3049137,0.1629904,0.3559202,0.4240626,0,0,0,0
1237,8.54197,7.326424,0.3516778,8.318641,0.6124844,0.6426495,0.274894,0.6306279,1,0.3157317,0.1573636,0.2748036,0.1646875,0.3082986,0.1617732,0.3557091,0.4240305,0,0,0,0
1238,7.576048,7.334814,0.3543084,8.15644,0.7119127,0.6431116,0.2751412,0.6430989,1,0.2833038,0.1813647,0.2750901,0.1647994,0.302876,0.1647963,0.3620546,0.4217883,0,0,0,0
1239,9.784503,7.367682,0.3577058,8.354399,0.6839982,0.643748,0.2753787,0.6488914,1,0.3564019,0.1746666,0.276212,0.1649535,0.3094913,0.1661983,0.3594483,0.4223775,0,0,0,0
1240,7.696763,7.389783,0.3603783,8.236206,0.726149,0.6443684,0.2756308,0.6554048,1,0.2873965,0.1847688,0.2769659,0.1651037,0.3055452,0.1677732,0.3597063,0.4222252,0,0,0,0
1241,7.394968,7.389783,0.362946,8.073762,0.6324203,0.6433205,0.2758504,0.6617312,1,0.2771427,0.1622081,0.2769659,0.16485,0.3001041,0.1693013,0.3552725,0.4223303,0,0,0,0
1242,8.06217,7.412145,0.3657453,8.124674,0.5716661,0.6417242,0.2760489,0.6523701,1,0.299715,0.1473936,0.2777282,0.1644634,0.3018116,0.1670397,0.3586375,0.4205963,0,0,0,0
1243,9.631045,7.447424,0.3690894,8.266627,0.6999101,0.6431339,0.2762919,0.6622487,1,0.3514405,0.1784885,0.2789302,0.1648048,0.3065619,0.1694262,0.3603798,0.4217257,0,0,0,0
1244,8.004469,7.505338,0.3718688,8.315554,0.6850927,0.6438486,0.2765298,0.660529,1,0.2977768,0.1749299,0.2809011,0.1649779,0.3081956,0.169011,0.3602728,0.4241045,0,0,0,0
1245,8.501138,7.521219,0.3748206,8.19108,0.5856644,0.6433403,0.2767331,0.6487968,1,0.3143755,0.1508205,0.2814411,0.1648548,0.3040358,0.1661755,0.3639046,0.423693,0,0,0,0
1246,9.223909,7.55369,0.3780233,8.377731,0.6850927,0.643316,0.276971,0.6449497,1,0.3381945,0.1749299,0.2825445,0.1648489,0.310269,0.1652444,0.3614977,0.4208182,0,0,0,0
1247,8.167803,7.563823,0.3808593,8.468835,0.7027056,0.6446165,0.277215,0.6530952,1,0.3032565,0.1791589,0.2828887,0.1651638,0.3133017,0.167215,0.3570841,0.4195052,0,0,0,0
1248,8.514741,7.593383,0.3838159,8.517075,0.6460984,0.6445878,0.2774393,0.6612423,1,0.3148275,0.1655225,0.2838923,0.1651568,0.314905,0.1691833,0.3592298,0.4215983,0,0,0,0
1249,7.539833,7.609887,0.3864338,8.285802,0.72673,0.6455009,0.2776917,0.6655458,1,0.2820737,0.1849076,0.2844523,0.1653779,0.3072024,0.1702218,0.3656444,0.4211327,0,0,0,0
1250,7.551898,7.614853,0.389056,8.237325,0.5828648,0.6452042,0.2778941,0.6533614,1,0.2824837,0.1501358,0.2846207,0.165306,0.3055826,0.1672793,0.3625405,0.4214197,0,0,0,0
1251,7.715232,7.620087,0.3917349,8.133403,0.6076227,0.6451502,0.278105,0.6551335,1,0.2880217,0.1561798,0.2847983,0.165293,0.3021041,0.1677077,0.364362,0.4206588,0,0,0,0
1252,8.010873,7.641393,0.3945165,7.994766,0.7153321,0.6457613,0.2783534,0.6592627,1,0.297992,0.1821831,0.2855207,0.1654409,0.2974506,0.1687052,0.3613386,0.4199424,0,0,0,0
1253,7.190392,7.635767,0.3970132,7.878724,0.606652,0.6460152,0.2785641,0.6488543,1,0.2701503,0.1559432,0.28533,0.1655024,0.2935439,0.1661894,0.3634205,0.418344,0,0,0,0
1254,7.860097,7.65314,0.3997424,7.802567,0.5492507,0.6452693,0.2787548,0.6366946,1,0.2929158,0.1418892,0.2859189,0.1653218,0.2909742,0.1632446,0.3650764,0.4240864,0,0,0,0
1255,8.862234,7.672665,0.4028195,7.955327,0.6374803,0.6453888,0.2789761,0.6265474,1,0.3263246,0.1634351,0.2865804,0.1653508,0.296124,0.1607826,0.3618637,0.4193799,0,0,0,0
1256,8.501138,7.688177,0.4057713,8.078921,0.6603348,0.6454239,0.2792054,0.6348922,1,0.3143755,0.1689641,0.2871058,0.1653592,0.3002771,0.1628076,0.3625745,0.4224981,0,0,0,0
1257,9.423406,7.705268,0.4090433,8.287971,0.6460984,0.6441985,0.2794298,0.6395732,1,0.3447002,0.1655225,0.2876845,0.1650626,0.3072748,0.1639423,0.3681917,0.4207625,0,0,0,0
1258,9.14078,7.736871,0.4122172,8.420472,0.6460984,0.6442157,0.2796541,0.6308265,1,0.3354749,0.1655225,0.2887538,0.1650667,0.3116926,0.1618214,0.365261,0.4207315,0,0,0,0
1259,8.501138,7.766538,0.415169,8.574501,0.606652,0.6444177,0.2798647,0.6308265,1,0.3143755,0.1559432,0.2897569,0.1651156,0.3168112,0.1618214,0.3638725,0.4222786,0,0,0,0
1260,8.501138,7.784964,0.4181208,8.659693,0.6850927,0.645149,0.2801026,0.6469053,1,0.3143755,0.1749299,0.2903796,0.1652927,0.3196345,0.1657178,0.355815,0.4206935,0,0,0,0
1261,9.585006,7.807689,0.4214489,8.760777,0.5527678,0.6445502,0.2802945,0.636321,1,0.3499488,0.1427543,0.2911471,0.1651477,0.3229772,0.1631541,0.3671595,0.420124,0,0,0,0
1262,8.010873,7.830481,0.4242304,8.694954,0.6445517,0.6450214,0.2805183,0.6349776,1,0.297992,0.1651481,0.2919166,0.1652618,0.3208014,0.1628283,0.3673908,0.4207544,0,0,0,0
1263,9.032234,7.853504,0.4273666,8.66095,0.6850927,0.6450214,0.2807562,0.6398731,1,0.3319161,0.1749299,0.2926934,0.1652618,0.3196761,0.164015,0.3648059,0.4192141,0,0,0,0
1264,9.053909,7.881569,0.4305104,8.653585,0.6314099,0.6441143,0.2809755,0.6378087,1,0.3326274,0.1619629,0.2936398,0.1650422,0.3194323,0.1635147,0.3678548,0.4183278,0,0,0,0
1265,8.501138,7.888831,0.4334621,8.64973,0.5949962,0.6434234,0.2811821,0.6367779,1,0.3143755,0.1531005,0.2938846,0.1648749,0.3193046,0.1632648,0.3642822,0.4212295,0,0,0,0
1266,9.090072,7.905922,0.4366184,8.732258,0.5289807,0.6418529,0.2813657,0.6181022,1,0.3338134,0.1368934,0.2944605,0.1644946,0.322035,0.1587304,0.367755,0.4195807,0,0,0,0
1267,9.223909,7.924634,0.4398212,8.699713,0.6724662,0.6427137,0.2815992,0.6320684,1,0.3381945,0.1718904,0.2950908,0.164703,0.3209589,0.1621227,0.3654816,0.4174463,0,0,0,0
1268,8.357811,7.943748,0.4427232,8.746948,0.6839982,0.6437026,0.2818367,0.6361412,1,0.3096051,0.1746666,0.2957343,0.1649425,0.3225204,0.1631105,0.3638268,0.4195864,0,0,0,0
1269,10.02409,7.982077,0.4462038,8.859817,0.596424,0.6431679,0.2820438,0.6253161,1,0.364114,0.153449,0.2970239,0.164813,0.326245,0.1604836,0.3716947,0.4218518,0,0,0,0
1270,8.004469,8.006226,0.4489831,8.746632,0.6374803,0.6430721,0.2822652,0.6250054,1,0.2977768,0.1634351,0.2978358,0.1647898,0.3225099,0.1604081,0.3661799,0.4180126,0,0,0,0
1271,10.59943,8.058949,0.4526635,9.01538,0.6571782,0.6428724,0.2824934,0.6321896,1,0.3824663,0.1682017,0.2996069,0.1647415,0.3313627,0.1621521,0.3617388,0.419545,0,0,0,0
1272,8.337803,8.062998,0.4555585,8.934857,0.67032,0.6439279,0.2827261,0.6489901,1,0.3089379,0.1713732,0.2997428,0.1649971,0.3287159,0.1662222,0.3662265,0.4199422,0,0,0,0
1273,9.053909,8.079687,0.4587022,8.909556,0.5716661,0.6440574,0.2829246,0.6363652,1,0.3326274,0.1473936,0.3003029,0.1650284,0.3278832,0.1631648,0.3690944,0.4191619,0,0,0,0
1274,8.890575,8.099021,0.4617893,8.978597,0.6571782,0.6437472,0.2831528,0.633075,1,0.3272583,0.1682017,0.3009515,0.1649533,0.3301542,0.1623669,0.368849,0.4186268,0,0,0,0
1275,8.862234,8.112909,0.4648664,8.853514,0.6839982,0.6443315,0.2833903,0.6438981,1,0.3263246,0.1746666,0.3014172,0.1650948,0.3260372,0.1649898,0.371897,0.4150199,0,0,0,0
1276,9.053909,8.127988,0.4680101,8.968229,0.728474,0.6452182,0.2836432,0.6544905,1,0.3326274,0.185324,0.3019227,0.1653094,0.3298134,0.1675523,0.3672663,0.42026,0,0,0,0
1277,8.107145,8.140733,0.4708251,8.690635,0.6751521,0.6454179,0.2838777,0.6561814,1,0.3012239,0.1725375,0.3023498,0.1653578,0.3206585,0.1679609,0.3609323,0.420294,0,0,0,0
1278,8.514741,8.164482,0.4737816,8.710295,0.6314099,0.6448214,0.2840969,0.6516949,1,0.3148275,0.1619629,0.3031453,0.1652134,0.3213088,0.1668764,0.3684253,0.4227807,0,0,0,0
1279,8.438004,8.162873,0.4767115,8.651841,0.6076227,0.6436626,0.2843079,0.6543666,1,0.3122761,0.1561798,0.3030914,0.1649328,0.3193745,0.1675223,0.3719583,0.4158607,0,0,0,0
1280,8.501138,8.179871,0.4796633,8.619117,0.6445517,0.6429142,0.2845317,0.6536491,1,0.3143755,0.1651481,0.3036606,0.1647516,0.3182905,0.1673489,0.3706921,0.4197083,0,0,0,0
1281,9.053909,8.198304,0.482807,8.655288,0.5988062,0.6426922,0.2847396,0.6440854,1,0.3326274,0.1540304,0.3042775,0.1646978,0.3194886,0.1650352,0.3700736,0.4166586,0,0,0,0
1282,10.39993,8.231495,0.4864181,8.831391,0.6582299,0.6426688,0.2849682,0.635646,1,0.376129,0.1684558,0.3053877,0.1646922,0.3253078,0.1629904,0.3691338,0.4161585,0,0,0,0
1283,10.20825,8.262557,0.4899626,9.09838,0.6324203,0.6419375,0.2851877,0.6311843,1,0.3700138,0.1622081,0.3064259,0.1645151,0.3340858,0.1619082,0.3702382,0.4178862,0,0,0,0
1284,9.223909,8.287586,0.4931654,9.192329,0.6839982,0.6429264,0.2854252,0.6385247,1,0.3381945,0.1746666,0.307262,0.1647546,0.337162,0.1636882,0.3688986,0.4173861,0,0,0,0
1285,10.02409,8.318087,0.4966459,9.381471,0.6751521,0.6431262,0.2856597,0.6464465,1,0.364114,0.1725375,0.3082801,0.1648029,0.3433352,0.1656068,0.3721892,0.4160855,0,0,0,0
1286,8.671138,8.33174,0.4996568,9.402249,0.6187834,0.6433746,0.2858745,0.6431217,1,0.3200133,0.158896,0.3087357,0.1648631,0.3440117,0.1648018,0.3718939,0.4171202,0,0,0,0
1287,9.807982,8.363259,0.5030623,9.490308,0.6192785,0.6429418,0.2860896,0.6450984,1,0.3571594,0.1590164,0.3097867,0.1647583,0.3468755,0.1652804,0.3789692,0.4158073,0,0,0,0
1288,8.671138,8.375427,0.5060731,9.293002,0.6724662,0.6443109,0.286323,0.6469732,1,0.3200133,0.1718904,0.3101923,0.1650898,0.340451,0.1657342,0.3735628,0.4170146,0,0,0,0
1289,10.39993,8.401759,0.5096842,9.335397,0.6314099,0.6441983,0.2865423,0.647136,1,0.376129,0.1619629,0.3110695,0.1650625,0.3418338,0.1657736,0.3751991,0.4165682,0,0,0,0
1290,10.18382,8.426879,0.5132202,9.46075,0.6708564,0.6437295,0.2867752,0.6455176,1,0.3692323,0.1715024,0.3119059,0.164949,0.3459148,0.1653819,0.3704994,0.4165013,0,0,0,0
1291,9.784503,8.448401,0.5166176,9.436345,0.6314099,0.642797,0.2869945,0.6415312,1,0.3564019,0.1619629,0.3126221,0.1647232,0.3451212,0.1644166,0.3714246,0.4207972,0,0,0,0
1292,8.848076,8.461193,0.5196899,9.465307,0.6460984,0.6428199,0.2872188,0.6445834,1,0.325858,0.1655225,0.3130476,0.1647288,0.346063,0.1651558,0.3747889,0.4177505,0,0,0,0
1293,9.223909,8.479771,0.5228926,9.40254,0.5949962,0.6429547,0.2874254,0.6408843,1,0.3381945,0.1531005,0.3136653,0.1647614,0.3440212,0.1642599,0.3768839,0.4174196,0,0,0,0
1294,9.14078,8.499169,0.5260665,9.455687,0.6850927,0.6432649,0.2876633,0.6428837,1,0.3354749,0.1749299,0.3143101,0.1648365,0.3457502,0.1647442,0.3747533,0.4199932,0,0,0,0
1295,8.678075,8.506582,0.5290797,9.266336,0.623244,0.6435787,0.2878797,0.6422902,1,0.320243,0.1599802,0.3145564,0.1649125,0.3395805,0.1646005,0.3683017,0.4173259,0,0,0,0
1296,9.585006,8.52044,0.5324079,9.205301,0.6982345,0.6445855,0.2881221,0.6472128,1,0.3499488,0.1780865,0.3150167,0.1651563,0.3375862,0.1657922,0.3769509,0.4166634,0,0,0,0
1297,10.18382,8.548142,0.5359439,9.260335,0.6571782,0.6451469,0.2883503,0.6499061,1,0.3692323,0.1682017,0.3159366,0.1652922,0.3393846,0.1664438,0.3734076,0.4143094,0,0,0,0
1298,10.18382,8.576714,0.53948,9.429039,0.67032,0.6455681,0.2885831,0.6524454,1,0.3692323,0.1713732,0.3168846,0.1653941,0.3448836,0.1670579,0.3746909,0.4144863,0,0,0,0
1299,11.05847,8.610648,0.5433197,9.644373,0.5753267,0.6446469,0.2887828,0.6500255,1,0.3969436,0.1482906,0.3180098,0.1651711,0.3518721,0.1664727,0.3736005,0.4148935,0,0,0,0
1300,9.400847,8.639313,0.5465839,9.688784,0.6445517,0.6440504,0.2890066,0.6455995,1,0.3439661,0.1651481,0.3189596,0.1650267,0.3533092,0.1654017,0.374354,0.4145221,0,0,0,0
1301,9.209172,8.658484,0.5497815,9.732348,0.6021467,0.6432393,0.2892157,0.6426439,1,0.3377127,0.1548451,0.3195944,0.1648303,0.3547176,0.1646861,0.377611,0.41587,0,0,0,0
1302,9.600344,8.669789,0.553115,9.74808,0.6571782,0.6433853,0.2894439,0.6379361,1,0.3504459,0.1682017,0.3199687,0.1648657,0.3552258,0.1635455,0.3757692,0.4183015,0,0,0,0
1303,9.400847,8.688176,0.5563792,9.664938,0.6839982,0.6433731,0.2896814,0.6421642,1,0.3439661,0.1746666,0.3205772,0.1648627,0.3525378,0.16457,0.3815487,0.4150485,0,0,0,0
1304,9.032234,8.70092,0.5595153,9.538559,0.5828648,0.6434975,0.2898838,0.6316213,1,0.3319161,0.1501358,0.3209988,0.1648929,0.3484422,0.1620142,0.3771305,0.4142589,0,0,0,0
1305,11.05847,8.747457,0.5633551,9.562962,0.6445517,0.6433456,0.2901076,0.6388746,1,0.3969436,0.1651481,0.3225372,0.164856,0.3492339,0.163773,0.377463,0.4127844,0,0,0,0
1306,10.18382,8.775091,0.5668911,9.662513,0.6440364,0.6436041,0.2903312,0.6378792,1,0.3692323,0.1650233,0.32345,0.1649187,0.3524593,0.1635318,0.3797064,0.4158526,0,0,0,0
1307,10.39993,8.805126,0.5705022,9.820294,0.606652,0.6428729,0.2905419,0.6376187,1,0.376129,0.1559432,0.3244414,0.1647416,0.3575566,0.1634686,0.3802904,0.417343,0,0,0,0
1308,8.890575,8.807256,0.5735892,9.745607,0.6522977,0.6428186,0.2907683,0.6373085,1,0.3272583,0.1670222,0.3245117,0.1647284,0.355146,0.1633934,0.3786481,0.4133137,0,0,0,0
1309,10.59095,8.842241,0.5772666,9.901762,0.6445517,0.643229,0.2909921,0.6333358,1,0.3821977,0.1651481,0.3256656,0.1648278,0.3601814,0.1624302,0.3743626,0.4139622,0,0,0,0
1310,9.423406,8.864845,0.5805387,9.955473,0.6021467,0.6426175,0.2912012,0.6350071,1,0.3447002,0.1548451,0.3264107,0.1646797,0.3619093,0.1628355,0.3800473,0.4138971,0,0,0,0
1311,10.17567,8.875584,0.5840719,9.869849,0.6076227,0.6419498,0.2914122,0.6310018,1,0.3689719,0.1561798,0.3267645,0.164518,0.3591537,0.1618639,0.3814737,0.4156442,0,0,0,0
1312,10.59943,8.90049,0.5877522,9.918244,0.6582299,0.6420846,0.2916408,0.6325789,1,0.3824663,0.1684558,0.3275848,0.1645507,0.3607119,0.1622466,0.3815698,0.4154298,0,0,0,0
1313,9.209172,8.91548,0.5909499,9.774837,0.5837975,0.6420949,0.2918435,0.6294993,1,0.3377127,0.150364,0.3280782,0.1645532,0.3560899,0.1614993,0.380685,0.4161219,0,0,0,0
1314,9.600344,8.931397,0.5942833,9.857883,0.6708564,0.6420472,0.2920764,0.6314153,1,0.3504459,0.1715024,0.3286021,0.1645416,0.3587682,0.1619643,0.3797017,0.4141138,0,0,0,0
1315,9.585006,8.945255,0.5976114,9.741233,0.6314099,0.6417492,0.2922956,0.6294691,1,0.3499488,0.1619629,0.3290579,0.1644694,0.3550046,0.1614919,0.3816201,0.412024,0,0,0,0
1316,9.631045,8.975932,0.6009556,9.774969,0.6982345,0.6419074,0.2925381,0.6410283,1,0.3514405,0.1780865,0.3300666,0.1645077,0.3560941,0.1642948,0.3792425,0.414207,0,0,0,0
1317,9.090072,8.991481,0.6041118,9.64637,0.5828648,0.6416107,0.2927405,0.6378728,1,0.3338134,0.1501358,0.3305776,0.1644359,0.3519368,0.1635302,0.3775169,0.4145627,0,0,0,0
1318,9.77668,9.005503,0.6075065,9.567238,0.6724662,0.6408496,0.292974,0.6394546,1,0.3561494,0.1718904,0.3310383,0.1642515,0.3493726,0.1639136,0.3849823,0.4146863,0,0,0,0
1319,10.24903,9.033314,0.6110652,9.6811,0.7119127,0.6420191,0.2932212,0.6545841,1,0.3713168,0.1813647,0.3319515,0.1645348,0.3530607,0.1675749,0.3833152,0.4133314,0,0,0,0
1320,10.18382,9.065976,0.6146013,9.745931,0.6708564,0.6428462,0.2934541,0.6545841,1,0.3692323,0.1715024,0.3330233,0.1647351,0.3551564,0.1675749,0.3846657,0.4142839,0,0,0,0
1321,10.38331,9.095622,0.6182066,9.841285,0.596424,0.6421594,0.2936612,0.6503081,1,0.3755999,0.153449,0.3339954,0.1645688,0.3582333,0.166541,0.380346,0.4142323,0,0,0,0
1322,9.784503,9.10398,0.621604,9.868741,0.6460984,0.6425869,0.2938855,0.6445152,1,0.3564019,0.1655225,0.3342693,0.1646723,0.359118,0.1651392,0.3826332,0.4130785,0,0,0,0
1323,10.59095,9.130759,0.6252814,10.05069,0.5949962,0.6421486,0.2940921,0.6458631,1,0.3821977,0.1531005,0.3351467,0.1645662,0.3649676,0.1654655,0.3821361,0.4132449,0,0,0,0
1324,9.976177,9.143293,0.6287453,10.08214,0.6569601,0.6420002,0.2943202,0.6438276,1,0.3625748,0.1681491,0.3355572,0.1645302,0.3659762,0.1649728,0.3830889,0.4126485,0,0,0,0
1325,9.513823,9.150691,0.6320487,10.00974,0.5406364,0.6416605,0.2945079,0.6238791,1,0.3476392,0.1397682,0.3357994,0.164448,0.363653,0.1601345,0.3853244,0.412775,0,0,0,0
1326,10.38331,9.182151,0.6356541,10.04078,0.5837975,0.6409396,0.2947107,0.6129344,1,0.3755999,0.150364,0.336829,0.1642733,0.3646494,0.1574731,0.3825587,0.4159591,0,0,0,0
1327,10.39993,9.202795,0.6392651,10.04502,0.6314099,0.6411499,0.2949299,0.6165354,1,0.376129,0.1619629,0.3375042,0.1643243,0.3647856,0.1583493,0.3829572,0.4088626,0,0,0,0
1328,9.807982,9.227594,0.6426707,10.04346,0.6207646,0.6401371,0.2951454,0.6131699,1,0.3571594,0.1593777,0.3383149,0.1640789,0.3647354,0.1575305,0.3821079,0.4145819,0,0,0,0
1329,10.02409,9.230256,0.6461513,9.968979,0.5884685,0.6390757,0.2953498,0.6125906,1,0.364114,0.151506,0.3384019,0.1638217,0.3623435,0.1573895,0.3826121,0.4141266,0,0,0,0
1330,10.85897,9.265392,0.6499218,10.08327,0.6839982,0.6386073,0.2955873,0.6160331,1,0.3906697,0.1746666,0.3395497,0.1637082,0.3660123,0.1582271,0.3898018,0.4124372,0,0,0,0
1331,10.20825,9.29665,0.6534663,10.17153,0.6677197,0.6389996,0.2958191,0.6308821,1,0.3700138,0.1707462,0.3405701,0.1638033,0.3688392,0.1618349,0.384451,0.410403,0,0,0,0
1332,9.600344,9.313741,0.6567997,10.08453,0.6192785,0.6395286,0.2960341,0.6344033,1,0.3504459,0.1590164,0.3411276,0.1639315,0.3660528,0.1626891,0.3856964,0.4125784,0,0,0,0
1333,10.02409,9.318109,0.6602803,10.0497,0.6850927,0.639364,0.296272,0.6403802,1,0.364114,0.1749299,0.3412701,0.1638916,0.3649356,0.1641378,0.3835888,0.4148558,0,0,0,0
1334,10.18382,9.342324,0.6638164,10.10425,0.6187834,0.6386272,0.2964869,0.6405592,1,0.3692323,0.158896,0.3420596,0.1637131,0.3666849,0.1641812,0.3848591,0.4118722,0,0,0,0
1335,10.38331,9.363237,0.6674217,10.13666,0.6192785,0.6390007,0.2967019,0.6437017,1,0.3755999,0.1590164,0.3427412,0.1638035,0.3677232,0.1649423,0.3879771,0.4129823,0,0,0,0
1336,9.784503,9.369465,0.6708191,10.01284,0.6460984,0.6385674,0.2969262,0.6395135,1,0.3564019,0.1655225,0.3429441,0.1636986,0.3637526,0.1639278,0.3836735,0.4092094,0,0,0,0
1337,9.209172,9.381036,0.6740167,9.888602,0.5505688,0.636877,0.2971174,0.6258736,1,0.3377127,0.1422134,0.343321,0.1632888,0.3597577,0.160619,0.3830843,0.4125336,0,0,0,0
1338,10.59943,9.404199,0.6776971,10.0186,0.5837975,0.6361848,0.2973201,0.6211702,1,0.3824663,0.150364,0.3440752,0.163121,0.3639375,0.1594763,0.3859237,0.4140343,0,0,0,0
1339,9.976177,9.43127,0.681161,10.00644,0.6314099,0.6351256,0.2975394,0.6150594,1,0.3625748,0.1619629,0.3449561,0.1628642,0.3635472,0.1579903,0.390311,0.4128062,0,0,0,0
1340,10.38331,9.46273,0.6847663,10.03928,0.6708564,0.6361033,0.2977723,0.6216087,1,0.3755999,0.1715024,0.3459792,0.1631013,0.3646012,0.1595829,0.384385,0.4098274,0,0,0,0
1341,10.18382,9.490159,0.6883024,10.0172,0.6314099,0.6363676,0.2979915,0.6232209,1,0.3692323,0.1619629,0.3468706,0.1631654,0.3638926,0.1599746,0.3825811,0.4131553,0,0,0,0
1342,10.39993,9.516704,0.6919135,10.08336,0.7130519,0.6363423,0.2982391,0.6312694,1,0.376129,0.1816374,0.3477328,0.1631592,0.3660153,0.1619288,0.3866412,0.4113083,0,0,0,0
1343,9.77668,9.54544,0.6953082,10.15273,0.67032,0.6370497,0.2984719,0.6455364,1,0.3561494,0.1713732,0.3486655,0.1633307,0.3682374,0.1653865,0.3853824,0.4089953,0,0,0,0
1344,10.17567,9.571169,0.6988414,10.11203,0.6571782,0.6382489,0.2987001,0.6535378,1,0.3689719,0.1682017,0.3495001,0.1636214,0.3669343,0.167322,0.3887657,0.4084376,0,0,0,0
1345,11.02318,9.595179,0.7026689,10.24435,0.5856644,0.6376732,0.2989034,0.6479467,1,0.3958357,0.1508205,0.3502785,0.1634818,0.3711673,0.1659698,0.3848,0.4094893,0,0,0,0
1346,11.05847,9.623594,0.7065086,10.33523,0.67032,0.6377841,0.2991362,0.647577,1,0.3969436,0.1713732,0.3511992,0.1635087,0.3740676,0.1658803,0.3911752,0.4106728,0,0,0,0
1347,11.05847,9.641762,0.7103484,10.45428,0.6445517,0.6377669,0.29936,0.6497226,1,0.3969436,0.1651481,0.3517876,0.1635046,0.3778583,0.1663994,0.3917657,0.408326,0,0,0,0
1348,9.032234,9.640555,0.7134846,10.29404,0.6314099,0.6376037,0.2995792,0.6401951,1,0.3319161,0.1619629,0.3517485,0.163465,0.372754,0.164093,0.3866384,0.4118496,0,0,0,0
1349,9.600344,9.652769,0.716818,10.26724,0.5753267,0.6372557,0.299779,0.6281226,1,0.3504459,0.1482906,0.3521439,0.1633806,0.3718985,0.1611651,0.3893703,0.4087793,0,0,0,0
1350,9.992141,9.669336,0.7202875,10.24472,0.6724662,0.6371154,0.3000125,0.6298392,1,0.3630878,0.1718904,0.3526801,0.1633466,0.3711792,0.1615818,0.3884719,0.4120211,0,0,0,0
1351,10.59943,9.680607,0.7239679,10.20004,0.6708564,0.6384275,0.3002454,0.640132,1,0.3824663,0.1715024,0.3530447,0.1636647,0.3697511,0.1640777,0.3901161,0.4093627,0,0,0,0
1352,9.976177,9.702444,0.7274318,10.08191,0.6445517,0.6384275,0.3004692,0.6372517,1,0.3625748,0.1651481,0.353751,0.1636647,0.3659689,0.1633797,0.3847577,0.407107,0,0,0,0
1353,10.24903,9.715964,0.7309905,9.988175,0.5837975,0.637302,0.3006719,0.6303768,1,0.3713168,0.150364,0.3541881,0.1633919,0.3629604,0.1617122,0.3888257,0.4080931,0,0,0,0
1354,9.77668,9.723994,0.7343852,10.06867,0.6207646,0.6371837,0.3008875,0.6287918,1,0.3561494,0.1593777,0.3544476,0.1633632,0.3655443,0.1613275,0.3885735,0.4112803,0,0,0,0
1355,10.39993,9.745092,0.7379963,10.16736,0.7119127,0.6384828,0.3011347,0.6458711,1,0.376129,0.1813647,0.3551293,0.1636781,0.3687059,0.1654675,0.3929745,0.4072924,0,0,0,0
1356,10.59943,9.761863,0.7416766,10.23724,0.6314099,0.6396209,0.3013539,0.6418383,1,0.3824663,0.1619629,0.355671,0.1639538,0.3709403,0.164491,0.3890888,0.4082078,0,0,0,0
1357,10.38331,9.774745,0.7452819,10.21304,0.6708564,0.639603,0.3015868,0.6422766,1,0.3755999,0.1715024,0.3560869,0.1639495,0.370167,0.1645972,0.3906887,0.4105653,0,0,0,0
1358,10.59943,9.799652,0.7489623,10.29109,0.5837975,0.6384896,0.3017895,0.6351154,1,0.3824663,0.150364,0.3568907,0.1636797,0.3726597,0.1628617,0.38919,0.4086716,0,0,0,0
1359,11.24811,9.813252,0.7528679,10.4157,0.5856644,0.6383701,0.3019929,0.6352916,1,0.4028823,0.1508205,0.3573294,0.1636507,0.3766309,0.1629045,0.393487,0.4110797,0,0,0,0
1360,11.24811,9.849292,0.7567735,10.58351,0.6445517,0.6384487,0.3022167,0.6374964,1,0.4028823,0.1651481,0.3584914,0.1636698,0.3819618,0.163439,0.3926241,0.4081161,0,0,0,0
1361,10.38331,9.846891,0.7603788,10.58361,0.5949962,0.6377578,0.3024233,0.6236976,1,0.3755999,0.1531005,0.358414,0.1635023,0.3819649,0.1600904,0.3895756,0.4080503,0,0,0,0
1362,11.24811,9.879228,0.7642844,10.674,0.7153321,0.6382579,0.3026717,0.6340896,1,0.4028823,0.1821831,0.3594558,0.1636235,0.384828,0.162613,0.3931975,0.4090985,0,0,0,0
1363,10.80706,9.898707,0.7680368,10.72978,0.726149,0.6399744,0.3029238,0.6406894,1,0.3890328,0.1847688,0.360083,0.1640395,0.3865921,0.1642127,0.3889813,0.4113915,0,0,0,0
1364,11.05847,9.922795,0.7718766,10.7905,0.6982345,0.6404305,0.3031662,0.6542874,1,0.3969436,0.1780865,0.3608583,0.16415,0.3885101,0.1675032,0.3900806,0.4096142,0,0,0,0
1365,10.18382,9.937479,0.7754126,10.67003,0.6095658,0.6396035,0.3033779,0.6568352,1,0.3692323,0.156653,0.3613307,0.1639496,0.3847025,0.1681189,0.3935017,0.4115226,0,0,0,0
1366,11.02318,9.95936,0.7792401,10.6588,0.5949962,0.6381204,0.3035845,0.6507612,1,0.3958357,0.1531005,0.3620343,0.1635902,0.3843471,0.1666506,0.393418,0.4093274,0,0,0,0
1367,9.784503,9.977997,0.7826375,10.59866,0.5492507,0.6367215,0.3037752,0.6456637,1,0.3564019,0.1418892,0.3626333,0.1632511,0.382442,0.1654173,0.3906259,0.4087217,0,0,0,0
1368,9.976177,9.994235,0.7861015,10.45041,0.6445517,0.6368675,0.303999,0.6384743,1,0.3625748,0.1651481,0.3631551,0.1632866,0.3777352,0.163676,0.3921747,0.4101408,0,0,0,0
1369,10.80706,10.02056,0.7898539,10.45964,0.6440364,0.6372721,0.3042226,0.629491,1,0.3890328,0.1650233,0.3640004,0.1633846,0.3780288,0.1614973,0.3939437,0.4096986,0,0,0,0
1370,10.39993,10.04166,0.793465,10.38665,0.6324203,0.6371374,0.3044422,0.6217512,1,0.376129,0.1622081,0.3646776,0.163352,0.3757063,0.1596175,0.39269,0.4057565,0,0,0,0
1371,9.847157,10.05047,0.7968842,10.34551,0.6582299,0.6377976,0.3046708,0.6274563,1,0.3584226,0.1684558,0.3649604,0.163512,0.3743953,0.1610033,0.395614,0.4087417,0,0,0,0
1372,9.976177,10.04576,0.8003481,10.22446,0.5169547,0.6362279,0.3048503,0.6166062,1,0.3625748,0.1339213,0.3648093,0.1631315,0.370532,0.1583665,0.3902868,0.4094676,0,0,0,0
1373,10.62486,10.05039,0.8040373,10.32726,0.5609065,0.6354333,0.305045,0.6166855,1,0.3832723,0.1447541,0.3649578,0.1629388,0.3738137,0.1583859,0.3959481,0.4045684,0,0,0,0
1374,9.223909,10.05039,0.8072401,10.2331,0.6603348,0.6351704,0.3052743,0.6184743,1,0.3381945,0.1689641,0.3649578,0.1628751,0.370808,0.1588209,0.3957047,0.408269,0,0,0,0
1375,10.62486,10.05707,0.8109292,10.20843,0.6314099,0.6346843,0.3054936,0.6175796,1,0.3832723,0.1619629,0.365172,0.1627572,0.3700195,0.1586033,0.3986771,0.4095256,0,0,0,0
1376,10.80706,10.0808,0.8146817,10.25087,0.6314099,0.6348246,0.3057128,0.617035,1,0.3890328,0.1619629,0.3659331,0.1627912,0.3713759,0.1584709,0.3919615,0.4072779,0,0,0,0
1377,11.24811,10.0968,0.8185873,10.40864,0.5945205,0.6345495,0.3059192,0.6094003,1,0.4028823,0.1529844,0.3664461,0.1627245,0.3764064,0.1566127,0.3929115,0.4102372,0,0,0,0
1378,11.032,10.12303,0.8224178,10.54818,0.606652,0.6338183,0.3061299,0.6190916,1,0.3961127,0.1559432,0.3672866,0.1625472,0.380841,0.158971,0.3956696,0.4045887,0,0,0,0
1379,12.43854,10.14568,0.8267368,10.78123,0.6571782,0.6341046,0.3063581,0.6306979,1,0.4396134,0.1682017,0.368012,0.1626166,0.3882175,0.1617902,0.3932657,0.4094442,0,0,0,0
1380,11.47304,10.16001,0.8307205,11.04759,0.6976763,0.6344026,0.3066003,0.6351271,1,0.4098947,0.1779526,0.3684705,0.1626889,0.3966022,0.1628646,0.3928314,0.4053648,0,0,0,0
1381,9.807982,10.16027,0.834126,10.94803,0.7119127,0.6352971,0.3068475,0.644528,1,0.3571594,0.1813647,0.3684788,0.1629058,0.3934739,0.1651424,0.3973596,0.4042845,0,0,0,0
1382,10.62486,10.18001,0.8378152,10.93499,0.6724662,0.63559,0.307081,0.6494,1,0.3832723,0.1718904,0.3691106,0.1629768,0.3930637,0.1663214,0.3951915,0.4048191,0,0,0,0
1383,10.91096,10.19876,0.8416037,10.90489,0.6486791,0.6361865,0.3073062,0.6561385,1,0.3923074,0.166147,0.3697101,0.1631214,0.3921162,0.1679505,0.3985348,0.4037945,0,0,0,0
1384,10.85897,10.21785,0.8453742,10.89769,0.67032,0.6360224,0.307539,0.6637634,1,0.3906697,0.1713732,0.3703205,0.1630817,0.3918895,0.1697918,0.3998277,0.4063111,0,0,0,0
1385,11.24811,10.2464,0.8492798,10.77484,0.6460984,0.6362763,0.3077633,0.661801,1,0.4028823,0.1655225,0.371233,0.1631432,0.3880158,0.1693181,0.3882621,0.4069714,0,0,0,0
1386,11.48222,10.26748,0.8532667,10.78567,0.6872836,0.6361546,0.308002,0.6612671,1,0.4101802,0.1754566,0.3719062,0.1631137,0.3883577,0.1691892,0.3996822,0.4060275,0,0,0,0
1387,11.50977,10.28222,0.8572631,10.98728,0.6076227,0.635604,0.3082129,0.6489767,1,0.4110366,0.1561798,0.3723766,0.1629802,0.3947078,0.166219,0.3954569,0.4074977,0,0,0,0
1388,10.91096,10.29029,0.8610517,11.02253,0.7612319,0.6366142,0.3084773,0.660811,1,0.3923074,0.1931234,0.3726344,0.1632251,0.3958153,0.1690791,0.3997162,0.4050988,0,0,0,0
1389,11.02318,10.2899,0.8648792,11.0325,0.5406364,0.6362287,0.308665,0.648306,1,0.3958357,0.1397682,0.3726219,0.1631317,0.3961283,0.1660567,0.4007119,0.4049409,0,0,0,0
1390,11.05847,10.30832,0.8687189,11.05256,0.6976763,0.636819,0.3089072,0.6519359,1,0.3969436,0.1779526,0.3732096,0.1632748,0.396758,0.1669347,0.3951656,0.4043095,0,0,0,0
1391,11.24811,10.33098,0.8726245,11.06216,0.606652,0.636869,0.3091179,0.6476824,1,0.4028823,0.1559432,0.3739321,0.1632869,0.3970596,0.1659058,0.3950486,0.4056493,0,0,0,0
1392,11.032,10.34688,0.8764551,11.00974,0.6192785,0.6364479,0.3093329,0.639059,1,0.3961127,0.1590164,0.3744392,0.1631848,0.3954136,0.1638177,0.4037196,0.4079373,0,0,0,0
1393,11.70715,10.37251,0.88052,11.04167,0.596424,0.6354749,0.30954,0.6363734,1,0.4171572,0.153449,0.3752558,0.1629489,0.3964163,0.1631667,0.3983897,0.4041027,0,0,0,0
1394,11.24811,10.39713,0.8844256,11.08124,0.6076227,0.63575,0.309751,0.6182989,1,0.4028823,0.1561798,0.3760399,0.1630156,0.3976579,0.1587782,0.3983063,0.4046158,0,0,0,0
1395,10.62486,10.39231,0.8881148,11.04188,0.6724662,0.6360601,0.3099845,0.6336455,1,0.3832723,0.1718904,0.3758865,0.1630908,0.396423,0.1625053,0.4004025,0.4042361,0,0,0,0
1396,11.24811,10.40414,0.8920204,11.06545,0.67032,0.6363522,0.3102172,0.6314429,1,0.4028823,0.1713732,0.376263,0.1631616,0.3971627,0.1619709,0.3941564,0.4027728,0,0,0,0
1397,11.48222,10.41616,0.8960073,11.11033,0.5837975,0.6360982,0.3104199,0.6292873,1,0.4101802,0.150364,0.3766457,0.1631,0.39857,0.1614478,0.4014769,0.4029992,0,0,0,0
1398,12.18493,10.45277,0.9002382,11.26297,0.6982345,0.6366086,0.3106624,0.6386567,1,0.4318662,0.1780865,0.3778102,0.1632238,0.4033467,0.1637202,0.4013245,0.4018781,0,0,0,0
1399,11.70715,10.46517,0.9043032,11.27297,0.6314099,0.6364626,0.3108816,0.6424037,1,0.4171572,0.1619629,0.3782045,0.1631884,0.4036592,0.164628,0.3990728,0.4042149,0,0,0,0
1400,10.38331,10.47583,0.9079085,11.1767,0.623244,0.636697,0.311098,0.6440375,1,0.3755999,0.1599802,0.3785435,0.1632452,0.400649,0.1650236,0.398074,0.4047112,0,0,0,0
1401,11.48222,10.49035,0.9118954,11.29013,0.6708564,0.6373996,0.3113309,0.6439989,1,0.4101802,0.1715024,0.3790048,0.1634155,0.404195,0.1650143,0.4049529,0.4040817,0,0,0,0
1402,12.20443,10.50818,0.916133,11.42115,0.6314099,0.6371016,0.3115502,0.6409473,1,0.4324633,0.1619629,0.3795713,0.1633433,0.4082799,0.1642752,0.404089,0.4019096,0,0,0,0
1403,11.24811,10.53084,0.9200386,11.40206,0.6314099,0.6376307,0.3117694,0.6470209,1,0.4028823,0.1619629,0.3802907,0.1634715,0.4076855,0.1657458,0.4002488,0.4032007,0,0,0,0
1404,11.72589,10.55446,0.9241101,11.37885,0.6344427,0.6372261,0.3119897,0.6396452,1,0.4177368,0.1626986,0.3810402,0.1633735,0.4069625,0.1639597,0.4033441,0.4045987,0,0,0,0
1405,12.02734,10.58159,0.9282863,11.43001,0.6366901,0.6372847,0.3122108,0.6402906,1,0.4270313,0.1632435,0.381901,0.1633877,0.4085559,0.1641161,0.4075448,0.4028474,0,0,0,0
1406,10.59095,10.59226,0.9319637,11.45068,0.6324203,0.6365535,0.3124304,0.6413214,1,0.3821977,0.1622081,0.3822391,0.1632104,0.4091992,0.1643658,0.4043241,0.4030355,0,0,0,0
1407,11.95082,10.62405,0.9361133,11.51056,0.6187834,0.6369526,0.3126452,0.6358051,1,0.4246775,0.158896,0.3832465,0.1633072,0.411061,0.163029,0.4018198,0.402053,0,0,0,0
1408,11.47304,10.64289,0.9400969,11.43419,0.6445517,0.6366424,0.312869,0.6376864,1,0.4098947,0.1651481,0.3838435,0.163232,0.408686,0.163485,0.4059231,0.3998671,0,0,0,0
1409,11.72589,10.6593,0.9441684,11.47936,0.728474,0.6368264,0.313122,0.6492635,1,0.4177368,0.185324,0.384363,0.1632766,0.4100912,0.1662884,0.4055373,0.4056293,0,0,0,0
1410,11.50977,10.67404,0.9481649,11.45576,0.72673,0.6374472,0.3133743,0.6598404,1,0.4110366,0.1849076,0.3848293,0.1634271,0.409357,0.1688448,0.4031518,0.4012586,0,0,0,0
1411,11.24811,10.68365,0.9520705,11.38518,0.67032,0.6382683,0.3136071,0.663115,1,0.4028823,0.1713732,0.3851333,0.1636261,0.4071595,0.1696353,0.4007923,0.3997225,0,0,0,0
1412,11.48222,10.70251,0.9560574,11.49373,0.6314099,0.6381051,0.3138263,0.6625465,1,0.4101802,0.1619629,0.38573,0.1635865,0.410538,0.1694981,0.409852,0.4031219,0,0,0,0
1413,11.70715,10.71491,0.9601223,11.4755,0.5884685,0.6380326,0.3140306,0.6585092,1,0.4171572,0.151506,0.3861222,0.1635689,0.4099713,0.1685233,0.3992459,0.4019129,0,0,0,0
1414,10.80706,10.72414,0.9638748,11.40093,0.6314099,0.6377487,0.3142499,0.6566167,1,0.3890328,0.1619629,0.386414,0.1635001,0.4076503,0.1680661,0.400387,0.4023302,0,0,0,0
1415,10.6673,10.73696,0.9675787,11.27686,0.5988062,0.638395,0.3144578,0.6416837,1,0.384616,0.1540304,0.3868191,0.1636568,0.4037804,0.1644536,0.4016214,0.3985756,0,0,0,0
1416,11.02318,10.74407,0.9714062,11.21769,0.6460984,0.6390872,0.3146821,0.632267,1,0.3958357,0.1655225,0.3870437,0.1638245,0.4019313,0.1621709,0.4052859,0.4030183,0,0,0,0
1417,11.032,10.75109,0.9752368,11.18837,0.6571782,0.6393735,0.3149103,0.6313574,1,0.3961127,0.1682017,0.3872657,0.1638939,0.4010141,0.1619502,0.4015562,0.404617,0,0,0,0
1418,10.43319,10.75804,0.9788594,11.0665,0.6571782,0.6397781,0.3151385,0.6330644,1,0.3771874,0.1682017,0.3874851,0.1639919,0.3971956,0.1623643,0.4046459,0.4023578,0,0,0,0
1419,11.48222,10.77424,0.9828463,11.04661,0.6314099,0.6402553,0.3153577,0.6388443,1,0.4101802,0.1619629,0.3879967,0.1641075,0.3965714,0.1637657,0.4040349,0.4028236,0,0,0,0
1420,11.02318,10.77606,0.9866738,11.07023,0.6708564,0.6401093,0.3155907,0.6429292,1,0.3958357,0.1715024,0.3880543,0.1640722,0.3973126,0.1647552,0.4062681,0.4013732,0,0,0,0
1421,11.72589,10.79293,0.9907453,11.19316,0.6374803,0.6397733,0.315812,0.6475689,1,0.4177368,0.1634351,0.3885867,0.1639908,0.401164,0.1658784,0.4099072,0.4022158,0,0,0,0
1422,10.59095,10.80393,0.9944227,11.14023,0.7119127,0.6408025,0.3160592,0.6559108,1,0.3821977,0.1813647,0.388934,0.1642401,0.3995071,0.1678955,0.4094981,0.4016731,0,0,0,0
1423,12.4286,10.83065,0.9987382,11.30343,0.6207646,0.6400878,0.3162748,0.6521353,1,0.4393104,0.1593777,0.3897768,0.164067,0.40461,0.1669829,0.4076437,0.4019907,0,0,0,0
1424,9.976177,10.82834,1.002202,11.23851,0.6724662,0.6406842,0.3165083,0.6545545,1,0.3625748,0.1718904,0.3897041,0.1642115,0.4025825,0.1675677,0.4068217,0.4004034,0,0,0,0
1425,10.80706,10.83305,1.005955,11.16552,0.6207646,0.6407008,0.3167238,0.6527972,1,0.3890328,0.1593777,0.3898526,0.1642155,0.4002991,0.1671429,0.4051775,0.3991419,0,0,0,0
1426,11.48222,10.85192,1.009941,11.21913,0.5609065,0.6397542,0.3169186,0.6393648,1,0.4101802,0.1447541,0.3904473,0.1639861,0.4019763,0.1638918,0.4060377,0.4003971,0,0,0,0
1427,10.39993,10.86515,1.013553,11.05977,0.6314099,0.6406524,0.3171378,0.6392193,1,0.376129,0.1619629,0.3908643,0.1642038,0.3969846,0.1638566,0.4099091,0.4012578,0,0,0,0
1428,11.26611,10.87255,1.017464,11.12458,0.6192785,0.6410466,0.3173528,0.6280494,1,0.4034447,0.1590164,0.3910977,0.1642993,0.3990168,0.1611473,0.4080117,0.4003419,0,0,0,0
1429,10.02409,10.87309,1.020945,10.83871,0.5949962,0.6406421,0.3175594,0.6247816,1,0.364114,0.1531005,0.3911145,0.1642012,0.3900311,0.1603538,0.4104054,0.3993461,0,0,0,0
1430,10.91096,10.87895,1.024733,10.94844,0.6192785,0.640069,0.3177745,0.6188278,1,0.3923074,0.1590164,0.3912992,0.1640624,0.3934868,0.1589068,0.4032848,0.3970878,0,0,0,0
1431,12.18089,10.90114,1.028963,11.10885,0.6708564,0.6405073,0.3180074,0.6243936,1,0.4317423,0.1715024,0.3919981,0.1641686,0.3985238,0.1602595,0.403505,0.3989297,0,0,0,0
1432,11.70715,10.91566,1.033028,11.12832,0.7119127,0.6404946,0.3182546,0.6420665,1,0.4171572,0.1813647,0.3924553,0.1641655,0.3991339,0.1645463,0.4070402,0.3972424,0,0,0,0
1433,12.4286,10.94513,1.037343,11.36684,0.6314099,0.6400623,0.3184738,0.6420665,1,0.4393104,0.1619629,0.3933826,0.1640608,0.4065882,0.1645463,0.4067228,0.3982337,0,0,0,0
1434,12.46839,10.9706,1.041673,11.50868,0.6207646,0.6396577,0.3186894,0.6420797,1,0.4405225,0.1593777,0.3941837,0.1639628,0.4110027,0.1645495,0.4070732,0.3976747,0,0,0,0
1435,11.10264,10.97149,1.045528,11.61824,0.6207646,0.6400477,0.3189049,0.6447659,1,0.398329,0.1593777,0.3942115,0.1640573,0.4144034,0.1651999,0.410113,0.3979026,0,0,0,0
1436,10.18382,10.96177,1.049064,11.53293,0.7557837,0.6409973,0.3191673,0.6613038,1,0.3692323,0.1918292,0.3939059,0.1642873,0.4117559,0.1691981,0.4121954,0.398764,0,0,0,0
1437,11.72589,10.96918,1.053135,11.47987,0.6466224,0.6410203,0.3193919,0.6589205,1,0.4177368,0.1656493,0.3941391,0.1642929,0.4101071,0.1686226,0.4096003,0.3970037,0,0,0,0
1438,10.80706,10.9889,1.056888,11.37246,0.6076227,0.640756,0.3196028,0.6469224,1,0.3890328,0.1561798,0.394759,0.1642288,0.4067633,0.1657219,0.4152533,0.398789,0,0,0,0
1439,12.20443,11.01784,1.061125,11.35287,0.5949962,0.6409745,0.3198094,0.6413933,1,0.4324633,0.1531005,0.3956681,0.1642818,0.4061526,0.1643832,0.4078658,0.4004163,0,0,0,0
1440,11.24811,11.03179,1.065031,11.21438,0.5856644,0.6400101,0.3200128,0.6359259,1,0.4028823,0.1508205,0.3961063,0.1640481,0.4018278,0.1630583,0.4114097,0.3987531,0,0,0,0
1441,11.70715,11.0441,1.069096,11.28665,0.5070223,0.6381897,0.3201888,0.6214735,1,0.4171572,0.1314619,0.3964927,0.163607,0.4040862,0.15955,0.4173493,0.3923062,0,0,0,0
1442,11.26611,11.05843,1.073008,11.4045,0.6207646,0.6379254,0.3204044,0.6063531,1,0.4034447,0.1593777,0.3969425,0.163543,0.4077615,0.1558704,0.4095228,0.3970974,0,0,0,0
1443,10.80706,11.06463,1.07676,11.29241,0.6440364,0.6385947,0.320628,0.6066831,1,0.3890328,0.1650233,0.3971371,0.1637052,0.4042661,0.1559508,0.4102837,0.3972807,0,0,0,0
1444,11.05847,11.07888,1.0806,11.32313,0.6582299,0.639011,0.3208566,0.6126042,1,0.3969436,0.1684558,0.3975839,0.1638061,0.4052251,0.1573928,0.4147671,0.4004342,0,0,0,0
1445,12.4286,11.10142,1.084916,11.36761,0.6192785,0.6379817,0.3210716,0.6155297,1,0.4393104,0.1590164,0.3982907,0.1635566,0.4066121,0.1581047,0.4109095,0.3948442,0,0,0,0
1446,11.26611,11.10883,1.088827,11.37231,0.5712091,0.6373128,0.3212699,0.6130914,1,0.4034447,0.1472816,0.3985229,0.1633945,0.4067586,0.1575114,0.4163285,0.3993814,0,0,0,0
1447,11.72589,11.12374,1.092899,11.3821,0.5856644,0.6363662,0.3214733,0.6210348,1,0.4177368,0.1508205,0.3989905,0.163165,0.4070638,0.1594434,0.4130631,0.3997741,0,0,0,0
1448,12.18493,11.14136,1.09713,11.50366,0.6314099,0.6368953,0.3216925,0.6219313,1,0.4318662,0.1619629,0.3995424,0.1632933,0.4108466,0.1596613,0.4136243,0.3993934,0,0,0,0
1449,12.51819,11.15547,1.101476,11.70529,0.6751521,0.6378896,0.3219269,0.6258746,1,0.4420379,0.1725375,0.3999844,0.1635343,0.4170997,0.1606193,0.4167337,0.395261,0,0,0,0
1450,12.24346,11.16653,1.105728,11.85052,0.7480901,0.63904,0.3221867,0.6367173,1,0.4336577,0.1899995,0.4003306,0.1638131,0.4215867,0.1632501,0.4148706,0.3966036,0,0,0,0
1451,12.18493,11.18655,1.109958,11.82854,0.6708564,0.6398829,0.3224196,0.642819,1,0.4318662,0.1715024,0.4009572,0.1640173,0.4209086,0.1647285,0.4124971,0.397729,0,0,0,0
1452,11.26611,11.18675,1.11387,11.83605,0.6095658,0.6387077,0.3226313,0.6459437,1,0.4034447,0.156653,0.4009635,0.1637326,0.4211402,0.165485,0.4072401,0.39702,0,0,0,0
1453,11.24811,11.19165,1.117776,11.76984,0.5828648,0.6371157,0.3228337,0.6452115,1,0.4028823,0.1501358,0.4011168,0.1633467,0.4190958,0.1653078,0.4164588,0.3984925,0,0,0,0
1454,12.46839,11.20731,1.122105,11.82903,0.606652,0.6360981,0.3230443,0.6417293,1,0.4405225,0.1559432,0.4016069,0.1631,0.4209236,0.1644646,0.4155138,0.3922313,0,0,0,0
1455,12.18493,11.22955,1.126336,11.80731,0.6207646,0.6362225,0.3232599,0.6356863,1,0.4318662,0.1593777,0.4023022,0.1631302,0.4202532,0.1630002,0.4115467,0.3988194,0,0,0,0
1456,11.95082,11.23986,1.130486,11.78,0.5730379,0.6359785,0.3234588,0.6163708,1,0.4246775,0.1477298,0.4026244,0.163071,0.4194097,0.1583093,0.4122258,0.3960077,0,0,0,0
1457,11.76338,11.26184,1.13457,11.74831,0.5627002,0.636128,0.3236542,0.60359,1,0.4188962,0.1451944,0.4033115,0.1631073,0.4184303,0.155197,0.4092227,0.3955158,0,0,0,0
1458,11.70715,11.28108,1.138635,11.80222,0.6445517,0.636128,0.323878,0.6077582,1,0.4171572,0.1651481,0.4039123,0.1631073,0.4200959,0.1562127,0.4165632,0.3939345,0,0,0,0
1459,11.94126,11.29368,1.142781,11.90054,0.67032,0.63642,0.3241108,0.6183123,1,0.4243834,0.1713732,0.4043058,0.1631781,0.4231289,0.1587815,0.4173662,0.3966785,0,0,0,0
1460,11.032,11.3007,1.146612,11.74228,0.6187834,0.6362685,0.3243256,0.6196548,1,0.3961127,0.158896,0.404525,0.1631413,0.4182439,0.1591079,0.4178107,0.3958858,0,0,0,0
1461,11.032,11.31387,1.150443,11.60141,0.6187834,0.6358302,0.3245405,0.6188561,1,0.3961127,0.158896,0.4049359,0.1630351,0.4138815,0.1589137,0.4147077,0.3917876,0,0,0,0
1462,12.02734,11.33666,1.154619,11.61347,0.6324203,0.6371131,0.3247601,0.6245709,1,0.4270313,0.1622081,0.405647,0.1633461,0.4142556,0.1603026,0.4112372,0.3944403,0,0,0,0
1463,11.47304,11.34608,1.158602,11.5706,0.5949962,0.6374919,0.3249667,0.6277547,1,0.4098947,0.1531005,0.4059409,0.1634379,0.4129255,0.1610758,0.4143217,0.3953435,0,0,0,0
1464,13.87055,11.39771,1.163419,11.82655,0.6344427,0.6372042,0.3251869,0.6267835,1,0.4825941,0.1626986,0.4075501,0.1633682,0.4208472,0.16084,0.4185683,0.3969396,0,0,0,0
1465,20.49539,11.50738,1.170535,12.88138,0.8213521,0.6393147,0.3254721,0.6457935,1,0.6662927,0.2073289,0.4109624,0.1638796,0.453042,0.1654487,0.4116387,0.3963687,0,0,0,0
1466,23.64606,11.65004,1.178745,14.43252,0.8737087,0.6420069,0.3257755,0.6754289,1,0.7460763,0.219587,0.4153889,0.1645319,0.4991173,0.1726042,0.4156126,0.3922935,0,0,0,0
1467,28.81223,11.8452,1.18875,16.59795,0.9434602,0.645884,0.3261031,0.7148023,1,0.8680423,0.2357575,0.4214225,0.1654706,0.5610735,0.1820563,0.4113193,0.3951882,0,0,0,0
1468,28.22477,12.03623,1.19855,18.59119,1.020405,0.6504813,0.3264574,0.7624982,1,0.8546817,0.253388,0.4273042,0.1665829,0.6158431,0.1934241,0.4151521,0.3938817,0,0,0,0
1469,28.81223,12.21816,1.208554,20.7023,1.041644,0.6547531,0.3268191,0.8170884,1,0.8680423,0.2582166,0.4328836,0.1676157,0.6716698,0.206326,0.4192536,0.3930597,0,0,0,0
1470,29.37665,12.41709,1.218754,22.62663,0.8521438,0.6564694,0.327115,0.8442383,1,0.8807635,0.2145506,0.4389596,0.1680305,0.7207412,0.2127,0.4161822,0.3921839,0,0,0,0
1471,31.18696,12.65463,1.229583,24.03102,1.041644,0.6601331,0.3274767,0.8746554,1,0.9208246,0.2582166,0.4461817,0.1689154,0.7555289,0.2198076,0.4241244,0.393077,0,0,0,0
1472,30.57553,12.8763,1.2402,25.01551,0.9803947,0.6635545,0.3278171,0.8905053,1,0.9074181,0.2442473,0.4528889,0.1697414,0.7794247,0.2234975,0.4177025,0.3942209,0,0,0,0
1473,29.37665,13.08148,1.2504,25.28455,0.9803947,0.6672402,0.3281575,0.8983464,1,0.8807635,0.2442473,0.4590692,0.1706306,0.7858867,0.2253195,0.4144766,0.3918369,0,0,0,0
1474,30.57553,13.30055,1.261016,25.76261,1.062049,0.6715928,0.3285263,0.9074603,1,0.9074181,0.2628408,0.465639,0.1716799,0.7972978,0.2274343,0.4189083,0.3922106,0,0,0,0
1475,28.78919,13.49545,1.271013,25.94183,1.041644,0.6759877,0.3288879,0.9121533,1,0.8675207,0.2582166,0.4714589,0.1727388,0.8015528,0.228522,0.4199193,0.3947028,0,0,0,0
1476,31.21191,13.71467,1.28185,26.36737,1.0008,0.6794712,0.3292354,0.9334439,1,0.9213691,0.2489163,0.477977,0.1735775,0.8116055,0.2334466,0.4144068,0.3908805,0,0,0,0
1477,31.18696,13.93331,1.292679,26.5836,0.9137193,0.6828723,0.3295527,0.9228751,1,0.9208246,0.2288848,0.4844486,0.1743958,0.816687,0.2310041,0.4213011,0.3939247,0,0,0,0
1478,31.82334,14.16567,1.303729,26.94045,1.041644,0.685988,0.3299144,0.9342387,1,0.9346471,0.2582166,0.4912947,0.1751451,0.825034,0.2336301,0.418839,0.3921826,0,0,0,0
1479,31.82334,14.39678,1.314779,27.42681,1.062049,0.6917815,0.3302831,0.9476103,1,0.9346471,0.2628408,0.4980721,0.1765374,0.836333,0.2367139,0.4187708,0.3907043,0,0,0,0
1480,29.37665,14.60031,1.324979,27.48397,1.040811,0.6955941,0.3306445,0.9485029,1,0.8807635,0.2580276,0.5040144,0.1774528,0.8376552,0.2369196,0.4170999,0.3891247,0,0,0,0
1481,28.22477,14.78894,1.334779,27.59948,1,0.6999646,0.3309918,0.947533,1,0.8546817,0.2487335,0.5094998,0.1785016,0.8403233,0.2366962,0.4216703,0.3948573,0,0,0,0
1482,25.55415,14.9503,1.343652,27.12959,0.8709235,0.7027607,0.3312942,0.9360063,1,0.7923331,0.2189375,0.5141757,0.1791721,0.8294386,0.2340381,0.4237459,0.3937366,0,0,0,0
1483,23.10849,15.07698,1.351676,26.36377,0.8695321,0.7057952,0.3315961,0.9342818,1,0.7327719,0.2186129,0.517836,0.1798995,0.8115207,0.23364,0.419028,0.3899518,0,0,0,0
1484,21.7584,15.19376,1.359231,25.34866,0.8065347,0.7080053,0.3318761,0.9103795,1,0.6988074,0.2038407,0.5212022,0.180429,0.7874222,0.228111,0.4166794,0.393549,0,0,0,0
1485,21.7584,15.31747,1.366786,24.33671,0.7872572,0.7092808,0.3321495,0.881697,1,0.6988074,0.19929,0.5247594,0.1807345,0.7629911,0.2214481,0.4153156,0.3902355,0,0,0,0
1486,21.7584,15.43425,1.374341,23.59921,0.7130519,0.7097556,0.3323971,0.8468351,1,0.6988074,0.1816374,0.5281094,0.1808482,0.7449217,0.2133081,0.419103,0.3901837,0,0,0,0
1487,21.7584,15.54843,1.381896,22.99178,0.6872836,0.7109054,0.3326357,0.813473,1,0.6988074,0.1754566,0.5313773,0.1811236,0.7298672,0.2054751,0.4239323,0.3914739,0,0,0,0
1488,17.81427,15.61098,1.388081,22.19965,0.8065347,0.7121088,0.3329158,0.8081185,1,0.5947418,0.2038407,0.5331643,0.1814117,0.7099962,0.204214,0.4198675,0.3909306,0,0,0,0
1489,16.12224,15.66004,1.393679,21.46986,0.7724399,0.7136758,0.333184,0.7984652,1,0.5476891,0.1957823,0.5345644,0.1817867,0.6914434,0.2019375,0.4233689,0.3935595,0,0,0,0
1490,17.46502,15.73872,1.399744,21.06429,0.7409664,0.7149838,0.3334413,0.7925374,1,0.5851545,0.1883033,0.5368072,0.1820997,0.6810291,0.2005379,0.4259946,0.3913955,0,0,0,0
1491,15.79984,15.78669,1.40523,20.45521,0.7563884,0.7159342,0.3337039,0.7906365,1,0.5385469,0.1919729,0.5381728,0.1823271,0.6652461,0.2000887,0.4211358,0.3943879,0,0,0,0
1492,14.59676,15.81328,1.410298,19.68802,0.7130519,0.7168413,0.3339515,0.7915324,1,0.503911,0.1816374,0.538929,0.1825441,0.6451173,0.2003004,0.423285,0.3881857,0,0,0,0
1493,15.79984,15.86385,1.415784,19.07403,0.72673,0.7179004,0.3342038,0.797379,1,0.5385469,0.1849076,0.5403666,0.1827974,0.6288033,0.2016812,0.4270381,0.3926088,0,0,0,0
1494,15.18032,15.90223,1.421055,18.79592,0.623244,0.717776,0.3344202,0.776889,1,0.5208151,0.1599802,0.5414566,0.1827677,0.6213526,0.1968364,0.4220064,0.3887085,0,0,0,0
1495,14.88271,15.93396,1.426223,18.59583,0.7582035,0.7191261,0.3346835,0.7746055,1,0.5122188,0.1924042,0.542357,0.1830906,0.6159682,0.1962955,0.4200521,0.3908485,0,0,0,0
1496,13.76046,15.96918,1.431,18.07437,0.6603348,0.7194363,0.3349128,0.7632756,1,0.4793346,0.1689641,0.5433558,0.1831647,0.6018406,0.1936086,0.4251178,0.3874577,0,0,0,0
1497,15.22893,16.0056,1.436288,17.86001,0.6460984,0.7197398,0.3351371,0.7477171,1,0.5222141,0.1655225,0.5443882,0.1832373,0.5959927,0.1899108,0.4182596,0.4564077,0,0,0,0
1498,16.12224,16.05726,1.441886,17.89504,0.6839982,0.7201781,0.3353746,0.7407511,1,0.5476891,0.1746666,0.5458509,0.1833421,0.5969498,0.188252,0.4236975,0.6693155,0,0,0,0
1499,16.12224,16.10611,1.447484,17.78986,0.5949962,0.718695,0.3355812,0.7211513,1,0.5476891,0.1531005,0.5472329,0.1829875,0.5940737,0.1835747,0.4227014,0.7996917,0,0,0,0
1500,15.18032,16.14689,1.452755,17.63213,0.5716661,0.7169721,0.3357797,0.712304,1,0.5208151,0.1473936,0.5483856,0.1825754,0.5897496,0.1814584,0.4187658,0.8807176,0,0,0,0
1501,14.95419,16.18807,1.457948,17.4597,0.6582299,0.7168377,0.3360082,0.6969356,1,0.5142882,0.1684558,0.5495486,0.1825433,0.585008,0.1777748,0.4270032,0.924721,0,0,0,0
1502,16.4578,16.24335,1.463662,17.60255,0.606652,0.7165626,0.3362189,0.6868182,1,0.5571433,0.1559432,0.5511084,0.1824775,0.5889373,0.1753447,0.4245919,0.9563217,0,0,0,0
1503,15.81248,16.28897,1.469153,17.51667,0.6569601,0.7173237,0.336447,0.6844313,1,0.5389065,0.1681491,0.5523942,0.1826595,0.5865764,0.1747708,0.421371,0.9751378,0,0,0,0
1504,15.79984,16.34444,1.474639,17.31668,0.6839982,0.717908,0.3366845,0.6802307,1,0.5385469,0.1746666,0.5539563,0.1827992,0.5810629,0.1737603,0.4255567,0.9821548,0,0,0,0
1505,16.78021,16.41236,1.480465,17.25635,0.5949962,0.7178656,0.3368911,0.675268,1,0.5661688,0.1531005,0.5558667,0.1827891,0.5793957,0.1725654,0.4271432,0.9904786,0,0,0,0
1506,18.20687,16.49218,1.486787,17.44813,0.6724662,0.7181586,0.3371246,0.6828199,1,0.6054433,0.1718904,0.5581084,0.1828592,0.5846893,0.1743832,0.4256954,0.9953898,0,0,0,0
1507,17.46502,16.56366,1.492851,17.57465,0.6571782,0.7181586,0.3373528,0.6798526,1,0.5851545,0.1682017,0.560113,0.1828592,0.5881707,0.1736692,0.42599,0.9962847,0,0,0,0
1508,15.19247,16.61654,1.498126,17.24927,0.5492507,0.7169594,0.3375435,0.6680036,1,0.5211649,0.1418892,0.5615941,0.1825724,0.5791999,0.1708147,0.4244092,0.9986778,0,0,0,0
1509,16.19968,16.66896,1.503751,17.11869,0.6192785,0.7168246,0.3377585,0.6588971,1,0.5498764,0.1590164,0.5630608,0.1825401,0.5755842,0.1686169,0.4270012,1.000268,0,0,0,0
1510,17.11577,16.73665,1.509694,17.12867,0.6603348,0.7167077,0.3379878,0.6520403,1,0.575503,0.1689641,0.5649529,0.1825122,0.5758609,0.1669599,0.4289969,0.9969154,0,0,0,0
1511,16.78021,16.79281,1.515521,17.00151,0.5558514,0.7158007,0.3381808,0.6427559,1,0.5661688,0.1435123,0.5665205,0.1822952,0.5723316,0.1647133,0.4213568,0.958211,0,0,0,0
1512,16.12224,16.85427,1.521119,16.66509,0.5492507,0.7139934,0.3383715,0.6254911,1,0.5476891,0.1418892,0.5682343,0.1818627,0.5629526,0.1605261,0.4258765,0.908887,0,0,0,0
1513,15.49008,16.88829,1.526497,16.361,0.72673,0.7151708,0.3386239,0.6316324,1,0.5297083,0.1849076,0.5691819,0.1821445,0.5544223,0.1620169,0.4266104,0.8629136,0,0,0,0
1514,15.19247,16.94625,1.531772,16.28805,0.5488116,0.7137968,0.3388144,0.6287201,1,0.5211649,0.1417812,0.5707951,0.1818157,0.5523682,0.1613101,0.4303817,0.8227501,0,0,0,0
1515,14.88271,16.99153,1.53694,16.06532,0.6187834,0.7137748,0.3390293,0.6267931,1,0.5122188,0.158896,0.5720543,0.1818104,0.5460791,0.1608423,0.4232185,0.785801,0,0,0,0
1516,15.19247,17.03276,1.542215,15.77867,0.6445517,0.7147042,0.3392531,0.6242783,1,0.5211649,0.1651481,0.5731996,0.1820329,0.5379444,0.1602315,0.4244154,0.7490391,0,0,0,0
1517,14.90652,17.08283,1.547391,15.49435,0.6440364,0.7148445,0.3394767,0.6335961,1,0.5129085,0.1650233,0.5745895,0.1820664,0.5298303,0.1624933,0.4257269,0.7187586,0,0,0,0
1518,14.29915,17.11653,1.552356,15.25272,0.5988062,0.714617,0.3396846,0.6367942,1,0.4952129,0.1540304,0.5755242,0.182012,0.5228987,0.1632688,0.4275056,0.6881469,0,0,0,0
1519,14.02442,17.16098,1.557226,15.06656,0.6839982,0.7156059,0.3399221,0.6310635,1,0.4871369,0.1746666,0.5767561,0.1822486,0.5175353,0.1618789,0.4274198,0.6601061,0,0,0,0
1520,13.73847,17.1924,1.561996,14.8636,0.6982345,0.7164832,0.3401646,0.6471913,1,0.4786829,0.1780865,0.5776262,0.1824585,0.5116651,0.165787,0.4318757,0.6363482,0,0,0,0
1521,15.49008,17.22916,1.567374,14.92765,0.6095658,0.7158022,0.3403762,0.6445358,1,0.5297083,0.156653,0.5786438,0.1822956,0.5135201,0.1651442,0.4273656,0.6144677,0,0,0,0
1522,14.58509,17.26114,1.572439,14.86003,0.6751521,0.7153938,0.3406106,0.6475147,1,0.5035709,0.1725375,0.5795282,0.1821978,0.5115616,0.1658653,0.427641,0.594256,0,0,0,0
1523,14.0132,17.27875,1.577304,14.74092,0.6187834,0.7152535,0.3408255,0.6435094,1,0.4868063,0.158896,0.580015,0.1821643,0.5081053,0.1648957,0.4303746,0.5768769,0,0,0,0
1524,14.0132,17.29591,1.58217,14.69618,0.623244,0.715281,0.3410419,0.6462247,1,0.4868063,0.1599802,0.5804893,0.1821709,0.5068048,0.1655531,0.4313565,0.5628724,0,0,0,0
1525,12.97723,17.31674,1.586676,14.55866,0.6021467,0.7150742,0.341251,0.6353961,1,0.4559324,0.1548451,0.5810648,0.1821214,0.5028001,0.1629298,0.4233853,0.5413527,0,0,0,0
1526,12.7025,17.34473,1.591087,14.43179,0.6267207,0.7136401,0.3414686,0.6270766,1,0.4476328,0.1608247,0.5818375,0.1817782,0.499096,0.1609112,0.4284516,0.5318017,0,0,0,0
1527,12.97723,17.35863,1.595593,14.12757,0.6314099,0.7134711,0.3416878,0.6293406,1,0.4559324,0.1619629,0.5822213,0.1817378,0.4901744,0.1614608,0.430813,0.5173706,0,0,0,0
1528,14.88271,17.40392,1.60076,14.14686,0.6314099,0.7137354,0.3419071,0.623896,1,0.5122188,0.1619629,0.5834705,0.181801,0.4907419,0.1601387,0.4347621,0.5032799,0,0,0,0
1529,13.73847,17.42096,1.60553,14.08985,0.6582299,0.714438,0.3421356,0.6289815,1,0.4786829,0.1684558,0.5839404,0.1819692,0.4890645,0.1613736,0.4311752,0.4949477,0,0,0,0
1530,13.47451,17.4457,1.610209,14.01104,0.596424,0.7145576,0.3423427,0.6262766,1,0.4708347,0.153449,0.5846222,0.1819978,0.4867426,0.1607169,0.4272525,0.4859172,0,0,0,0
1531,13.73847,17.46827,1.614979,14.08212,0.6440364,0.7160799,0.3425663,0.6307733,1,0.4786829,0.1650233,0.5852439,0.182362,0.4888368,0.1618085,0.4315422,0.4770119,0,0,0,0
1532,14.32203,17.50222,1.619952,14.23833,0.5505688,0.7153,0.3427575,0.6216889,1,0.4958835,0.1422134,0.5861788,0.1821754,0.4934291,0.1596023,0.4281074,0.4642643,0,0,0,0
1533,14.0132,17.53785,1.624818,14.33345,0.6603348,0.7154811,0.3429868,0.6249402,1,0.4868063,0.1689641,0.5871589,0.1822187,0.4962181,0.1603923,0.4292125,0.4597082,0,0,0,0
1534,13.19978,17.56164,1.629401,14.11757,0.6982345,0.7159256,0.3432292,0.6325234,1,0.4626206,0.1780865,0.5878131,0.1823251,0.4898802,0.1622331,0.4317276,0.4557287,0,0,0,0
1535,12.43854,17.56175,1.63372,13.92489,0.6187834,0.7159201,0.3434441,0.6284047,1,0.4396134,0.158896,0.5878162,0.1823238,0.4842,0.1612336,0.4302666,0.4491022,0,0,0,0
1536,13.47451,17.58629,1.638399,13.87231,0.606652,0.7163139,0.3436547,0.6288099,1,0.4708347,0.1559432,0.5884906,0.182418,0.482646,0.161332,0.4298142,0.4416414,0,0,0,0
1537,13.73847,17.60865,1.643169,13.8309,0.596424,0.7164334,0.3438618,0.6228446,1,0.4786829,0.153449,0.589105,0.1824466,0.4814211,0.1598832,0.4273925,0.4349747,0,0,0,0
1538,12.43854,17.61147,1.647488,13.59103,0.6324203,0.7164447,0.3440814,0.6328633,1,0.4396134,0.1622081,0.5891823,0.1824493,0.4743043,0.1623155,0.4331336,0.4324506,0,0,0,0
1539,13.2209,17.61928,1.652079,13.4699,0.6445517,0.7161047,0.3443052,0.6313905,1,0.4632538,0.1651481,0.5893968,0.1823679,0.4706971,0.1619582,0.4276574,0.4284578,0,0,0,0
1540,12.18493,17.61863,1.65631,13.30235,0.6445517,0.7149542,0.344529,0.6252503,1,0.4318662,0.1651481,0.5893789,0.1820927,0.4656928,0.1604676,0.4331691,0.4233513,0,0,0,0
1541,13.46374,17.63283,1.660985,13.37941,0.5949962,0.7141113,0.3447356,0.6230423,1,0.4705135,0.1531005,0.5897691,0.181891,0.4679966,0.1599312,0.4327362,0.4208948,0,0,0,0
1542,14.63179,17.67023,1.666065,13.49143,0.7027056,0.7151462,0.3449796,0.6354199,1,0.5049312,0.1791589,0.5907954,0.1821386,0.4713392,0.1629356,0.4259661,0.4186396,0,0,0,0
1543,12.94617,17.6891,1.67056,13.37514,0.6374803,0.7157531,0.345201,0.6389901,1,0.4549963,0.1634351,0.5913129,0.1822838,0.4678689,0.163801,0.4287522,0.4101156,0,0,0,0
1544,13.47451,17.70028,1.675239,13.47115,0.6999101,0.7167893,0.345444,0.6481678,1,0.4708347,0.1784885,0.5916195,0.1825317,0.4707347,0.1660233,0.4256894,0.4103921,0,0,0,0
1545,12.51819,17.70398,1.679585,13.3668,0.6095658,0.7166648,0.3456556,0.6441781,1,0.4420379,0.156653,0.591721,0.1825019,0.46762,0.1650576,0.4310849,0.4088708,0,0,0,0
1546,13.2209,17.71809,1.684176,13.46,0.6076227,0.7170491,0.3458666,0.6396645,1,0.4632538,0.1561798,0.5921079,0.1825938,0.4704022,0.1639644,0.4273938,0.4038661,0,0,0,0
1547,13.76046,17.74028,1.688954,13.48024,0.6095658,0.7175698,0.3460783,0.6409004,1,0.4793346,0.156653,0.592716,0.1827184,0.4710055,0.1642638,0.4326559,0.4056704,0,0,0,0
1548,12.94617,17.75405,1.693449,13.27791,0.6440364,0.7175641,0.3463019,0.6348841,1,0.4549963,0.1650233,0.5930931,0.182717,0.4649616,0.1628057,0.4236295,0.3937745,0,0,0,0
1549,11.9795,17.75447,1.697609,13.14779,0.606652,0.7168567,0.3465125,0.6305994,1,0.42556,0.1559432,0.5931047,0.1825478,0.4610609,0.1617663,0.4314156,0.3971257,0,0,0,0
1550,12.68221,17.77281,1.702012,13.04802,0.5828648,0.7164576,0.3467149,0.6163124,1,0.4470178,0.1501358,0.5936069,0.1824524,0.458063,0.1582951,0.4292751,0.3963705,0,0,0,0
1551,12.94617,17.79408,1.706507,13.0673,0.6445517,0.7167439,0.3469387,0.6205885,1,0.4549963,0.1651481,0.5941891,0.1825208,0.458643,0.1593349,0.4299506,0.3937356,0,0,0,0
1552,13.19978,17.8071,1.711091,13.04956,0.5488116,0.7158149,0.3471293,0.6126501,1,0.4626206,0.1417812,0.5945456,0.1822986,0.4581096,0.157404,0.4256879,0.3958158,0,0,0,0
1553,12.68221,17.82054,1.715494,12.91497,0.6839982,0.7168038,0.3473668,0.621645,1,0.4470178,0.1746666,0.5949132,0.1825352,0.4540556,0.1595917,0.4267159,0.3902517,0,0,0,0
1554,12.94617,17.81027,1.719989,12.90311,0.6982345,0.7175126,0.3476092,0.6285003,1,0.4549963,0.1780865,0.5946322,0.1827047,0.4536979,0.1612568,0.4237041,0.3906597,0,0,0,0
1555,12.94617,17.72639,1.724485,13.01018,0.5856644,0.7148939,0.3478126,0.6259852,1,0.4549963,0.1508205,0.5923353,0.1820782,0.4569244,0.1606461,0.4245366,0.3900267,0,0,0,0
1556,12.97723,17.60785,1.728991,13.04601,0.6571782,0.712488,0.3480408,0.6345806,1,0.4559324,0.1682017,0.5890829,0.1815024,0.4580027,0.1627321,0.4266955,0.3893184,0,0,0,0
1557,12.94617,17.43156,1.733486,13.04566,0.5837975,0.7084917,0.3482435,0.6273011,1,0.4549963,0.150364,0.5842325,0.1805455,0.4579923,0.1609657,0.4244964,0.3900226,0,0,0,0
1558,11.48222,17.24553,1.737473,12.81704,0.6839982,0.7047539,0.348481,0.6429062,1,0.4101802,0.1746666,0.5790965,0.1796499,0.4510989,0.1647497,0.4228737,0.3877218,0,0,0,0
1559,12.68221,17.06631,1.741876,12.80531,0.67032,0.7006281,0.3487137,0.6415207,1,0.4470178,0.1713732,0.574131,0.1786607,0.4507441,0.1644141,0.4201771,0.3864772,0,0,0,0
1560,12.43854,16.8781,1.746195,12.73739,0.6571782,0.6984618,0.3489419,0.637634,1,0.4396134,0.1682017,0.5688983,0.1781411,0.4486895,0.1634723,0.4294734,0.3842981,0,0,0,0
1561,12.94617,16.67543,1.75069,12.72859,0.623244,0.6938129,0.3491583,0.6415784,1,0.4549963,0.1599802,0.5632418,0.1770252,0.4484229,0.1644281,0.4251068,0.383693,0,0,0,0
1562,12.74312,16.47729,1.755115,12.68503,0.6344427,0.689969,0.3493786,0.6399842,1,0.448863,0.1626986,0.5576904,0.1761019,0.4471034,0.1640419,0.4223346,0.3839389,0,0,0,0
1563,12.68221,16.2918,1.759519,12.64091,0.5785362,0.6855039,0.3495795,0.6384907,1,0.4470178,0.1490765,0.5524739,0.1750287,0.4457657,0.16368,0.4223861,0.3830412,0,0,0,0
1564,12.43854,16.09028,1.763838,12.73871,0.6187834,0.6805787,0.3497943,0.6303619,1,0.4396134,0.158896,0.5467852,0.173844,0.4487295,0.1617086,0.4253272,0.3821172,0,0,0,0
1565,12.68221,15.91131,1.768241,12.74142,0.6582299,0.6763186,0.3500229,0.6294568,1,0.4470178,0.1684558,0.5417143,0.1728184,0.4488115,0.161489,0.4210703,0.3836904,0,0,0,0
1566,12.30208,15.7012,1.772513,12.71323,0.5753267,0.6715911,0.3502227,0.6200141,1,0.4354499,0.1482906,0.5357381,0.1716795,0.4479579,0.1591953,0.4263339,0.3838075,0,0,0,0
1567,12.68221,15.49559,1.776916,12.67217,0.6324203,0.6684655,0.3504422,0.6214337,1,0.4470178,0.1622081,0.5298659,0.170926,0.4467135,0.1595403,0.4247597,0.3834208,0,0,0,0
1568,11.9795,15.2751,1.781076,12.58222,0.6460984,0.6640706,0.3506666,0.6228807,1,0.42556,0.1655225,0.5235421,0.1698659,0.443984,0.159892,0.4209423,0.3836866,0,0,0,0
1569,11.032,15.04409,1.784906,12.37454,0.606652,0.6590106,0.3508772,0.6255836,1,0.3961127,0.1559432,0.5168865,0.1686444,0.4376622,0.1605486,0.4235753,0.380671,0,0,0,0
1570,13.19978,14.86435,1.78949,12.4704,0.6976763,0.655198,0.3511195,0.6349398,1,0.4626206,0.1779526,0.5116867,0.1677233,0.4405836,0.1628191,0.4240329,0.3810573,0,0,0,0
1571,11.95082,14.68352,1.793639,12.37232,0.728474,0.6521811,0.3513724,0.6442277,1,0.4246775,0.185324,0.5064368,0.166994,0.4375946,0.1650697,0.4186934,0.3825461,0,0,0,0
1572,11.94126,14.53227,1.797785,12.30234,0.5177819,0.6482573,0.3515522,0.6357792,1,0.4243834,0.1341259,0.5020306,0.1660449,0.4354579,0.1630227,0.4199783,0.3785854,0,0,0,0
1573,12.93582,14.41924,1.802277,12.3304,0.6324203,0.6456227,0.3517718,0.635723,1,0.4546843,0.1622081,0.4987291,0.1654073,0.4363151,0.1630091,0.4215435,0.380207,0,0,0,0
1574,12.46839,14.31602,1.806606,12.37354,0.5492507,0.642764,0.3519625,0.6232881,1,0.4405225,0.1418892,0.4957074,0.1647152,0.4376318,0.159991,0.4239548,0.3784013,0,0,0,0
1575,13.73847,14.22691,1.811377,12.68782,0.5730379,0.6403838,0.3521615,0.6191473,1,0.4786829,0.1477298,0.4930937,0.1641387,0.447188,0.1589845,0.4175171,0.3790604,0,0,0,0
1576,12.43854,14.12335,1.815696,12.59455,0.596424,0.6390879,0.3523686,0.6077727,1,0.4396134,0.153449,0.4900505,0.1638247,0.4443584,0.1562163,0.4166202,0.3799966,0,0,0,0
1577,11.24811,14.00657,1.819601,12.48855,0.6440364,0.6386074,0.3525922,0.5987737,1,0.4028823,0.1650233,0.4866108,0.1637082,0.4411363,0.1540224,0.4204395,0.37703,0,0,0,0
1578,12.43854,13.94684,1.82392,12.53817,0.6076227,0.6363972,0.3528032,0.6083514,1,0.4396134,0.1561798,0.4848483,0.1631725,0.4426454,0.1563573,0.4122852,0.3747951,0,0,0,0
1579,12.24346,13.90375,1.828171,12.46417,0.6839982,0.6354146,0.3530407,0.6149417,1,0.4336577,0.1746666,0.4835753,0.1629343,0.440394,0.1579616,0.4138484,0.3753084,0,0,0,0
1580,11.94126,13.84237,1.832318,12.39737,0.5828648,0.6336579,0.3532431,0.6186766,1,0.4243834,0.1501358,0.4817604,0.1625083,0.4383585,0.1588701,0.4147519,0.3734765,0,0,0,0
1581,12.02734,13.80045,1.836494,12.19703,0.606652,0.6319941,0.3534537,0.6219904,1,0.4270313,0.1559432,0.4805196,0.1621047,0.4322369,0.1596756,0.415112,0.37603,0,0,0,0
1582,11.30214,13.76385,1.840418,12.04968,0.67032,0.6315193,0.3536865,0.6315512,1,0.4045697,0.1713732,0.4794351,0.1619895,0.4277176,0.1619972,0.4214969,0.3767146,0,0,0,0
1583,11.72589,13.71858,1.84449,12.09214,0.5716661,0.6297964,0.3538849,0.6222619,1,0.4177368,0.1473936,0.478093,0.1615714,0.4290213,0.1597416,0.4187827,0.3759259,0,0,0,0
1584,12.43854,13.68812,1.848809,12.0865,0.5828648,0.6293477,0.3540873,0.6182291,1,0.4396134,0.1501358,0.477189,0.1614625,0.4288482,0.1587613,0.4138947,0.376734,0,0,0,0
1585,12.24346,13.65879,1.85306,12.07869,0.5627002,0.6271755,0.3542827,0.6044964,1,0.4336577,0.1451944,0.4763183,0.1609351,0.4286085,0.1554179,0.4156078,0.37283,0,0,0,0
1586,12.93582,13.64963,1.857551,12.18874,0.5716661,0.6261903,0.3544812,0.602302,1,0.4546843,0.1473936,0.4760462,0.1606959,0.4319829,0.154883,0.411477,0.3713765,0,0,0,0
1587,11.47304,13.6079,1.861535,12.11078,0.5837975,0.625498,0.3546839,0.5997626,1,0.4098947,0.150364,0.4748059,0.1605278,0.4295933,0.1542637,0.413054,0.37493,0,0,0,0
1588,10.82436,13.54903,1.865293,12.05039,0.6192785,0.6247789,0.3548989,0.5933722,1,0.3895784,0.1590164,0.4730547,0.1603531,0.4277392,0.152704,0.4168404,0.3705011,0,0,0,0
1589,11.95082,13.50268,1.869443,12.06725,0.5828648,0.6246441,0.3551013,0.5936448,1,0.4246775,0.1501358,0.4716744,0.1603204,0.4282572,0.1527705,0.41177,0.3743494,0,0,0,0
1590,10.24903,13.44789,1.873002,11.79965,0.5949962,0.6249034,0.3553079,0.5943018,1,0.3713168,0.1531005,0.4700408,0.1603834,0.4200164,0.152931,0.410422,0.3754932,0,0,0,0
1591,11.70715,13.41181,1.877067,11.72629,0.5600103,0.623812,0.3555024,0.5933003,1,0.4171572,0.144534,0.4689642,0.1601183,0.4177493,0.1526864,0.4169938,0.3733301,0,0,0,0
1592,12.18493,13.36434,1.881298,11.63666,0.5828648,0.6235477,0.3557048,0.5939715,1,0.4318662,0.1501358,0.4675462,0.160054,0.4149741,0.1528503,0.413465,0.3722853,0,0,0,0
1593,12.7025,13.32978,1.885708,11.77349,0.5828648,0.6227245,0.3559071,0.593916,1,0.4476328,0.1501358,0.4665133,0.159854,0.4192084,0.1528368,0.4147134,0.3730415,0,0,0,0
1594,12.24346,13.29026,1.889959,11.929,0.5753267,0.621517,0.3561069,0.5885496,1,0.4336577,0.1482906,0.4653312,0.1595606,0.4240056,0.1515258,0.4150181,0.3735194,0,0,0,0
1595,11.95082,13.2366,1.894109,11.92087,0.6314099,0.6219216,0.3563261,0.5936455,1,0.4246775,0.1619629,0.4637244,0.1596589,0.4237553,0.1527707,0.4149498,0.3732941,0,0,0,0
1596,11.26611,13.15948,1.898021,12.02237,0.5219248,0.6202489,0.3565074,0.5849331,1,0.4034447,0.1351503,0.461412,0.1592523,0.4268784,0.1506417,0.4121196,0.3730604,0,0,0,0
1597,11.95082,13.09822,1.90217,12.04132,0.5856644,0.6194543,0.3567107,0.587264,1,0.4246775,0.1508205,0.4595722,0.1590592,0.4274606,0.1512116,0.4130268,0.3711075,0,0,0,0
1598,11.24811,13.05439,1.906076,11.9291,0.4772093,0.6186538,0.3568764,0.573648,1,0.4028823,0.1240547,0.4582547,0.1588645,0.4240088,0.1478793,0.4097322,0.3708268,0,0,0,0
1599,11.48222,13.00197,1.910063,11.79851,0.5712091,0.6181197,0.3570748,0.5719591,1,0.4101802,0.1472816,0.4566775,0.1587347,0.4199815,0.1474655,0.4115848,0.3702132,0,0,0,0
1600,12.7025,12.95294,1.914474,11.84399,0.6314099,0.6177984,0.357294,0.5774543,1,0.4476328,0.1619629,0.4552003,0.1586565,0.4213854,0.1488116,0.4146243,0.3768329,0,0,0,0
1601,11.70715,12.89657,1.918538,11.81421,0.6445517,0.6187839,0.3575178,0.577982,1,0.4171572,0.1651481,0.4535005,0.1588962,0.4204662,0.1489408,0.4208931,0.3711799,0,0,0,0
1602,11.24811,12.84241,1.922444,11.80451,0.6192785,0.619562,0.3577328,0.5899268,1,0.4028823,0.1590164,0.4518655,0.1590853,0.4201667,0.1518624,0.4138948,0.3716582,0,0,0,0
1603,11.48222,12.79788,1.926431,11.73629,0.6324203,0.6185141,0.3579524,0.5951219,1,0.4101802,0.1622081,0.4505196,0.1588306,0.4180587,0.1531312,0.4095575,0.3701248,0,0,0,0
1604,11.48222,12.75666,1.930418,11.75135,0.5716661,0.6187681,0.3581509,0.6058662,1,0.4101802,0.1473936,0.4492726,0.1588923,0.4185241,0.1557518,0.4112609,0.3690176,0,0,0,0
1605,12.20443,12.7269,1.934655,11.81455,0.606652,0.6186333,0.3583616,0.6101778,1,0.4324633,0.1559432,0.4483717,0.1588595,0.4204766,0.156802,0.4110746,0.3691658,0,0,0,0
1606,11.30214,12.68367,1.93858,11.64633,0.5527678,0.6176134,0.3585535,0.6009547,1,0.4045697,0.1427543,0.4470622,0.1586115,0.4152738,0.1545544,0.4050495,0.370735,0,0,0,0
1607,10.39993,12.6336,1.942191,11.49165,0.5505688,0.6165749,0.3587447,0.5894736,1,0.376129,0.1422134,0.4455437,0.1583589,0.4104735,0.1517517,0.4105174,0.3682478,0,0,0,0
1608,12.18493,12.61011,1.946422,11.59293,0.6187834,0.6167969,0.3589595,0.5895426,1,0.4318662,0.158896,0.4448308,0.1584129,0.4136184,0.1517685,0.4145194,0.3701949,0,0,0,0
1609,12.4286,12.59238,1.950737,11.70014,0.5949962,0.615808,0.3591661,0.5843955,1,0.4393104,0.1531005,0.4442925,0.1581724,0.4169402,0.1505102,0.4045816,0.3687321,0,0,0,0
1610,11.02318,12.56221,1.954565,11.63893,0.6440364,0.6152058,0.3593897,0.5931163,1,0.3958357,0.1650233,0.443376,0.1580259,0.4150447,0.1526415,0.4103463,0.3707746,0,0,0,0
1611,10.98042,12.5121,1.958377,11.4913,0.6207646,0.6153302,0.3596053,0.5948412,1,0.3944922,0.1593777,0.4418526,0.1580561,0.4104624,0.1530627,0.4058918,0.3697576,0,0,0,0
1612,10.59943,12.46781,1.962058,11.40541,0.5289807,0.6137061,0.3597889,0.5906277,1,0.3824663,0.1368934,0.4405049,0.1576609,0.4077899,0.1520336,0.4070451,0.3695649,0,0,0,0
1613,9.992141,12.42313,1.965527,11.34084,0.5310935,0.6127317,0.3599734,0.588013,1,0.3630878,0.1374149,0.4391439,0.1574238,0.4057773,0.1513947,0.4077095,0.3683498,0,0,0,0
1614,11.94126,12.40011,1.969674,11.30824,0.5945205,0.6124126,0.3601798,0.5854466,1,0.4243834,0.1529844,0.4384422,0.1573461,0.4047602,0.1507673,0.4098506,0.3672151,0,0,0,0
1615,11.48222,12.3835,1.97366,11.19463,0.5922143,0.6123022,0.3603854,0.5854655,1,0.4101802,0.1524212,0.4379356,0.1573193,0.40121,0.1507719,0.4091396,0.3713006,0,0,0,0
1616,11.50977,12.37025,1.977657,11.23285,0.6207646,0.612236,0.360601,0.5834252,1,0.4110366,0.1593777,0.4375313,0.1573032,0.4024054,0.1502729,0.4030751,0.3688425,0,0,0,0
1617,10.80706,12.34614,1.981409,11.20619,0.5949962,0.6118315,0.3608076,0.5806865,1,0.3890328,0.1531005,0.4367954,0.1572047,0.4015716,0.1496028,0.4091806,0.3666563,0,0,0,0
1618,11.24811,12.30575,1.985315,11.28297,0.4772093,0.6101181,0.3609733,0.5733556,1,0.4028823,0.1240547,0.4355622,0.1567875,0.4039714,0.1478077,0.4074214,0.3672382,0,0,0,0
1619,11.70715,12.28318,1.98938,11.47082,0.5945205,0.6094102,0.3611797,0.5805326,1,0.4171572,0.1529844,0.4348724,0.1566151,0.4098257,0.1495652,0.4057067,0.3718294,0,0,0,0
1620,11.032,12.25604,1.99321,11.37849,0.5505688,0.6089007,0.3613709,0.5751554,1,0.3961127,0.1422134,0.4340427,0.1564911,0.4069512,0.1482486,0.4029929,0.3738256,0,0,0,0
1621,10.80706,12.22347,1.996963,11.29347,0.6095658,0.6085177,0.3615825,0.577634,1,0.3890328,0.156653,0.4330462,0.1563978,0.4042993,0.1488556,0.4113449,0.3776671,0,0,0,0
1622,11.05847,12.18721,2.000803,11.23081,0.5922143,0.6089805,0.3617881,0.5745656,1,0.3969436,0.1524212,0.431936,0.1565105,0.4023417,0.1481041,0.4041503,0.377158,0,0,0,0
1623,10.39993,12.14706,2.004414,11.15999,0.596424,0.6082703,0.3619952,0.5748749,1,0.376129,0.153449,0.4307058,0.1563375,0.4001259,0.1481799,0.4119475,0.3822784,0,0,0,0
1624,10.80706,12.12048,2.008166,11.09503,0.5837975,0.6069988,0.3621979,0.5868121,1,0.3890328,0.150364,0.4298906,0.1560277,0.3980903,0.1511012,0.4063139,0.3826123,0,0,0,0
1625,10.85897,12.10293,2.011937,10.98865,0.5505688,0.6062409,0.3623891,0.5810304,1,0.3906697,0.1422134,0.4293522,0.1558431,0.3947511,0.149687,0.4087199,0.3933634,0,0,0,0
1626,10.59095,12.07089,2.015614,10.93215,0.6708564,0.6069543,0.362622,0.5960505,1,0.3821977,0.1715024,0.4283688,0.1560169,0.3929741,0.1533579,0.4026766,0.4002367,0,0,0,0
1627,10.59943,12.03601,2.019294,10.89406,0.6344427,0.6073767,0.3628423,0.5993565,1,0.3824663,0.1626986,0.4272975,0.1561198,0.3917751,0.1541646,0.4037389,0.4009912,0,0,0,0
1628,11.94126,12.03048,2.023441,10.99985,0.7130519,0.6082726,0.3630899,0.6154034,1,0.4243834,0.1816374,0.4271277,0.1563381,0.3951029,0.158074,0.4065073,0.410316,0,0,0,0
1629,12.18493,12.01897,2.027672,11.20599,0.7409664,0.6093439,0.3633472,0.6333499,1,0.4318662,0.1883033,0.4267739,0.156599,0.4015655,0.1624336,0.4101433,0.4128076,0,0,0,0
1630,12.4286,12.02168,2.031987,11.38312,0.6603348,0.6095192,0.3635765,0.6421754,1,0.4393104,0.1689641,0.4268571,0.1566417,0.4070954,0.1645727,0.4028559,0.4170004,0,0,0,0
1631,11.70715,12.00216,2.036052,11.47736,0.7130519,0.610831,0.3638241,0.6609902,1,0.4171572,0.1816374,0.4262571,0.1569611,0.410029,0.1691224,0.4044821,0.4189651,0,0,0,0
1632,11.70715,11.96967,2.040117,11.60648,0.8026793,0.6119418,0.3641028,0.677675,1,0.4171572,0.2029317,0.4252576,0.1572315,0.4140387,0.173145,0.4098347,0.4268171,0,0,0,0
1633,10.62486,11.94387,2.043806,11.59978,0.726149,0.612927,0.3643549,0.688906,1,0.3832723,0.1847688,0.4244637,0.1574713,0.4138309,0.1758465,0.4063826,0.4339406,0,0,0,0
1634,11.26611,11.91934,2.047718,11.52236,0.8039638,0.6140831,0.3646341,0.7015884,1,0.4034447,0.2032346,0.4237081,0.1577527,0.4114278,0.178891,0.4070041,0.4350742,0,0,0,0
1635,11.70715,11.91032,2.051783,11.46375,0.8548721,0.6168088,0.3649309,0.7170026,1,0.4171572,0.2151888,0.4234304,0.1584158,0.4096058,0.1825827,0.4083742,0.4433333,0,0,0,0
1636,9.784503,11.87214,2.05518,11.1531,0.9419529,0.6205235,0.365258,0.7526178,1,0.3564019,0.23541,0.4222536,0.1593191,0.3999101,0.1910765,0.4070972,0.4504071,0,0,0,0
1637,10.59943,11.83702,2.058861,11.03224,0.9607894,0.624426,0.3655916,0.7847022,1,0.3824663,0.239747,0.4211702,0.1602674,0.3961202,0.1986857,0.4064137,0.4525906,0,0,0,0
1638,11.95082,11.82596,2.06301,11.05671,0.9607894,0.6279455,0.3659252,0.80607,1,0.4246775,0.239747,0.4208289,0.1611221,0.3968884,0.2037312,0.4036936,0.4593551,0,0,0,0
1639,11.70715,11.82293,2.067075,11.16895,1.063748,0.6330244,0.3662945,0.8487894,1,0.4171572,0.2632252,0.4207355,0.1623546,0.4004063,0.2137657,0.4065819,0.460231,0,0,0,0
1640,11.02318,11.8045,2.070903,11.14196,0.9260719,0.6368378,0.3666161,0.8654907,1,0.3958357,0.2317433,0.4201664,0.1632793,0.3995611,0.2176698,0.4087488,0.466967,0,0,0,0
1641,10.02409,11.77203,2.074383,10.94432,1.105392,0.6419582,0.3669999,0.898711,1,0.364114,0.2726139,0.4191634,0.1645201,0.3933572,0.2254041,0.4061463,0.4701916,0,0,0,0
1642,10.62486,11.74342,2.078073,11.03798,1.062049,0.6476608,0.3673687,0.917978,1,0.3832723,0.2628408,0.4182791,0.1659006,0.3963005,0.2298709,0.4078979,0.4750995,0,0,0,0
1643,9.784503,11.71123,2.08147,10.94513,1.107161,0.6523627,0.3677531,0.9406422,1,0.3564019,0.2730114,0.4172832,0.1670379,0.3933825,0.2351077,0.4101892,0.4814886,0,0,0,0
1644,10.18382,11.68053,2.085006,10.72926,1.150504,0.6573879,0.3681526,0.9678992,1,0.3692323,0.2827161,0.4163333,0.1682524,0.3865759,0.2413806,0.4059658,0.4842434,0,0,0,0
1645,11.48222,11.66427,2.088993,10.70427,1.17445,0.6639299,0.3685604,0.9866686,1,0.4101802,0.2880498,0.4158296,0.169832,0.3857858,0.2456844,0.409242,0.4882405,0,0,0,0
1646,9.992141,11.6311,2.092462,10.57285,1.17445,0.6696774,0.3689682,1.020418,1,0.3630878,0.2880498,0.4148019,0.1712182,0.3816237,0.253391,0.4106779,0.4919124,0,0,0,0
1647,11.24811,11.61223,2.096368,10.71375,1.324188,0.677904,0.369428,1.052831,1,0.4028823,0.320963,0.414217,0.1732002,0.3860855,0.2607538,0.4112929,0.4983713,0,0,0,0
1648,9.976177,11.5955,2.099832,10.62754,1.350129,0.6853054,0.3698968,1.094539,1,0.3625748,0.3265892,0.4136981,0.174981,0.3833573,0.270173,0.4073504,0.5001631,0,0,0,0
1649,10.59943,11.57236,2.103512,10.70578,1.405229,0.6934711,0.3703847,1.136666,1,0.3824663,0.3384676,0.4129801,0.1769431,0.3858335,0.2796247,0.4159706,0.5076872,0,0,0,0
1650,10.59943,11.55192,2.107193,10.74715,1.324188,0.7008823,0.3708445,1.16456,1,0.3824663,0.320963,0.4123458,0.1787217,0.3871413,0.2858493,0.4108539,0.5090747,0,0,0,0
1651,10.38331,11.52345,2.110798,10.62035,1.405229,0.709571,0.3713324,1.199042,1,0.3755999,0.3384676,0.4114614,0.180804,0.3831292,0.2935072,0.4078065,0.5150453,0,0,0,0
1652,11.47304,11.50933,2.114782,10.7895,1.352289,0.7175471,0.3718019,1.227248,1,0.4098947,0.3270568,0.4110229,0.1827129,0.3884784,0.2997409,0.4085956,0.5186414,0,0,0,0
1653,10.18382,11.48157,2.118318,10.66884,1.493018,0.727708,0.3723204,1.255969,1,0.3692323,0.3571936,0.41016,0.1851411,0.3846648,0.3060611,0.4115384,0.5213982,0,0,0,0
1654,9.631045,11.45038,2.121662,10.61743,1.493018,0.7374217,0.3728388,1.281948,1,0.3514405,0.3571936,0.4091897,0.1874586,0.3830367,0.3117541,0.4128953,0.5257972,0,0,0,0
1655,9.784503,11.41818,2.125059,10.51494,1.552707,0.7473603,0.3733779,1.309469,1,0.3564019,0.3697881,0.4081876,0.1898258,0.3797859,0.3177607,0.4061683,0.5306528,0,0,0,0
1656,11.70715,11.41157,2.129124,10.65042,1.55395,0.7582339,0.3739175,1.34481,1,0.4171572,0.370049,0.4079818,0.1924114,0.3840818,0.3254375,0.4065515,0.5304177,0,0,0,0
1657,10.39993,11.38621,2.132735,10.65005,1.65169,0.7695592,0.374491,1.383498,1,0.376129,0.3904343,0.4071918,0.1950994,0.3840701,0.3337945,0.4110331,0.5366411,0,0,0,0
1658,10.59943,11.37088,2.136416,10.53807,1.649051,0.7807031,0.3750636,1.426871,1,0.3824663,0.3898877,0.406714,0.1977395,0.3805204,0.3431067,0.4116961,0.5417228,0,0,0,0
1659,10.62486,11.36636,2.140105,10.56975,1.71635,0.793033,0.3756595,1.462523,1,0.3832723,0.4037636,0.406573,0.2006549,0.3815252,0.3507164,0.4126495,0.5466946,0,0,0,0
1660,11.70715,11.34977,2.14417,10.79241,1.683373,0.8039852,0.376244,1.495041,1,0.4171572,0.396981,0.4060559,0.2032397,0.3885703,0.3576221,0.4061981,0.5449581,0,0,0,0
1661,10.80706,11.33706,2.147922,10.89603,1.823577,0.816153,0.3768772,1.537477,1,0.3890328,0.4255998,0.4056596,0.2061059,0.3918371,0.3665848,0.4093027,0.5505787,0,0,0,0
1662,11.24811,11.32936,2.151828,10.83992,1.752073,0.8298674,0.3774856,1.570039,1,0.4028823,0.4110752,0.4054193,0.2093296,0.3900691,0.3734247,0.409811,0.5569322,0,0,0,0
1663,10.59943,11.3034,2.155508,10.8618,1.786396,0.8426893,0.3781058,1.596787,1,0.3824663,0.4180654,0.4046092,0.2123371,0.390759,0.379019,0.4079562,0.5589501,0,0,0,0
1664,9.423406,11.26957,2.15878,10.71066,1.935179,0.8580885,0.3787778,1.641148,1,0.3447002,0.4479814,0.4035528,0.2159407,0.3859878,0.3882495,0.4095888,0.558394,0,0,0,0
1665,11.05847,11.23979,2.16262,10.75163,1.786396,0.8715703,0.3793981,1.659281,1,0.3969436,0.4180654,0.4026223,0.2190883,0.3872827,0.3920056,0.4078898,0.5609837,0,0,0,0
1666,9.600344,11.20825,2.165954,10.5155,1.973878,0.8868753,0.3800834,1.703026,1,0.3504459,0.455662,0.4016363,0.2226533,0.3798035,0.4010268,0.4094913,0.5672221,0,0,0,0
1667,9.976177,11.19412,2.169417,10.41625,2.014155,0.9020989,0.3807828,1.735905,1,0.3625748,0.4636128,0.4011942,0.2261906,0.3766485,0.4077705,0.4027384,0.5686704,0,0,0,0
1668,11.94126,11.1886,2.173564,10.49316,2.014155,0.917727,0.3814821,1.776729,1,0.4243834,0.4636128,0.4010213,0.2298129,0.3790941,0.4161001,0.4065978,0.5744199,0,0,0,0
1669,11.02318,11.17504,2.177391,10.53264,2.096355,0.9334199,0.38221,1.822643,1,0.3958357,0.4797041,0.4005969,0.233441,0.380348,0.425411,0.4108853,0.574929,0,0,0,0
1670,10.82436,11.16263,2.18115,10.6861,2.014155,0.9493231,0.3829094,1.843508,1,0.3895784,0.4636128,0.4002084,0.2371085,0.3852109,0.4296224,0.405426,0.5825365,0,0,0,0
1671,10.02409,11.14037,2.18463,10.57117,2.056077,0.9654278,0.3836233,1.884035,1,0.364114,0.4718418,0.3995114,0.240813,0.3815703,0.4377677,0.4101185,0.5823055,0,0,0,0
1672,11.05847,11.13766,2.18847,10.738,2.225541,0.9827081,0.3843961,1.924926,1,0.3969436,0.5046365,0.3994266,0.2447774,0.3868519,0.4459395,0.4136381,0.5809826,0,0,0,0
1673,9.992141,11.1184,2.19194,10.74208,2.096355,0.999649,0.385124,1.94505,1,0.3630878,0.4797041,0.398823,0.2486533,0.3869809,0.4499444,0.4098259,0.5827218,0,0,0,0
1674,9.400847,11.08465,2.195204,10.45111,2.139987,1.01695,0.385867,1.970025,1,0.3439661,0.4881732,0.3977648,0.252601,0.3777575,0.4548993,0.409723,0.5890233,0,0,0,0
1675,10.6673,11.06713,2.198908,10.40251,2.139987,1.034476,0.3866101,1.985602,1,0.384616,0.4881732,0.3972155,0.2565888,0.3762113,0.4579808,0.411529,0.5900121,0,0,0,0
1676,10.43319,11.03933,2.20253,10.36395,2.316367,1.053861,0.3874144,2.031869,1,0.3771874,0.521911,0.3963428,0.2609872,0.3749831,0.4670955,0.411841,0.5945675,0,0,0,0
1677,9.393331,11.01622,2.205792,10.27326,2.225541,1.072103,0.3881871,2.060713,1,0.3437214,0.5046365,0.3956172,0.2651137,0.3720906,0.4727489,0.4130604,0.5931081,0,0,0,0
1678,9.976177,11.00679,2.209256,10.153,2.316367,1.09096,0.3889914,2.081541,1,0.3625748,0.521911,0.3953211,0.269367,0.3682463,0.4768174,0.4101418,0.5973105,0,0,0,0
1679,10.18382,10.98716,2.212792,10.16968,2.50929,1.112364,0.3898627,2.13969,1,0.3692323,0.5579317,0.3947042,0.2741799,0.3687801,0.4881157,0.4145344,0.6039559,0,0,0,0
1680,9.992141,10.98431,2.216261,10.22863,2.363633,1.132016,0.3906834,2.176089,1,0.3630878,0.5308197,0.3946145,0.2785845,0.3706653,0.4951433,0.4172334,0.6031394,0,0,0,0
1681,10.59095,10.9719,2.219939,10.22246,2.50929,1.153674,0.3915547,2.22939,1,0.3821977,0.5579317,0.3942246,0.2834235,0.3704679,0.5053727,0.4106354,0.6055055,0,0,0,0
1682,9.992141,10.94754,2.223408,10.157,2.511298,1.175101,0.3924267,2.263927,1,0.3630878,0.5583018,0.3934584,0.2881947,0.3683742,0.5119625,0.4120443,0.6059995,0,0,0,0
1683,9.025013,10.90668,2.226542,10.1032,2.664989,1.198236,0.393352,2.325776,1,0.331679,0.5863602,0.3921725,0.2933286,0.3666511,0.5236889,0.4074979,0.6103998,0,0,0,0
1684,10.18382,10.88379,2.230078,10.13241,2.412829,1.218653,0.3941898,2.346714,1,0.3692323,0.5400338,0.3914518,0.2978442,0.367587,0.5276371,0.4109281,0.6133835,0,0,0,0
1685,10.62486,10.86906,2.233767,10.19075,2.560493,1.240087,0.3950789,2.363601,1,0.3832723,0.5673426,0.3909877,0.3025697,0.3694542,0.5308136,0.4116713,0.6133714,0,0,0,0
1686,9.585006,10.85038,2.237095,10.12194,2.511298,1.262191,0.3959508,2.390646,1,0.3499488,0.5583018,0.3903989,0.3074267,0.3672515,0.5358862,0.4160688,0.6189223,0,0,0,0
1687,10.80706,10.83767,2.240848,10.15047,2.50929,1.283565,0.3968221,2.400175,1,0.3890328,0.5579317,0.3899983,0.3121077,0.3681653,0.5376693,0.4095759,0.6179463,0,0,0,0
1688,9.976177,10.82354,2.244312,10.14177,2.564591,1.306758,0.3977126,2.416269,1,0.3625748,0.5680931,0.3895526,0.3171701,0.3678868,0.5406758,0.4080776,0.6204819,0,0,0,0
1689,9.992141,10.80698,2.247781,10.2422,2.611696,1.32943,0.3986194,2.420295,1,0.3630878,0.5766926,0.3890303,0.3221016,0.3710988,0.5414271,0.4117781,0.623355,0,0,0,0
1690,9.992141,10.77687,2.251251,10.20185,2.829217,1.35385,0.3996018,2.479292,1,0.3630878,0.6157512,0.3880798,0.3273946,0.3698091,0.5523894,0.4121538,0.6228866,0,0,0,0
1691,9.992141,10.75781,2.25472,10.12249,2.829217,1.378124,0.4005842,2.520324,1,0.3630878,0.6157512,0.387478,0.3326367,0.3672693,0.5599648,0.4116341,0.6282698,0,0,0,0
1692,10.62486,10.75089,2.258409,10.23111,2.720457,1.401471,0.4015288,2.554324,1,0.3832723,0.5963541,0.3872592,0.3376606,0.3707443,0.5662119,0.4126694,0.6282822,0,0,0,0
1693,10.38331,10.73868,2.262015,10.18162,2.829217,1.42588,0.4025112,2.601458,1,0.3755999,0.6157512,0.3868734,0.3428945,0.3691622,0.5748279,0.4143788,0.6269563,0,0,0,0
1694,10.17567,10.72416,2.265548,10.21215,2.831481,1.450989,0.4034943,2.641072,1,0.3689719,0.6161522,0.3864146,0.3482588,0.3701383,0.5820295,0.4113843,0.6319365,0,0,0,0
1695,9.600344,10.69523,2.268881,10.15241,2.831481,1.475709,0.4044775,2.677104,1,0.3504459,0.6161522,0.3854997,0.3535206,0.3682274,0.588549,0.4208353,0.6334202,0,0,0,0
1696,9.77668,10.67828,2.272276,10.13043,2.831481,1.501028,0.4054606,2.686885,1,0.3561494,0.6161522,0.3849635,0.35889,0.3675236,0.5903135,0.4125624,0.6346204,0,0,0,0
1697,10.38331,10.67809,2.275881,10.17842,2.886948,1.526988,0.406463,2.702997,1,0.3755999,0.6259424,0.3849576,0.3643746,0.3690597,0.5932157,0.4150256,0.637168,0,0,0,0
1698,11.032,10.66528,2.279712,10.21355,3.004767,1.553499,0.4075063,2.745594,1,0.3961127,0.6465201,0.3845522,0.3699543,0.3701833,0.6008604,0.4223465,0.6379614,0,0,0,0
1699,10.43319,10.64311,2.283335,10.21254,3.004767,1.580274,0.4085497,2.775193,1,0.3771874,0.6465201,0.3838503,0.3755678,0.3701509,0.6061487,0.4076738,0.6409612,0,0,0,0
1700,8.671138,10.61698,2.286345,10.02144,2.829217,1.604554,0.409532,2.783997,1,0.3200133,0.6157512,0.3830225,0.3806392,0.3640289,0.6077181,0.409328,0.6419652,0,0,0,0
1701,10.39993,10.61053,2.289956,10.11446,3.067306,1.631737,0.4105971,2.821436,1,0.376129,0.6573249,0.3828182,0.3862962,0.3670121,0.6143721,0.4189842,0.6433626,0,0,0,0
1702,10.82436,10.61303,2.293715,10.22827,2.947036,1.658605,0.4116203,2.842292,1,0.3895784,0.6364737,0.3828973,0.3918656,0.3706537,0.6180657,0.4207493,0.6455956,0,0,0,0
1703,9.585006,10.6085,2.297043,10.13505,3.004767,1.68609,0.4126637,2.865477,1,0.3499488,0.6465201,0.382754,0.397541,0.3676714,0.6221605,0.4136959,0.6498258,0,0,0,0
1704,9.393331,10.58019,2.300305,9.952889,3.132398,1.714289,0.4137513,2.890685,1,0.3437214,0.6684853,0.3818566,0.4033405,0.3618262,0.6265996,0.4142288,0.6487526,0,0,0,0
1705,8.890575,10.5514,2.303392,9.761746,3.189933,1.743152,0.4148589,2.922925,1,0.3272583,0.6782787,0.3809431,0.4092527,0.3556672,0.6322571,0.414219,0.6531099,0,0,0,0
1706,10.18382,10.53666,2.306928,9.927051,3.320117,1.773145,0.4160117,2.988622,1,0.3692323,0.7001957,0.3804756,0.4153707,0.3609952,0.6437176,0.4150616,0.651364,0,0,0,0
1707,10.18382,10.52974,2.310464,9.911821,3.320117,1.803424,0.4171646,3.028874,1,0.3692323,0.7001957,0.3802558,0.4215209,0.3605052,0.6506946,0.4142665,0.6531353,0,0,0,0
1708,8.862234,10.50323,2.313541,9.681431,3.192486,1.833594,0.4182731,3.065881,1,0.3263246,0.6787116,0.379414,0.4276229,0.3530714,0.6570795,0.4149264,0.654366,0,0,0,0
1709,9.393331,10.47752,2.316802,9.65135,3.393287,1.864691,0.4194513,3.118872,1,0.3437214,0.7123695,0.3785971,0.4338857,0.352098,0.6661732,0.4158767,0.6561118,0,0,0,0
1710,9.400847,10.4594,2.320067,9.645615,3.455613,1.896969,0.4206512,3.166918,1,0.3439661,0.7226589,0.378021,0.4403576,0.3519123,0.674369,0.4181521,0.6551728,0,0,0,0
1711,9.976177,10.45016,2.323531,9.759407,3.255025,1.926363,0.4217814,3.182436,1,0.3625748,0.6892788,0.3777274,0.446226,0.3555917,0.6770063,0.4155952,0.659716,0,0,0,0
1712,8.848076,10.4256,2.326603,9.59828,3.455613,1.958179,0.4229812,3.207984,1,0.325858,0.7226589,0.3769462,0.4525512,0.350379,0.6813375,0.4128718,0.6590557,0,0,0,0
1713,9.223909,10.41254,2.329806,9.493833,3.322773,1.988472,0.424135,3.215588,1,0.3381945,0.7006395,0.3765303,0.4585479,0.34699,0.6826242,0.4151974,0.6619567,0,0,0,1
1714,9.585006,10.39896,2.333134,9.567488,3.526127,2.021164,0.4253593,3.265029,1,0.3499488,0.734212,0.3760981,0.4649919,0.3493807,0.690962,0.4187094,0.6617942,0,0,0,1
1715,10.39993,10.39386,2.336745,9.676833,3.526127,2.054226,0.4265837,3.290518,1,0.376129,0.734212,0.3759357,0.4714794,0.3529226,0.6952417,0.4120224,0.6645961,0,0,0,1
1716,9.223909,10.37867,2.339948,9.653161,3.599517,2.086767,0.4278335,3.318599,1,0.3381945,0.7461392,0.375452,0.4778364,0.3521566,0.699942,0.4160506,0.6700804,0,0,0,1
1717,9.223909,10.36339,2.34315,9.551985,3.526127,2.118897,0.4290579,3.360019,1,0.3381945,0.734212,0.3749651,0.4840857,0.3488778,0.7068473,0.4152799,0.6658186,0,0,0,1
1718,8.848076,10.32902,2.346223,9.53945,3.746417,2.152601,0.4303587,3.405462,1,0.325858,0.7697203,0.3738697,0.4906123,0.3484711,0.7143853,0.4165192,0.6682851,0,0,0,1
1719,10.43319,10.30955,2.349845,9.678715,3.755407,2.186094,0.4316627,3.466241,1,0.3771874,0.771151,0.3732489,0.4970691,0.3529835,0.7244061,0.4152391,0.6694403,0,0,0,1
1720,9.400847,10.27591,2.353109,9.651683,3.59664,2.21872,0.4329115,3.482602,1,0.3439661,0.7456734,0.3721753,0.5033308,0.3521087,0.7270918,0.4142304,0.6679091,0,0,0,1
1721,8.848076,10.24414,2.356182,9.466543,3.599517,2.250792,0.4341613,3.499316,1,0.325858,0.7461392,0.3711608,0.5094599,0.3461031,0.7298301,0.4178073,0.6726601,0,0,0,1
1722,9.585006,10.22056,2.35951,9.495111,3.819807,2.284316,0.4354876,3.536007,1,0.3499488,0.7813586,0.3704074,0.5158386,0.3470315,0.7358236,0.4201192,0.667665,0,0,0,1
1723,9.393331,10.20688,2.362771,9.502936,3.599517,2.316242,0.4367375,3.552721,1,0.3437214,0.7461392,0.3699699,0.5218874,0.3472856,0.7385454,0.4158689,0.6737607,0,0,0,1
1724,8.862234,10.18017,2.365848,9.489915,3.743421,2.348902,0.4380373,3.562521,1,0.3263246,0.7692434,0.3691157,0.5280491,0.3468627,0.7401389,0.4169142,0.6757794,0,0,0,1
1725,9.053909,10.15069,2.368992,9.330591,3.896193,2.382695,0.4393901,3.589994,1,0.3326274,0.793373,0.3681723,0.5343968,0.3416771,0.744597,0.4117303,0.6747808,0,0,0,1
1726,11.02318,10.16445,2.37282,9.524699,3.743421,2.413822,0.4406899,3.616435,1,0.3958357,0.7692434,0.3686128,0.5402192,0.3479923,0.7488747,0.4162264,0.6725096,0,0,0,1
1727,9.600344,10.15335,2.376153,9.599585,3.819807,2.445589,0.4420162,3.651277,1,0.3504459,0.7813586,0.3682575,0.5461372,0.3504213,0.754492,0.4194349,0.6777681,0,0,0,1
1728,8.54197,10.11548,2.379119,9.456025,3.82592,2.477424,0.4433447,3.66108,1,0.3157317,0.7823237,0.3670446,0.5520436,0.3457612,0.7560686,0.4151055,0.6741609,0,0,0,1
1729,9.400847,10.08985,2.382383,9.44539,3.975697,2.509779,0.4447251,3.713666,1,0.3439661,0.8057724,0.3662233,0.5580217,0.3454154,0.7644963,0.4112837,0.679315,0,0,0,1
1730,9.032234,10.06773,2.385519,9.468291,3.899311,2.542815,0.4460791,3.742877,1,0.3319161,0.7938612,0.365514,0.5641003,0.34616,0.7691566,0.4171819,0.6798174,0,0,0,1
1731,9.992141,10.06737,2.388989,9.568008,3.975697,2.574707,0.4474595,3.761804,1,0.3630878,0.8057724,0.3655027,0.5699442,0.3493976,0.7721682,0.4198329,0.6813917,0,0,0,1
1732,9.223909,10.05181,2.392192,9.350307,4.0552,2.607964,0.4488676,3.808759,1,0.3381945,0.8180661,0.3650033,0.5760131,0.3423198,0.7796125,0.4199385,0.681474,0,0,0,1
1733,9.77668,10.05172,2.395586,9.37203,3.896193,2.638954,0.4502204,3.827151,1,0.3561494,0.793373,0.3650005,0.5816453,0.3430276,0.782518,0.4163671,0.6822646,0,0,0,1
1734,8.933142,10.03783,2.398688,9.41038,4.220696,2.673067,0.4516859,3.883107,1,0.3286594,0.8433257,0.3645546,0.5878199,0.3442764,0.7913219,0.4203987,0.6849254,0,0,0,1
1735,9.393331,10.01462,2.40195,9.415131,4.058445,2.705111,0.4530951,3.901952,1,0.3437214,0.8185655,0.3638096,0.5935962,0.344431,0.7942747,0.4209593,0.6838973,0,0,0,1
1736,9.223909,10.00608,2.405152,9.425762,4.137948,2.738039,0.4545319,3.937554,1,0.3381945,0.8307511,0.3635355,0.5995076,0.3447769,0.7998369,0.4214862,0.6810026,0,0,0,1
1737,10.18382,9.994254,2.408689,9.44706,3.975697,2.7675,0.4559124,3.944838,1,0.3692323,0.8057724,0.3631557,0.6047762,0.3454697,0.8009723,0.4169295,0.6884569,0,0,0,1
1738,9.393331,9.987778,2.41195,9.471785,4.0552,2.797557,0.4573204,3.954424,1,0.3437214,0.8180661,0.3629476,0.6101315,0.3462735,0.8024651,0.4068186,0.6869112,0,0,0,1
1739,9.393331,9.974377,2.415212,9.429191,4.0552,2.827001,0.4587285,3.979446,1,0.3437214,0.8180661,0.362517,0.6153585,0.3448885,0.8063545,0.4068186,0.6869112,0,0,0,1
1740,9.393331,9.960976,2.418473,9.48024,4.0552,2.857345,0.4601365,3.967719,1,0.3437214,0.8180661,0.3620862,0.6207256,0.3465483,0.804533,0.4068186,0.6869112,0,0,0,1
1741,9.393331,9.949976,2.421735,9.473764,4.0552,2.88679,0.4615446,3.97625,1,0.3437214,0.8180661,0.3617326,0.6259145,0.3463379,0.8058583,0.4068186,0.6869112,0,0,0,1
1742,9.393331,9.926868,2.424996,9.498647,4.0552,2.916822,0.4629526,3.973718,1,0.3437214,0.8180661,0.3609893,0.6311879,0.3471463,0.805465,0.4068186,0.6869112,0,0,0,1
1743,9.393331,9.918085,2.428258,9.412698,4.0552,2.945291,0.4643607,3.990689,1,0.3437214,0.8180661,0.3607067,0.6361689,0.3443518,0.8080987,0.4068186,0.6869112,0,0,0,1
1744,9.393331,9.915444,2.43152,9.410568,4.0552,2.973759,0.4657687,3.996568,1,0.3437214,0.8180661,0.3606217,0.6411328,0.3442825,0.8090099,0.4068186,0.6869112,0,0,0,1
1745,nan,9.916915,2.43152,nan,nan,2.989726,0.4657687,nan,0,0,0,0.3606691,0.6439094,0,0,0.4068186,0.6869112,0,0,0,1
1746,nan,9.896571,2.43152,nan,nan,3.006042,0.4657687,nan,0,0,0,0.3600143,0.6467412,0,0,0.4068186,0.6869112,0,0,0,1
1747,nan,9.890785,2.43152,nan,nan,3.021609,0.4657687,nan,0,0,0,0.359828,0.6494378,0,0,0.4068186,0.6869112,0,0,0,1
1748,nan,9.882545,2.43152,nan,nan,3.037569,0.4657687,nan,0,0,0,0.3595627,0.6521973,0,0,0.4068186,0.6869112,0,0,0,1
1749,nan,9.873812,2.43152,nan,nan,3.053113,0.4657687,nan,0,0,0,0.3592814,0.6548797,0,0,0.4068186,0.6869112,0,0,0,1
1750,nan,9.851987,2.43152,nan,nan,3.069419,0.4657687,nan,0,0,0,0.3585782,0.6576884,0,0,0.4068186,0.6869112,0,0,0,1
1751,nan,9.84048,2.43152,nan,nan,3.084429,0.4657687,nan,0,0,0,0.3582073,0.660269,0,0,0.4207572,0.6941962,0,0,0,1
1752,nan,9.823314,2.43152,nan,nan,3.100678,0.4657687,nan,0,0,0,0.3576539,0.6630573,0,0,0.417717,0.6954646,0,0,0,1
1753,nan,9.813732,2.43152,nan,nan,3.116903,0.4657687,nan,0,0,0,0.3573449,0.6658364,0,0,0.4148322,0.6951814,0,0,0,1
1754,nan,9.818611,2.43152,nan,nan,3.131675,0.4657687,nan,0,0,0,0.3575023,0.6683617,0,0,0.4182955,0.6966372,0,0,0,1
1755,nan,9.802917,2.43152,nan,nan,3.148704,0.4657687,nan,0,0,0,0.356996,0.6712674,0,0,0.4218318,0.6938242,0,0,0,1
1756,nan,9.805514,2.43152,nan,nan,3.163766,0.4657687,nan,0,0,0,0.3570798,0.6738327,0,0,0.4204579,0.6987424,0,0,0,1
1757,nan,9.803297,2.43152,nan,nan,3.178696,0.4657687,nan,0,0,0,0.3570083,0.676371,0,0,0.4231294,0.7024485,0,0,0,1
1758,nan,9.775166,2.43152,nan,nan,3.194018,0.4657687,nan,0,0,0,0.3561005,0.6789715,0,0,0.4209362,0.6997284,0,0,0,1
1759,nan,9.758526,2.43152,nan,nan,3.208654,0.4657687,nan,0,0,0,0.3555632,0.681451,0,0,0.4201803,0.6979311,0,0,0,1
1760,nan,9.744123,2.43152,nan,nan,3.224796,0.4657687,nan,0,0,0,0.355098,0.6841807,0,0,0.4230473,0.7001324,0,0,0,1
1761,nan,9.740288,2.43152,nan,nan,3.240806,0.4657687,nan,0,0,0,0.3549741,0.6868829,0,0,0.4228036,0.7006463,0,0,0,1
1762,nan,9.72198,2.43152,nan,nan,3.254907,0.4657687,nan,0,0,0,0.3543825,0.6892588,0,0,0.4213552,0.7024059,0,0,0,1
1763,nan,9.718175,2.43152,nan,nan,3.271224,0.4657687,nan,0,0,0,0.3542596,0.6920034,0,0,0.4193203,0.7013378,0,0,0,1
1764,nan,9.722708,2.43152,nan,nan,3.287385,0.4657687,nan,0,0,0,0.3544061,0.6947163,0,0,0.4213842,0.7013274,0,0,0,1
1765,nan,9.709018,2.43152,nan,nan,3.304014,0.4657687,nan,0,0,0,0.3539636,0.6975026,0,0,0.4210698,0.7030228,0,0,0,1
1766,nan,9.698369,2.43152,nan,nan,3.318538,0.4657687,nan,0,0,0,0.3536192,0.6999318,0,0,0.4232813,0.7006543,0,0,0,1
1767,nan,9.702921,2.43152,nan,nan,3.334851,0.4657687,nan,0,0,0,0.3537664,0.7026554,0,0,0.4196718,0.702216,0,0,0,1
1768,nan,9.698781,2.43152,nan,nan,3.350283,0.4657687,nan,0,0,0,0.3536326,0.7052271,0,0,0.41965,0.7018383,0,0,0,1
1769,nan,9.691319,2.43152,nan,nan,3.363221,0.4657687,nan,0,0,0,0.3533912,0.7073797,0,0,0.4207573,0.7027665,0,0,0,1
1770,nan,9.686619,2.43152,nan,nan,3.37884,0.4657687,nan,0,0,0,0.3532392,0.709974,0,0,0.4234859,0.7019,0,0,0,1
1771,nan,9.672264,2.43152,nan,nan,3.392642,0.4657687,nan,0,0,0,0.3527748,0.7122627,0,0,0.4199173,0.7044804,0,0,0,1
1772,nan,9.667105,2.43152,nan,nan,3.406857,0.4657687,nan,0,0,0,0.3526079,0.7146162,0,0,0.4222387,0.7039864,0,0,0,1
1773,nan,9.677631,2.43152,nan,nan,3.419019,0.4657687,nan,0,0,0,0.3529485,0.7166266,0,0,0.4245464,0.7048627,0,0,0,1
1774,nan,9.669195,2.43152,nan,nan,3.435789,0.4657687,nan,0,0,0,0.3526755,0.7193941,0,0,0.4178892,0.7037024,0,0,0,0
1775,nan,9.652997,2.43152,nan,nan,3.450624,0.4657687,nan,0,0,0,0.3521513,0.721838,0,0,0.4250577,0.7004225,0,0,0,0
1776,nan,9.654169,2.43152,nan,nan,3.46682,0.4657687,nan,0,0,0,0.3521892,0.7245012,0,0,0.4249743,0.7044415,0,0,0,0
1777,nan,9.633943,2.43152,nan,nan,3.483619,0.4657687,nan,0,0,0,0.3515344,0.7272584,0,0,0.418026,0.7068918,0,0,0,0
1778,nan,9.627832,2.43152,nan,nan,3.50003,0.4657687,nan,0,0,0,0.3513365,0.729947,0,0,0.4178923,0.7082961,0,0,0,0
1779,nan,9.621208,2.43152,nan,nan,3.516181,0.4657687,nan,0,0,0,0.3511219,0.7325882,0,0,0.4245751,0.7069865,0,0,0,0
1780,nan,9.614339,2.43152,nan,nan,3.528903,0.4657687,nan,0,0,0,0.3508994,0.734665,0,0,0.4193852,0.7068605,0,0,0,0
1781,nan,9.60721,2.43152,nan,nan,3.542104,0.4657687,nan,0,0,0,0.3506684,0.7368171,0,0,0.4284137,0.7059138,0,0,0,0
1782,nan,9.58764,2.43152,nan,nan,3.557905,0.4657687,nan,0,0,0,0.3500341,0.7393887,0,0,0.4251681,0.7028149,0,0,0,0
1783,nan,9.572039,2.43152,nan,nan,3.572193,0.4657687,nan,0,0,0,0.3495283,0.7417101,0,0,0.424453,0.7065251,0,0,0,0
1784,nan,9.559966,2.43152,nan,nan,3.587008,0.4657687,nan,0,0,0,0.3491367,0.7441131,0,0,0.4250596,0.7068506,0,0,0,0
1785,nan,9.559142,2.43152,nan,nan,3.602427,0.4657687,nan,0,0,0,0.34911,0.7466099,0,0,0.4213736,0.7052448,0,0,0,0
1786,nan,9.55461,2.43152,nan,nan,3.618488,0.4657687,nan,0,0,0,0.348963,0.7492062,0,0,0.4199628,0.708203,0,0,0,0
1787,nan,9.536978,2.43152,nan,nan,3.634053,0.4657687,nan,0,0,0,0.3483909,0.7517177,0,0,0.4274102,0.7093341,0,0,0,0
1788,nan,9.504477,2.43152,nan,nan,3.647733,0.4657687,nan,0,0,0,0.3473357,0.7539216,0,0,0.4267967,0.7091215,0,0,0,0
1789,nan,9.48384,2.43152,nan,nan,3.662021,0.4657687,nan,0,0,0,0.3466653,0.7562197,0,0,0.4208943,0.7091272,0,0,0,0
1790,nan,9.50231,2.43152,nan,nan,3.680948,0.4657687,nan,0,0,0,0.3472653,0.7592585,0,0,0.422754,0.7098438,0,0,0,0
1791,nan,9.481435,2.43152,nan,nan,3.695219,0.4657687,nan,0,0,0,0.3465872,0.7615454,0,0,0.4245155,0.7079558,0,0,0,0
1792,nan,9.449461,2.43152,nan,nan,3.713033,0.4657687,nan,0,0,0,0.3455478,0.7643951,0,0,0.4227904,0.7112771,0,0,0,0
1793,nan,9.446155,2.43152,nan,nan,3.730308,0.4657687,nan,0,0,0,0.3454403,0.7671531,0,0,0.4166863,0.7061148,0,0,0,0
1794,nan,9.447475,2.43152,nan,nan,3.745255,0.4657687,nan,0,0,0,0.3454832,0.7695354,0,0,0.4207383,0.7072002,0,0,0,0
1795,nan,9.461755,2.43152,nan,nan,3.759494,0.4657687,nan,0,0,0,0.3459475,0.7718011,0,0,0.4276566,0.709374,0,0,0,0
1796,nan,9.442753,2.43152,nan,nan,3.771057,0.4657687,nan,0,0,0,0.3453296,0.7736382,0,0,0.426951,0.7132207,0,0,0,0
1797,nan,9.422725,2.43152,nan,nan,3.783244,0.4657687,nan,0,0,0,0.3446781,0.7755722,0,0,0.4241123,0.7070721,0,0,0,0
1798,nan,9.438294,2.43152,nan,nan,3.799654,0.4657687,nan,0,0,0,0.3451846,0.7781721,0,0,0.4246987,0.7094399,0,0,0,0
1799,nan,9.439578,2.43152,nan,nan,3.811265,0.4657687,nan,0,0,0,0.3452264,0.7800088,0,0,0.4240701,0.7084269,0,0,0,0
1800,nan,9.440718,2.43152,nan,nan,3.821725,0.4657687,nan,0,0,0,0.3452634,0.7816615,0,0,0.4207321,0.7083133,0,0,0,0
1801,nan,9.424492,2.43152,nan,nan,3.838898,0.4657687,nan,0,0,0,0.3447356,0.7843707,0,0,0.4278096,0.7110964,0,0,0,0
1802,nan,9.442505,2.43152,nan,nan,3.850876,0.4657687,nan,0,0,0,0.3453215,0.7862573,0,0,0.4320983,0.7114006,0,0,0,0
1803,nan,9.449556,2.43152,nan,nan,3.867911,0.4657687,nan,0,0,0,0.3455509,0.7889363,0,0,0.4251224,0.7100593,0,0,0,0
1804,nan,9.445041,2.43152,nan,nan,3.879304,0.4657687,nan,0,0,0,0.345404,0.7907252,0,0,0.4274237,0.7101835,0,0,0,0
1805,nan,9.412114,2.43152,nan,nan,3.891483,0.4657687,nan,0,0,0,0.3443328,0.792635,0,0,0.4269733,0.7108815,0,0,0,0
1806,nan,9.418835,2.43152,nan,nan,3.90191,0.4657687,nan,0,0,0,0.3445515,0.7942681,0,0,0.4305846,0.7068039,0,0,0,0
1807,nan,9.426055,2.43152,nan,nan,3.915828,0.4657687,nan,0,0,0,0.3447864,0.7964451,0,0,0.4231167,0.7102511,0,0,0,0
1808,nan,9.448285,2.43152,nan,nan,3.922344,0.4657687,nan,0,0,0,0.3455095,0.7974632,0,0,0.4278387,0.705853,0,0,0,0
1809,nan,9.408889,2.43152,nan,nan,3.929021,0.4657687,nan,0,0,0,0.3442278,0.7985058,0,0,0.4311123,0.7094215,0,0,0,0
1810,nan,9.409224,2.43152,nan,nan,3.94287,0.4657687,nan,0,0,0,0.3442387,0.8006657,0,0,0.4295781,0.7115273,0,0,0,0
1811,9.029591,9.416787,2.434655,nan,6.435024,4.061016,0.4680031,nan,0,0.3318292,1.144593,0.3444849,0.8189613,0,0,0.4299839,0.7118532,0,0,0,0
1812,9.711462,9.422056,2.438027,nan,6.553023,4.1749,0.4702785,nan,0,0.3540426,1.159009,0.3446563,0.8363801,0,0,0.4262452,0.7126654,0,0,0,0
1813,8.215022,9.37296,2.440879,nan,6.547798,4.297745,0.472552,nan,0,0.3048368,1.158374,0.3430579,0.8549366,0,0,0.4257492,0.7127352,0,0,0,0
1814,8.646115,9.363955,2.443881,nan,6.414304,4.409032,0.4747792,nan,0,0.3191849,1.142046,0.3427646,0.8715435,0,0,0.4251507,0.7105564,0,0,0,0
1815,8.737563,9.350774,2.446915,nan,6.409497,4.513753,0.4770047,nan,0,0.3222103,1.141455,0.342335,0.8869981,0,0,0.426446,0.7120051,0,0,0,0
1816,8.55275,9.247839,2.449885,nan,6.404887,4.624648,0.4792286,nan,0,0.3160895,1.140888,0.3389764,0.9031851,0,0,0.4304168,0.7110522,0,0,0,0
1817,9.853119,9.258372,2.453306,nan,6.528948,4.737528,0.4814956,nan,0,0.3586147,1.15608,0.3393205,0.9194777,0,0,0.4270442,0.7109556,0,0,0,0
1818,8.791715,9.268778,2.456359,nan,6.272778,4.839481,0.4836737,nan,0,0.3239988,1.124532,0.3396603,0.9340364,0,0,0.4219246,0.7087167,0,0,0,0
1819,9.092811,9.255943,2.459516,nan,6.520638,4.94552,0.4859378,nan,0,0.3339033,1.155067,0.3392411,0.9490245,0,0,0.4213811,0.713553,0,0,0,0
1820,8.609339,9.238322,2.462505,nan,6.516735,5.054579,0.4882006,nan,0,0.3179664,1.154591,0.3386655,0.9642788,0,0,0.4294344,0.7114666,0,0,0,0
1821,9.748394,9.228166,2.46589,nan,6.512992,5.1603,0.490462,nan,0,0.355236,1.154135,0.3383336,0.9789136,0,0,0.4300281,0.7106635,0,0,0,0
1822,8.912414,9.215187,2.468985,nan,6.637885,5.267912,0.4927668,nan,0,0.3279773,1.169289,0.3379094,0.9936593,0,0,0.4265497,0.7111593,0,0,0,0
1823,10.42336,9.242132,2.472604,nan,6.634442,5.382006,0.4950705,nan,0,0.3768747,1.168873,0.33879,1.00913,0,0,0.4276429,0.7127891,0,0,0,0
1824,8.460286,9.22243,2.475542,nan,6.502655,5.477087,0.4973283,nan,0,0.3130174,1.152873,0.3381462,1.021898,0,0,0.4261124,0.7114725,0,0,1,0
1825,9.086027,9.209625,2.478697,nan,6.761697,5.589723,0.4996761,nan,0,0.3336808,1.184157,0.3377275,1.036878,0,0,0.4295653,0.7106624,0,0,1,0
1826,8.744575,9.189653,2.481733,nan,6.496448,5.687994,0.5019319,nan,0,0.322442,1.152115,0.3370744,1.049821,0,0,0.4248585,0.7100614,0,0,1,0
1827,9.402912,9.157116,2.484998,nan,6.622016,5.798257,0.5042312,nan,0,0.3440333,1.167372,0.3360097,1.064207,0,0,0.426728,0.7105621,0,0,1,0
1828,7.907653,9.095212,2.487744,nan,6.624464,5.90531,0.5065313,nan,0,0.2945188,1.167668,0.333982,1.078039,0,0,0.430672,0.7102083,0,0,1,0
1829,8.357517,9.052053,2.490645,nan,6.750265,6.017604,0.5088752,nan,0,0.3095953,1.18279,0.3325665,1.092406,0,0,0.4302213,0.7125356,0,0,1,0
1830,8.975426,9.034641,2.493762,nan,7.020604,6.141162,0.5113129,nan,0,0.33005,1.21476,0.331995,1.108052,0,0,0.4275636,0.7117211,0,0,1,0
1831,8.972372,9.017101,2.496877,nan,7.018136,6.264618,0.5137497,nan,0,0.3299496,1.214472,0.3314192,1.123516,0,0,0.4299588,0.7124572,0,0,1,0
1832,7.833916,8.952125,2.499597,nan,7.01577,6.387975,0.5161858,nan,0,0.2920325,1.214195,0.3292839,1.138804,0,0,0.4252116,0.711113,0,0,1,0
1833,8.922167,8.932493,2.502695,nan,6.874315,6.505438,0.5185727,nan,0,0.3282983,1.197548,0.3286381,1.153213,0,0,0.4286103,0.7123889,0,0,1,0
1834,8.466013,8.893855,2.505635,nan,6.486482,6.606742,0.5208249,nan,0,0.3132079,1.150898,0.3273663,1.165525,0,0,0.4257572,0.7118684,0,0,1,0
1835,7.643142,8.843826,2.508289,nan,7.148418,6.628409,0.523307,nan,0,0.28558,1.229632,0.3257179,1.168145,0,0,0.4267614,0.7147554,0,0,1,0
1836,8.219086,8.819798,2.511143,nan,7.152094,6.648551,0.5257904,nan,0,0.3049727,1.230058,0.3249255,1.170576,0,0,0.428146,0.7121748,0,0,1,0
1837,8.053145,8.791403,2.513939,nan,6.866124,6.656609,0.5281745,nan,0,0.299412,1.196579,0.3239885,1.171547,0,0,0.4237407,0.7109482,0,0,1,0
1838,7.061188,8.72961,2.516391,nan,6.602071,6.654661,0.5304668,nan,0,0.2657165,1.16496,0.3219474,1.171312,0,0,0.4249575,0.7097929,0,0,1,0
1839,7.811722,8.697959,2.519103,nan,6.862513,6.661828,0.5328497,nan,0,0.2912833,1.196151,0.3209008,1.172176,0,0,0.4272213,0.7088284,0,0,1,0
1840,8.856472,8.703242,2.522178,8.194942,6.860817,6.668461,0.5352319,6.833047,0,0.3261347,1.19595,0.3210756,1.172975,0.304165,1.192655,0.4271411,0.706019,0,0,1,0
1841,8.224652,8.687804,2.525034,8.250611,6.998374,6.679104,0.5376619,6.822635,0,0.3051589,1.212158,0.3205649,1.174256,0.3060267,1.191418,0.4335101,0.7115812,0,0,1,1
1842,9.343263,8.708287,2.528278,8.371428,6.723903,6.680504,0.5399966,6.776956,0,0.3420902,1.179634,0.3212424,1.174424,0.310059,1.185979,0.4297339,0.7092949,0,0,1,1
1843,8.125084,8.690614,2.531099,8.378422,6.722406,6.681773,0.5423307,6.762928,0,0.3018253,1.179455,0.3206578,1.174577,0.3102921,1.184304,0.4261108,0.7101884,0,0,1,1
1844,7.237498,8.647876,2.533612,8.382361,7.138747,6.695214,0.5448095,6.830608,0,0.2717634,1.228512,0.3192432,1.176192,0.3104233,1.192366,0.4287486,0.710255,0,0,1,1
1845,7.405856,8.612389,2.536184,8.322468,6.992505,6.703708,0.5472374,6.851529,0,0.2775139,1.21147,0.3180675,1.177212,0.3084263,1.194849,0.4252061,0.711161,0,0,1,1
1846,7.687253,8.586691,2.538853,8.182938,7.130369,6.71556,0.5497132,6.889541,0,0.2870745,1.227541,0.3172155,1.178634,0.3037632,1.199349,0.4260417,0.7105778,0,0,1,1
1847,7.061351,8.545466,2.541305,8.022663,7.129102,6.726736,0.5521886,6.910734,0,0.2657222,1.227394,0.3158477,1.179974,0.2983882,1.201853,0.4296825,0.7101948,0,0,1,1
1848,7.801395,8.525885,2.544014,7.840341,6.854976,6.730111,0.5545688,6.931767,0,0.2909346,1.195257,0.3151976,1.180378,0.2922493,1.204332,0.4322143,0.7106952,0,0,1,1
1849,8.227024,8.518222,2.54687,7.842048,7.126721,6.740281,0.5570434,6.983425,0,0.3052382,1.227118,0.3149431,1.181596,0.2923069,1.210405,0.4298805,0.7106344,0,0,1,1
1850,7.486316,8.492424,2.54947,7.857216,7.415332,6.757157,0.5596181,7.024141,0,0.280254,1.260204,0.3140859,1.183614,0.2928186,1.215174,0.4327503,0.7099599,0,0,1,1
1851,8.261038,8.486781,2.552338,7.93571,7.41426,6.773184,0.5621925,7.081017,0,0.3063752,1.260082,0.3138984,1.185528,0.2954637,1.221809,0.4291044,0.7101938,0,0,1,1
1852,7.730585,8.468776,2.555023,7.927393,7.123502,6.781525,0.564666,7.08565,0,0.2885412,1.226745,0.3132998,1.186523,0.2951837,1.222348,0.4310231,0.7110834,0,0,1,1
1853,7.7228,8.451428,2.557704,7.970881,7.26738,6.792824,0.5671894,7.108046,0,0.2882778,1.243338,0.3127228,1.18787,0.2966473,1.224951,0.4272373,0.7085253,0,0,1,1
1854,8.566694,8.454047,2.560679,8.057097,7.411298,6.80688,0.5697627,7.179956,0,0.3165522,1.259746,0.3128099,1.189544,0.2995447,1.233279,0.4322,0.711261,0,0,1,1
1855,8.669475,8.458835,2.563689,8.10163,7.561167,6.823642,0.5723881,7.237111,0,0.3199583,1.276637,0.3129691,1.191538,0.301039,1.239863,0.4311962,0.7083804,0,0,1,1
1856,8.191565,8.453024,2.566533,8.173846,7.711073,6.842934,0.5750656,7.283467,0,0.304052,1.293337,0.3127759,1.193829,0.3034589,1.245181,0.4332579,0.7091713,0,0,1,1
1857,9.187113,8.468643,2.569723,8.274345,7.559461,6.858179,0.5776904,7.310016,0,0.3369913,1.276446,0.3132954,1.195637,0.3068198,1.248218,0.4316472,0.7090473,0,0,1,1
1858,8.506369,8.469429,2.572677,8.367196,7.407884,6.869631,0.5802626,7.350319,0,0.3145493,1.259359,0.3133215,1.196994,0.3099179,1.252817,0.429228,0.7094253,0,0,1,1
1859,8.99057,8.480065,2.575798,8.515093,7.708669,6.886754,0.5829392,7.41,0,0.3305477,1.293071,0.3136751,1.19902,0.3148392,1.259599,0.4351134,0.7050071,0,0,1,1
1860,7.676512,8.463994,2.578464,8.401752,7.261514,6.89425,0.5854606,7.396034,0,0.2867108,1.242665,0.3131407,1.199906,0.3110693,1.258015,0.4338639,0.6992513,0,0,1,1
1861,7.375293,8.442647,2.581025,8.240209,7.411584,6.904393,0.588034,7.383785,0,0.2764716,1.259779,0.3124306,1.201104,0.305679,1.256624,0.4280412,0.6937711,0,0,1,1
1862,8.293554,8.439779,2.583904,8.256648,7.271721,6.911457,0.5905589,7.337812,0,0.3074613,1.243836,0.3123352,1.201938,0.3062285,1.251391,0.4290102,0.6886289,0,0,1,1
1863,6.189636,8.397324,2.586054,7.893233,7.55512,6.923602,0.5931823,7.344894,0,0.2354473,1.27596,0.3109218,1.20337,0.2940329,1.252199,0.4344867,0.6794767,0,0,1,1
1864,6.942113,8.370376,2.588464,7.702495,7.403719,6.932493,0.595753,7.354623,0,0.2616183,1.258887,0.3100239,1.204418,0.2875906,1.253307,0.426119,0.6753759,0,0,1,1
1865,7.104549,8.347361,2.590931,7.486953,7.403121,6.94105,0.5983235,7.323503,0,0.267206,1.258819,0.3092566,1.205426,0.2802757,1.249759,0.4259101,0.6675014,0,0,1,1
1866,8.997021,8.358962,2.594055,7.64232,7.402547,6.949291,0.6008938,7.341957,0,0.3307596,1.258754,0.3096434,1.206395,0.2855521,1.251864,0.4264661,0.6620279,0,0,1,1
1867,8.493296,8.361318,2.597004,7.771433,7.860479,6.965277,0.6036232,7.402882,0,0.3141149,1.309791,0.309722,1.208275,0.2899223,1.258792,0.4287708,0.6570891,0,0,1,1
1868,7.058078,8.338849,2.599455,7.634123,7.401468,6.972797,0.6061931,7.426181,0,0.2656096,1.258632,0.3089728,1.209158,0.2852743,1.261433,0.4298511,0.6543247,0,0,1,1
1869,7.809171,8.329871,2.602166,7.814043,7.551738,6.98261,0.6088153,7.433463,0,0.2911972,1.275581,0.3086733,1.21031,0.2913617,1.262257,0.4260827,0.6411076,0,0,1,1
1870,6.386643,8.297484,2.604384,7.724881,7.702029,6.9946,0.6114896,7.475955,0,0.2423452,1.292335,0.3075925,1.211716,0.2883482,1.267058,0.4310896,0.6408101,0,0,1,1
1871,7.236931,8.280098,2.606897,7.728616,7.707716,7.006291,0.6141659,7.517681,0,0.2717439,1.292965,0.3070119,1.213085,0.2884746,1.271757,0.4319337,0.6342148,0,0,1,1
1872,6.720469,8.254943,2.60923,7.446524,7.254698,7.010297,0.6166849,7.507151,0,0.2539588,1.241883,0.3061715,1.213554,0.2788995,1.270572,0.4295979,0.6285523,0,0,1,1
1873,6.51482,8.227322,2.611492,7.208801,7.254269,7.01417,0.6192037,7.445704,0,0.2468154,1.241834,0.3052482,1.214007,0.2707809,1.263642,0.4274702,0.6214598,0,0,1,1
1874,6.249365,8.196416,2.613662,7.107965,7.253858,7.017915,0.6217224,7.430582,0,0.2375421,1.241786,0.3042143,1.214446,0.2673233,1.261931,0.4269306,0.6169026,0,0,1,1
1875,7.04444,8.178693,2.616108,7.018979,7.549105,7.026087,0.6243436,7.436474,0,0.2651408,1.275285,0.3036211,1.215401,0.2642651,1.262598,0.4254805,0.6130285,0,0,1,1
1876,7.45923,8.167792,2.618698,7.135622,7.548726,7.034006,0.6269647,7.424088,0,0.2793322,1.275243,0.3032562,1.216327,0.2682724,1.261196,0.4241282,0.6057307,0,0,1,1
1877,7.607142,8.159424,2.621339,7.182821,7.548363,7.041683,0.6295857,7.411041,0,0.2843592,1.275202,0.3029759,1.217224,0.2698908,1.259717,0.4231305,0.6013934,0,0,1,1
1878,7.024706,8.142737,2.623779,7.207995,7.10751,7.042651,0.6320536,7.397493,0,0.2644621,1.224889,0.3024169,1.217337,0.2707533,1.25818,0.4300053,0.5975618,0,0,1,1
1879,7.055502,8.12698,2.626228,7.255054,6.967991,7.041569,0.634473,7.36392,0,0.2655211,1.208594,0.3018889,1.21721,0.2723641,1.254365,0.4255853,0.5926067,0,0,1,1
1880,7.158728,8.113148,2.628714,7.352454,7.25172,7.044571,0.636991,7.361865,0,0.2690649,1.241541,0.3014252,1.217561,0.2756923,1.254131,0.4289467,0.5890741,0,0,1,1
1881,8.39478,8.117115,2.631629,7.503978,7.251413,7.047484,0.6395088,7.326979,0,0.310837,1.241506,0.3015582,1.217901,0.2808549,1.250156,0.4284328,0.5829906,0,0,1,1
1882,7.310435,8.105911,2.634167,7.482777,7.546759,7.054419,0.6421292,7.331463,0,0.2742574,1.275022,0.3011825,1.21871,0.2801336,1.250667,0.4267967,0.5799009,0,0,1,1
1883,6.369119,8.082119,2.636379,7.330178,7.105971,7.055125,0.6445966,7.280515,0,0.2417329,1.22471,0.3003845,1.218792,0.2749318,1.244843,0.4248711,0.5733297,0,0,1,1
1884,6.748214,8.064093,2.638722,7.279251,7.401341,7.059803,0.6471665,7.313052,0,0.2549198,1.258617,0.2997795,1.219338,0.2731916,1.248565,0.4230756,0.5656991,0,0,1,1
1885,7.490551,8.056446,2.641323,7.314491,7.11112,7.060488,0.6496356,7.323955,0,0.2803981,1.225308,0.2995228,1.219417,0.274396,1.24981,0.4225458,0.5644091,0,0,1,1
1886,7.8938,8.054306,2.644064,7.392857,7.250055,7.062982,0.652153,7.318647,0,0.294052,1.24135,0.299451,1.219708,0.2770707,1.249204,0.4228323,0.5632154,0,0,1,1
1887,6.217466,8.030451,2.646223,7.117937,7.249815,7.065408,0.6546703,7.315029,0,0.2364237,1.241322,0.2986498,1.219991,0.2676656,1.248791,0.4256547,0.5553674,0,0,1,1
1888,7.321549,8.021363,2.648765,7.106008,7.249586,7.06777,0.6571875,7.280251,0,0.2746371,1.241296,0.2983445,1.220266,0.2672561,1.244813,0.4226857,0.5517309,0,0,1,1
1889,5.857913,7.993977,2.650799,7.0144,7.400142,7.071977,0.659757,7.309509,0,0.2237575,1.258481,0.297424,1.220756,0.2641076,1.24816,0.4225228,0.5461536,0,0,1,1
1890,7.886698,7.992636,2.653537,7.143233,7.394019,7.076002,0.6623244,7.310167,0,0.2938127,1.257786,0.297379,1.221225,0.2685336,1.248236,0.4263709,0.5433069,0,0,1,1
1891,7.159618,7.982352,2.656023,7.104067,7.109768,7.076419,0.664793,7.306664,0,0.2690955,1.225151,0.2970332,1.221274,0.2671894,1.247835,0.4247275,0.5371658,0,0,1,1
1892,7.135355,7.972023,2.658501,7.006926,7.248758,7.078521,0.66731,7.306264,0,0.2682633,1.241201,0.2966857,1.221518,0.2638504,1.24779,0.4205778,0.5313092,0,0,1,1
1893,7.574391,7.967232,2.661131,7.173082,6.964523,7.077147,0.6697282,7.268003,0,0.2832476,1.208186,0.2965246,1.221358,0.269557,1.243409,0.4200198,0.5312331,0,0,1,1
1894,3.181417,7.910258,2.662235,6.671281,7.259985,7.079324,0.672249,7.267561,0,0.1258045,1.24249,0.2946066,1.221612,0.2522534,1.243359,0.4258794,0.5254933,0,0,1,1
1895,5.962837,7.887347,2.664306,6.670254,7.393086,7.083015,0.6748161,7.266666,0,0.2274653,1.25768,0.2938346,1.222041,0.2522178,1.243256,0.4222083,0.5254861,0,0,1,1
1896,7.72726,7.885486,2.666989,6.63843,6.824824,7.080013,0.6771858,7.197003,0,0.2884287,1.191679,0.2937718,1.221692,0.2511133,1.235245,0.4242599,0.5203124,0,0,1,1
1897,8.05935,7.887484,2.669787,6.733579,6.96385,7.078678,0.6796038,7.170827,0,0.2996203,1.208107,0.2938392,1.221537,0.2544129,1.232224,0.4198448,0.5163224,0,0,1,1
1898,7.567892,7.883852,2.672415,6.787303,6.829972,7.075852,0.6819753,7.117946,0,0.2830269,1.19229,0.2937168,1.221207,0.2562727,1.2261,0.421289,0.5099632,0,0,1,1
1899,7.772962,7.882606,2.675114,6.808964,7.102738,7.076154,0.6844416,7.128314,0,0.289974,1.224335,0.2936748,1.221243,0.2570218,1.227303,0.4227455,0.5070894,0,0,1,1
1900,7.130823,7.874253,2.67759,7.256055,6.963415,7.074901,0.6868594,7.087155,0,0.2681078,1.208056,0.2933932,1.221097,0.2723983,1.222523,0.420965,0.505521,0,0,1,1
1901,6.326338,7.844217,2.679787,7.286327,6.963281,7.080771,0.6892772,7.031127,0,0.2402372,1.20804,0.2923801,1.22178,0.2734335,1.215991,0.4246995,0.5014447,0,0,1,1
1902,7.599799,7.820754,2.682425,7.281935,7.247202,7.088484,0.6917936,7.077975,0,0.28411,1.241022,0.2915883,1.222678,0.2732834,1.221455,0.4275354,0.4976144,0,0,1,1
1903,6.742134,7.804389,2.684766,7.138103,7.102214,7.094644,0.6942596,7.091659,0,0.2547092,1.224274,0.2910357,1.223394,0.2683576,1.223047,0.4211966,0.4922944,0,0,1,1
1904,7.434566,7.790927,2.687348,7.136458,6.962912,7.10074,0.6966773,7.103198,0,0.2784922,1.207997,0.290581,1.224102,0.2683011,1.224388,0.420563,0.4891821,0,0,1,1
1905,6.456263,7.765579,2.68959,6.983623,6.689888,7.103855,0.6990002,7.047779,0,0.2447749,1.175552,0.2897245,1.224464,0.2630483,1.217935,0.4174103,0.4830053,0,0,1,1
1906,5.960638,7.736778,2.691659,6.836952,6.823507,7.108506,0.7013695,7.024175,0,0.2273877,1.191522,0.2887506,1.225005,0.2579892,1.215178,0.4198459,0.48258,0,0,1,1
1907,6.506077,7.699589,2.693918,6.844688,6.823403,7.111778,0.7037387,7.000578,0,0.2465109,1.19151,0.2874922,1.225385,0.2582565,1.212416,0.4199669,0.4797694,0,0,1,1
1908,6.861295,7.67814,2.696301,6.760817,6.962487,7.119442,0.7061562,6.967332,0,0.2588301,1.207947,0.2867659,1.226274,0.2553561,1.208516,0.4240491,0.4800714,0,0,1,1
1909,7.331581,7.65857,2.698846,6.829378,6.68948,7.121318,0.708479,6.918378,0,0.2749797,1.175503,0.2861029,1.226492,0.2577275,1.202754,0.4191723,0.4769313,0,0,1,1
1910,6.859816,7.639131,2.701228,6.762196,6.9623,7.126268,0.7108964,6.915094,0,0.258779,1.207925,0.2854441,1.227066,0.2554038,1.202367,0.4224299,0.4700702,0,0,1,1
1911,7.429038,7.613361,2.703808,6.859551,6.962212,7.13126,0.7133139,6.942139,0,0.2783039,1.207915,0.2845701,1.227645,0.2587699,1.205554,0.4227247,0.4672074,0,0,1,1
1912,6.836616,7.590296,2.706182,6.951618,7.246176,7.138018,0.7158299,6.985762,0,0.2579776,1.240904,0.2837875,1.228428,0.2619458,1.210679,0.4179113,0.4662468,0,0,1,1
1913,5.846066,7.539437,2.708212,6.872471,6.822862,7.140112,0.718199,6.982556,0,0.2233383,1.191445,0.2820603,1.22867,0.259216,1.210303,0.4154648,0.4656397,0,0,1,1
1914,6.470288,7.517326,2.710458,6.825938,7.246017,7.148372,0.7207149,7.012334,0,0.2452639,1.240886,0.2813087,1.229627,0.2576086,1.213793,0.4171039,0.4594395,0,0,1,1
1915,6.330516,7.48671,2.712656,6.70182,6.82271,7.149049,0.7230839,7.023933,0,0.2403833,1.191427,0.2802674,1.229705,0.2533124,1.21515,0.4157993,0.4554893,0,0,1,1
1916,7.269038,7.470315,2.71518,6.740347,6.688911,7.151188,0.7254065,6.987321,0,0.2728424,1.175435,0.2797095,1.229953,0.2546473,1.210862,0.4197815,0.4545766,0,0,1,1
1917,7.006287,7.443686,2.717613,6.702139,6.56036,7.150503,0.7276844,6.935011,0,0.2638284,1.159901,0.2788028,1.229874,0.2533235,1.204715,0.415655,0.4494769,0,0,1,1
1918,6.214938,7.424878,2.719771,6.620768,6.55505,7.149732,0.7299604,6.850502,0,0.236335,1.159256,0.2781622,1.229784,0.2505,1.194727,0.4157375,0.448064,0,0,1,1
1919,5.842744,7.396936,2.7218,6.62023,6.688714,7.149048,0.7322829,6.827692,0,0.2232207,1.175411,0.2772098,1.229705,0.2504813,1.192019,0.4105947,0.4442777,0,0,1,1
1920,6.837635,7.373182,2.724174,6.649391,6.961565,7.148392,0.7347001,6.791281,0,0.2580128,1.207839,0.2763996,1.229629,0.2514938,1.187687,0.4211283,0.4434516,0,0,1,1
1921,6.56951,7.346484,2.726455,6.669389,6.688596,7.14473,0.7370225,6.771699,0,0.2487186,1.175397,0.2754886,1.229205,0.2521878,1.185351,0.4192089,0.4416173,0,0,1,1
1922,5.708805,7.322872,2.728437,6.480179,6.560057,7.139667,0.7393003,6.74973,0,0.218472,1.159864,0.2746823,1.228619,0.2456087,1.182726,0.4150979,0.4390635,0,0,1,1
1923,6.445204,7.29535,2.730675,6.40529,6.55476,7.136116,0.7415763,6.744555,0,0.2443892,1.15922,0.273742,1.228207,0.2429963,1.182107,0.4224648,0.4307083,0,0,1,1
1924,7.857036,7.288583,2.733403,6.639697,6.961346,7.141392,0.7439934,6.786381,0,0.2928126,1.207813,0.2735107,1.228819,0.2511573,1.187102,0.4184929,0.4322686,0,0,1,1
1925,6.851907,7.279792,2.735782,6.761704,6.82757,7.137827,0.7463641,6.795526,0,0.2585059,1.192005,0.2732101,1.228406,0.2553868,1.188192,0.4140725,0.4298106,0,0,1,1
1926,6.28085,7.258256,2.737963,6.683768,6.559856,7.131247,0.7486418,6.747947,0,0.2386451,1.15984,0.2724736,1.227643,0.2526865,1.182513,0.4169724,0.4250458,0,0,1,1
1927,7.252573,7.249361,2.740481,6.7507,6.822021,7.130757,0.7510106,6.761196,0,0.2722792,1.191345,0.2721693,1.227586,0.2550059,1.184097,0.4104482,0.4249501,0,0,1,1
1928,6.304577,7.240954,2.742671,6.80286,6.688251,7.131714,0.7533329,6.773865,0,0.2394758,1.175356,0.2718816,1.227697,0.2568108,1.18561,0.4135714,0.4238074,0,0,1,1
1929,6.705644,7.228664,2.744999,6.819939,6.688209,7.129778,0.7556552,6.784087,0,0.253445,1.175351,0.271461,1.227473,0.2574012,1.186829,0.4150742,0.4187123,0,0,1,1
1930,6.180489,7.198931,2.747145,6.623096,6.688169,7.127859,0.7579775,6.750676,1,0.2351262,1.175346,0.2704428,1.22725,0.2505809,1.182839,0.4129503,0.4186982,0,0,1,1
1931,6.349022,7.178091,2.749349,6.567472,6.559647,7.122985,0.7602551,6.716422,1,0.2410305,1.159814,0.2697287,1.226685,0.2486477,1.178738,0.4135278,0.4165775,0,0,1,1
1932,7.250996,7.154843,2.751867,6.671391,6.688094,7.122587,0.7625774,6.724458,1,0.2722253,1.175337,0.2689317,1.226639,0.2522572,1.179701,0.4168931,0.4169448,0,0,1,1
1933,5.818965,7.12922,2.753888,6.501843,6.821786,7.123691,0.7649461,6.721316,1,0.2223788,1.191317,0.2680528,1.226767,0.2463635,1.179325,0.4117792,0.4115663,0,0,1,1
1934,6.800759,7.124367,2.756249,6.549933,6.554298,7.117197,0.7672219,6.701893,1,0.2567381,1.159164,0.2678863,1.226014,0.2480376,1.176994,0.4187996,0.4124243,0,0,1,1
1935,6.564754,7.115022,2.758528,6.535484,6.687993,7.113814,0.7695441,6.701848,1,0.2485532,1.175325,0.2675655,1.225621,0.2475348,1.176989,0.4135152,0.4088008,0,0,1,1
1936,3.416239,7.067566,2.759715,6.200074,6.297268,7.104557,0.7717306,6.652567,1,0.1346696,1.127578,0.2659357,1.224546,0.2358136,1.17106,0.4152255,0.404731,0,0,1,1
1937,6.031705,7.056125,2.761809,6.159545,6.821659,7.101141,0.7740993,6.68166,1,0.2298937,1.191302,0.2655425,1.224149,0.2343908,1.174563,0.4093245,0.4027392,0,0,1,1
1938,7.104627,7.048383,2.764276,6.145986,6.554177,7.097799,0.776375,6.662244,1,0.2672087,1.15915,0.2652764,1.223761,0.2339145,1.172226,0.4136685,0.4036151,0,0,1,1
1939,3.281836,6.993437,2.765415,5.819085,6.425666,7.090009,0.7786062,6.615299,1,0.1296023,1.143443,0.2633862,1.222855,0.222383,1.16656,0.4138115,0.4018435,0,0,1,1
1940,3.0297,6.943919,2.766467,5.357522,6.559366,7.080499,0.7808837,6.611385,1,0.1200478,1.15978,0.2616805,1.221748,0.2059428,1.166087,0.4174733,0.3968312,0,0,1,1
1941,3.415156,6.890076,2.767653,4.962968,6.687824,7.072427,0.7832059,6.608318,1,0.1346288,1.175304,0.2598237,1.220809,0.1917393,1.165716,0.41034,0.3964028,0,0,1,1
1942,6.847283,6.880261,2.770031,5.344313,6.554073,7.0661,0.7854816,6.629161,1,0.2583461,1.159137,0.2594849,1.220072,0.2054696,1.168236,0.4117381,0.3921191,0,0,1,1
1943,7.417017,6.876864,2.772606,5.515692,6.960688,7.062692,0.7878985,6.646141,1,0.2778943,1.207736,0.2593676,1.219674,0.2115977,1.170285,0.4127743,0.3912854,0,0,1,1
1944,5.588656,6.843774,2.774547,5.337455,6.173616,7.04894,0.7900421,6.59194,1,0.2141989,1.112133,0.2582249,1.218071,0.2052238,1.163733,0.4157784,0.3903134,0,0,1,1
1945,7.398927,6.829657,2.777116,5.806781,6.687733,7.039235,0.7923643,6.619559,1,0.2772776,1.175293,0.2577372,1.216938,0.2219472,1.167075,0.4142458,0.389618,0,0,1,1
1946,6.17689,6.807272,2.77926,6.144334,6.173574,7.022152,0.7945079,6.570968,1,0.2349999,1.112128,0.2569633,1.214941,0.2338564,1.161189,0.4103569,0.3881527,0,0,1,1
1947,7.194035,6.785127,2.781758,6.566295,6.553966,7.01098,0.7967835,6.556023,1,0.2702751,1.159124,0.2561974,1.213634,0.2486068,1.159374,0.4113779,0.3866916,0,0,1,1
1948,6.459376,6.762382,2.784001,6.52591,6.687674,7.002978,0.7991056,6.572342,1,0.2448835,1.175286,0.2554103,1.212697,0.2472015,1.161356,0.4133158,0.3804876,0,0,1,1
1949,0.003351155,6.662524,2.784002,5.637287,6.435728,6.988834,0.8013403,6.511202,1,0.0001384594,1.144679,0.2519496,1.21104,0.21593,1.153916,0.412168,0.3812425,0,0,1,1
1950,6.275327,6.646956,2.786181,5.707336,6.425429,6.979544,0.8035713,6.533224,1,0.2384517,1.143414,0.2514093,1.20995,0.2184198,1.1566,0.4134305,0.3776701,0,0,1,1
1951,6.722435,6.639702,2.788515,5.63387,6.425412,6.968587,0.8058024,6.501153,1,0.2540269,1.143412,0.2511575,1.208664,0.2158084,1.15269,0.4128878,0.378738,0,0,1,1
1952,5.591954,6.609684,2.790457,5.567579,6.435678,6.959297,0.808037,6.528893,1,0.2143164,1.144673,0.250115,1.207572,0.213448,1.156073,0.4126947,0.3755741,0,0,1,1
1953,6.185808,6.609641,2.792605,5.452671,6.425381,6.946745,0.810268,6.513169,1,0.2353129,1.143408,0.2501135,1.206096,0.2093472,1.154156,0.4076045,0.3760931,0,0,1,1
1954,3.027545,6.566146,2.793656,5.017696,6.296883,6.934446,0.8124544,6.462364,1,0.1199658,1.12753,0.2486016,1.204648,0.1937178,1.147946,0.4067014,0.3752916,0,0,1,1
1955,5.856947,6.552284,2.79569,5.65704,6.173424,6.920783,0.814598,6.425951,1,0.2237233,1.112109,0.2481194,1.203038,0.2166325,1.143478,0.4047003,0.372411,0,0,1,1
1956,5.814941,6.516927,2.797709,5.600709,6.301893,6.908554,0.8167861,6.409359,1,0.2222362,1.128153,0.2468888,1.201595,0.2146281,1.141438,0.4153253,0.3661793,0,0,1,1
1957,5.710003,6.486002,2.799692,5.471077,6.173397,6.889808,0.8189297,6.37415,1,0.2185145,1.112105,0.2458116,1.199381,0.2100049,1.137099,0.4086525,0.3685009,0,0,1,1
1958,6.8451,6.483636,2.802068,5.616321,6.173385,6.876163,0.8210732,6.339286,1,0.2582707,1.112104,0.2457291,1.197767,0.2151839,1.132789,0.4109554,0.3672875,0,0,1,1
1959,5.814647,6.461474,2.804087,5.565181,6.173373,6.860848,0.8232168,6.305565,1,0.2222258,1.112102,0.2449566,1.195953,0.2133625,1.128609,0.4126482,0.3669339,0,0,1,1
1960,5.604528,6.452784,2.806033,5.845113,6.049916,6.842491,0.8253174,6.271032,1,0.2147641,1.096514,0.2446536,1.193777,0.2233046,1.124315,0.4073002,0.3596452,0,0,1,1
1961,6.05652,6.439668,2.808136,5.864038,6.296796,6.826814,0.8275038,6.281819,1,0.2307677,1.12752,0.2441961,1.191915,0.2239742,1.125658,0.415305,0.3617372,0,0,1,1
1962,6.303526,6.435036,2.810325,5.907798,6.054735,6.813481,0.8296061,6.24732,1,0.239439,1.097126,0.2440345,1.19033,0.2255215,1.121359,0.4098655,0.3606571,0,0,1,1
1963,6.426892,6.434059,2.812557,5.994207,6.553742,6.805697,0.8318817,6.286602,1,0.2437503,1.159097,0.2440004,1.189404,0.2285719,1.126252,0.4090606,0.3599849,0,0,1,1
1964,6.488586,6.436717,2.814809,5.951125,6.049875,6.79232,0.8339824,6.267274,1,0.2459016,1.096509,0.2440932,1.18781,0.2270519,1.123847,0.4060924,0.3560004,0,0,1,1
1965,5.700203,6.421781,2.816789,5.928803,6.301794,6.778461,0.8361705,6.277252,1,0.2181665,1.12814,0.243572,1.186158,0.2262636,1.125089,0.4103368,0.3559329,0,0,1,1
1966,6.426672,6.410308,2.81902,6.053602,6.173302,6.763178,0.838314,6.289584,1,0.2437427,1.112093,0.2431715,1.184334,0.230665,1.126623,0.4082509,0.3553672,0,0,1,1
1967,5.261946,6.38425,2.820847,5.956763,6.301777,6.749327,0.8405021,6.284361,1,0.202515,1.128138,0.2422616,1.182678,0.2272509,1.125974,0.4094197,0.3525709,0,0,1,1
1968,5.70912,6.369632,2.82283,5.875212,6.553697,6.743174,0.8427777,6.339796,1,0.2184832,1.159091,0.2417509,1.181942,0.2243695,1.132852,0.4045774,0.3541972,0,0,1,1
1969,6.070473,6.358688,2.824937,5.866595,6.301761,6.735771,0.8449658,6.310422,1,0.2312589,1.128136,0.2413684,1.181056,0.2240647,1.129212,0.4073962,0.3517075,0,0,1,1
1970,2.578982,6.307802,2.825833,5.427187,6.049825,6.722417,0.8470665,6.304755,1,0.1028089,1.096503,0.2395886,1.179456,0.2084362,1.128508,0.4041702,0.3528678,0,0,1,1
1971,6.050987,6.281759,2.827934,5.49545,6.173263,6.710438,0.84921,6.284756,1,0.2305729,1.112088,0.238677,1.17802,0.2108752,1.126023,0.408515,0.3462721,0,0,1,1
1972,3.278038,6.236955,2.829072,5.105943,6.425184,6.697976,0.8514409,6.311311,1,0.1294588,1.143384,0.2371071,1.176524,0.1969024,1.129322,0.4091699,0.3454369,0,0,1,1
1973,5.754501,6.230126,2.83107,5.142199,6.049804,6.68624,0.8535416,6.273193,1,0.2200939,1.0965,0.2368677,1.175114,0.1982087,1.124584,0.4075545,0.344464,0,0,1,1
1974,6.203926,6.224078,2.833224,5.204014,6.054638,6.671277,0.8556439,6.21642,1,0.2359487,1.097113,0.2366556,1.173314,0.2004333,1.117498,0.4070545,0.3433126,0,0,1,1
1975,3.846439,6.183588,2.83456,4.917427,6.296682,6.662228,0.8578302,6.21151,1,0.1507706,1.127505,0.235235,1.172224,0.1900908,1.116884,0.4044206,0.344423,0,0,1,1
1976,7.484926,6.179045,2.837159,5.477066,6.173231,6.650263,0.8599737,6.225218,1,0.2802067,1.112084,0.2350755,1.170782,0.2102188,1.118599,0.4093899,0.3443304,0,0,1,1
1977,6.436347,6.181477,2.839394,5.511465,6.04978,6.636929,0.8620743,6.205896,1,0.2440802,1.096497,0.2351609,1.169174,0.2114469,1.116181,0.4103752,0.3421268,0,0,1,1
1978,2.793265,6.131163,2.840364,5.416866,6.049774,6.623598,0.8641749,6.157096,1,0.1110304,1.096496,0.2333936,1.167563,0.2080671,1.110057,0.4056457,0.3384161,0,0,1,1
1979,5.160254,6.123411,2.842155,5.408138,6.049769,6.608594,0.8662756,6.152804,1,0.1988588,1.096496,0.2331211,1.165749,0.2077548,1.109517,0.4061972,0.3390954,0,0,1,1
1980,3.025745,6.069401,2.843206,5.0189,5.817205,6.591074,0.8682954,6.119664,1,0.1198974,1.066665,0.2312212,1.163628,0.1937613,1.105342,0.4019653,0.336151,0,0,1,1
1981,6.961026,6.067194,2.845623,5.367616,6.049759,6.579296,0.870396,6.088054,1,0.26227,1.096494,0.2311435,1.1622,0.2063044,1.101348,0.4072561,0.3362665,0,0,1,1
1982,6.297386,6.057883,2.84781,5.243506,6.1732,6.567345,0.8725395,6.085135,1,0.239224,1.112081,0.2308157,1.160749,0.2018527,1.100978,0.4089823,0.332938,0,0,1,1
1983,3.277565,6.010141,2.848948,4.860216,5.931145,6.555863,0.8745989,6.066462,1,0.1294409,1.081357,0.2291337,1.159355,0.1880172,1.098613,0.4055342,0.3339848,0,0,1,1
1984,6.827196,6.050649,2.851318,5.350649,5.812536,6.53978,0.8766172,6.03472,1,0.2576521,1.06606,0.230561,1.157399,0.2056966,1.094584,0.4058689,0.3372931,0,0,1,1
1985,5.93179,6.050304,2.853378,5.437207,6.173188,6.526226,0.8787606,6.048431,1,0.2263691,1.112079,0.2305488,1.155748,0.2087945,1.096326,0.4048302,0.3331708,0,0,1,1
1986,5.817805,6.029088,2.855398,5.747467,5.931133,6.516296,0.8808201,6.05697,1,0.2223377,1.081356,0.2298015,1.154538,0.2198444,1.097409,0.4027035,0.331023,0,0,1,1
1987,6.68792,6.01385,2.85772,5.727988,5.93113,6.504822,0.8828795,6.041097,1,0.2528305,1.081355,0.2292645,1.153138,0.2191531,1.095394,0.4064726,0.3326476,0,0,1,1
1988,5.625445,5.992267,2.859673,5.639776,6.049731,6.496152,0.8849801,6.026004,1,0.2155086,1.096491,0.2285035,1.152079,0.2160185,1.093475,0.4011321,0.3310556,0,0,1,1
1989,3.277385,5.942316,2.860811,5.611564,6.054568,6.484506,0.8870824,6.038398,1,0.1294342,1.097105,0.2267409,1.150656,0.2150146,1.095051,0.4006557,0.3287954,0,0,1,1
1990,5.69909,5.926408,2.86279,5.48727,6.17317,6.475725,0.8892258,6.079838,1,0.218127,1.112077,0.226179,1.149582,0.2105832,1.100308,0.4052627,0.3308825,0,0,1,1
1991,5.708184,5.91954,2.864772,5.458555,5.931116,6.464257,0.8912852,6.048878,1,0.21845,1.081353,0.2259364,1.148178,0.2095575,1.096382,0.4068446,0.3281904,0,0,1,1
1992,3.148828,5.870085,2.865866,5.126949,5.589067,6.445833,0.8932259,6.005696,1,0.1245699,1.036791,0.2241881,1.145919,0.1976594,1.09089,0.4024973,0.32605,0,0,1,1
1993,5.817624,5.859812,2.867886,5.02348,5.698551,6.430237,0.8952045,5.970352,1,0.2223313,1.051205,0.2238247,1.144005,0.1939267,1.086378,0.4031977,0.3245553,0,0,1,1
1994,5.475556,5.838046,2.869787,4.99557,5.817153,6.417506,0.8972244,5.941924,1,0.2101649,1.066658,0.2230544,1.14244,0.1929182,1.082739,0.4040267,0.3227912,0,0,1,1
1995,3.277245,5.802723,2.870925,4.968633,6.04971,6.410393,0.899325,5.938584,1,0.1294289,1.096488,0.2218034,1.141565,0.1919442,1.082311,0.4071255,0.3219858,0,0,1,1
1996,3.550136,5.77594,2.872157,4.697898,5.931102,6.400478,0.9013844,5.908996,1,0.1397002,1.081352,0.2208542,1.140345,0.1821179,1.078513,0.4058191,0.3240235,0,0,1,1
1997,6.050101,5.770873,2.874258,4.744647,5.9311,6.390563,0.9034438,5.904876,1,0.2305417,1.081351,0.2206745,1.139123,0.1838194,1.077983,0.3998745,0.3184393,0,0,1,1
1998,3.694963,5.735692,2.875541,4.782949,5.812493,6.377785,0.905462,5.921465,1,0.1451218,1.066054,0.2194265,1.137547,0.185212,1.080115,0.4040001,0.318313,0,0,1,1
1999,5.6989,5.717551,2.87752,4.765629,6.0497,6.370677,0.9075626,5.957681,1,0.2181202,1.096487,0.2187826,1.13667,0.1845824,1.084757,0.4000497,0.3155738,0,0,1,1
2000,3.410879,5.67923,2.878704,4.545463,5.931093,6.359219,0.909622,5.969022,1,0.1344679,1.08135,0.2174213,1.135255,0.1765557,1.086208,0.4024149,0.3149663,0,0,1,1
2001,6.698317,5.67111,2.88103,4.932775,5.698532,6.345178,0.9116007,5.924727,1,0.253191,1.051202,0.2171328,1.133518,0.1906466,1.080534,0.402075,0.3186201,0,0,1,1
2002,5.70797,5.65857,2.883012,5.199534,5.931089,6.330566,0.9136601,5.919236,1,0.2184424,1.08135,0.2166869,1.131709,0.2002721,1.079828,0.4003846,0.3174338,0,0,1,1
2003,3.148622,5.628598,2.884105,4.848193,5.817133,6.319391,0.9156799,5.903987,1,0.1245621,1.066656,0.2156208,1.130324,0.1875811,1.077869,0.3992764,0.3175175,0,0,1,1
2004,0.0003387944,5.55671,2.884105,4.36875,5.817131,6.303515,0.9176998,5.901864,1,1.399855e-05,1.066656,0.2130606,1.128354,0.1700806,1.077596,0.4092662,0.3105811,0,0,1,1
2005,0.0003249681,5.486375,2.884105,3.692841,5.931084,6.293608,0.9197592,5.884622,1,1.342726e-05,1.081349,0.2105512,1.127123,0.1450425,1.075376,0.4053271,0.3149046,0,0,1,1
2006,0.0003117059,5.405611,2.884106,3.230726,5.698522,6.282603,0.9217378,5.853506,1,1.287929e-05,1.051201,0.2076644,1.125755,0.1276706,1.071362,0.405207,0.3115052,0,0,1,1
2007,5.260662,5.386215,2.885932,3.057924,5.812475,6.274293,0.923756,5.86353,1,0.2024689,1.066052,0.2069703,1.124721,0.1211204,1.072657,0.4029623,0.3129182,0,0,1,1
2008,2.792551,5.348189,2.886902,2.73398,5.931079,6.26736,0.9258154,5.86221,1,0.1110031,1.081349,0.2056084,1.123858,0.1087605,1.072486,0.4039452,0.3120222,0,0,1,1
2009,5.931318,5.349173,2.888961,3.051736,5.931077,6.258942,0.9278748,5.873552,1,0.2263524,1.081348,0.2056437,1.122809,0.1208853,1.073949,0.4006243,0.3078122,0,0,1,1
2010,5.260627,5.33165,2.890788,3.661044,5.931076,6.247492,0.9299343,5.887478,1,0.2024676,1.081348,0.2050157,1.121381,0.1438539,1.075744,0.4049517,0.3115049,0,0,1,1
2011,6.054741,5.325931,2.89289,4.323688,5.812469,6.237758,0.9319525,5.871662,1,0.2307051,1.066051,0.2048107,1.120165,0.1684248,1.073706,0.3971583,0.3087873,0,0,1,1
2012,2.577828,5.291142,2.893785,4.56875,5.812468,6.229451,0.9339707,5.880314,1,0.1027645,1.066051,0.2035629,1.119128,0.1774068,1.074821,0.397706,0.3093456,0,0,1,1
2013,5.365789,5.279149,2.895648,4.603633,6.049677,6.223839,0.9360713,5.907987,1,0.2062389,1.096484,0.2031325,1.118426,0.1786808,1.078383,0.3970358,0.3071826,0,0,1,1
2014,2.792488,5.222876,2.896618,4.558796,5.698511,6.209808,0.9380499,5.880879,1,0.1110007,1.0512,0.2011114,1.116671,0.177043,1.074894,0.3997504,0.3117776,0,0,1,1
2015,3.025038,5.180355,2.897668,4.203579,5.93107,6.199846,0.9401093,5.878188,1,0.1198705,1.081347,0.1995823,1.115423,0.1640021,1.074547,0.4020551,0.3050045,0,0,1,1
2016,2.906424,5.142861,2.898678,3.909652,5.365582,6.186577,0.9419724,5.809071,1,0.1153532,1.006914,0.1982326,1.11376,0.1531214,1.065611,0.3998601,0.3060451,0,0,1,1
2017,5.959728,5.128497,2.900747,3.891004,5.698508,6.174093,0.943951,5.793824,1,0.2273555,1.051199,0.1977151,1.112193,0.1524283,1.063632,0.396064,0.3024032,0,0,1,1
2018,6.316887,5.128633,2.90294,4.314138,5.698507,6.163096,0.9459297,5.77726,1,0.2399065,1.051199,0.1977201,1.110811,0.1680736,1.061479,0.4036675,0.3032062,0,0,1,1
2019,3.14845,5.089109,2.904034,4.066334,5.584551,6.150833,0.9478687,5.720357,1,0.1245556,1.036193,0.1962954,1.109269,0.1589317,1.054059,0.4005699,0.3021966,0,0,1,1
2020,2.577759,5.049079,2.904929,4.007794,5.584551,6.138571,0.9498078,5.701154,1,0.1027619,1.036193,0.1948511,1.107725,0.1567636,1.051546,0.4012467,0.3036905,0,0,1,1
2021,5.831214,5.043325,2.906953,4.320958,5.58455,6.127736,0.9517469,5.658801,1,0.2228125,1.036193,0.1946434,1.10636,0.1683245,1.045988,0.3978036,0.3040465,0,0,1,1
2022,2.577745,4.9914,2.907848,4.278093,5.475063,6.114258,0.953648,5.669699,1,0.1027613,1.021627,0.1927675,1.104659,0.1667475,1.04742,0.3970326,0.3038526,0,0,1,1
2023,2.682931,4.956555,2.90878,3.879175,5.584548,6.100511,0.955587,5.65577,1,0.1068031,1.036193,0.1915073,1.102923,0.1519885,1.04559,0.4016651,0.2999615,0,0,1,1
2024,5.584676,4.943043,2.910719,3.79903,5.475061,6.08852,0.9574881,5.627142,1,0.2140571,1.021627,0.1910183,1.101407,0.1490051,1.04182,0.4019786,0.2988801,0,0,1,1
2025,6.202885,4.939023,2.912873,4.170919,5.698501,6.077525,0.9594668,5.6359,1,0.2359122,1.051198,0.1908727,1.100015,0.1627971,1.042974,0.4044521,0.298509,0,0,1,1
2026,3.276888,4.937474,2.914011,4.245564,5.589014,6.069656,0.9614074,5.632595,1,0.1294154,1.036784,0.1908167,1.099018,0.1655496,1.042539,0.3999486,0.2975643,0,0,1,1
2027,2.577715,4.899097,2.914906,3.845482,5.698499,6.057176,0.963386,5.642672,1,0.1027602,1.051198,0.1894267,1.097436,0.150735,1.043866,0.4007878,0.2971855,0,0,1,1
2028,0.0001246355,4.820158,2.914906,3.518026,5.475058,6.045186,0.9652871,5.638922,1,5.149794e-06,1.021627,0.1865636,1.095914,0.1384954,1.043372,0.3970754,0.2968808,0,0,1,1
2029,2.577704,4.812334,2.915801,3.471654,5.698498,6.037106,0.9672657,5.647681,1,0.1027598,1.051198,0.1862795,1.094887,0.1367537,1.044526,0.397277,0.2965951,0,0,1,1
2030,2.577699,4.807312,2.916696,3.128288,5.584543,6.026275,0.9692048,5.655995,1,0.1027596,1.036192,0.1860971,1.09351,0.1237912,1.045619,0.3995212,0.2967842,0,0,1,1
2031,0.0001099905,4.769367,2.916696,2.364666,5.584542,6.014016,0.9711439,5.642066,1,4.544678e-06,1.036192,0.1847183,1.09195,0.09453908,1.043787,0.3973199,0.2951825,0,0,1,1
2032,6.698038,4.767708,2.919022,2.755795,5.698496,6.00451,0.9731225,5.651647,1,0.2531813,1.051198,0.1846581,1.090738,0.1095962,1.045047,0.3974333,0.2931047,0,0,1,1
2033,2.90632,4.71759,2.920031,2.789614,5.475055,5.988003,0.9750236,5.623019,1,0.1153492,1.021626,0.1828348,1.088633,0.1108907,1.041276,0.3981254,0.2917268,0,0,1,1
2034,2.577682,4.684134,2.920926,3.104647,5.475055,5.980241,0.9769247,5.619218,1,0.1027589,1.021626,0.1816165,1.087642,0.1228944,1.040775,0.3981313,0.2933105,0,0,1,1
2035,2.792357,4.63295,2.921895,3.159519,5.475054,5.966767,0.9788257,5.589323,1,0.1109957,1.021626,0.1797506,1.08592,0.1249751,1.036825,0.3985804,0.2930471,0,0,1,1
2036,6.579909,4.637428,2.92418,3.677316,5.475054,5.959006,0.9807268,5.574675,1,0.2490801,1.021626,0.179914,1.084927,0.1444623,1.034885,0.3953747,0.2912695,0,0,1,1
2037,2.906304,4.589787,2.925189,3.974067,5.475053,5.947018,0.9826278,5.55876,1,0.1153487,1.021626,0.1781752,1.083392,0.155513,1.032775,0.3972968,0.2913787,0,0,1,1
2038,8.216479e-05,4.518017,2.925189,3.198822,5.365566,5.932328,0.9844909,5.515485,1,3.394955e-06,1.006911,0.1755519,1.081509,0.1264635,1.027022,0.3988585,0.2934541,0,0,1,1
2039,3.024903,4.55159,2.926239,3.179705,5.475052,5.921653,0.9863919,5.510417,1,0.1198654,1.021626,0.1767796,1.080139,0.1257397,1.026347,0.3971173,0.2893405,0,0,1,1
2040,6.698008,4.556286,2.928565,3.65349,5.365566,5.909877,0.988255,5.491969,1,0.2531803,1.006911,0.1769513,1.078626,0.1435714,1.023886,0.4020785,0.291691,0,0,1,1
2041,2.906291,4.513884,2.929574,3.631166,5.475051,5.899318,0.990156,5.488219,1,0.1153481,1.021626,0.1754007,1.077268,0.1427361,1.023385,0.3954017,0.2834997,0,0,1,1
2042,2.682848,4.481561,2.930506,3.199326,5.365565,5.887427,0.9920191,5.471088,1,0.1067998,1.006911,0.1742176,1.075738,0.1264826,1.021096,0.3929287,0.2886672,0,0,1,1
2043,6.842864,4.488862,2.932882,3.653134,5.260371,5.874483,0.9938456,5.438465,1,0.2581935,0.992631,0.1744849,1.07407,0.1435581,1.016725,0.3954551,0.2856388,0,0,1,1
2044,3.024888,4.488832,2.933932,3.991805,5.369857,5.864183,0.9957101,5.43529,1,0.1198648,1.007491,0.1744838,1.072741,0.1561709,1.016299,0.3981752,0.2886146,0,0,1,1
2045,6.137854e-05,4.423756,2.933932,3.622101,5.260371,5.854038,0.9975367,5.403984,1,2.536092e-06,0.9926308,0.1720992,1.071431,0.1423968,1.012092,0.3989758,0.2859861,0,0,1,1
2046,2.682837,4.388955,2.934864,3.173487,5.369856,5.843682,0.9994012,5.404508,1,0.1067994,1.007491,0.1708224,1.070093,0.1255042,1.012162,0.3966928,0.2855342,0,0,1,1
2047,2.792321,4.356536,2.935833,3.12563,5.475049,5.835922,1.001302,5.402025,1,0.1109943,1.021625,0.169632,1.069089,0.1236904,1.011828,0.3923317,0.2850627,0,0,1,1
2048,5.416637e-05,4.28048,2.935833,2.757355,5.26037,5.825778,1.003129,5.385468,1,2.238093e-06,0.9926307,0.1668353,1.067776,0.1096559,1.009597,0.3933881,0.2853089,0,0,1,1
2049,5.195581e-05,4.215873,2.935833,1.96206,5.155176,5.814464,1.004919,5.369009,1,2.146756e-06,0.9782077,0.1644554,1.06631,0.07887425,1.007376,0.3966776,0.2835006,0,0,1,1
2050,4.983547e-05,4.153601,2.935833,1.597326,5.369855,5.806908,1.006783,5.366624,1,2.059145e-06,1.007491,0.1621578,1.06533,0.0645346,1.007054,0.3925037,0.2830684,0,0,1,1
2051,2.682826,4.116116,2.936765,1.860428,5.365562,5.796561,1.008646,5.375878,1,0.106799,1.006911,0.1607729,1.063987,0.07489288,1.008304,0.395574,0.2809669,0,0,1,1
2052,4.585084e-05,4.046077,2.936765,1.5337,5.365562,5.788903,1.010509,5.374184,1,1.894505e-06,1.006911,0.1581819,1.062993,0.06201845,1.008075,0.3948119,0.2821188,0,0,1,1
2053,2.792308,4.005693,2.937734,1.534913,5.475048,5.776918,1.01241,5.372968,1,0.1109938,1.021625,0.1566857,1.061435,0.0620665,1.007911,0.397027,0.2794262,0,0,1,1
2054,4.218481e-05,3.933598,2.937734,1.472861,5.584534,5.771748,1.01435,5.410202,1,1.743029e-06,1.036191,0.154011,1.060762,0.05960842,1.012928,0.3949557,0.2790526,0,0,1,1
2055,2.577625,3.898902,2.938629,1.718977,5.159299,5.759053,1.016141,5.404669,1,0.1027567,0.9787757,0.152722,1.059109,0.06933322,1.012184,0.3931592,0.2815684,0,0,1,1
2056,5.931081,3.893396,2.940689,2.407471,5.589002,5.752561,1.018082,5.429019,1,0.2263441,1.036782,0.1525173,1.058263,0.09619462,1.015457,0.3911832,0.2792556,0,0,1,1
2057,2.682815,3.864739,2.94162,2.408638,5.260367,5.74099,1.019908,5.412462,1,0.1067986,0.9926304,0.1514516,1.056754,0.09623971,1.013232,0.3943631,0.2800737,0,0,1,1
2058,3.570867e-05,3.801305,2.94162,2.408636,5.159299,5.725496,1.021699,5.386036,1,1.475442e-06,0.9787757,0.1490898,1.05473,0.09623963,1.009674,0.3934076,0.2786582,0,0,1,1
2059,2.906253,3.766147,2.942629,2.424947,5.155174,5.712757,1.023489,5.344457,1,0.1153467,0.9782074,0.1477792,1.053065,0.09686995,1.004057,0.3981368,0.2786528,0,0,1,1
2060,5.483836,3.798423,2.944534,3.066548,5.054105,5.701693,1.025244,5.279627,1,0.2104606,0.9642128,0.1489824,1.051616,0.1214481,0.9952556,0.392562,0.2780707,0,0,1,1
2061,3.151279e-05,3.73119,2.944534,2.780148,5.054105,5.689258,1.026999,5.262045,1,1.302073e-06,0.9642127,0.1464748,1.049987,0.1105285,0.9928593,0.3936195,0.2792399,0,0,1,1
2062,2.577615,3.723407,2.945429,2.361758,5.36556,5.677484,1.028862,5.233519,1,0.1027564,1.006911,0.1461843,1.048443,0.09442654,0.9889629,0.3945972,0.2748916,0,0,1,1
2063,3.148298,3.69445,2.946522,2.416167,5.36556,5.669882,1.030725,5.24399,1,0.1245498,1.006911,0.1451027,1.047444,0.09653068,0.9903944,0.3951477,0.2748663,0,0,1,1
2064,2.906247,3.657809,2.947531,2.74273,5.155173,5.659888,1.032515,5.239978,1,0.1153464,0.9782073,0.1437329,1.046131,0.1090957,0.9898461,0.3933333,0.2762858,0,0,1,1
2065,2.792291,3.646096,2.9485,2.730067,5.584532,5.651975,1.034454,5.2889,1,0.1109932,1.036191,0.1432948,1.045091,0.1086105,0.9965178,0.3940928,0.2764972,0,0,1,1
2066,2.476542,3.590447,2.94936,2.35033,5.365559,5.643001,1.036317,5.32229,1,0.09886197,1.00691,0.1412113,1.04391,0.09398419,1.001054,0.397103,0.273466,0,0,1,1
2067,2.454219e-05,3.518933,2.94936,2.318037,5.369852,5.635446,1.038182,5.356204,1,1.014056e-06,1.00749,0.1385295,1.042915,0.09273349,1.005646,0.3968671,0.2755757,0,0,1,1
2068,2.354061e-05,3.487897,2.94936,2.031637,5.155172,5.625506,1.039972,5.33049,1,9.726717e-07,0.9782072,0.137364,1.041604,0.0815936,1.002165,0.3925181,0.2733471,0,0,1,1
2069,5.382757,3.490369,2.951229,2.306109,5.155172,5.615566,1.041762,5.303559,1,0.2068465,0.9782072,0.1374569,1.040293,0.09227125,0.998511,0.3944951,0.2732258,0,0,1,1
2070,2.792286,3.487775,2.952199,2.25005,5.260365,5.609379,1.043589,5.314078,1,0.110993,0.9926302,0.1373595,1.039476,0.09009682,0.9999395,0.3923322,0.2733243,0,0,1,1
2071,3.276773,3.446839,2.953337,2.307998,5.155172,5.599439,1.045378,5.262818,1,0.129411,0.9782072,0.1358208,1.038163,0.09234446,0.9929647,0.3924182,0.2762259,0,0,1,1
2072,1.992669e-05,3.376868,2.953337,2.003019,5.054103,5.587005,1.047133,5.224751,1,8.233489e-07,0.9642125,0.1331871,1.036518,0.08047572,0.9877632,0.3968997,0.270169,0,0,1,1
2073,2.906238,3.372742,2.954346,2.282192,5.155172,5.578383,1.048923,5.199728,1,0.1153461,0.9782071,0.1330316,1.035377,0.09134394,0.9843339,0.3975325,0.2722214,0,0,1,1
2074,1.833344e-05,3.296885,2.954346,2.248581,5.260365,5.572247,1.05075,5.2102,1,7.575176e-07,0.9926301,0.1301705,1.034564,0.09003982,0.98577,0.3963359,0.2696677,0,0,1,1
2075,3.024841,3.264585,2.955396,2.020199,5.171677,5.561119,1.052546,5.211048,1,0.119863,0.9804797,0.1289506,1.033088,0.08114691,0.9858863,0.3974624,0.2711882,0,0,1,1
2076,5.707619,3.263361,2.957378,2.377734,5.054103,5.551375,1.054301,5.184622,1,0.2184299,0.9642125,0.1289043,1.031795,0.09504469,0.9822596,0.3912796,0.2686065,0,0,1,1
2077,2.682794,3.21886,2.958309,2.310519,5.155172,5.542753,1.056091,5.181068,1,0.1067978,0.9782071,0.1272217,1.03065,0.09244218,0.9817711,0.3929165,0.2675971,0,0,1,1
2078,1.551892e-05,3.156355,2.958309,2.310518,5.054103,5.53169,1.057845,5.178776,1,6.412248e-07,0.9642124,0.1248552,1.029179,0.09244215,0.981456,0.3927504,0.2700384,0,0,1,1
2079,2.5776,3.148579,2.959204,2.302643,5.260365,5.522866,1.059672,5.191633,1,0.1027558,0.9926301,0.1245605,1.028005,0.09213688,0.9832226,0.3905554,0.2654422,0,0,1,1
2080,1.42781e-05,3.085256,2.959204,2.302642,5.155171,5.511555,1.061462,5.177559,1,5.899553e-07,0.9782071,0.1221585,1.026498,0.09213685,0.9812887,0.3935695,0.2678461,0,0,1,1
2081,2.47653,3.049349,2.960064,2.239426,5.155171,5.502933,1.063252,5.173387,1,0.09886152,0.9782071,0.1207946,1.025349,0.08968437,0.980715,0.398199,0.2677833,0,0,1,1
2082,1.313649e-05,3.014362,2.960064,1.605247,5.06219,5.497079,1.06501,5.170915,1,5.427851e-07,0.9653373,0.1194645,1.024568,0.06484756,0.9803749,0.3905223,0.2684459,0,0,1,1
2083,3.148282,2.984703,2.961158,1.660923,5.054103,5.489918,1.066764,5.155008,1,0.1245492,0.9642124,0.118336,1.023612,0.06704525,0.9781846,0.3869849,0.2676125,0,0,1,1
2084,1.208615e-05,2.923863,2.961158,1.660923,5.155171,5.482563,1.068554,5.161467,1,4.993864e-07,0.978207,0.1160183,1.02263,0.06704522,0.9790744,0.3933757,0.2672288,0,0,1,1
2085,1.159291e-05,2.88745,2.961158,1.345884,5.155171,5.472624,1.070344,5.149733,1,4.790062e-07,0.978207,0.1146293,1.021301,0.05456543,0.9774575,0.3929397,0.2663783,0,0,1,1
2086,2.476527,2.875521,2.962017,1.582668,5.159296,5.464048,1.072136,5.145417,1,0.09886142,0.9787753,0.114174,1.020154,0.06395534,0.9768623,0.389717,0.2631364,0,0,1,1
2087,3.14828,2.843278,2.963111,1.662479,5.054102,5.454304,1.073891,5.131895,1,0.1245491,0.9642124,0.1129426,1.018849,0.06710659,0.9749961,0.3876003,0.2650042,0,0,1,1
2088,1.023071e-05,2.802223,2.963111,1.662478,5.054102,5.445877,1.075646,5.129828,1,4.227215e-07,0.9642124,0.1113731,1.01772,0.06710657,0.9747105,0.390558,0.262835,0,0,1,1
2089,9.813185e-06,2.738902,2.963111,1.280379,5.260364,5.437107,1.077472,5.153914,1,4.0547e-07,0.9926299,0.1089491,1.016543,0.05195692,0.9780338,0.3883004,0.2699613,0,0,1,1
2090,2.682787,2.730812,2.964042,1.547342,5.054102,5.427362,1.079227,5.142684,1,0.1067975,0.9642124,0.1086391,1.015235,0.06255832,0.9764854,0.3867109,0.2620214,0,0,1,1
2091,2.577594,2.685027,2.964937,1.86238,4.956997,5.419123,1.080948,5.119586,1,0.1027555,0.9506373,0.1068835,1.014128,0.07496941,0.9732952,0.3976988,0.2624035,0,0,1,1
2092,2.792273,2.65263,2.965907,1.899847,4.953034,5.408256,1.082668,5.092084,1,0.1109925,0.9500806,0.1056399,1.012667,0.0764384,0.9694875,0.3892094,0.2592604,0,0,1,1
2093,8.306682e-06,2.617645,2.965907,1.515059,5.054102,5.399778,1.084423,5.088624,1,3.43223e-07,0.9642123,0.1042958,1.011525,0.06128045,0.9690077,0.3870709,0.2622789,0,0,1,1
2094,7.967682e-06,2.617642,2.965907,1.482767,4.956996,5.390221,1.086144,5.075632,1,3.292158e-07,0.9506373,0.1042957,1.010238,0.06000111,0.9672049,0.387559,0.2608221,0,0,1,1
2095,7.642516e-06,2.617638,2.965907,1.451741,4.953033,5.379353,1.087864,5.034468,1,3.157804e-07,0.9500806,0.1042956,1.008773,0.05877086,0.9614778,0.3953628,0.2638424,0,0,1,1
2096,2.792272,2.64866,2.966876,1.467414,5.054102,5.372193,1.089619,5.031007,1,0.1109924,0.9642123,0.1054875,1.007806,0.05939247,0.9609953,0.3886617,0.2619579,0,0,1,1
2097,7.031454e-06,2.590208,2.966876,1.181015,4.855928,5.361565,1.091305,5.014067,1,2.905319e-07,0.9363713,0.1032408,1.006371,0.04799113,0.958631,0.3927848,0.2628336,0,0,1,1
2098,6.744497e-06,2.55918,2.966876,0.8707634,5.260364,5.354113,1.093131,5.049384,1,2.786752e-07,0.9926299,0.1020468,1.005363,0.03553768,0.9635556,0.3908085,0.2604879,0,0,1,1
2099,6.46925e-06,2.493276,2.966876,0.8109549,4.855928,5.342166,1.094818,5.024039,1,2.673023e-07,0.9363713,0.09950749,1.003747,0.03312457,0.9600233,0.3847399,0.2621731,0,0,1,1
2100,2.577591,2.463465,2.967771,1.094967,4.953033,5.331299,1.096537,5.020184,1,0.1027554,0.9500806,0.09835735,1.002275,0.04454794,0.9594852,0.3919348,0.2645791,0,0,1,1
2101,5.951998e-06,2.39619,2.967771,1.058559,4.956996,5.321794,1.098259,5.018422,1,2.4593e-07,0.9506373,0.09575848,1.000986,0.04308858,0.9592393,0.3922614,0.2633382,0,0,1,1
2102,5.817094,2.432182,2.969791,1.459284,4.953033,5.312245,1.099978,5.00607,1,0.2223125,0.9500806,0.09714945,0.9996906,0.05907006,0.9575135,0.3853898,0.2600433,0,0,1,1
2103,2.79227,2.403587,2.970761,1.768269,4.758822,5.297902,1.101631,4.990876,1,0.1109923,0.9225305,0.09604447,0.9977421,0.07127306,0.9553881,0.3895835,0.2577002,0,0,1,1
2104,5.252619e-06,2.37256,2.970761,1.768269,4.758822,5.287461,1.103283,4.929577,1,2.170325e-07,0.9225305,0.09484451,0.996322,0.07127304,0.9467809,0.3915976,0.256123,0,0,1,1
2105,5.038257e-06,2.338948,2.970761,1.73466,4.758822,5.274436,1.104935,4.9142,1,2.081753e-07,0.9225305,0.0935435,0.9945485,0.06995067,0.9446138,0.3923849,0.258242,0,0,1,1
2106,2.906224,2.338946,2.97177,1.740048,4.762629,5.267736,1.106589,4.889805,1,0.1153456,0.9230757,0.09354342,0.9936354,0.07016275,0.941169,0.3897257,0.2575001,0,0,1,1
2107,2.792269,2.303752,2.972739,2.051516,4.953033,5.259453,1.108309,4.887119,1,0.1109923,0.9500806,0.09217989,0.9925057,0.08236957,0.9407891,0.3904046,0.2584956,0,0,1,1
2108,4.446246e-06,2.233564,2.972739,1.405172,4.665524,5.247976,1.109929,4.850856,1,1.83714e-07,0.9091062,0.08945675,0.9909389,0.05692231,0.9356517,0.3929391,0.2575524,0,0,1,1
2109,4.264793e-06,2.198582,2.972739,1.066281,4.855927,5.23988,1.111615,4.857152,1,1.762165e-07,0.9363713,0.08809756,0.9898327,0.04339821,0.936545,0.3875567,0.2566207,0,0,1,1
2110,4.090744e-06,2.16994,2.972739,1.06628,4.758822,5.230705,1.113267,4.852748,1,1.690251e-07,0.9225305,0.0869838,0.988578,0.0433982,0.9359202,0.3961334,0.2565982,0,0,1,1
2111,3.923799e-06,2.105149,2.972739,1.038763,4.953033,5.223688,1.114987,4.872081,1,1.621271e-07,0.9500805,0.08446113,0.9876177,0.04229449,0.9386609,0.3826416,0.2527982,0,0,1,1
2112,3.763666e-06,2.076507,2.972739,0.7158498,5.054101,5.219011,1.116742,4.904377,1,1.555106e-07,0.9642122,0.08334456,0.9869773,0.029279,0.9432276,0.3884542,0.256044,0,0,1,1
2113,3.610069e-06,2.046697,2.972739,0.3706172,4.665524,5.2088,1.118362,4.868114,1,1.491641e-07,0.9091062,0.0821815,0.985578,0.01523279,0.9380989,0.3899223,0.2547154,0,0,1,1
2114,3.46274e-06,1.984645,2.972739,0.370617,4.758822,5.200841,1.120014,4.874076,1,1.430766e-07,0.9225305,0.07975751,0.9844866,0.01523279,0.9389434,0.3896732,0.2549258,0,0,1,1
2115,3.321424e-06,1.915724,2.972739,0.3706168,4.855927,5.19148,1.1217,4.870751,1,1.372376e-07,0.9363713,0.07706042,0.9832016,0.01523278,0.9384726,0.3865231,0.2545127,0,0,1,1
2116,5.707605,1.942732,2.974721,1.040696,4.665524,5.181219,1.12332,4.854898,1,0.2184294,0.9091062,0.07811793,0.9817918,0.04237203,0.9362253,0.3875887,0.2528873,0,0,1,1
2117,3.055857e-06,1.914091,2.974721,1.005715,4.665524,5.169741,1.12494,4.818635,1,1.262647e-07,0.9091062,0.07699645,0.9802133,0.0409678,0.9310716,0.3884767,0.2511886,0,0,1,1
2118,2.931146e-06,1.914089,2.974721,1.005714,4.762629,5.161825,1.126594,4.783011,1,1.211117e-07,0.9230757,0.07699639,0.9791237,0.0409678,0.9259907,0.3861655,0.2535845,0,0,1,1
2119,2.811525e-06,1.885448,2.974721,1.005714,4.665524,5.150348,1.128214,4.776402,1,1.161691e-07,0.9091062,0.07587404,0.9775422,0.04096779,0.9250461,0.3863694,0.2544032,0,0,1,1
2120,2.696785e-06,1.856807,2.974721,0.9759054,4.758822,5.141173,1.129866,4.773121,1,1.114282e-07,0.9225305,0.07475081,0.9762768,0.03977011,0.9245769,0.389418,0.2504482,0,0,1,1
2121,2.586727e-06,1.856806,2.974721,0.9472655,4.665524,5.130962,1.131486,4.748726,1,1.068807e-07,0.9091062,0.07475077,0.9748672,0.03861845,0.9210839,0.3848573,0.252045,0,0,1,1
2122,2.481162e-06,1.782383,2.974721,0.2820622,4.855927,5.1216,1.133173,4.768803,1,1.025189e-07,0.9363713,0.07182802,0.9735736,0.01160768,0.9239593,0.3864535,0.2506907,0,0,1,1
2123,2.379904e-06,1.750091,2.974721,0.282062,4.392946,5.109576,1.134698,4.731171,1,9.833503e-08,0.8691548,0.07055797,0.9719105,0.01160767,0.9185649,0.3842339,0.249839,0,0,1,1
2124,3.148271,1.756431,2.975814,0.6668504,4.665524,5.100582,1.136318,4.717142,1,0.1245488,0.9091062,0.0708074,0.970665,0.02729371,0.9165488,0.387132,0.2537292,0,0,1,1
2125,2.189618e-06,1.725405,2.975814,0.6668502,4.392946,5.088558,1.137843,4.680633,1,9.04726e-08,0.8691548,0.06958632,0.9689986,0.02729371,0.9112887,0.3908452,0.251421,0,0,1,1
2126,2.100258e-06,1.652295,2.975814,0.6358249,4.572225,5.078527,1.139431,4.654546,1,8.678036e-08,0.8955558,0.06670487,0.9676068,0.02603525,0.9075184,0.3882553,0.2524361,0,0,1,1
2127,2.577587,1.648642,2.976709,0.950863,4.665523,5.069532,1.141051,4.65243,1,0.1027553,0.9091062,0.06656077,0.9663576,0.03876317,0.9072122,0.3873115,0.2488036,0,0,1,1
2128,1.932331e-06,1.648641,2.976709,0.9508628,4.572225,5.060717,1.142638,4.613262,1,7.984178e-08,0.8955558,0.06656073,0.9651324,0.03876316,0.9015315,0.3890586,0.2467021,0,0,1,1
2129,2.577587,1.643671,2.977604,1.265901,4.572225,5.050686,1.144226,4.630029,1,0.1027553,0.8955557,0.06636462,0.9637369,0.05137977,0.9039661,0.3887933,0.2441649,0,0,1,1
2130,2.792266,1.600274,2.978574,1.22873,4.758821,5.043944,1.145878,4.638238,1,0.1109922,0.9225305,0.06465109,0.9627982,0.04989688,0.9051564,0.3880143,0.2475947,0,0,1,1
2131,5.475044,1.628816,2.980475,1.897902,4.572225,5.033913,1.147466,4.653883,1,0.2101466,0.8955557,0.06577828,0.9614004,0.07636216,0.9074224,0.3866659,0.2469448,0,0,0,1
2132,1.635683e-06,1.599006,2.980475,1.833267,4.482586,5.024102,1.149022,4.638696,1,6.758461e-08,0.8824157,0.064601,0.960032,0.07382698,0.9052228,0.3876444,0.2505755,0,0,0,1
2133,1.56893e-06,1.522975,2.980475,1.515844,4.575884,5.016496,1.150611,4.626703,1,6.482644e-08,0.8960895,0.06159389,0.9589703,0.06131154,0.9034834,0.3859811,0.2503918,0,0,0,1
2134,1.504901e-06,1.489365,2.980475,1.515844,4.762629,5.009749,1.152265,4.647901,1,6.218085e-08,0.9230757,0.0602626,0.9580278,0.06131154,0.9065565,0.3835034,0.2477734,0,0,0,1
2135,1.443485e-06,1.489364,2.980475,1.229445,4.572225,5.002103,1.153852,4.645828,1,5.964321e-08,0.8955557,0.06026257,0.956959,0.04992543,0.9062562,0.387249,0.2471073,0,0,0,1
2136,2.476518,1.487072,2.981335,1.189588,4.575884,4.993281,1.155441,4.623426,1,0.09886104,0.8960895,0.06017172,0.9557248,0.04833369,0.9030079,0.3896833,0.2496292,0,0,0,1
2137,1.32807e-06,1.456046,2.981335,0.5502244,4.572225,4.98325,1.157029,4.619195,1,5.48744e-08,0.8955557,0.05894161,0.9543201,0.02255739,0.9023935,0.388983,0.2432708,0,0,0,1
2138,3.024825,1.489654,2.982385,0.919925,4.665523,4.976641,1.158649,4.639522,1,0.1198624,0.9091061,0.06027408,0.9533938,0.03751819,0.9053425,0.3938987,0.2452245,0,0,0,1
2139,1.221884e-06,1.489654,2.982385,0.9199249,4.665523,4.9712,1.160269,4.647366,1,5.048689e-08,0.9091061,0.06027405,0.9526309,0.03751819,0.906479,0.3878543,0.2426267,0,0,0,1
2140,1.172018e-06,1.489653,2.982385,0.9199248,4.665523,4.963374,1.161889,4.63554,1,4.842649e-08,0.9091061,0.06027403,0.9515328,0.03751819,0.9047653,0.3892537,0.2438819,0,0,0,1
2141,1.124187e-06,1.459844,2.982385,0.9199247,4.665523,4.955596,1.163509,4.642712,1,4.645018e-08,0.9091061,0.05909226,0.9504406,0.03751818,0.9058048,0.386939,0.2454597,0,0,0,1
2142,2.792265,1.490869,2.983355,0.986033,4.572225,4.946781,1.165096,4.636951,1,0.1109922,0.8955557,0.0603222,0.9492018,0.04017713,0.9049699,0.3843325,0.2431695,0,0,0,1
2143,2.682779,1.489652,2.984286,1.313928,4.575884,4.93679,1.166685,4.636362,1,0.1067972,0.8960895,0.06027398,0.9477965,0.05329349,0.9048844,0.3836443,0.2420017,0,0,0,1
2144,9.920917e-07,1.489651,2.984286,0.9778364,4.482586,4.924546,1.168242,4.612966,1,4.099214e-08,0.8824157,0.06027396,0.9460723,0.03984772,0.9014885,0.3896333,0.2429148,0,0,0,1
2145,9.516039e-07,1.461011,2.984286,0.9778363,4.665523,4.91906,1.169862,4.61085,1,3.931923e-08,0.9091061,0.05913855,0.9452991,0.03984772,0.901181,0.3844537,0.2425912,0,0,0,1
2146,9.127684e-07,1.39511,2.984286,0.9144185,4.575884,4.907803,1.17145,4.599894,1,3.771459e-08,0.8960895,0.05652259,0.9437113,0.0372965,0.8995876,0.3846507,0.2423779,0,0,0,1
2147,8.755178e-07,1.365301,2.984286,0.9144184,4.572225,4.900157,1.173038,4.588491,1,3.617544e-08,0.8955557,0.05533775,0.9426318,0.03729649,0.8979273,0.3816431,0.2435239,0,0,0,1
2148,8.397875e-07,1.365301,2.984286,0.6041668,4.665523,4.894671,1.174658,4.597779,1,3.46991e-08,0.9091061,0.05533773,0.9418567,0.02474999,0.8992797,0.383751,0.2453977,0,0,0,1
2149,8.055153e-07,1.333009,2.984286,0.3060803,4.572225,4.888194,1.176246,4.596336,1,3.328301e-08,0.8955557,0.05405311,0.940941,0.01259179,0.8990697,0.3879355,0.2422685,0,0,0,1
2150,7.726418e-07,1.272078,2.984286,0.3060803,4.482586,4.881843,1.177802,4.593266,1,3.192471e-08,0.8824157,0.05162603,0.9400429,0.01259179,0.8986228,0.3858066,0.2392947,0,0,0,1
2151,7.411098e-07,1.272077,2.984286,0.3060802,4.482586,4.875493,1.179358,4.570907,1,3.062184e-08,0.8824157,0.05162601,0.9391441,0.01259179,0.8953634,0.3807411,0.2401815,0,0,0,1
2152,7.108647e-07,1.243437,2.984286,0.3060802,4.572225,4.866678,1.180946,4.567348,1,2.937215e-08,0.8955557,0.05048378,0.9378955,0.01259179,0.8948439,0.3853157,0.2340409,0,0,0,1
2153,5.260363,1.266904,2.986113,0.9490134,4.575884,4.857904,1.182535,4.569788,1,0.2024581,0.8960895,0.05141978,0.9366516,0.03868876,0.8952,0.3826683,0.2426852,0,0,0,1
2154,6.540271e-07,1.234613,2.986113,0.9140326,4.220696,4.847521,1.184,4.51542,1,2.702368e-08,0.8433257,0.05013167,0.9351783,0.03728095,0.8872427,0.3803075,0.238332,0,0,0,1
2155,2.906219,1.235879,2.987122,1.269237,4.572225,4.836273,1.185588,4.517412,1,0.1153454,0.8955557,0.05018218,0.9335806,0.05151278,0.887535,0.3883712,0.2382659,0,0,0,1
2156,6.01734e-07,1.208362,2.987122,1.269237,4.220696,4.823552,1.187053,4.484407,1,2.486299e-08,0.8433257,0.04908366,0.9317715,0.05151278,0.8826839,0.3825675,0.2409147,0,0,0,1
2157,5.771769e-07,1.208361,2.987122,1.240597,4.306821,4.811741,1.188549,4.460892,1,2.384832e-08,0.856298,0.04908365,0.9300897,0.05037047,0.8792176,0.3897663,0.2378994,0,0,0,1
2158,2.906219,1.240652,2.988131,1.595802,4.224073,4.801395,1.190016,4.41834,1,0.1153454,0.8438365,0.05037267,0.928615,0.06447438,0.8729239,0.3833957,0.2377158,0,0,0,1
2159,5.310284e-07,1.180844,2.988131,0.982677,4.392946,4.792926,1.191541,4.396022,1,2.194151e-08,0.8691548,0.04798427,0.9274067,0.04004227,0.8696119,0.3866354,0.2362353,0,0,0,1
2160,5.093568e-07,1.149819,2.988131,0.9516518,4.392946,4.783288,1.193066,4.411095,1,2.104607e-08,0.8691548,0.04674374,0.9260303,0.03879489,0.8718496,0.3826476,0.2385346,0,0,0,1
2161,2.682778,1.143219,2.989062,0.8957999,4.306821,4.773862,1.194562,4.378657,1,0.1067972,0.856298,0.04647971,0.924683,0.03654663,0.8670297,0.3852864,0.2386091,0,0,0,1
2162,4.686309e-07,1.143218,2.989062,0.8957998,4.482585,4.767512,1.196118,4.407756,1,1.936332e-08,0.8824157,0.0464797,0.9237746,0.03654663,0.8713542,0.3795246,0.2399604,0,0,0,1
2163,4.495058e-07,1.110927,2.989062,0.8957998,4.482585,4.760039,1.197675,4.426249,1,1.857309e-08,0.8824157,0.04518717,0.9227048,0.03654663,0.8740957,0.3802356,0.236839,0,0,0,1
2164,4.311613e-07,1.110927,2.989062,0.5728866,4.482585,4.751397,1.199231,4.451861,1,1.781511e-08,0.8824157,0.04518716,0.9214668,0.02347895,0.8778841,0.3844306,0.2379089,0,0,0,1
2165,4.135653e-07,1.077317,2.989062,0.5728866,4.392946,4.742744,1.200756,4.449869,1,1.708807e-08,0.8691548,0.04384065,0.9202261,0.02347895,0.8775898,0.3806686,0.2391479,0,0,0,1
2166,3.966875e-07,1.013899,2.989062,0.5453697,4.482585,4.736394,1.202313,4.458792,1,1.639069e-08,0.8824157,0.04129648,0.9193149,0.02235991,0.8789076,0.379117,0.2376183,0,0,0,1
2167,3.804985e-07,0.9840905,2.989062,0.2472832,4.392946,4.727925,1.203838,4.466369,1,1.572178e-08,0.8691548,0.04009907,0.9180987,0.01018146,0.8800257,0.3859488,0.23768,0,0,0,1
2168,3.649701e-07,0.9840903,2.989062,0.2136741,4.482585,4.721575,1.205395,4.464337,1,1.508016e-08,0.8824157,0.04009907,0.9171861,0.008801874,0.8797259,0.3836114,0.2351189,0,0,0,1
2169,3.500755e-07,0.9554503,2.989062,0.213674,4.482585,4.712933,1.206951,4.462304,1,1.446474e-08,0.8824157,0.03894767,0.9159433,0.008801873,0.879426,0.3839384,0.2348814,0,0,0,1
2170,3.357887e-07,0.9554502,2.989062,0.213674,4.392946,4.704463,1.208476,4.449315,1,1.387442e-08,0.8691548,0.03894767,0.9147243,0.008801872,0.877508,0.3857624,0.2366357,0,0,0,1
2171,3.22085e-07,0.9279332,2.989062,0.213674,4.306821,4.695037,1.209972,4.43576,1,1.33082e-08,0.856298,0.03784055,0.9133663,0.008801871,0.8755038,0.3878953,0.2345586,0,0,0,1
2172,3.089405e-07,0.927933,2.989062,0.1826488,4.572225,4.689593,1.211559,4.44572,1,1.276508e-08,0.8955557,0.03784055,0.9125814,0.007527179,0.8769768,0.3852455,0.2370084,0,0,0,1
2173,2.963325e-07,0.8929521,2.989062,0.1528402,4.392946,4.682247,1.213085,4.443688,1,1.224413e-08,0.8691548,0.0364319,0.9115217,0.006301407,0.8766763,0.3788236,0.2325182,0,0,0,1
2174,2.84239e-07,0.892952,2.989062,0.1528402,4.137948,4.670945,1.214522,4.401565,1,1.174444e-08,0.8307512,0.0364319,0.9098896,0.006301406,0.8704352,0.3833877,0.2332766,0,0,0,1
2175,2.726391e-07,0.8929519,2.989062,0.1528401,4.306821,4.661519,1.216017,4.37805,1,1.126515e-08,0.856298,0.03643189,0.9085271,0.006301405,0.8669394,0.383011,0.2361876,0,0,0,1
2176,2.615125e-07,0.8654349,2.989062,0.1528401,4.306821,4.652047,1.217512,4.365491,1,1.080541e-08,0.856298,0.03532285,0.9071566,0.006301404,0.8650689,0.382919,0.2322867,0,0,0,1
2177,2.508401e-07,0.830454,2.989062,0.1528401,4.306821,4.643743,1.219008,4.362542,1,1.036444e-08,0.856298,0.03391175,0.9059542,0.006301404,0.8646293,0.3828283,0.2346258,0,0,0,1
2178,2.406031e-07,0.8304539,2.989062,0.1528401,4.306821,4.63544,1.220503,4.329067,1,9.941457e-09,0.856298,0.03391174,0.9047508,0.006301404,0.85963,0.3837788,0.2333541,0,0,0,1
2179,2.682778,0.8602625,2.989994,0.4807352,4.0552,4.62205,1.221911,4.285795,1,0.1067972,0.8180661,0.03511428,0.902808,0.01972795,0.8531419,0.3833603,0.2309461,0,0,0,1
2180,2.213656e-07,0.8304537,2.989994,0.4807352,4.137948,4.61187,1.223348,4.281966,1,9.146583e-09,0.8307512,0.03391173,0.9013292,0.01972795,0.8525664,0.3810596,0.2284031,0,0,0,1
2181,2.123315e-07,0.8018138,2.989994,0.4807351,4.306821,4.604646,1.224843,4.280013,1,8.773306e-09,0.856298,0.03275539,0.9002789,0.01972795,0.8522727,0.3824461,0.2328333,0,0,0,1
2182,2.036662e-07,0.7707885,2.989994,0.4807351,4.137948,4.595589,1.22628,4.256424,1,8.415262e-09,0.8307512,0.0315017,0.8989611,0.01972795,0.8487214,0.3833702,0.2305315,0,0,0,1
2183,1.953544e-07,0.7707884,2.989994,0.4222866,4.224073,4.586367,1.227747,4.243321,1,8.071831e-09,0.8438365,0.03150169,0.8976178,0.01734375,0.8467448,0.3838996,0.2275122,0,0,0,1
2184,1.873819e-07,0.7707884,2.989994,0.4222866,4.14457,4.57734,1.229186,4.224447,1,7.742415e-09,0.8317614,0.03150169,0.8963019,0.01734375,0.8438932,0.3857289,0.2286883,0,0,0,1
2185,2.476516,0.7983051,2.990854,0.3945942,4.220696,4.569203,1.230652,4.23893,1,0.09886099,0.8433257,0.03261366,0.8951147,0.01621276,0.8460819,0.3828274,0.2276747,0,0,0,1
2186,1.723997e-07,0.7672799,2.990854,0.3945942,4.137948,4.559023,1.232088,4.23801,1,7.123366e-09,0.8307512,0.03135985,0.893628,0.01621276,0.845943,0.3784959,0.229108,0,0,0,1
2187,1.65364e-07,0.7672798,2.990854,0.3945942,3.975697,4.549243,1.233469,4.19754,1,6.832657e-09,0.8057724,0.03135984,0.8921982,0.01621276,0.8398179,0.3856492,0.2312058,0,0,0,1
2188,1.586154e-07,0.7672797,2.990854,0.3623028,4.0552,4.535852,1.234877,4.186469,1,6.553813e-09,0.8180661,0.03135984,0.8902383,0.01489282,0.8381378,0.3848771,0.2287777,0,0,0,1
2189,1.521422e-07,0.7672797,2.990854,0.3623028,4.137948,4.527875,1.236314,4.174066,1,6.286348e-09,0.8307512,0.03135984,0.8890694,0.01489282,0.8362533,0.3819391,0.2299902,0,0,0,1
2190,1.459332e-07,0.7386398,2.990854,0.3623028,4.224073,4.519775,1.23778,4.181024,1,6.029799e-09,0.8438365,0.03020145,0.8878818,0.01489282,0.8373107,0.3863924,0.2274751,0,0,0,1
2191,1.399776e-07,0.7386397,2.990854,0.05732569,4.0552,4.509755,1.239188,4.159839,1,5.78372e-09,0.8180661,0.03020145,0.8864111,0.002366692,0.8340885,0.3819825,0.2271807,0,0,0,1
2192,1.34265e-07,0.6740053,2.990854,0.05732568,4.220696,4.501618,1.240654,4.166124,1,5.547683e-09,0.8433257,0.02758378,0.8852156,0.002366692,0.8350451,0.3818772,0.2278972,0,0,0,1
2193,1.287856e-07,0.6429801,2.990854,0.05732567,4.14457,4.494793,1.242093,4.181132,1,5.321279e-09,0.8317614,0.02632558,0.8842122,0.002366692,0.8373271,0.383447,0.2264958,0,0,0,1
2194,1.235298e-07,0.6429801,2.990854,0.05732566,4.137948,4.487895,1.24353,4.186497,1,5.104114e-09,0.8307512,0.02632558,0.8831972,0.002366691,0.838142,0.3831994,0.2286034,0,0,0,1
2195,1.184885e-07,0.64298,2.990854,0.05732566,4.392946,4.483829,1.245055,4.21483,1,4.895813e-09,0.8691548,0.02632557,0.8825988,0.002366691,0.8424379,0.3828674,0.2277508,0,0,0,1
2196,1.136529e-07,0.6106886,2.990854,0.05732565,4.220696,4.477808,1.246521,4.211545,1,4.696012e-09,0.8433257,0.02501486,0.881712,0.002366691,0.8419404,0.3816459,0.2271343,0,0,0,1
2197,1.090146e-07,0.5796634,2.990854,0.05732564,3.975697,4.466948,1.247901,4.198075,1,4.504365e-09,0.8057724,0.02375442,0.8801112,0.00236669,0.839899,0.3799859,0.2288179,0,0,0,1
2198,2.906219,0.6119547,2.991863,0.4125301,3.975697,4.459284,1.249282,4.16522,1,0.1153454,0.8057724,0.02506627,0.8789802,0.01694539,0.8349077,0.3794961,0.2227384,0,0,0,1
2199,1.002983e-07,0.6119546,2.991863,0.4125301,4.137948,4.451306,1.250718,4.160655,1,4.144216e-09,0.8307512,0.02506627,0.8778022,0.01694538,0.8342128,0.3839698,0.2254301,0,0,0,1
2200,9.620508e-08,0.6119546,2.991863,0.4125301,4.137948,4.444408,1.252155,4.157822,1,3.975088e-09,0.8307512,0.02506627,0.8767827,0.01694538,0.8337813,0.3763085,0.226877,0,0,0,1
2201,9.22789e-08,0.6119546,2.991863,0.4125301,4.0552,4.434432,1.253563,4.117499,1,3.812863e-09,0.8180661,0.02506627,0.8753072,0.01694538,0.8276268,0.3806944,0.2245959,0,0,0,1
2202,8.851295e-08,0.6119545,2.991863,0.4125301,4.137948,4.424252,1.255,4.10348,1,3.657258e-09,0.8307512,0.02506626,0.8738,0.01694538,0.8254808,0.3775857,0.222429,0,0,0,1
2203,8.490069e-08,0.6119545,2.991863,0.4125301,4.0552,4.417471,1.256408,4.108561,1,3.508003e-09,0.8180661,0.02506626,0.872795,0.01694538,0.8262589,0.383668,0.2271233,0,0,0,1
2204,8.143584e-08,0.6119544,2.991863,0.08961692,4.0552,4.409653,1.257816,4.116475,1,3.36484e-09,0.8180661,0.02506626,0.8716356,0.003698129,0.8274701,0.3862804,0.2232998,0,0,0,1
2205,7.81124e-08,0.6119544,2.991863,0.08961692,3.975697,4.399872,1.259197,4.094768,1,3.227519e-09,0.8057724,0.02506626,0.8701839,0.003698129,0.8241456,0.3827487,0.221798,0,0,0,1
2206,7.492459e-08,0.5485366,2.991863,0.08961691,4.058445,4.393127,1.260606,4.083174,1,3.095802e-09,0.8185655,0.02248874,0.8691818,0.003698129,0.822367,0.3777446,0.224051,0,0,0,1
2207,7.186688e-08,0.5485365,2.991863,0.08961691,3.975697,4.385462,1.261986,4.070661,1,2.969461e-09,0.8057724,0.02248874,0.8680422,0.003698129,0.8204448,0.3839326,0.2250122,0,0,0,1
2208,6.893395e-08,0.5485365,2.991863,0.08961691,4.137948,4.378521,1.263423,4.068785,1,2.848275e-09,0.8307512,0.02248874,0.8670095,0.003698129,0.8201563,0.3828813,0.2220558,0,0,0,1
2209,6.612072e-08,0.5485365,2.991863,0.05980826,3.975697,4.370857,1.264803,4.059068,1,2.732035e-09,0.8057724,0.02248873,0.8658683,0.002469097,0.8186615,0.3850735,0.2214002,0,0,0,1
2210,6.34223e-08,0.5485364,2.991863,0.05980825,3.896193,4.361272,1.266156,4.038714,1,2.62054e-09,0.793373,0.02248873,0.8644398,0.002469097,0.8155255,0.382013,0.2208028,0,0,0,1
2211,2.577585,0.5771762,2.992758,0.3748464,3.975697,4.353607,1.267537,4.035035,1,0.1027552,0.8057724,0.02365332,0.8632966,0.01540569,0.8149579,0.382745,0.2246458,0,0,0,1
2212,5.835133e-08,0.5771762,2.992758,0.3748464,4.0552,4.34471,1.268945,4.033755,1,2.411013e-09,0.8180661,0.02365332,0.8619683,0.01540569,0.8147603,0.3787716,0.2219149,0,0,0,1
2213,5.596998e-08,0.5771762,2.992758,0.3748464,3.975697,4.340074,1.270325,4.030996,1,2.312618e-09,0.8057724,0.02365332,0.8612757,0.01540569,0.8143344,0.379508,0.2204034,0,0,0,1
2214,5.368582e-08,0.5421954,2.992758,0.3748464,4.0552,4.333293,1.271733,4.020808,1,2.218239e-09,0.8180661,0.02223076,0.860262,0.01540569,0.8127609,0.3807732,0.2188253,0,0,0,1
2215,5.149487e-08,0.5421954,2.992758,0.3473295,4.0552,4.32954,1.273141,4.027803,1,2.127711e-09,0.8180661,0.02223076,0.8597007,0.01428036,0.8138415,0.3815351,0.2189135,0,0,0,1
2216,4.939334e-08,0.5421954,2.992758,0.3473295,3.743421,4.320331,1.274441,4.006445,1,2.040878e-09,0.7692434,0.02223076,0.8583224,0.01428036,0.8105394,0.381428,0.2183149,0,0,0,1
2217,4.737757e-08,0.5135555,2.992758,0.06093122,3.896193,4.311783,1.275794,3.996728,1,1.957589e-09,0.793373,0.02106501,0.857042,0.002515417,0.8090346,0.3844498,0.2186695,0,0,0,1
2218,2.476516,0.5410723,2.993618,0.3636165,3.975697,4.305155,1.277174,3.987011,1,0.09886099,0.8057724,0.02218506,0.8560482,0.01494654,0.8075283,0.3773511,0.2191765,0,0,0,1
2219,4.358947e-08,0.5124325,2.993618,0.3636165,3.743421,4.295946,1.278474,3.956819,1,1.801069e-09,0.7692434,0.02101928,0.8546665,0.01494654,0.8028378,0.3789745,0.2191404,0,0,0,1
2220,4.181056e-08,0.4814073,2.993618,0.3636165,3.896193,4.286361,1.279827,3.935508,1,1.727566e-09,0.793373,0.01975534,0.8532269,0.01494654,0.7995179,0.3768902,0.2163829,0,0,0,1
2221,4.010424e-08,0.4205735,2.993618,0.3636165,3.975697,4.279733,1.281207,3.925791,1,1.657063e-09,0.8057724,0.01727381,0.8522306,0.01494654,0.7980016,0.3807085,0.2180052,0,0,0,1
2222,3.846757e-08,0.4205735,2.993618,0.3636165,3.975697,4.274101,1.282588,3.948877,1,1.589438e-09,0.8057724,0.01727381,0.8513834,0.01494654,0.8016015,0.3824335,0.2194837,0,0,0,1
2223,3.689769e-08,0.4205734,2.993618,0.3636165,3.819807,4.2657,1.283914,3.936782,1,1.524572e-09,0.7813586,0.01727381,0.8501189,0.01494654,0.7997165,0.384156,0.2188697,0,0,0,1
2224,3.539187e-08,0.4205734,2.993618,0.08844805,3.899311,4.256108,1.285268,3.925643,1,1.462353e-09,0.7938612,0.01727381,0.8486736,0.003649955,0.7979784,0.3797918,0.2147235,0,0,0,1
2225,3.394751e-08,0.4205734,2.993618,0.08844804,3.896193,4.248596,1.286621,3.937098,1,1.402674e-09,0.793373,0.01727381,0.8475409,0.003649955,0.7997658,0.3825325,0.2189398,0,0,0,1
2226,3.256209e-08,0.3930566,2.993618,0.08844804,3.975697,4.241928,1.288001,3.943209,1,1.34543e-09,0.8057724,0.01614993,0.8465345,0.003649955,0.8007185,0.3776021,0.2146953,0,0,0,1
2227,3.123322e-08,0.3930565,2.993618,0.08844804,4.0552,4.236183,1.28941,3.952926,1,1.290522e-09,0.8180661,0.01614993,0.845667,0.003649955,0.802232,0.3746378,0.2157163,0,0,0,1
2228,2.995857e-08,0.3594474,2.993618,0.05615672,4.137948,4.230321,1.290846,3.972757,1,1.237855e-09,0.8307511,0.01477604,0.8447812,0.00231847,0.8053158,0.377643,0.215161,0,0,0,1
2229,2.873595e-08,0.3594474,2.993618,0.05615672,3.819807,4.220924,1.292173,3.969222,1,1.187338e-09,0.7813586,0.01477604,0.8433602,0.00231847,0.8047666,0.3804132,0.2158759,0,0,0,1
2230,2.756322e-08,0.3594473,2.993618,0.05615672,3.975697,4.213259,1.293553,3.975907,1,1.138882e-09,0.8057724,0.01477604,0.8422001,0.00231847,0.805805,0.3805642,0.2146233,0,0,0,1
2231,2.643835e-08,0.3594473,2.993618,0.05615671,3.896193,4.204711,1.294906,3.97414,1,1.092404e-09,0.793373,0.01477604,0.8409051,0.00231847,0.8055306,0.3774122,0.2145832,0,0,0,1
2232,2.577585,0.357062,2.994513,0.3711948,3.819807,4.196351,1.296232,3.953284,1,0.1027552,0.7813586,0.01467848,0.8396376,0.01525641,0.8022877,0.3774938,0.2121499,0,0,0,1
2233,2.432445e-08,0.3272533,2.994513,0.3711948,3.899311,4.188833,1.297586,3.934231,1,1.00506e-09,0.7938612,0.01345878,0.8384968,0.01525641,0.7993187,0.3782438,0.2129082,0,0,0,1
2234,2.333176e-08,0.3272533,2.994513,0.3711948,3.975697,4.183201,1.298967,3.91532,1,9.640427e-10,0.8057724,0.01345878,0.8376415,0.01525641,0.7963657,0.374925,0.2136925,0,0,0,1
2235,2.237958e-08,0.3272533,2.994513,0.3711948,3.975697,4.175537,1.300347,3.932641,1,9.246995e-10,0.8057724,0.01345877,0.8364768,0.01525641,0.7990706,0.380129,0.2119533,0,0,0,1
2236,2.146626e-08,0.3272533,2.994513,0.3711948,3.819807,4.167136,1.301673,3.912668,1,8.869622e-10,0.7813586,0.01345877,0.8351991,0.01525641,0.7959512,0.3778994,0.2134322,0,0,0,1
2237,2.906219,0.3595446,2.995522,0.7263994,3.743421,4.157927,1.302973,3.893113,1,0.1153454,0.7692434,0.01478002,0.8337973,0.02970608,0.7928904,0.3801037,0.2129179,0,0,0,1
2238,1.974991e-08,0.3595446,2.995522,0.440001,3.755407,4.147814,1.304277,3.881707,1,8.160447e-10,0.771151,0.01478002,0.8322563,0.01806676,0.7911022,0.3721643,0.215265,0,0,0,1
2239,1.89439e-08,0.3595446,2.995522,0.440001,3.819807,4.139454,1.305603,3.871141,1,7.827413e-10,0.7813586,0.01478002,0.830981,0.01806676,0.7894436,0.3750388,0.2139761,0,0,0,1
2240,1.817079e-08,0.3595446,2.995522,0.440001,4.058445,4.134742,1.307013,3.882138,1,7.507973e-10,0.8185655,0.01478002,0.8302617,0.01806676,0.7911698,0.378772,0.2136286,0,0,0,1
2241,1.742923e-08,0.3595446,2.995522,0.4113612,3.896193,4.128226,1.308366,3.872421,1,7.201569e-10,0.793373,0.01478002,0.8292666,0.01689765,0.7896447,0.3716827,0.2132088,0,0,0,1
2242,1.671794e-08,0.3595446,2.995522,0.4113612,3.82592,4.119934,1.309694,3.870552,1,6.907667e-10,0.7823237,0.01478002,0.8279991,0.01689765,0.7893512,0.376678,0.2124772,0,0,0,1
2243,1.603567e-08,0.3010961,2.995522,0.08844802,3.899311,4.112416,1.311048,3.887025,1,6.625762e-10,0.7938612,0.01238762,0.8268491,0.003649954,0.7919362,0.3784688,0.210296,0,0,0,1
2244,1.538124e-08,0.3010961,2.995522,0.08844802,3.899311,4.108845,1.312402,3.901282,1,6.355361e-10,0.7938612,0.01238762,0.8263025,0.003649954,0.7941698,0.3797807,0.211841,0,0,0,1
2245,1.475353e-08,0.2688048,2.995522,0.08844802,3.819807,4.100485,1.313728,3.898666,1,6.095996e-10,0.7813586,0.01106418,0.825022,0.003649954,0.7937603,0.3800244,0.2117663,0,0,0,1
2246,1.415143e-08,0.2688048,2.995522,0.08844802,3.819807,4.096031,1.315054,3.873,1,5.847214e-10,0.7813586,0.01106418,0.8243393,0.003649954,0.7897356,0.3792708,0.2071836,0,0,0,1
2247,1.35739e-08,0.2688047,2.995522,0.08844802,3.743421,4.089771,1.316354,3.854328,1,5.608588e-10,0.7692434,0.01106418,0.8233793,0.003649954,0.7868006,0.3770063,0.2086184,0,0,0,1
2248,1.301994e-08,0.2365134,2.995522,0.06093117,3.59664,4.082799,1.317603,3.82464,1,5.379697e-10,0.7456734,0.009739526,0.8223094,0.002515415,0.7821218,0.3821075,0.2084543,0,0,0,1
2249,1.248859e-08,0.2365134,2.995522,0.06093117,3.899311,4.077315,1.318957,3.826373,1,5.16015e-10,0.7938612,0.009739526,0.8214671,0.002515415,0.7823952,0.3804911,0.2073783,0,0,0,1
2250,2.682778,0.2663221,2.996453,0.3888263,3.819807,4.070946,1.320283,3.81669,1,0.1067972,0.7813586,0.01096238,0.8204886,0.01597708,0.7808662,0.3783038,0.2088045,0,0,0,1
2251,1.149006e-08,0.2365134,2.996453,0.3888263,3.743421,4.064686,1.321583,3.805622,1,4.747568e-10,0.7692434,0.009739526,0.819526,0.01597708,0.7791164,0.3732419,0.2078525,0,0,0,1
2252,1.102114e-08,0.2365134,2.996453,0.3888263,3.819807,4.057322,1.322909,3.80389,1,4.553815e-10,0.7813586,0.009739525,0.8183928,0.01597708,0.7788424,0.3773918,0.2079335,0,0,0,1
2253,1.057136e-08,0.2365134,2.996453,0.3888263,3.59664,4.047478,1.324158,3.785101,1,4.367971e-10,0.7456734,0.009739525,0.8168766,0.01597708,0.7758666,0.3745278,0.2085479,0,0,0,1
2254,1.013994e-08,0.2365134,2.996453,0.3888263,3.743421,4.039265,1.325458,3.799678,1,4.189714e-10,0.7692434,0.009739525,0.8156105,0.01597708,0.7781758,0.3793158,0.2083088,0,0,0,1
2255,9.726124e-09,0.2365134,2.996453,0.3888263,3.819807,4.032897,1.326784,3.789996,1,4.018727e-10,0.7813586,0.009739525,0.8146279,0.01597708,0.7766424,0.3790107,0.2059083,0,0,0,1
2256,9.329196e-09,0.2365134,2.996453,0.09073981,3.743421,4.024684,1.328084,3.778928,1,3.854722e-10,0.7692434,0.009739525,0.8133597,0.003744406,0.7748875,0.3729616,0.2079582,0,0,0,1
2257,8.948466e-09,0.2365134,2.996453,0.09073981,3.746417,4.017501,1.329385,3.775829,1,3.697408e-10,0.7697203,0.009739524,0.8122496,0.003744406,0.7743959,0.3753853,0.2037323,0,0,0,1
2258,8.583275e-09,0.2365134,2.996453,0.09073981,3.743421,4.009288,1.330685,3.762958,1,3.546513e-10,0.7692434,0.009739524,0.8109794,0.003744406,0.7723517,0.3798168,0.2045749,0,0,0,1
2259,8.232987e-09,0.2365134,2.996453,0.09073981,3.670031,4.000259,1.331959,3.769449,1,3.401779e-10,0.7575065,0.009739524,0.8095817,0.003744406,0.7733829,0.3830039,0.2074445,0,0,0,1
2260,7.896994e-09,0.2365134,2.996453,0.0907398,3.746417,3.993076,1.33326,3.767234,1,3.262953e-10,0.7697203,0.009739524,0.8084686,0.003744406,0.7730311,0.3792863,0.2047058,0,0,0,1
2261,7.574713e-09,0.2365134,2.996453,0.0907398,3.746417,3.986849,1.334561,3.757415,1,3.129789e-10,0.7697203,0.009739524,0.8075032,0.003744406,0.7714705,0.3810897,0.205547,0,0,0,1
2262,7.265585e-09,0.2365134,2.996453,0.06209997,3.819807,3.978489,1.335887,3.765903,1,3.002059e-10,0.7813586,0.009739524,0.8062059,0.002563624,0.7728196,0.3798564,0.2015744,0,0,0,1
2263,6.969073e-09,0.2365134,2.996453,0.06209997,3.670031,3.970456,1.337161,3.754868,1,2.879544e-10,0.7575065,0.009739523,0.8049583,0.002563624,0.7710653,0.3792713,0.2067005,0,0,0,1
2264,6.684661e-09,0.2365134,2.996453,0.06209997,3.59664,3.964442,1.33841,3.734347,1,2.762029e-10,0.7456734,0.009739523,0.8040235,0.002563624,0.7677973,0.3787039,0.2062957,0,0,0,1
2265,6.411856e-09,0.2365134,2.996453,0.06209997,3.526127,3.955767,1.339635,3.713362,1,2.649307e-10,0.734212,0.009739523,0.8026742,0.002563624,0.7644477,0.3742399,0.201506,0,0,0,1
2266,6.150185e-09,0.2365133,2.996453,0.06209997,3.819807,3.950356,1.340961,3.721517,1,2.541189e-10,0.7813586,0.009739523,0.8018318,0.002563624,0.7657503,0.3774526,0.2035208,0,0,0,1
2267,5.899193e-09,0.2365133,2.996453,0.02980865,3.599517,3.942497,1.342211,3.703596,1,2.437481e-10,0.7461392,0.009739523,0.8006075,0.001231135,0.7628862,0.3742945,0.2033397,0,0,0,1
2268,2.577585,0.2651532,2.997348,0.3448468,3.670031,3.935422,1.343485,3.686005,1,0.1027552,0.7575065,0.01091445,0.7995044,0.01417879,0.7600694,0.3796085,0.2041033,0,0,0,1
2269,5.427519e-09,0.2353445,2.997348,0.3448468,3.59664,3.930327,1.344734,3.675371,1,2.242591e-10,0.7456734,0.009691552,0.7987095,0.01417879,0.7583638,0.3797807,0.2013808,0,0,0,1
2270,2.682778,0.2651532,2.99828,0.6727419,3.670031,3.925128,1.346008,3.67921,1,0.1067972,0.7575065,0.01091445,0.7978979,0.02753256,0.7589797,0.3747015,0.1997683,0,0,0,1
2271,4.993559e-09,0.2651532,2.99828,0.6727419,3.599517,3.917269,1.347258,3.684068,1,2.063282e-10,0.7461392,0.01091445,0.7966703,0.02753256,0.7597588,0.3786616,0.2007702,0,0,0,1
2272,4.789769e-09,0.2651532,2.99828,0.6727419,3.599517,3.911286,1.348508,3.657076,1,1.97908e-10,0.7461392,0.01091445,0.7957351,0.02753256,0.7554248,0.3710842,0.2005265,0,0,0,1
2273,4.594296e-09,0.2651532,2.99828,0.6727419,3.670031,3.90513,1.349782,3.662363,1,1.898312e-10,0.7575065,0.01091445,0.7947721,0.02753256,0.7562748,0.3777165,0.2017177,0,0,0,1
2274,4.4068e-09,0.2651532,2.99828,0.3863436,3.526127,3.898258,1.351007,3.642227,1,1.82084e-10,0.734212,0.01091445,0.7936965,0.01587562,0.7530351,0.3769713,0.2017161,0,0,0,1
2275,4.226956e-09,0.2376363,2.99828,0.3863436,3.526127,3.890541,1.352231,3.631129,1,1.746531e-10,0.734212,0.009785609,0.7924874,0.01587562,0.7512463,0.3813823,0.2022442,0,0,0,1
2276,4.054452e-09,0.2376363,2.99828,0.08825712,3.743421,3.886157,1.353531,3.638435,1,1.675254e-10,0.7692434,0.009785609,0.7918002,0.003642087,0.7524241,0.3773633,0.1994469,0,0,0,1
2277,3.888987e-09,0.2376363,2.99828,0.08825712,3.526127,3.881162,1.354755,3.627866,1,1.606887e-10,0.734212,0.009785609,0.7910168,0.003642087,0.75072,0.3769795,0.1992719,0,0,0,1
2278,3.730276e-09,0.2376363,2.99828,0.08825712,3.526127,3.875284,1.355979,3.618928,1,1.541309e-10,0.734212,0.009785609,0.7900941,0.003642087,0.7492773,0.3772211,0.198093,0,0,0,1
2279,3.578041e-09,0.2376363,2.99828,0.08825712,3.670031,3.870085,1.357254,3.616381,1,1.478407e-10,0.7575065,0.009785609,0.7892777,0.003642087,0.7488658,0.3806664,0.2001862,0,0,0,1
2280,3.432019e-09,0.2376363,2.99828,0.05844848,3.59664,3.863113,1.358503,3.621736,1,1.418074e-10,0.7456734,0.009785609,0.7881823,0.002413008,0.7497306,0.3798337,0.1993404,0,0,0,1
2281,3.291957e-09,0.2376363,2.99828,0.05844848,3.670031,3.858833,1.359777,3.63691,1,1.360201e-10,0.7575065,0.009785609,0.7875093,0.002413008,0.7521783,0.3723345,0.201357,0,0,0,1
2282,3.15761e-09,0.2376363,2.99828,0.05844848,3.59664,3.851899,1.361026,3.618121,1,1.304691e-10,0.7456734,0.009785609,0.7864184,0.002413008,0.7491469,0.3762641,0.1991518,0,0,0,1
2283,3.028746e-09,0.2376363,2.99828,0.05844848,3.670031,3.846627,1.3623,3.634926,1,1.251444e-10,0.7575065,0.009785609,0.7855883,0.002413008,0.7518585,0.3761832,0.19617,0,0,0,1
2284,2.905142e-09,0.2376363,2.99828,0.05844848,3.458378,3.839076,1.363501,3.624231,1,1.200372e-10,0.7231137,0.009785609,0.7843987,0.002413008,0.7501334,0.3757507,0.1979645,0,0,0,1
2285,2.786581e-09,0.2376363,2.99828,0.05844848,3.455613,3.828661,1.364701,3.59636,1,1.151385e-10,0.7226589,0.009785609,0.7827563,0.002413008,0.7456281,0.3747744,0.196038,0,0,0,1
2286,2.672859e-09,0.2376363,2.99828,0.05844848,3.531769,3.821006,1.365927,3.586801,1,1.104397e-10,0.7351326,0.009785608,0.781548,0.002413008,0.7440796,0.3765984,0.196605,0,0,0,1
2287,2.563779e-09,0.2376363,2.99828,0.05844848,3.670031,3.81761,1.367201,3.585952,1,1.059325e-10,0.7575065,0.009785608,0.7810115,0.002413008,0.743942,0.381917,0.1953872,0,0,0,1
2288,2.459149e-09,0.205345,2.99828,0.05844848,3.599517,3.81343,1.368451,3.584673,1,1.016095e-10,0.7461392,0.008459778,0.7803511,0.002413008,0.7437347,0.3807275,0.1965314,0,0,0,1
2289,2.35879e-09,0.205345,2.99828,0.05844848,3.387865,3.805096,1.369628,3.550186,1,9.746265e-11,0.711471,0.008459777,0.7790332,0.002413008,0.738133,0.3811298,0.1934953,0,0,0,1
2290,2.262527e-09,0.205345,2.99828,0.05844848,3.526127,3.798298,1.370852,3.555266,1,9.348528e-11,0.734212,0.008459777,0.7779574,0.002413008,0.7389594,0.3752345,0.1943653,0,0,0,1
2291,2.170192e-09,0.205345,2.99828,0.05844848,3.599517,3.793235,1.372102,3.569623,1,8.966999e-11,0.7461392,0.008459777,0.7771556,0.002413008,0.7412928,0.3745013,0.1945602,0,0,0,1
2292,2.081625e-09,0.205345,2.99828,0.05844848,3.59664,3.78722,1.373351,3.574351,1,8.60104e-11,0.7456734,0.008459777,0.7762026,0.002413008,0.7420604,0.3758948,0.1953045,0,0,0,1
2293,1.996673e-09,0.205345,2.99828,0.05844848,3.458378,3.780589,1.374551,3.548483,1,8.25004e-11,0.7231137,0.008459777,0.7751511,0.002413008,0.7378557,0.3802461,0.1945617,0,0,0,1
2294,1.915187e-09,0.205345,2.99828,0.05844848,3.455613,3.773927,1.375751,3.530926,1,7.91336e-11,0.7226589,0.008459777,0.7740939,0.002413008,0.7349951,0.3770762,0.1973453,0,0,0,1
2295,1.837028e-09,0.205345,2.99828,0.05844848,3.531769,3.768994,1.376978,3.546978,1,7.590391e-11,0.7351326,0.008459777,0.7733107,0.002413008,0.7376108,0.3798616,0.1961335,0,0,0,1
2296,1.762058e-09,0.205345,2.99828,0.05844848,3.455613,3.762296,1.378177,3.535097,1,7.28062e-11,0.7226589,0.008459777,0.7722465,0.002413008,0.7356752,0.3716561,0.1943993,0,0,0,1
2297,1.690147e-09,0.205345,2.99828,0.05844848,3.455613,3.756518,1.379377,3.517509,1,6.983502e-11,0.7226589,0.008459777,0.7713277,0.002413008,0.732805,0.3751872,0.1964547,0,0,0,1
2298,1.621171e-09,0.205345,2.99828,0.02980865,3.455613,3.748936,1.380577,3.499457,1,6.698493e-11,0.7226589,0.008459777,0.7701215,0.001231135,0.7298533,0.37648,0.1953115,0,0,0,1
2299,1.55501e-09,0.205345,2.99828,0.02980865,3.320117,3.741652,1.38173,3.481022,1,6.425144e-11,0.7001957,0.008459777,0.7689615,0.001231135,0.7268326,0.3779645,0.1932559,0,0,0,1
2300,1.491549e-09,0.205345,2.99828,2.076397e-09,3.455613,3.736757,1.38293,3.478639,1,6.162912e-11,0.7226589,0.008459777,0.7681814,8.579449e-11,0.7264418,0.3775656,0.1944372,0,0,0,1
2301,1.430679e-09,0.1767051,2.99828,1.991753e-09,3.455613,3.730978,1.38413,3.468579,1,5.911411e-11,0.7226589,0.007282849,0.7672601,8.229699e-11,0.7247902,0.3807603,0.192756,0,0,0,1
2302,1.372292e-09,0.1767051,2.99828,1.910323e-09,3.387865,3.723563,1.385306,3.4587,1,5.670161e-11,0.711471,0.007282849,0.766077,7.893243e-11,0.7231665,0.3758943,0.1926895,0,0,0,1
2303,1.316288e-09,0.1767051,2.99828,1.83247e-09,3.393287,3.717092,1.386484,3.448699,1,5.438746e-11,0.7123695,0.007282849,0.7650436,7.571554e-11,0.7215211,0.3799289,0.1927977,0,0,0,1
2304,1.262569e-09,0.1767051,2.99828,1.75771e-09,3.59664,3.711997,1.387733,3.465152,1,5.216812e-11,0.7456734,0.007282849,0.7642295,7.262648e-11,0.7242272,0.3758191,0.1906333,0,0,0,1
2305,1.211043e-09,0.1767051,2.99828,1.686001e-09,3.387865,3.704582,1.388909,3.471144,1,5.003912e-11,0.711471,0.007282849,0.7630439,6.966364e-11,0.7252114,0.3817053,0.1941367,0,0,0,1
2306,1.16162e-09,0.1767051,2.99828,1.617284e-09,3.320117,3.699879,1.390062,3.451385,1,4.799694e-11,0.7001957,0.007282849,0.7622914,6.682443e-11,0.7219632,0.3793827,0.1890169,0,0,0,1
2307,1.114214e-09,0.1767051,2.99828,1.551295e-09,3.466677,3.695106,1.391266,3.451954,1,4.603804e-11,0.7244778,0.007282849,0.7615274,6.409768e-11,0.7220569,0.3767704,0.1869022,0,0,0,1
2308,1.068742e-09,0.1491883,2.99828,1.488176e-09,3.59664,3.690894,1.392515,3.475935,1,4.415924e-11,0.7456734,0.006151164,0.7608528,6.148977e-11,0.7259979,0.3778781,0.1909069,0,0,0,1
2309,1.025126e-09,0.1491883,2.99828,1.427482e-09,3.387865,3.686944,1.393691,3.472197,1,4.235699e-11,0.711471,0.006151164,0.7602198,5.898213e-11,0.7253844,0.3751593,0.1924067,0,0,0,1
2310,9.8329e-10,0.1491883,2.99828,1.369355e-09,3.260234,3.679878,1.394823,3.431081,1,4.062842e-11,0.6901554,0.006151164,0.7590868,5.65802e-11,0.7186177,0.3766016,0.1912173,0,0,0,1
2311,9.431614e-10,0.1491883,2.99828,1.313553e-09,3.387865,3.673346,1.396,3.427946,1,3.897032e-11,0.711471,0.006151164,0.7580388,5.42747e-11,0.7181004,0.3805351,0.1904933,0,0,0,1
2312,9.046705e-10,0.1491883,2.99828,1.259812e-09,3.387865,3.666815,1.397176,3.433154,1,3.738014e-11,0.711471,0.006151164,0.75699,5.205408e-11,0.7189595,0.3782434,0.1885888,0,0,0,1
2313,8.677504e-10,0.1491883,2.99828,1.208314e-09,3.455613,3.662768,1.398376,3.429542,1,3.585435e-11,0.7226589,0.006151164,0.7563398,4.992636e-11,0.7183638,0.3768822,0.1873497,0,0,0,1
2314,8.32337e-10,0.1491883,2.99828,1.15902e-09,3.255025,3.655609,1.399506,3.389325,1,3.439135e-11,0.6892788,0.006151164,0.7551889,4.78893e-11,0.7117131,0.3732012,0.1868317,0,0,0,1
2315,7.983689e-10,0.1491883,2.99828,1.111665e-09,3.455613,3.650714,1.400706,3.396853,1,3.298761e-11,0.7226589,0.006151164,0.7544014,4.593265e-11,0.7129602,0.3800469,0.1879928,0,0,0,1
2316,7.65787e-10,0.1491883,2.99828,1.066231e-09,3.320117,3.64343,1.401859,3.401155,1,3.164153e-11,0.7001957,0.006151164,0.7532287,4.405544e-11,0.7136725,0.3776917,0.1908341,0,0,0,1
2317,7.345349e-10,0.1491883,2.99828,1.022676e-09,3.189933,3.633816,1.402966,3.373828,1,3.035022e-11,0.6782787,0.006151164,0.7516795,4.225576e-11,0.709142,0.3811892,0.1848048,0,0,0,1
2318,7.045581e-10,0.1491883,2.99828,9.809406e-10,3.387865,3.625481,1.404143,3.371476,1,2.911146e-11,0.711471,0.006151164,0.7503352,4.053135e-11,0.7087515,0.3693966,0.1865761,0,0,0,1
2319,6.758047e-10,0.1491883,2.99828,9.410239e-10,3.189933,3.618483,1.40525,3.339757,1,2.792363e-11,0.6782787,0.006151164,0.7492054,3.888223e-11,0.7034734,0.3793494,0.1846322,0,0,0,1
2320,6.482247e-10,0.1491883,2.99828,9.024613e-10,3.255025,3.610475,1.40638,3.336745,1,2.678385e-11,0.6892788,0.006151164,0.7479116,3.728885e-11,0.7029712,0.379742,0.1872067,0,0,0,1
2321,6.217703e-10,0.1491883,2.99828,8.656571e-10,3.255025,3.603351,1.407511,3.310629,1,2.569084e-11,0.6892788,0.006151164,0.7467595,3.576786e-11,0.6986096,0.375485,0.1875363,0,0,0,1
2322,5.963955e-10,0.1205484,2.99828,8.303687e-10,3.458378,3.599335,1.408711,3.324456,1,2.464236e-11,0.7231137,0.004972351,0.7461097,3.430998e-11,0.7009204,0.375758,0.1841177,0,0,0,1
2323,5.720563e-10,0.1205484,2.99828,7.963333e-10,3.260234,3.592235,1.409844,3.330065,1,2.36368e-11,0.6901554,0.004972351,0.74496,3.290368e-11,0.7018569,0.3774113,0.1834897,0,0,0,1
2324,5.487104e-10,0.1205484,2.99828,7.639755e-10,3.387865,3.585703,1.41102,3.329312,1,2.267225e-11,0.711471,0.004972351,0.7439017,3.156657e-11,0.7017313,0.3729083,0.1854353,0,0,0,1
2325,5.263172e-10,0.1205484,2.99828,7.326283e-10,3.189933,3.576972,1.412127,3.325514,1,2.174678e-11,0.6782787,0.004972351,0.7424858,3.027142e-11,0.7010972,0.3830965,0.1841952,0,0,0,1
2326,5.048379e-10,0.1205484,2.99828,7.028979e-10,3.320117,3.57142,1.41328,3.331241,1,2.085943e-11,0.7001957,0.004972351,0.7415846,2.904291e-11,0.7020531,0.3753244,0.1845521,0,0,0,1
2327,4.842352e-10,0.08825712,2.99828,6.741377e-10,3.320117,3.566717,1.414433,3.336968,1,2.000796e-11,0.7001957,0.003642087,0.7408208,2.785475e-11,0.7030085,0.373004,0.1834342,0,0,0,1
2328,4.644733e-10,0.08825712,2.99828,6.465295e-10,3.455613,3.563386,1.415633,3.336661,1,1.919141e-11,0.7226589,0.003642087,0.7402796,2.671401e-11,0.7029572,0.3786353,0.1827245,0,0,0,1
2329,4.455179e-10,0.08825712,2.99828,6.202552e-10,3.320117,3.557834,1.416786,3.343314,1,1.840817e-11,0.7001957,0.003642087,0.739377,2.562837e-11,0.7040664,0.3736487,0.1842085,0,0,0,1
2330,4.273361e-10,0.08825712,2.99828,5.948904e-10,3.320117,3.54963,1.417939,3.334281,1,1.765697e-11,0.7001957,0.003642087,0.7380425,2.458021e-11,0.7025604,0.3787858,0.1825332,0,0,0,1
2331,4.098963e-10,0.08825712,2.99828,5.705968e-10,3.320117,3.543229,1.419091,3.347241,1,1.693652e-11,0.7001957,0.003642086,0.7370003,2.357658e-11,0.7047205,0.3758577,0.182376,0,0,0,1
2332,3.931682e-10,0.08825712,2.99828,5.471924e-10,3.192486,3.536191,1.4202,3.330889,1,1.624522e-11,0.6787116,0.003642086,0.7358535,2.260946e-11,0.7019943,0.3731449,0.1782691,0,0,0,1
2333,3.771228e-10,0.08825712,2.99828,5.248189e-10,3.255025,3.529032,1.42133,3.32212,1,1.558243e-11,0.6892788,0.003642086,0.7346861,2.168495e-11,0.7005303,0.3763264,0.1811728,0,0,0,1
2334,3.617322e-10,0.08825712,2.99828,5.034963e-10,3.320117,3.522597,1.422483,3.303992,1,1.494623e-11,0.7001957,0.003642086,0.7336359,2.080401e-11,0.697499,0.3796009,0.1808466,0,0,0,1
2335,3.469697e-10,0.08825712,2.99828,4.829821e-10,3.127394,3.514903,1.423569,3.279684,1,1.433629e-11,0.6676303,0.003642086,0.7323794,1.995639e-11,0.6934243,0.371831,0.1792626,0,0,0,1
2336,3.328097e-10,0.08825712,2.99828,4.632562e-10,3.189933,3.507905,1.424676,3.263773,1,1.375135e-11,0.6782787,0.003642086,0.7312354,1.914111e-11,0.6907508,0.3727098,0.1796723,0,0,0,1
2337,3.192275e-10,0.08825712,2.99828,4.442983e-10,3.064854,3.500365,1.425741,3.230946,1,1.319011e-11,0.6569027,0.003642086,0.7300019,1.835788e-11,0.6852193,0.3735164,0.1818666,0,0,0,1
2338,3.061997e-10,0.08825712,2.99828,4.261084e-10,3.320117,3.497293,1.426893,3.242055,1,1.265193e-11,0.7001957,0.003642086,0.729499,1.760635e-11,0.6870936,0.3800754,0.1809333,0,0,0,1
2339,2.937035e-10,0.08825712,2.99828,4.086663e-10,3.064854,3.488021,1.427958,3.217336,1,1.213554e-11,0.6569027,0.003642086,0.7279802,1.688558e-11,0.6829197,0.3764887,0.1835915,0,0,0,1
2340,2.817173e-10,0.05844848,2.99828,3.91972e-10,3.192486,3.481051,1.429066,3.202401,1,1.164029e-11,0.6787116,0.002413008,0.7268373,1.619588e-11,0.6803922,0.3798279,0.1774866,0,0,0,1
2341,2.702203e-10,0.05844848,2.99828,3.760053e-10,3.320117,3.476347,1.430219,3.223062,1,1.116522e-11,0.7001957,0.002413008,0.7260656,1.553598e-11,0.6838878,0.3798569,0.1789844,0,0,0,1
2342,2.591924e-10,0.05844848,2.99828,3.605439e-10,3.067306,3.467986,1.431284,3.205875,1,1.07097e-11,0.6573249,0.002413008,0.7246928,1.489722e-11,0.6809806,0.3801703,0.1765243,0,0,0,1
2343,2.486147e-10,0.05844848,2.99828,3.45992e-10,3.064854,3.462077,1.432348,3.201534,1,1.027243e-11,0.6569027,0.002413008,0.7237219,1.429593e-11,0.6802452,0.3735937,0.1786201,0,0,0,1
2344,2.384686e-10,0.05844848,2.99828,3.319049e-10,3.189933,3.455928,1.433456,3.186346,1,9.853099e-12,0.6782787,0.002413008,0.7227106,1.371387e-11,0.6776699,0.378518,0.1798126,0,0,0,1
2345,2.287365e-10,0.05844848,2.99828,3.18505e-10,3.320117,3.450375,1.434609,3.213203,1,9.451069e-12,0.7001957,0.002413008,0.721797,1.316032e-11,0.6822207,0.3756989,0.1785685,0,0,0,1
2346,2.194017e-10,0.05844848,2.99828,3.0557e-10,3.189933,3.444226,1.435716,3.211473,1,9.065377e-12,0.6782787,0.002413008,0.7207844,1.262567e-11,0.681928,0.379249,0.181616,0,0,0,1
2347,2.104478e-10,0.05844848,2.99828,2.930796e-10,3.127394,3.437348,1.436802,3.189364,1,8.695381e-12,0.6676303,0.002413008,0.719651,1.210959e-11,0.6781821,0.3772896,0.1797375,0,0,0,1
2348,2.018593e-10,0.05844848,2.99828,2.81236e-10,3.127394,3.430503,1.437888,3.193146,1,8.340761e-12,0.6676303,0.002413008,0.7185223,1.162043e-11,0.6788236,0.3816515,0.1770072,0,0,0,1
2349,1.936213e-10,0.05844848,2.99828,2.695944e-10,3.067306,3.423806,1.438953,3.192056,1,8.000238e-12,0.6573249,0.002413008,0.7174171,1.113928e-11,0.6786388,0.3775926,0.1778865,0,0,0,1
2350,1.857195e-10,0.05844848,2.99828,2.585997e-10,3.255025,3.418346,1.440083,3.199289,1,7.673808e-12,0.6892788,0.002413008,0.7165154,1.068503e-11,0.6798648,0.3725455,0.1804258,0,0,0,1
2351,1.781402e-10,0.05844848,2.99828,2.480091e-10,3.064854,3.410773,1.441148,3.168813,1,7.360513e-12,0.6569027,0.002413008,0.7152637,1.024744e-11,0.6746914,0.3766181,0.1760743,0,0,0,1
2352,1.708702e-10,0.05844848,2.99828,2.378228e-10,3.004767,3.401717,1.442191,3.143199,1,7.060032e-12,0.6465201,0.002413008,0.7137656,9.826511e-12,0.6703288,0.3741362,0.1753613,0,0,0,1
2353,1.638969e-10,0.05844848,2.99828,2.280406e-10,3.067306,3.39502,1.443256,3.134379,1,6.772043e-12,0.6573249,0.002413008,0.7126567,9.422238e-12,0.6688235,0.3770254,0.1734174,0,0,0,1
2354,1.572082e-10,0.05844848,2.99828,2.186223e-10,3.064854,3.389111,1.44432,3.123841,1,6.495588e-12,0.6569027,0.002413008,0.7116776,9.033343e-12,0.667023,0.3743192,0.1736448,0,0,0,1
2355,1.507924e-10,0.05844848,2.99828,2.098103e-10,3.067306,3.384013,1.445385,3.122478,1,6.230664e-12,0.6573249,0.002413008,0.7108324,8.669113e-12,0.66679,0.3783214,0.1720437,0,0,0,1
2356,1.446385e-10,0.05844848,2.99828,2.013621e-10,3.189933,3.377015,1.446493,3.1138,1,5.976312e-12,0.6782787,0.002413008,0.7096711,8.319939e-12,0.6653052,0.3829556,0.1733529,0,0,0,1
2357,1.387357e-10,0.05844848,2.99828,1.930756e-10,3.067306,3.371101,1.447558,3.111263,1,5.732532e-12,0.6573249,0.002413008,0.7086892,7.977814e-12,0.664871,0.3783229,0.1750711,0,0,0,1
2358,1.330738e-10,0.02980865,2.99828,1.851529e-10,3.127394,3.365072,1.448644,3.121241,1,5.498361e-12,0.6676303,0.001231135,0.7076874,7.650423e-12,0.6665785,0.3775217,0.1712392,0,0,0,1
2359,1.27643e-10,0.02980865,2.99828,1.775738e-10,3.064854,3.359163,1.449708,3.118133,1,5.274121e-12,0.6569027,0.001231135,0.7067049,7.337128e-12,0.6660467,0.3750279,0.1759527,0,0,0,1
2360,1.224338e-10,1.32762e-09,2.99828,1.703383e-10,3.004767,3.351772,1.450751,3.107952,1,5.058851e-12,0.6465201,5.48558e-11,0.7054749,7.038248e-12,0.664304,0.3749688,0.1729829,0,0,0,1
2361,1.174372e-10,1.273454e-09,2.99828,1.634665e-10,3.064854,3.345831,1.451815,3.104844,1,4.85223e-12,0.6569027,5.261788e-11,0.7044857,6.754105e-12,0.6637714,0.3717566,0.1746233,0,0,0,1
2362,1.126446e-10,1.221492e-09,2.99828,1.56716e-10,3.127394,3.340585,1.452901,3.097172,1,4.654258e-12,0.6676303,5.047062e-11,0.7036115,6.475406e-12,0.6624562,0.373796,0.1735536,0,0,0,1
2363,1.080475e-10,1.171631e-09,2.99828,1.502889e-10,3.255025,3.335974,1.454031,3.118029,1,4.464295e-12,0.6892788,4.84105e-11,0.7028427,6.209842e-12,0.666029,0.3766451,0.1713749,0,0,0,1
2364,1.03638e-10,1.123812e-09,2.99828,1.441852e-10,3.189933,3.332238,1.455139,3.123532,1,4.282341e-12,0.6782787,4.643463e-11,0.7022195,5.957733e-12,0.6669701,0.3748805,0.1714717,0,0,0,1
2365,9.940848e-11,1.077953e-09,2.99828,1.384049e-10,3.067306,3.32714,1.456204,3.123136,1,4.107434e-12,0.6573249,4.45398e-11,0.7013687,5.718757e-12,0.6669025,0.3791585,0.1725339,0,0,0,1
2366,9.535157e-11,1.033954e-09,2.99828,1.327256e-10,3.067306,3.319628,1.457269,3.128723,1,3.939894e-12,0.6573249,4.272186e-11,0.700114,5.483946e-12,0.6678573,0.3763784,0.1724227,0,0,0,1
2367,9.146022e-11,9.917534e-10,2.99828,1.271676e-10,3.067306,3.31453,1.458334,3.129022,1,3.779082e-12,0.6573249,4.097823e-11,0.6992619,5.254581e-12,0.6679086,0.3795021,0.1675143,0,0,0,1
2368,8.772768e-11,9.512708e-10,2.99828,1.219127e-10,3.192486,3.310823,1.459443,3.134837,1,3.624677e-12,0.6787116,3.93054e-11,0.698642,5.037388e-12,0.6689017,0.3688393,0.1712601,0,0,0,1
2369,8.414746e-11,9.124455e-10,2.99828,1.16961e-10,2.947036,3.30279,1.460466,3.099307,1,3.476999e-12,0.6364737,3.770113e-11,0.6972977,4.832689e-12,0.6628222,0.3799595,0.1738632,0,0,0,1
2370,8.071336e-11,8.751966e-10,2.99828,1.120902e-10,3.064854,3.296881,1.46153,3.083991,1,3.335087e-12,0.6569027,3.61622e-11,0.6963081,4.631514e-12,0.6601937,0.3790056,0.1710621,0,0,0,1
2371,7.74194e-11,8.394838e-10,2.99828,1.075225e-10,3.132398,3.290907,1.462618,3.089137,1,3.198942e-12,0.6684853,3.46867e-11,0.695307,4.442832e-12,0.6610776,0.3768513,0.1716922,0,0,0,1
2372,7.425988e-11,8.052262e-10,2.99828,1.03258e-10,3.067306,3.285026,1.463683,3.089137,1,3.068242e-12,0.6573249,3.327111e-11,0.6943206,4.266644e-12,0.6610776,0.3747476,0.1692239,0,0,0,1
2373,7.122929e-11,7.723631e-10,2.99828,9.905408e-11,3.127394,3.278996,1.464769,3.096509,1,2.942988e-12,0.6676303,3.191318e-11,0.6933088,4.092698e-12,0.6623424,0.3785249,0.171928,0,0,0,1
2374,6.832238e-11,7.408542e-10,2.99828,9.515336e-11,3.127394,3.275319,1.465855,3.088581,1,2.822859e-12,0.6676303,3.06113e-11,0.6926912,3.931565e-12,0.6609821,0.3772874,0.164692,0,0,0,1
2375,6.553411e-11,7.106185e-10,2.99828,9.131327e-11,3.127394,3.271672,1.466941,3.10648,1,2.707857e-12,0.6676303,2.936197e-11,0.6920786,3.772996e-12,0.6640517,0.3753513,0.1693181,0,0,0,1
2376,6.285963e-11,6.81636e-10,2.99828,8.775613e-11,3.004767,3.265816,1.467984,3.097746,1,2.597338e-12,0.6465201,2.816453e-11,0.6910943,3.625958e-12,0.6625547,0.3710724,0.1667665,0,0,0,1
2377,6.029429e-11,6.538256e-10,2.99828,8.405752e-11,3.004767,3.258424,1.469027,3.082202,1,2.491305e-12,0.6465201,2.701546e-11,0.689851,3.473155e-12,0.6598865,0.3733297,0.1685695,0,0,0,1
2378,5.783365e-11,6.271471e-10,2.99828,8.064186e-11,2.94468,3.251148,1.47005,3.066547,1,2.389756e-12,0.6360621,2.591316e-11,0.688626,3.331884e-12,0.6571941,0.3816274,0.1674142,0,0,0,1
2379,5.547343e-11,6.015398e-10,2.99828,7.728684e-11,2.831481,3.244966,1.471033,3.031047,1,2.292052e-12,0.6161522,2.485507e-11,0.6875844,3.193496e-12,0.6510703,0.37626,0.1653479,0,0,0,1
2380,5.320953e-11,5.769834e-10,2.99828,7.399245e-11,2.947036,3.238532,1.472056,3.007585,1,2.198512e-12,0.6364737,2.384022e-11,0.6864995,3.05735e-12,0.6470088,0.3718158,0.1680195,0,0,0,0
2381,5.103802e-11,5.534376e-10,2.99828,7.09608e-11,2.829217,3.229973,1.473038,2.971837,1,2.108816e-12,0.6157512,2.286734e-11,0.6850551,2.932096e-12,0.6407981,0.3717155,0.1650051,0,0,0,0
2382,4.895513e-11,5.30862e-10,2.99828,6.798978e-11,3.067306,3.224092,1.474103,2.97948,1,2.022644e-12,0.6573249,2.19345e-11,0.6840617,2.809405e-12,0.6421283,0.3765582,0.1664572,0,0,0,0
2383,4.695724e-11,5.091958e-10,2.99828,6.528151e-11,2.94468,3.218384,1.475126,2.971441,1,1.940316e-12,0.6360621,2.103947e-11,0.683097,2.697285e-12,0.6407293,0.3751284,0.1668343,0,0,0,0
2384,4.504089e-11,4.884189e-10,2.99828,6.263387e-11,2.886948,3.212065,1.476128,2.96305,1,1.861191e-12,0.6259424,2.018095e-11,0.6820283,2.588048e-12,0.6392675,0.3773706,0.1647239,0,0,0,0
2385,4.320275e-11,4.684908e-10,2.99828,6.022876e-11,2.947036,3.205568,1.477152,2.974553,1,1.784949e-12,0.6364737,1.935767e-11,0.6809286,2.488742e-12,0.641271,0.3710856,0.1634974,0,0,0,0
2386,4.143962e-11,4.493712e-10,2.99828,5.786407e-11,2.886948,3.19925,1.478154,2.96451,1,1.712231e-12,0.6259424,1.856738e-11,0.6798583,2.391037e-12,0.639522,0.3739488,0.1653512,0,0,0,0
2387,3.974845e-11,4.310399e-10,2.99828,5.556002e-11,2.947036,3.193599,1.479177,2.976265,1,1.642397e-12,0.6364737,1.781009e-11,0.6789004,2.295575e-12,0.6415689,0.3741636,0.1655991,0,0,0,0
2388,3.812629e-11,4.134563e-10,2.99828,5.329639e-11,2.947036,3.187948,1.480201,2.960897,1,1.575445e-12,0.6364737,1.708355e-11,0.6779419,2.202035e-12,0.6388923,0.3770664,0.1654788,0,0,0,0
2389,3.657034e-11,3.965801e-10,2.99828,5.107318e-11,2.94468,3.183777,1.481223,2.959562,1,1.511056e-12,0.6360621,1.638617e-11,0.6772339,2.110417e-12,0.6386595,0.3763503,0.1626995,0,0,0,0
2390,3.507788e-11,3.803911e-10,2.99828,4.889039e-11,2.886948,3.177458,1.482225,2.958253,1,1.44923e-12,0.6259424,1.571729e-11,0.6761608,2.020081e-12,0.6384312,0.3730367,0.1629976,0,0,0,0
2391,3.364633e-11,3.648489e-10,2.99828,4.672782e-11,2.886948,3.17114,1.483228,2.9496,1,1.390287e-12,0.6259424,1.507501e-11,0.675087,1.930705e-12,0.6369214,0.3745222,0.1648317,0,0,0,0
2392,3.227321e-11,3.499736e-10,2.99828,4.482798e-11,2.94468,3.166215,1.48425,2.953984,1,1.333586e-12,0.6360621,1.446059e-11,0.6742495,1.852221e-12,0.6376866,0.3770939,0.1610331,0,0,0,0
2393,3.095612e-11,3.356844e-10,2.99828,4.296857e-11,2.94468,3.161231,1.485273,2.950274,1,1.279128e-12,0.6360621,1.38702e-11,0.6734014,1.775339e-12,0.6370391,0.3802076,0.1612616,0,0,0,0
2394,2.969279e-11,3.219813e-10,2.99828,4.112937e-11,2.886948,3.153345,1.486275,2.940231,1,1.226912e-12,0.6259424,1.330383e-11,0.6720585,1.699418e-12,0.635285,0.3765574,0.1599943,0,0,0,0
2395,2.848101e-11,3.088442e-10,2.99828,3.95327e-11,2.886948,3.14778,1.487278,2.931813,1,1.176939e-12,0.6259424,1.276117e-11,0.67111,1.633427e-12,0.6338129,0.3755297,0.1615511,0,0,0,0
2396,2.731868e-11,2.962325e-10,2.99828,3.797646e-11,2.94468,3.143608,1.4883,2.936865,1,1.128887e-12,0.6360621,1.223997e-11,0.6703986,1.569038e-12,0.6346965,0.3757789,0.1635339,0,0,0,0
2397,2.620379e-11,2.841261e-10,2.99828,3.644042e-11,2.94468,3.137808,1.489323,2.941917,1,1.082758e-12,0.6360621,1.173992e-11,0.669409,1.50561e-12,0.6355795,0.3773749,0.1592226,0,0,0,0
2398,2.51344e-11,2.72525e-10,2.99828,3.494481e-11,2.94468,3.130564,1.490345,2.939164,1,1.038551e-12,0.6360621,1.126036e-11,0.668172,1.443784e-12,0.6350983,0.3788286,0.1613233,0,0,0,0
2399,2.410865e-11,2.613888e-10,2.99828,3.346941e-11,2.831481,3.124382,1.491328,2.925302,1,9.962657e-13,0.6161522,1.080035e-11,0.6671155,1.382919e-12,0.6326734,0.3737423,0.1628,0,0,0,0
2400,2.312476e-11,2.507174e-10,2.99828,3.223653e-11,2.886948,3.120234,1.492331,2.923325,1,9.555821e-13,0.6259424,1.035924e-11,0.6664063,1.331985e-12,0.6323273,0.3799784,0.1622821,0,0,0,0
2401,2.218103e-11,2.404704e-10,2.99828,3.080155e-11,2.886948,3.114669,1.493333,2.920598,1,9.165003e-13,0.6259424,9.936068e-12,0.665454,1.272721e-12,0.6318495,0.3740481,0.16065,0,0,0,0
2402,2.127581e-11,2.306681e-10,2.99828,2.960911e-11,2.829217,3.108462,1.494315,2.905124,1,8.790202e-13,0.6157512,9.530834e-12,0.6643912,1.223389e-12,0.629136,0.3818203,0.1620399,0,0,0,0
2403,2.040753e-11,2.212497e-10,2.99828,2.843687e-11,2.947036,3.102811,1.495339,2.903381,1,8.431419e-13,0.6364737,9.141939e-12,0.663423,1.175017e-12,0.6288302,0.3767119,0.1603206,0,0,0,0
2404,1.957469e-11,2.122154e-10,2.99828,2.728484e-11,2.94468,3.099362,1.496361,2.901351,1,8.088652e-13,0.6360621,8.768419e-12,0.6628318,1.127286e-12,0.6284738,0.3790284,0.1588808,0,0,0,0
2405,1.877584e-11,2.035449e-10,2.99828,2.615303e-11,2.886948,3.093044,1.497363,2.904843,1,7.758699e-13,0.6259424,8.410276e-12,0.661748,1.080516e-12,0.6290867,0.3770448,0.153797,0,0,0,0
2406,1.800958e-11,1.952382e-10,2.99828,2.504142e-11,2.886948,3.088231,1.498366,2.903534,1,7.44156e-13,0.6259424,8.066868e-12,0.6609219,1.034707e-12,0.6288569,0.3737205,0.1590974,0,0,0,0
2407,1.72746e-11,1.872549e-10,2.99828,2.395003e-11,3.004767,3.086173,1.499409,2.916624,1,7.137234e-13,0.6465201,7.737236e-12,0.6605686,9.895384e-13,0.6311532,0.3790615,0.1562825,0,0,0,0
2408,1.656962e-11,1.796151e-10,2.99828,2.287884e-11,2.773749,3.07935,1.500372,2.908562,1,6.845722e-13,0.6058913,7.421378e-12,0.6593963,9.453312e-13,0.6297395,0.3768421,0.1567051,0,0,0,0
2409,1.58934e-11,1.722785e-10,2.99828,2.205019e-11,2.720457,3.074134,1.501317,2.882153,1,6.567024e-13,0.5963541,7.118334e-12,0.6584995,9.110545e-13,0.6250986,0.377591,0.1589389,0,0,0,0
2410,1.524478e-11,1.652451e-10,2.99828,2.101943e-11,2.94468,3.070685,1.502339,2.882127,1,6.297936e-13,0.6360621,6.827783e-12,0.6579063,8.684489e-13,0.6250941,0.3749581,0.1575862,0,0,0,0
2411,1.462264e-11,1.584946e-10,2.99828,2.021099e-11,2.947036,3.067263,1.503363,2.890112,1,6.041662e-13,0.6364737,6.548765e-12,0.6573174,8.351333e-13,0.6264989,0.3701677,0.15674,0,0,0,0
2412,1.402588e-11,1.520271e-10,2.99828,1.942276e-11,2.94468,3.061555,1.504385,2.895164,1,5.794999e-13,0.6360621,6.281599e-12,0.6563346,8.024584e-13,0.627387,0.3757848,0.1521832,0,0,0,0
2413,1.345348e-11,1.458223e-10,2.99828,1.863454e-11,3.004767,3.058717,1.505428,2.895832,1,5.557945e-13,0.6465201,6.025325e-12,0.6558456,7.701037e-13,0.6275043,0.3740667,0.15549,0,0,0,0
2414,1.290443e-11,1.398601e-10,2.99828,1.786652e-11,2.718282,3.051277,1.506372,2.887795,1,5.330502e-13,0.5959635,5.778981e-12,0.6545632,7.380695e-13,0.6260914,0.3783737,0.1549205,0,0,0,0
2415,1.237779e-11,1.341606e-10,2.99828,1.711871e-11,2.829217,3.047269,1.507355,2.89857,1,5.115872e-13,0.6157512,5.543209e-12,0.6538718,7.073166e-13,0.6279854,0.3782764,0.1553802,0,0,0,0
2416,1.187265e-11,1.286834e-10,2.99828,1.659323e-11,2.886948,3.042456,1.508357,2.892156,1,4.904446e-13,0.6259424,5.317047e-12,0.6530412,6.855333e-13,0.6268582,0.3776031,0.1561613,0,0,0,0
2417,1.138812e-11,1.234285e-10,2.99828,1.586563e-11,2.831481,3.037027,1.50934,2.878032,1,4.705834e-13,0.6161522,5.099855e-12,0.6521036,6.554211e-13,0.6243732,0.37502,0.155889,0,0,0,0
2418,1.092337e-11,1.18396e-10,2.99828,1.515825e-11,3.009575,3.032071,1.510385,2.885938,1,4.513628e-13,0.6473536,4.891953e-12,0.6512473,6.262699e-13,0.6257647,0.3793254,0.1527486,0,0,0,0
2419,1.047758e-11,1.135656e-10,2.99828,1.467318e-11,2.831481,3.026642,1.511368,2.865426,1,4.327829e-13,0.6161522,4.692379e-12,0.6503085,6.064086e-13,0.6221516,0.3753315,0.1530022,0,0,0,0
2420,1.004998e-11,1.089373e-10,2.99828,1.420833e-11,2.773749,3.020571,1.512331,2.870331,1,4.151641e-13,0.6058913,4.501135e-12,0.6492581,5.871881e-13,0.6230164,0.3780457,0.1537738,0,0,0,0
2421,9.639836e-12,1.044908e-10,2.99828,1.354137e-11,2.831481,3.015142,1.513315,2.869967,1,3.981859e-13,0.6161522,4.317578e-12,0.6483181,5.596386e-13,0.6229522,0.3780558,0.1523006,0,0,0,0
2422,9.246429e-12,1.002263e-10,2.99828,1.28744e-11,2.720457,3.009897,1.514259,2.848976,1,3.821688e-13,0.5963541,4.14139e-12,0.6474094,5.320891e-13,0.6192474,0.3709513,0.1549576,0,0,0,0
2423,8.869077e-12,9.61437e-11,2.99828,1.242976e-11,2.886948,3.005807,1.515262,2.854498,1,3.66472e-13,0.6259424,3.972569e-12,0.6467004,5.135093e-13,0.6202229,0.3724307,0.1519913,0,0,0,0
2424,8.507126e-12,9.222276e-11,2.99828,1.200533e-11,2.773749,2.999736,1.516225,2.827037,1,3.514159e-13,0.6058913,3.810476e-12,0.6456474,4.958904e-13,0.615365,0.374322,0.1525533,0,0,0,0
2425,8.159945e-12,8.844331e-11,2.99828,1.135858e-11,2.773749,2.995807,1.517188,2.819365,1,3.370005e-13,0.6058913,3.654469e-12,0.6449654,4.69302e-13,0.6140048,0.3760659,0.1512181,0,0,0,0
2426,7.826933e-12,8.482554e-11,2.99828,1.073204e-11,2.829217,2.991799,1.51817,2.824245,1,3.235461e-13,0.6157512,3.504869e-12,0.6442695,4.433542e-13,0.6148701,0.374876,0.1512914,0,0,0,0
2427,7.507512e-12,8.136946e-11,2.99828,1.032782e-11,2.886948,2.989822,1.519173,2.829767,1,3.100917e-13,0.6259424,3.361996e-12,0.6439261,4.266964e-13,0.6158485,0.376881,0.1529953,0,0,0,0
2428,7.201126e-12,7.805486e-11,2.99828,9.923598e-12,2.664989,2.982543,1.520098,2.820496,1,2.975983e-13,0.5863602,3.22521e-12,0.6426609,4.100386e-13,0.6142054,0.3823341,0.148512,0,0,0,0
2429,6.907244e-12,7.488173e-11,2.99828,9.539589e-12,2.947036,2.981234,1.521121,2.828456,1,2.854253e-13,0.6364737,3.09419e-12,0.6424333,3.940215e-13,0.6156164,0.3785656,0.1480016,0,0,0,0
2430,6.625356e-12,7.182987e-11,2.99828,9.15558e-12,2.664989,2.975373,1.522047,2.813905,1,2.73893e-13,0.5863602,2.967975e-12,0.6414136,3.783247e-13,0.6130362,0.3818271,0.1491225,0,0,0,0
2431,6.354972e-12,6.887907e-11,2.99828,8.771571e-12,2.720457,2.96871,1.522991,2.806134,1,2.62681e-13,0.5963541,2.845924e-12,0.6402536,3.623075e-13,0.6116562,0.3781382,0.1503265,0,0,0,0
2432,6.095622e-12,6.606974e-11,2.99828,8.387562e-12,2.718282,2.964832,1.523935,2.792575,1,2.517893e-13,0.5959635,2.72996e-12,0.639578,3.466108e-13,0.6092454,0.3787203,0.1495444,0,0,0,0
2433,5.846856e-12,6.336146e-11,2.99828,8.023764e-12,2.720457,2.961005,1.52488,2.771559,1,2.415384e-13,0.5963541,2.61816e-12,0.6389111,3.315546e-13,0.6055005,0.3825392,0.149725,0,0,0,0
2434,5.608243e-12,6.077446e-11,2.99828,7.659966e-12,2.886948,2.957639,1.525882,2.79558,1,2.316077e-13,0.6259424,2.511166e-12,0.6383241,3.164985e-13,0.6097798,0.3784741,0.1506041,0,0,0,0
2435,5.379367e-12,5.82885e-11,2.99828,7.31638e-12,2.829217,2.952184,1.526864,2.781847,1,2.223178e-13,0.6157512,2.408336e-12,0.6373725,3.024035e-13,0.6073349,0.3781685,0.147677,0,0,0,0
2436,5.159832e-12,5.590361e-11,2.99828,6.972793e-12,2.664989,2.946352,1.52779,2.779381,1,2.133482e-13,0.5863602,2.309991e-12,0.6363542,2.87988e-13,0.6068954,0.3769757,0.148654,0,0,0,0
2437,4.949257e-12,5.361977e-11,2.99828,6.851527e-12,2.720457,2.94183,1.528734,2.776222,1,2.043786e-13,0.5963541,2.21549e-12,0.6355643,2.831829e-13,0.6063322,0.3838902,0.1453926,0,0,0,0
2438,4.747275e-12,5.143698e-11,2.99828,6.730261e-12,2.778188,2.93795,1.529699,2.782927,1,1.960497e-13,0.6066828,2.125473e-12,0.6348862,2.780574e-13,0.6075274,0.3749837,0.1501393,0,0,0,0
2439,4.553536e-12,4.935525e-11,2.99828,6.608995e-12,2.664989,2.93348,1.530624,2.776148,1,1.880411e-13,0.5863602,2.039301e-12,0.6341045,2.729319e-13,0.6063191,0.3807367,0.1474714,0,0,0,0
2440,4.367704e-12,4.733415e-11,2.99828,6.285619e-12,2.664989,2.926924,1.53155,2.748378,1,1.803529e-13,0.5863602,1.955692e-12,0.6329573,2.597979e-13,0.6013587,0.3749876,0.1475673,0,0,0,0
2441,4.189456e-12,4.539389e-11,2.99828,5.962243e-12,2.460095,2.920204,1.532404,2.701954,1,1.72985e-13,0.5488315,1.875606e-12,0.6317806,2.463435e-13,0.5930281,0.3784856,0.1487559,0,0,0,0
2442,4.018482e-12,4.353448e-11,2.99828,5.638867e-12,2.613786,2.91586,1.533311,2.692588,1,1.659375e-13,0.5770729,1.798724e-12,0.6310192,2.328891e-13,0.5913416,0.3797159,0.1438644,0,0,0,0
2443,3.854485e-12,4.175591e-11,2.99828,5.335702e-12,2.560493,2.910229,1.534201,2.669878,1,1.592103e-13,0.5673426,1.725366e-12,0.6300318,2.203957e-13,0.5872439,0.3771472,0.1445025,0,0,0,0
2444,3.697182e-12,4.005819e-11,2.99828,5.032537e-12,2.773749,2.906994,1.535164,2.670001,1,1.528034e-13,0.6058913,1.65521e-12,0.6294643,2.079024e-13,0.5872661,0.3775867,0.147096,0,0,0,0
2445,3.546298e-12,3.84211e-11,2.99828,4.729372e-12,2.720457,2.90314,1.536108,2.674956,1,1.463966e-13,0.5963541,1.587618e-12,0.6287879,1.95409e-13,0.5881611,0.374746,0.1457954,0,0,0,0
2446,3.401571e-12,3.684464e-11,2.99828,4.628317e-12,2.718282,2.8979,1.537052,2.679003,1,1.406304e-13,0.5959635,1.522268e-12,0.6278676,1.912446e-13,0.5888918,0.3793331,0.1439694,0,0,0,0
2447,3.262751e-12,3.534903e-11,2.99828,4.547474e-12,2.829217,2.895254,1.538034,2.719992,1,1.348643e-13,0.6157512,1.460442e-12,0.6274028,1.880411e-13,0.5962706,0.3752351,0.1417945,0,0,0,0
2448,3.129597e-12,3.391405e-11,2.99828,4.46663e-12,2.611696,2.889524,1.538941,2.715339,1,1.294184e-13,0.5766926,1.401179e-12,0.6263955,1.845174e-13,0.5954348,0.3767481,0.1434567,0,0,0,0
2449,3.001876e-12,3.25397e-11,2.99828,4.385786e-12,2.511298,2.883374,1.539813,2.706315,1,1.239726e-13,0.5583018,1.344478e-12,0.6253135,1.813139e-13,0.5938126,0.3726884,0.1448636,0,0,0,0
2450,2.879368e-12,3.122598e-11,2.99828,4.304942e-12,2.720457,2.880215,1.540758,2.699802,1,1.188471e-13,0.5963541,1.29034e-12,0.6247575,1.777902e-13,0.5926406,0.3808686,0.1458186,0,0,0,0
2451,2.761859e-12,2.995269e-11,2.99828,4.244309e-12,2.718282,2.876364,1.541702,2.698302,1,1.14042e-13,0.5959635,1.237484e-12,0.6240793,1.752274e-13,0.5923707,0.3781765,0.1400684,0,0,0,0
2452,2.649146e-12,2.871982e-11,2.99828,3.961355e-12,2.611696,2.870634,1.542609,2.685251,1,1.095572e-13,0.5766926,1.186549e-12,0.6230698,1.636951e-13,0.5900189,0.3778191,0.1406746,0,0,0,0
2453,2.541033e-12,2.754758e-11,2.99828,3.678401e-12,2.50929,2.862348,1.54348,2.645507,1,1.050724e-13,0.5579317,1.138177e-12,0.6216086,1.518424e-13,0.5828336,0.3748219,0.1446594,0,0,0,0
2454,2.437332e-12,2.641577e-11,2.99828,3.395447e-12,2.613786,2.855946,1.544387,2.643962,1,1.005876e-13,0.5770729,1.091407e-12,0.6204786,1.403101e-13,0.5825535,0.3781993,0.1423769,0,0,0,0
2455,2.337863e-12,2.532437e-11,2.99828,3.132704e-12,2.560493,2.850315,1.545276,2.647059,1,9.674348e-14,0.5673426,1.046239e-12,0.6194839,1.294184e-13,0.5831147,0.3795022,0.14108,0,0,0,0
2456,2.242454e-12,2.429361e-11,2.99828,2.869961e-12,2.611696,2.845253,1.546183,2.632557,1,9.257903e-14,0.5766926,1.003633e-12,0.6185892,1.185268e-13,0.5804846,0.3771972,0.1395013,0,0,0,0
2457,2.150938e-12,2.330328e-11,2.99828,2.607218e-12,2.611696,2.840191,1.54709,2.617656,1,8.873491e-14,0.5766926,9.6295e-13,0.6176939,1.076351e-13,0.577777,0.378566,0.1432156,0,0,0,0
2458,2.063157e-12,2.235336e-11,2.99828,2.546585e-12,2.613786,2.833761,1.547998,2.617319,1,8.521114e-14,0.5770729,9.235479e-13,0.6165559,1.050724e-13,0.5777157,0.376226,0.1411523,0,0,0,0
2459,1.978959e-12,2.144386e-11,2.99828,2.485952e-12,2.611696,2.830035,1.548905,2.624972,1,8.168738e-14,0.5766926,8.860677e-13,0.615896,1.0283e-13,0.5791069,0.371453,0.1444752,0,0,0,0
2460,1.898196e-12,2.057479e-11,2.99828,2.425319e-12,2.611696,2.824999,1.549811,2.624148,1,7.848395e-14,0.5766926,8.501894e-13,0.6150038,1.002672e-13,0.5789571,0.3763292,0.1388773,0,0,0,0
2461,1.82073e-12,1.972593e-11,2.99828,2.384897e-12,2.611696,2.819214,1.550718,2.628628,1,7.528052e-14,0.5766926,8.149517e-13,0.613978,9.866554e-14,0.5797712,0.3740886,0.1372179,0,0,0,0
2462,1.746425e-12,1.891749e-11,2.99828,2.344475e-12,2.50929,2.813014,1.551589,2.614928,1,7.20771e-14,0.5579317,7.81636e-13,0.6128778,9.674348e-14,0.5772806,0.3803795,0.1375395,0,0,0,0
2463,1.675152e-12,1.814947e-11,2.99828,2.304053e-12,2.564591,2.80676,1.55248,2.607962,1,6.919401e-14,0.5680931,7.499222e-13,0.6117674,9.514177e-14,0.5760127,0.3733978,0.1394219,0,0,0,0
2464,1.606788e-12,1.740167e-11,2.99828,2.263631e-12,2.517324,2.799982,1.553354,2.593137,1,6.631093e-14,0.5594124,7.191692e-13,0.6105627,9.354005e-14,0.5733106,0.3773022,0.1415772,0,0,0,0
2465,1.541215e-12,1.669428e-11,2.99828,2.223209e-12,2.613786,2.794275,1.554262,2.590976,1,6.374819e-14,0.5770729,6.896977e-13,0.6095478,9.193834e-14,0.5729162,0.38017,0.1375557,0,0,0,0
2466,1.478317e-12,1.600711e-11,2.99828,2.182787e-12,2.613786,2.789931,1.555169,2.590639,1,6.118545e-14,0.5770729,6.615076e-13,0.6087747,9.033663e-14,0.5728547,0.3765732,0.1414541,0,0,0,0
2467,1.417986e-12,1.536035e-11,2.99828,2.142365e-12,2.50929,2.784426,1.55604,2.576914,1,5.86227e-14,0.5579317,6.345988e-13,0.6077943,8.841457e-14,0.5703477,0.378673,0.1356136,0,0,0,0
2468,1.360117e-12,1.473381e-11,2.99828,2.101943e-12,2.560493,2.780157,1.55693,2.580184,1,5.605996e-14,0.5673426,6.08651e-13,0.6070337,8.681286e-14,0.5709455,0.3805088,0.1382822,0,0,0,0
2469,1.30461e-12,1.41477e-11,2.99828,2.061521e-12,2.613786,2.777738,1.557837,2.585082,1,5.381757e-14,0.5770729,5.846253e-13,0.6066025,8.521114e-14,0.5718402,0.3780673,0.1372888,0,0,0,0
2470,1.251368e-12,1.358179e-11,2.99828,2.04131e-12,2.460095,2.772328,1.558691,2.576446,1,5.157517e-14,0.5488315,5.612403e-13,0.6056376,8.425012e-14,0.5702622,0.3773608,0.1354582,0,0,0,0
2471,1.200299e-12,1.303609e-11,2.99828,2.021099e-12,2.50929,2.768773,1.559563,2.565382,1,4.965311e-14,0.5579317,5.38496e-13,0.6050033,8.360943e-14,0.568238,0.3723725,0.134477,0,0,0,0
2472,1.151314e-12,1.25106e-11,2.99828,2.000888e-12,2.560493,2.763142,1.560452,2.558869,1,4.773106e-14,0.5673426,5.17033e-13,0.6039979,8.264841e-14,0.5670449,0.3828765,0.1351965,0,0,0,0
2473,1.104328e-12,1.200533e-11,2.99828,1.980677e-12,2.412829,2.757232,1.561289,2.54651,1,4.548866e-14,0.5400338,4.958904e-13,0.602942,8.168738e-14,0.5647786,0.3765541,0.1382458,0,0,0,0
2474,1.05926e-12,1.152027e-11,2.99828,1.960466e-12,2.412829,2.751964,1.562127,2.526093,1,4.388694e-14,0.5400338,4.760292e-13,0.6020002,8.104669e-14,0.5610266,0.3790915,0.1357972,0,0,0,0
2475,1.016031e-12,1.105541e-11,2.99828,1.940255e-12,2.560493,2.747669,1.563016,2.518394,1,4.196489e-14,0.5673426,4.568086e-13,0.6012319,8.008566e-14,0.5596093,0.3738671,0.1353433,0,0,0,0
2476,9.745665e-13,1.061077e-11,2.99828,1.920044e-12,2.460095,2.742926,1.56387,2.515525,1,4.036317e-14,0.5488315,4.385491e-13,0.6003829,7.944498e-14,0.5590808,0.378717,0.1365651,0,0,0,0
2477,9.347939e-13,1.018634e-11,2.99828,1.899833e-12,2.560493,2.738631,1.56476,2.518228,1,3.876146e-14,0.5673426,4.209302e-13,0.5996137,7.848395e-14,0.5595789,0.3773356,0.1348233,0,0,0,0
2478,8.966444e-13,9.76191e-12,2.99828,1.657301e-12,2.511298,2.73379,1.565631,2.511647,1,3.715975e-14,0.5583018,4.033114e-13,0.5987461,6.855332e-14,0.5583661,0.3764066,0.1346071,0,0,0,0
2479,8.600519e-13,9.35769e-12,2.99828,1.41477e-12,2.613786,2.730113,1.566539,2.535114,1,3.555803e-14,0.5770729,3.866536e-13,0.5980869,5.830236e-14,0.5626857,0.3813891,0.1299034,0,0,0,0
2480,8.249527e-13,8.973681e-12,2.99828,1.172238e-12,2.50929,2.725917,1.56741,2.543486,1,3.395632e-14,0.5579317,3.706364e-13,0.5973341,4.837174e-14,0.5642235,0.3739804,0.1347092,0,0,0,0
2481,7.912859e-13,8.609883e-12,2.99828,9.297057e-13,2.560493,2.72229,1.568299,2.541733,1,3.267495e-14,0.5673426,3.559007e-13,0.5966831,3.844112e-14,0.5639015,0.376654,0.132665,0,0,0,0
2482,7.589931e-13,8.246085e-12,2.99828,7.073848e-13,2.4109,2.716359,1.569137,2.534035,1,3.139358e-14,0.5396736,3.408446e-13,0.5956181,2.915118e-14,0.5624874,0.3784001,0.1343579,0,0,0,0
2483,7.280182e-13,7.902498e-12,2.99828,4.850638e-13,2.460095,2.710975,1.569991,2.522333,1,3.011221e-14,0.5488315,3.264292e-13,0.5946506,2.018159e-14,0.5603347,0.3768332,0.1329314,0,0,0,0
2484,6.983074e-13,7.579123e-12,2.99828,4.648528e-13,2.464032,2.706276,1.570846,2.515418,1,2.883084e-14,0.5495618,3.132951e-13,0.5938056,1.922056e-14,0.5590611,0.3781076,0.1333734,0,0,0,0
2485,6.698091e-13,7.255747e-12,2.99828,4.446419e-13,2.613786,2.70324,1.571754,2.51601,1,2.754947e-14,0.5770729,2.998407e-13,0.5932595,1.825953e-14,0.5591701,0.384217,0.1308446,0,0,0,0
2486,6.424738e-13,6.952582e-12,2.99828,4.244309e-13,2.460095,2.697856,1.572608,2.508859,1,2.658844e-14,0.5488315,2.873473e-13,0.5922904,1.761885e-14,0.5578521,0.3740908,0.1312337,0,0,0,0
2487,6.162541e-13,6.669628e-12,2.99828,4.042199e-13,2.460095,2.692472,1.573462,2.496019,1,2.530707e-14,0.5488315,2.754947e-13,0.5913206,1.665782e-14,0.5554824,0.3751915,0.1312711,0,0,0,0
2488,5.911044e-13,6.386674e-12,2.99828,3.840089e-13,2.511298,2.687657,1.574334,2.506036,1,2.434604e-14,0.5583018,2.639624e-13,0.5904527,1.601713e-14,0.5573314,0.3756093,0.1291802,0,0,0,0
2489,5.669812e-13,6.123931e-12,2.99828,3.637979e-13,2.363633,2.682458,1.575155,2.492562,1,2.338501e-14,0.5308197,2.530707e-13,0.5895152,1.50561e-14,0.5548436,0.3776385,0.1341275,0,0,0,0
2490,5.438423e-13,5.861188e-12,2.99828,3.435869e-13,2.363633,2.676644,1.575976,2.47865,1,2.242399e-14,0.5308197,2.421791e-13,0.5884658,1.409508e-14,0.5522705,0.373477,0.1290064,0,0,0,0
2491,5.216478e-13,5.618656e-12,2.99828,3.233759e-13,2.511298,2.67247,1.576848,2.466147,1,2.146296e-14,0.5583018,2.322484e-13,0.5877121,1.345439e-14,0.5499541,0.3783644,0.1327067,0,0,0,0
2492,5.003591e-13,5.376124e-12,2.99828,3.031649e-13,2.50929,2.668915,1.577719,2.471613,1,2.082227e-14,0.5579317,2.219975e-13,0.5870699,1.249336e-14,0.5509673,0.3784559,0.1276987,0,0,0,0
2493,4.799392e-13,5.153803e-12,2.99828,2.829539e-13,2.363633,2.662433,1.57854,2.458662,1,1.986124e-14,0.5308197,2.130279e-13,0.585898,1.153234e-14,0.5485656,0.3797147,0.1280291,0,0,0,0
2494,4.603526e-13,4.931482e-12,2.99828,2.627429e-13,2.613786,2.658756,1.579447,2.471122,1,1.890022e-14,0.5770729,2.037379e-13,0.5852329,1.089165e-14,0.5508762,0.3786409,0.1307841,0,0,0,0
2495,4.415654e-13,4.729372e-12,2.99828,2.425319e-13,2.50929,2.65456,1.580318,2.486145,1,1.825953e-14,0.5579317,1.95409e-13,0.5844734,9.930622e-15,0.5536573,0.3765239,0.1286303,0,0,0,0
2496,4.235448e-13,4.527263e-12,2.99828,2.223209e-13,2.560493,2.650933,1.581208,2.507426,1,1.761885e-14,0.5673426,1.870801e-13,0.5838166,9.289937e-15,0.5575878,0.3802428,0.1257097,0,0,0,0
2497,4.062597e-13,4.345364e-12,2.99828,2.021099e-13,2.50929,2.645427,1.582079,2.507203,1,1.665782e-14,0.5579317,1.793919e-13,0.5828191,8.328909e-15,0.5575467,0.381078,0.1281645,0,0,0,0
2498,3.896801e-13,4.163465e-12,2.99828,1.818989e-13,2.564591,2.643103,1.582969,2.513393,1,1.601713e-14,0.5680931,1.72024e-13,0.5823979,7.367881e-15,0.5586879,0.3801504,0.126881,0,0,0,0
2499,3.73777e-13,3.981566e-12,2.99828,1.616879e-13,2.460095,2.640211,1.583823,2.522403,1,1.537645e-14,0.5488315,1.646561e-13,0.5818733,6.727196e-15,0.5603476,0.3761317,0.127955,0,0,0,0
2500,3.58523e-13,3.819878e-12,2.99828,1.41477e-13,2.460095,2.634826,1.584678,2.505326,1,1.473576e-14,0.5488315,1.579289e-13,0.5808964,5.766168e-15,0.5572005,0.3861676,0.1269612,0,0,0,0
2501,3.438915e-13,3.65819e-12,2.99828,1.21266e-13,2.363633,2.628344,1.585498,2.487524,1,1.409508e-14,0.5308197,1.512017e-13,0.5797195,5.125482e-15,0.5539123,0.3740809,0.1268829,0,0,0,0
2502,3.298571e-13,3.496502e-12,2.99828,1.01055e-13,2.50929,2.623506,1.58637,2.481266,1,1.377473e-14,0.5579317,1.444745e-13,0.5788406,4.164454e-15,0.5527547,0.3857863,0.1235763,0,0,0,0
2503,3.163954e-13,3.355025e-12,2.99828,8.084397e-14,2.367416,2.616425,1.587192,2.464997,1,1.313405e-14,0.5315301,1.387084e-13,0.577553,3.203427e-15,0.5497409,0.3797016,0.1235382,0,0,0,0
2504,3.034831e-13,3.213548e-12,2.99828,6.063298e-14,2.363633,2.612484,1.588012,2.442122,1,1.249336e-14,0.5308197,1.326219e-13,0.5768359,2.562741e-15,0.5454925,0.3764825,0.1271676,0,0,0,0
2505,2.910978e-13,3.072071e-12,2.99828,4.042199e-14,2.50929,2.608929,1.588884,2.447019,1,1.217302e-14,0.5579317,1.268557e-13,0.5761889,1.601713e-15,0.5464031,0.3767225,0.1243859,0,0,0,0
2506,2.79218e-13,2.930594e-12,2.99828,2.021099e-14,2.460095,2.604187,1.589738,2.447019,1,1.153234e-14,0.5488315,1.210895e-13,0.575325,9.610279e-16,0.5464031,0.3853105,0.1251979,0,0,0,0
2507,2.678229e-13,2.809328e-12,2.99828,0,2.274588,2.597999,1.590528,2.433949,1,1.121199e-14,0.5139906,1.15964e-13,0.5741973,0,0.5439715,0.3757795,0.1225315,0,0,0,0
2508,2.568929e-13,2.688062e-12,2.99828,0,2.418619,2.591433,1.591367,2.422844,1,1.057131e-14,0.5411143,1.111589e-13,0.5729995,0,0.5419024,0.3770584,0.1239918,0,0,0,0
2509,2.46409e-13,2.566796e-12,2.99828,0,2.511298,2.587875,1.592239,2.437692,1,1.025096e-14,0.5583018,1.060334e-13,0.5723502,0,0.5446683,0.3749893,0.1237259,0,0,0,0
2510,2.363529e-13,2.44553e-12,2.99828,0,2.4109,2.583843,1.593077,2.441851,1,9.610279e-15,0.5396736,1.009079e-13,0.571614,0,0.545442,0.3750705,0.122665,0,0,0,0
2511,2.267072e-13,2.344475e-12,2.99828,0,2.412829,2.579192,1.593914,2.429492,1,9.289937e-15,0.5400338,9.674348e-14,0.5707641,0,0.5431415,0.3773476,0.12191,0,0,0,0
2512,2.174552e-13,2.24342e-12,2.99828,0,2.363633,2.575227,1.594735,2.418249,1,8.969594e-15,0.5308197,9.257903e-14,0.5700393,0,0.5410454,0.3827561,0.1212345,0,0,0,0
2513,2.085807e-13,2.142365e-12,2.99828,0,2.464032,2.570528,1.595591,2.439342,1,8.649252e-15,0.5495618,8.841457e-14,0.5691798,0,0.5449753,0.3774448,0.1224025,0,0,0,0
2514,2.000684e-13,2.04131e-12,2.99828,0,2.4109,2.566496,1.596428,2.437894,1,8.328909e-15,0.5396736,8.425012e-14,0.5684419,0,0.5447059,0.3779888,0.1245896,0,0,0,0
2515,1.919035e-13,1.960466e-12,2.99828,0,2.4109,2.562465,1.597265,2.424484,1,8.008566e-15,0.5396736,8.104669e-14,0.5677037,0,0.5422083,0.3836023,0.1220824,0,0,0,0
2516,1.840718e-13,1.879622e-12,2.99828,0,2.316367,2.556766,1.598069,2.412384,1,7.688223e-15,0.521911,7.752292e-14,0.5666596,0,0.5399507,0.3715498,0.1156939,0,0,0,0
2517,1.765598e-13,1.798778e-12,2.99828,0,2.4109,2.551477,1.598906,2.411623,1,7.367881e-15,0.5396736,7.43195e-14,0.5656899,0,0.5398086,0.3740968,0.122719,0,0,0,0
2518,1.693543e-13,1.717934e-12,2.99828,0,2.316367,2.547603,1.599711,2.404205,1,7.047538e-15,0.521911,7.111607e-14,0.5649793,0,0.5384228,0.3787187,0.1187496,0,0,0,0
2519,1.624428e-13,1.63709e-12,2.99828,0,2.316367,2.540596,1.600515,2.387273,1,6.727196e-15,0.521911,6.75923e-14,0.5636928,0,0.5352545,0.3835219,0.1214281,0,0,0,0
2520,1.558134e-13,1.556246e-12,2.99828,0,2.31822,2.536743,1.60132,2.376471,1,6.406853e-15,0.5222614,6.438887e-14,0.5629849,0,0.5332296,0.3853688,0.1207415,0,0,0,0
2521,1.494546e-13,1.495614e-12,2.99828,0,2.4109,2.533303,1.602157,2.375355,1,6.08651e-15,0.5396736,6.182613e-14,0.5623528,0,0.5330204,0.3813273,0.1179555,0,0,0,0
2522,1.433553e-13,1.434981e-12,2.99828,0,2.181909,2.527344,1.602915,2.356778,1,5.766168e-15,0.4962637,5.926339e-14,0.5612568,0,0.5295309,0.3793638,0.1172146,0,0,0,0
2523,1.375049e-13,1.374348e-12,2.99828,0,2.460095,2.524451,1.603769,2.363316,1,5.766168e-15,0.5488315,5.670065e-14,0.5607245,0,0.5307599,0.3804809,0.1206849,0,0,0,0
2524,1.318932e-13,1.313715e-12,2.99828,0,2.316367,2.518111,1.604573,2.360011,1,5.445825e-15,0.521911,5.413791e-14,0.5595572,0,0.5301388,0.3754033,0.1176585,0,0,0,0
2525,1.265106e-13,1.253082e-12,2.99828,0,2.274588,2.511948,1.605363,2.352761,1,5.125482e-15,0.5139906,5.189551e-14,0.5584217,0,0.5287753,0.3806999,0.1194987,0,0,0,0
2526,1.213476e-13,1.192449e-12,2.99828,0,2.270954,2.50757,1.606151,2.344292,1,5.125482e-15,0.5132996,4.933277e-14,0.5576144,0,0.5271809,0.3804936,0.1193013,0,0,0,0
2527,1.163954e-13,1.131816e-12,2.99828,0,2.412829,2.504152,1.606989,2.343435,1,4.80514e-15,0.5400338,4.677003e-14,0.5569839,0,0.5270194,0.3745346,0.1186831,0,0,0,0
2528,1.116452e-13,1.071183e-12,2.99828,0,2.367416,2.499588,1.607811,2.361856,1,4.484797e-15,0.5315301,4.420729e-14,0.5561414,0,0.5304856,0.3823436,0.1175099,0,0,0,0
2529,1.070889e-13,1.01055e-12,2.99828,0,2.363633,2.49624,1.608632,2.350066,1,4.484797e-15,0.5308197,4.164454e-14,0.5555231,0,0.5282681,0.3792851,0.1149825,0,0,0,0
2530,1.027186e-13,9.701277e-13,2.99828,0,2.270954,2.491861,1.60942,2.342918,1,4.164454e-15,0.5132996,4.004283e-14,0.5547142,0,0.5269221,0.3790822,0.1139203,0,0,0,0
2531,9.852655e-14,9.297057e-13,2.99828,0,2.316367,2.490264,1.610225,2.347035,1,4.164454e-15,0.521911,3.844112e-14,0.554419,0,0.5276976,0.3788904,0.1180593,0,0,0,0
2532,9.450563e-14,8.892837e-13,2.99828,0,2.316367,2.48696,1.611029,2.349938,1,3.844112e-15,0.521911,3.68394e-14,0.553808,0,0.528244,0.3794575,0.1137627,0,0,0,0
2533,9.06488e-14,8.488617e-13,2.99828,0,2.31822,2.484268,1.611834,2.338879,1,3.844112e-15,0.5222614,3.491735e-14,0.5533102,0,0.5261609,0.3761876,0.1151151,0,0,0,0
2534,8.694938e-14,8.084397e-13,2.99828,0,2.31822,2.479206,1.612639,2.332908,1,3.523769e-15,0.5222614,3.331564e-14,0.5523735,0,0.5250349,0.3848442,0.1120099,0,0,0,0
2535,8.340092e-14,7.680177e-13,2.99828,0,2.270954,2.474212,1.613427,2.319962,1,3.523769e-15,0.5132996,3.171392e-14,0.5514487,0,0.5225906,0.3799459,0.1130201,0,0,0,0
2536,7.999729e-14,7.275958e-13,2.99828,0,2.138276,2.467767,1.61417,2.301645,1,3.203427e-15,0.4878421,3.011221e-14,0.5502545,0,0.5191249,0.3763514,0.1148606,0,0,0,0
2537,7.673255e-14,6.871738e-13,2.99828,0,2.316367,2.462069,1.614974,2.302109,1,3.203427e-15,0.521911,2.85105e-14,0.5491978,0,0.5192128,0.3791239,0.114937,0,0,0,0
2538,7.360106e-14,6.467518e-13,2.99828,0,2.4109,2.459838,1.615811,2.312527,1,2.883084e-15,0.5396736,2.658844e-14,0.5487838,0,0.5211848,0.3825151,0.1110229,0,0,0,0
2539,7.059736e-14,6.063298e-13,2.99828,0,2.181909,2.456178,1.616569,2.293721,1,2.883084e-15,0.4962637,2.498673e-14,0.5481045,0,0.5176232,0.3832943,0.11381,0,0,0,0
2540,6.771624e-14,5.659078e-13,2.99828,0,2.181909,2.450194,1.617326,2.276031,1,2.883084e-15,0.4962637,2.338501e-14,0.5469931,0,0.5142649,0.3831291,0.1098433,0,0,0,0
2541,6.495271e-14,5.254858e-13,2.99828,0,2.270954,2.445224,1.618115,2.274455,1,2.562741e-15,0.5132996,2.17833e-14,0.5460693,0,0.5139652,0.3863104,0.1124868,0,0,0,0
2542,6.230195e-14,5.052748e-13,2.99828,0,2.316367,2.441943,1.618919,2.293717,1,2.562741e-15,0.521911,2.082227e-14,0.5454591,0,0.5176225,0.3803553,0.1129804,0,0,0,0
2543,5.975937e-14,4.850638e-13,2.99828,0,2.316367,2.439799,1.619724,2.292077,1,2.562741e-15,0.521911,2.018159e-14,0.5450603,0,0.5173113,0.3794463,0.109142,0,0,0,0
2544,5.732056e-14,4.648528e-13,2.99828,0,2.270954,2.43599,1.620512,2.274972,1,2.242399e-15,0.5132996,1.922056e-14,0.5443515,0,0.5140636,0.3838548,0.112327,0,0,0,0
2545,5.498128e-14,4.446419e-13,2.99828,0,2.270954,2.432773,1.621301,2.283311,1,2.242399e-15,0.5132996,1.825953e-14,0.5437525,0,0.5156479,0.3824763,0.1126608,0,0,0,0
2546,5.273746e-14,4.244309e-13,2.99828,0,2.316367,2.429491,1.622105,2.298251,1,2.242399e-15,0.521911,1.761885e-14,0.5431413,0,0.5184819,0.3796665,0.109797,0,0,0,0
2547,5.058522e-14,4.042199e-13,2.99828,0,2.138276,2.424231,1.622847,2.28048,1,2.242399e-15,0.4878421,1.665782e-14,0.542161,0,0.5151102,0.3808689,0.1096844,0,0,0,0
2548,4.852081e-14,3.840089e-13,2.99828,0,2.270954,2.420422,1.623636,2.274929,1,1.922056e-15,0.5132996,1.601713e-14,0.5414507,0,0.5140554,0.3830221,0.1132994,0,0,0,0
2549,4.654065e-14,3.637979e-13,2.99828,0,2.225541,2.416131,1.624409,2.263828,1,1.922056e-15,0.5046365,1.50561e-14,0.5406502,0,0.5119437,0.3793558,0.1107512,0,0,0,0
2550,4.46413e-14,3.435869e-13,2.99828,0,2.138276,2.410871,1.625151,2.247087,1,1.922056e-15,0.4878421,1.409508e-14,0.5396682,0,0.5087531,0.381298,0.1056191,0,0,0,0
2551,4.281946e-14,3.233759e-13,2.99828,0,2.363633,2.408115,1.625972,2.256859,1,1.922056e-15,0.5308197,1.345439e-14,0.5391533,0,0.5106164,0.3817037,0.1090221,0,0,0,0
2552,4.107198e-14,3.031649e-13,2.99828,0,2.232666,2.405041,1.626747,2.248123,1,1.601713e-15,0.5059992,1.249336e-14,0.538579,0,0.5089508,0.3862536,0.1125757,0,0,0,0
2553,3.939581e-14,2.829539e-13,2.99828,0,2.274588,2.401819,1.627537,2.261208,1,1.601713e-15,0.5139906,1.153234e-14,0.5379767,0,0.5114448,0.3760329,0.1087302,0,0,0,0
2554,3.778804e-14,2.627429e-13,2.99828,0,2.225541,2.398577,1.62831,2.255153,1,1.601713e-15,0.5046365,1.089165e-14,0.5373704,0,0.5102912,0.3795357,0.1066727,0,0,0,0
2555,3.624589e-14,2.425319e-13,2.99828,0,2.270954,2.394767,1.629098,2.260158,1,1.601713e-15,0.5132996,9.930622e-15,0.5366578,0,0.5112449,0.3799959,0.1066688,0,0,0,0
2556,3.476668e-14,2.223209e-13,2.99828,0,2.054433,2.388552,1.629811,2.248437,1,1.281371e-15,0.47152,9.289937e-15,0.5354943,0,0.5090106,0.3806097,0.1074906,0,0,0,0
2557,3.334783e-14,2.021099e-13,2.99828,0,2.181909,2.384915,1.630569,2.225679,1,1.281371e-15,0.4962637,8.328909e-15,0.5348128,0,0.5046629,0.3797368,0.1067822,0,0,0,0
2558,3.198689e-14,1.818989e-13,2.99828,0,2.270954,2.381698,1.631358,2.228862,1,1.281371e-15,0.5132996,7.367881e-15,0.5342098,0,0.5052717,0.3792001,0.1047292,0,0,0,0
2559,3.068149e-14,1.616879e-13,2.99828,0,2.225541,2.377384,1.63213,2.221878,1,1.281371e-15,0.5046365,6.727196e-15,0.533401,0,0.5039353,0.3786319,0.1080883,0,0,0,0
2560,2.942936e-14,1.41477e-13,2.99828,0,2.227322,2.374798,1.632904,2.221591,1,1.281371e-15,0.5049771,5.766168e-15,0.5329158,0,0.5038804,0.3741312,0.1061663,0,0,0,0
2561,2.822833e-14,1.21266e-13,2.99828,0,2.181909,2.37116,1.633661,2.210203,1,1.281371e-15,0.4962637,5.125482e-15,0.5322332,0,0.5016987,0.3852951,0.1055841,0,0,0,0
2562,2.707632e-14,1.01055e-13,2.99828,0,2.096355,2.366003,1.634389,2.212416,1,9.610279e-16,0.4797041,4.164454e-15,0.5312648,0,0.502123,0.3779095,0.1044895,0,0,0,0
2563,2.597132e-14,8.084397e-14,2.99828,0,2.225541,2.363922,1.635162,2.216234,1,9.610279e-16,0.5046365,3.203427e-15,0.5308738,0,0.5028546,0.3763577,0.1057046,0,0,0,0
2564,2.491141e-14,6.063298e-14,2.99828,0,2.096355,2.360406,1.63589,2.194369,1,9.610279e-16,0.4797041,2.562741e-15,0.530213,0,0.4986598,0.3797151,0.1008092,0,0,0,0
2565,2.389476e-14,4.042199e-14,2.99828,0,2.316367,2.357693,1.636694,2.204966,1,9.610279e-16,0.521911,1.601713e-15,0.529703,0,0.5006943,0.3862732,0.1051448,0,0,0,0
2566,2.291961e-14,2.021099e-14,2.99828,0,2.096355,2.353651,1.637422,2.189948,1,9.610279e-16,0.4797041,9.610279e-16,0.5289429,0,0.4978101,0.3765794,0.1030735,0,0,0,0
2567,2.198425e-14,0,2.99828,0,2.099709,2.348532,1.638151,2.178407,1,9.610279e-16,0.480357,0,0.5279793,0,0.4955898,0.3816139,0.1062563,0,0,0,0
2568,2.108706e-14,0,2.99828,0,2.227322,2.345376,1.638925,2.19092,1,9.610279e-16,0.5049771,0,0.5273851,0,0.4979968,0.3792306,0.1061885,0,0,0,0
2569,2.022648e-14,0,2.99828,0,2.227322,2.341082,1.639698,2.191622,1,9.610279e-16,0.5049771,0,0.5265762,0,0.4981319,0.3815814,0.103967,0,0,0,0
2570,1.940103e-14,0,2.99828,0,2.138276,2.33696,1.64044,2.195795,1,9.610279e-16,0.4878421,0,0.5257991,0,0.4989337,0.381597,0.1035492,0,0,0,0
2571,1.860926e-14,0,2.99828,0,2.181909,2.332753,1.641198,2.179866,1,6.406853e-16,0.4962637,0,0.5250057,0,0.4958706,0.3822829,0.1035496,0,0,0,0
2572,1.784981e-14,0,2.99828,0,2.138276,2.329724,1.64194,2.182545,1,6.406853e-16,0.4878421,0,0.5244341,0,0.4963862,0.3831838,0.1020684,0,0,0,0
2573,1.712135e-14,0,2.99828,0,2.099709,2.32572,1.642669,2.180138,1,6.406853e-16,0.480357,0,0.5236782,0,0.4959229,0.3810208,0.1001018,0,0,0,0
2574,1.642262e-14,0,2.99828,0,2.138276,2.3221,1.643412,2.16877,1,6.406853e-16,0.4878421,0,0.5229946,0,0.4937329,0.3813728,0.1011664,0,0,0,0
2575,1.57524e-14,0,2.99828,0,2.227322,2.317806,1.644185,2.168285,1,6.406853e-16,0.5049771,0,0.5221831,0,0.4936394,0.3833882,0.09837695,0,0,0,0
2576,1.510954e-14,0,2.99828,0,2.138276,2.314231,1.644928,2.166306,1,6.406853e-16,0.4878421,0,0.5215071,0,0.4932579,0.3830357,0.1011889,0,0,0,0
2577,1.449291e-14,0,2.99828,0,2.056077,2.309742,1.645642,2.151411,1,6.406853e-16,0.4718418,0,0.5206579,0,0.4903826,0.3820274,0.1008103,0,0,0,0
2578,1.390144e-14,0,2.99828,0,2.181909,2.306082,1.646399,2.15527,1,6.406853e-16,0.4962637,0,0.5199652,0,0.491128,0.3839388,0.1011387,0,0,0,0
2579,1.333412e-14,0,2.99828,0,2.181909,2.304063,1.647157,2.163919,1,6.406853e-16,0.4962637,0,0.5195829,0,0.4927973,0.3763619,0.1017367,0,0,0,0
2580,1.278995e-14,0,2.99828,0,2.181909,2.302043,1.647914,2.169251,1,6.406853e-16,0.4962637,0,0.5192004,0,0.4938258,0.381383,0.1024626,0,0,0,0
2581,1.226798e-14,0,2.99828,0,2.138276,2.297899,1.648657,2.156854,1,6.406853e-16,0.4878421,0,0.5184152,0,0.4914338,0.3807266,0.09721099,0,0,0,0
2582,1.176732e-14,0,2.99828,0,2.054433,2.292845,1.64937,2.145557,1,6.406853e-16,0.47152,0,0.517457,0,0.4892508,0.3838143,0.09665421,0,0,0,0
2583,1.128709e-14,0,2.99828,0,2.096355,2.289875,1.650098,2.148052,1,3.203426e-16,0.4797041,0,0.5168937,0,0.4897332,0.382558,0.09868279,0,0,0,0
2584,1.082646e-14,0,2.99828,0,2.270954,2.286066,1.650887,2.158451,1,3.203426e-16,0.5132996,0,0.5161709,0,0.4917421,0.3802889,0.09524751,0,0,0,0
2585,1.038462e-14,0,2.99828,0,2.138276,2.281943,1.651629,2.152128,1,3.203426e-16,0.4878421,0,0.5153882,0,0.4905211,0.3810363,0.09590627,0,0,0,0
2586,9.96082e-15,0,2.99828,0,2.099709,2.276824,1.652358,2.143498,1,3.203426e-16,0.480357,0,0.5144155,0,0.4888526,0.3806679,0.09513087,0,0,0,0
2587,9.554313e-15,0,2.99828,0,2.099709,2.272273,1.653087,2.1383,1,3.203426e-16,0.480357,0,0.5135503,0,0.4878466,0.3842317,0.09683642,0,0,0,0
2588,9.164397e-15,0,2.99828,0,2.054433,2.266604,1.653801,2.135894,1,3.203426e-16,0.47152,0,0.512472,0,0.4873809,0.3850525,0.09843276,0,0,0,0
2589,8.790393e-15,0,2.99828,0,2.139987,2.263047,1.654544,2.139791,1,3.203426e-16,0.4881732,0,0.511795,0,0.4881354,0.3822891,0.09451624,0,0,0,0
2590,8.431652e-15,0,2.99828,0,2.056077,2.258558,1.655258,2.114013,1,3.203426e-16,0.4718418,0,0.5109401,0,0.4831377,0.3823723,0.09317457,0,0,0,0
2591,8.087552e-15,0,2.99828,0,2.096355,2.255589,1.655986,2.108405,1,3.203426e-16,0.4797041,0,0.5103742,0,0.4820481,0.3820956,0.09431469,0,0,0,0
2592,7.757494e-15,0,2.99828,0,2.181909,2.251951,1.656743,2.118489,1,3.203426e-16,0.4962637,0,0.5096809,0,0.4840066,0.3833433,0.09625977,0,0,0,0
2593,7.440907e-15,0,2.99828,0,2.054433,2.248473,1.657456,2.111557,1,3.203426e-16,0.47152,0,0.5090176,0,0.4826605,0.38655,0.09418311,0,0,0,0
2594,7.137239e-15,0,2.99828,0,2.096355,2.245504,1.658184,2.116215,1,3.203426e-16,0.4797041,0,0.508451,0,0.4835652,0.3827887,0.09434549,0,0,0,0
2595,6.845965e-15,0,2.99828,0,2.096355,2.240915,1.658912,2.108922,1,3.203426e-16,0.4797041,0,0.5075752,0,0.4821486,0.3845412,0.09272755,0,0,0,0
2596,6.566577e-15,0,2.99828,0,2.014155,2.235961,1.659612,2.103351,1,3.203426e-16,0.4636128,0,0.5066288,0,0.4810655,0.3825151,0.0910869,0,0,0,0
2597,6.298592e-15,0,2.99828,0,2.017379,2.233103,1.660312,2.093661,1,3.203426e-16,0.4642471,0,0.5060826,0,0.4791797,0.3835895,0.09302931,0,0,0,0
2598,6.041543e-15,0,2.99828,0,1.938276,2.227766,1.660985,2.063379,1,3.203426e-16,0.4485976,0,0.505062,0,0.4732704,0.3837397,0.09208808,0,0,0,0
2599,5.794984e-15,0,2.99828,0,2.138276,2.223621,1.661728,2.071706,1,3.203426e-16,0.4878421,0,0.504269,0,0.4748976,0.3824849,0.09129573,0,0,0,0
2600,5.558488e-15,0,2.99828,0,2.096355,2.220126,1.662455,2.07124,1,3.203426e-16,0.4797041,0,0.5036,0,0.4748066,0.3865623,0.09116607,0,0,0,0
2601,5.331643e-15,0,2.99828,0,2.138276,2.217075,1.663198,2.075413,1,3.203426e-16,0.4878421,0,0.5030158,0,0.4756216,0.3841504,0.09179769,0,0,0,0
2602,5.114055e-15,0,2.99828,0,2.099709,2.214143,1.663927,2.08449,1,3.203426e-16,0.480357,0,0.5024539,0,0.4773926,0.3838153,0.09246406,0,0,0,0
2603,4.905348e-15,0,2.99828,0,1.973878,2.208697,1.664612,2.078259,1,3.203426e-16,0.455662,0,0.5014099,0,0.476177,0.3824739,0.09131218,0,0,0,0
2604,4.705158e-15,0,2.99828,0,1.8593,2.202568,1.665258,2.066384,1,3.203426e-16,0.4328018,0,0.5002341,0,0.4738578,0.3813967,0.09111689,0,0,0,0
2605,4.513138e-15,0,2.99828,0,2.014155,2.19816,1.665957,2.050224,1,3.203426e-16,0.4636128,0,0.4993878,0,0.4706957,0.3823671,0.08890134,0,0,0,0
2606,4.328955e-15,0,2.99828,0,2.014155,2.194802,1.666657,2.039712,1,3.203426e-16,0.4636128,0,0.4987428,0,0.468635,0.377835,0.0916818,0,0,0,0
2607,4.152288e-15,0,2.99828,0,2.014155,2.190393,1.667356,2.025455,1,3.203426e-16,0.4636128,0,0.4978957,0,0.4658354,0.3881582,0.08864103,0,0,0,0
2608,3.98283e-15,0,2.99828,0,2.096355,2.187949,1.668084,2.024132,1,3.203426e-16,0.4797041,0,0.4974257,0,0.4655753,0.3826726,0.08960027,0,0,0,0
2609,3.820289e-15,0,2.99828,0,2.014155,2.184591,1.668783,2.026743,1,0,0.4636128,0,0.4967798,0,0.4660886,0.3925588,0.08849853,0,0,0,0
2610,3.664381e-15,0,2.99828,0,1.935179,2.180335,1.669455,2.032433,1,0,0.4479814,0,0.4959608,0,0.4672063,0.3818336,0.08701207,0,0,0,0
2611,3.514836e-15,0,2.99828,0,2.014155,2.175927,1.670155,2.031053,1,0,0.4636128,0,0.495112,0,0.4669354,0.3811042,0.08522239,0,0,0,0
2612,3.371393e-15,0,2.99828,0,2.014155,2.174063,1.670854,2.030606,1,0,0.4636128,0,0.494753,0,0.4668475,0.3823313,0.08725686,0,0,0,0
2613,3.233805e-15,0,2.99828,0,2.017379,2.169144,1.671554,2.030087,1,0,0.4642471,0,0.493805,0,0.4667455,0.3867039,0.09056316,0,0,0,0
2614,3.101831e-15,0,2.99828,0,2.014155,2.165786,1.672254,2.0181,1,0,0.4636128,0,0.4931575,0,0.4643891,0.3883354,0.08596407,0,0,0,0
2615,2.975244e-15,0,2.99828,0,1.973878,2.162444,1.672939,2.011798,1,0,0.455662,0,0.492513,0,0.4631486,0.3792349,0.08793412,0,0,0,0
2616,2.853823e-15,0,2.99828,0,1.897998,2.158301,1.673598,2.005426,1,0,0.4405634,0,0.4917132,0,0.4618932,0.3875854,0.08929049,0,0,0,0
2617,2.737357e-15,0,2.99828,0,1.897998,2.15258,1.674257,1.990278,1,0,0.4405634,0,0.4906084,0,0.4589047,0.3864221,0.08755845,0,0,0,0
2618,2.625644e-15,0,2.99828,0,2.014155,2.148655,1.674957,1.98983,1,0,0.4636128,0,0.4898498,0,0.4588163,0.3832033,0.08496594,0,0,0,0
2619,2.51849e-15,0,2.99828,0,2.014155,2.144772,1.675656,1.988074,1,0,0.4636128,0,0.489099,0,0.4584694,0.382484,0.08462214,0,0,0,0
2620,2.415709e-15,0,2.99828,0,1.935179,2.141041,1.676328,1.977956,1,0,0.4479814,0,0.4883772,0,0.456469,0.386503,0.08656027,0,0,0,0
2621,2.317122e-15,0,2.99828,0,1.938276,2.13684,1.677001,1.972244,1,0,0.4485976,0,0.4875641,0,0.4553385,0.3824578,0.08270523,0,0,0,0
2622,2.222559e-15,0,2.99828,0,1.973878,2.133035,1.677686,1.978363,1,0,0.455662,0,0.4868271,0,0.4565496,0.382547,0.0839708,0,0,0,0
2623,2.131856e-15,0,2.99828,0,2.014155,2.129656,1.678386,1.990822,1,0,0.4636128,0,0.4861725,0,0.4590121,0.3817599,0.08257069,0,0,0,0
2624,2.044853e-15,0,2.99828,0,1.935179,2.1254,1.679058,1.980256,1,0,0.4479814,0,0.4853474,0,0.456924,0.3827345,0.08237618,0,0,0,0
2625,1.961402e-15,0,2.99828,0,1.897998,2.121256,1.679717,1.965146,1,0,0.4405634,0,0.4845437,0,0.4539325,0.3829592,0.08253537,0,0,0,0
2626,1.881356e-15,0,2.99828,0,1.973878,2.11943,1.680402,1.968998,1,0,0.455662,0,0.4841892,0,0.4546958,0.3878836,0.08100464,0,0,0,0
2627,1.804577e-15,0,2.99828,0,1.935179,2.115194,1.681074,1.967741,1,0,0.4479814,0,0.483367,0,0.4544467,0.3890804,0.08265994,0,0,0,0
2628,1.730931e-15,0,2.99828,0,2.014155,2.110786,1.681773,1.973059,1,0,0.4636128,0,0.4825107,0,0.4554999,0.3817538,0.08274586,0,0,0,0
2629,1.660291e-15,0,2.99828,0,2.056077,2.109388,1.682487,1.976804,1,0,0.4718418,0,0.4822391,0,0.456241,0.3852853,0.08064988,0,0,0,0
2630,1.592533e-15,0,2.99828,0,1.975457,2.107094,1.683173,1.979936,1,0,0.4559746,0,0.4817932,0,0.4568606,0.384046,0.08148801,0,0,0,0
2631,1.527541e-15,0,2.99828,0,1.8593,2.10252,1.683819,1.972536,1,0,0.4328018,0,0.4809038,0,0.4553964,0.3862657,0.08127645,0,0,0,0
2632,1.465201e-15,0,2.99828,0,1.8593,2.097441,1.684464,1.957134,1,0,0.4328018,0,0.4799156,0,0.4523439,0.3890795,0.07944892,0,0,0,0
2633,1.405406e-15,0,2.99828,0,1.938276,2.09324,1.685137,1.957083,1,0,0.4485976,0,0.4790977,0,0.4523336,0.3836731,0.07985479,0,0,0,0
2634,1.34805e-15,0,2.99828,0,1.935179,2.08951,1.685809,1.94915,1,0,0.4479814,0,0.4783709,0,0.4507591,0.3888538,0.07721964,0,0,0,0
2635,1.293036e-15,0,2.99828,0,2.056077,2.087122,1.686523,1.949616,1,0,0.4718418,0,0.4779057,0,0.4508516,0.3877319,0.07973521,0,0,0,0
2636,1.240266e-15,0,2.99828,0,1.823577,2.081647,1.687156,1.930623,1,0,0.4255998,0,0.476838,0,0.4470745,0.3789932,0.07929248,0,0,0,0
2637,1.18965e-15,0,2.99828,0,2.056077,2.080733,1.68787,1.952953,1,0,0.4718418,0,0.4766598,0,0.4515141,0.38318,0.08061709,0,0,0,0
2638,1.1411e-15,0,2.99828,0,1.896481,2.076572,1.688529,1.954863,1,0,0.4402598,0,0.4758479,0,0.4518933,0.386713,0.07533617,0,0,0,0
2639,1.094531e-15,0,2.99828,0,1.975457,2.073794,1.689215,1.958565,1,0,0.4559746,0,0.4753054,0,0.4526277,0.3863484,0.07815173,0,0,0,0
2640,1.049863e-15,0,2.99828,0,1.973878,2.071967,1.6899,1.963295,1,0,0.455662,0,0.4749487,0,0.4535656,0.3849758,0.07806773,0,0,0,0
2641,1.007017e-15,0,2.99828,0,1.897998,2.066793,1.690559,1.94444,1,0,0.4405634,0,0.4739378,0,0.4498231,0.385275,0.07920042,0,0,0,0
2642,9.659203e-16,0,2.99828,0,1.822119,2.062232,1.691192,1.942144,1,0,0.4253051,0,0.473046,0,0.4493667,0.382531,0.0755062,0,0,0,0
2643,9.265006e-16,0,2.99828,0,1.897998,2.058047,1.691851,1.923253,1,0,0.4405634,0,0.4722274,0,0.4456062,0.3817953,0.07779114,0,0,0,0
2644,8.886896e-16,0,2.99828,0,1.975457,2.055269,1.692537,1.931598,1,0,0.4559746,0,0.4716836,0,0.4472687,0.3872721,0.07860847,0,0,0,0
2645,8.524217e-16,0,2.99828,0,1.8593,2.050695,1.693182,1.917419,1,0,0.4328018,0,0.4707879,0,0.4444428,0.3862469,0.07560711,0,0,0,0
2646,8.176339e-16,0,2.99828,0,1.822119,2.048114,1.693815,1.899714,1,0,0.4253051,0,0.4702822,0,0.4409064,0.3875774,0.07979943,0,0,0,0
2647,7.842658e-16,0,2.99828,0,1.896481,2.044942,1.694473,1.899528,1,0,0.4402598,0,0.4696606,0,0.4408694,0.3884637,0.07646281,0,0,0,0
2648,7.522595e-16,0,2.99828,0,1.822119,2.039955,1.695106,1.897394,1,0,0.4253051,0,0.4686826,0,0.4404426,0.3858364,0.07193436,0,0,0,0
2649,7.215594e-16,0,2.99828,0,1.935179,2.036729,1.695778,1.900648,1,0,0.4479814,0,0.4680496,0,0.4410933,0.3827632,0.07497288,0,0,0,0
2650,6.921121e-16,0,2.99828,0,1.8593,2.03264,1.696424,1.886899,1,0,0.4328018,0,0.4672469,0,0.4383414,0.3826953,0.07364043,0,0,0,0
2651,6.638667e-16,0,2.99828,0,1.823577,2.028658,1.697057,1.881655,1,0,0.4255998,0,0.4664649,0,0.4372906,0.38778,0.07348207,0,0,0,0
2652,6.367739e-16,0,2.99828,0,1.897998,2.026454,1.697716,1.889243,1,0,0.4405634,0,0.4660318,0,0.438811,0.3871658,0.07325237,0,0,0,0
2653,6.107868e-16,0,2.99828,0,1.789254,2.021607,1.698337,1.87483,1,0,0.4186461,0,0.4650788,0,0.4359216,0.3910862,0.07503647,0,0,0,0
2654,5.858603e-16,0,2.99828,0,1.822119,2.01856,1.69897,1.873574,1,0,0.4253051,0,0.4644795,0,0.4356695,0.3910646,0.07165577,0,0,0,0
2655,5.61951e-16,0,2.99828,0,1.786396,2.012671,1.69959,1.855802,1,0,0.4180654,0,0.4633205,0,0.4320983,0.3888667,0.0721414,0,0,0,0
2656,5.390175e-16,0,2.99828,0,1.8593,2.010037,1.700236,1.854529,1,0,0.4328018,0,0.4628018,0,0.4318421,0.3844049,0.07268576,0,0,0,0
2657,5.170199e-16,0,2.99828,0,1.752073,2.006174,1.700844,1.84455,1,0,0.4110752,0,0.4620408,0,0.4298325,0.3842946,0.06918047,0,0,0,0
2658,4.9592e-16,0,2.99828,0,1.750673,2.000878,1.701452,1.825253,1,0,0.4107892,0,0.4609967,0,0.4259385,0.3806033,0.06910364,0,0,0,0
2659,4.756813e-16,0,2.99828,0,1.896481,1.997202,1.70211,1.835393,1,0,0.4402598,0,0.4602716,0,0.4279861,0.3865741,0.06990571,0,0,0,0
2660,4.562684e-16,0,2.99828,0,1.827953,1.993754,1.702745,1.834403,1,0,0.4264839,0,0.4595911,0,0.4277862,0.3871672,0.07396116,0,0,0,0
2661,4.376479e-16,0,2.99828,0,1.897998,1.9906,1.703404,1.847233,1,0,0.4405634,0,0.4589682,0,0.4303731,0.3864754,0.07219379,0,0,0,0
2662,4.197872e-16,0,2.99828,0,1.862275,1.987533,1.704051,1.847597,1,0,0.4334,0,0.4583624,0,0.4304463,0.3870428,0.07221469,0,0,0,0
2663,4.026555e-16,0,2.99828,0,1.823577,1.984465,1.704684,1.854267,1,0,0.4255998,0,0.4577561,0,0.4317893,0.3843867,0.07200791,0,0,0,0
2664,3.862229e-16,0,2.99828,0,1.823577,1.980968,1.705317,1.861127,1,0,0.4255998,0,0.4570648,0,0.4331693,0.3831854,0.06977694,0,0,0,0
2665,3.704609e-16,0,2.99828,0,1.789254,1.976101,1.705938,1.846249,1,0,0.4186461,0,0.456102,0,0.4301748,0.3836596,0.07008025,0,0,0,0
2666,3.553422e-16,0,2.99828,0,1.8593,1.973001,1.706584,1.850129,1,0,0.4328018,0,0.4554884,0,0.4309563,0.3879009,0.06793347,0,0,0,0
2667,3.408405e-16,0,2.99828,0,1.71635,1.969226,1.70718,1.826171,1,0,0.4037636,0,0.454741,0,0.4261239,0.3859152,0.06789505,0,0,0,0
2668,3.269306e-16,0,2.99828,0,1.750673,1.964435,1.707788,1.81215,1,0,0.4107892,0,0.4537916,0,0.4232885,0.3856279,0.06794336,0,0,0,0
2669,3.135884e-16,0,2.99828,0,1.822119,1.960437,1.708421,1.810285,1,0,0.4253051,0,0.4529991,0,0.4229107,0.3821739,0.06560237,0,0,0,0
2670,3.007907e-16,0,2.99828,0,1.822119,1.956439,1.709053,1.808436,1,0,0.4253051,0,0.452206,0,0.4225365,0.3882213,0.06838249,0,0,0,0
2671,2.885153e-16,0,2.99828,0,1.750673,1.952133,1.709661,1.802513,1,0,0.4107892,0,0.4513513,0,0.4213361,0.3838464,0.06628065,0,0,0,0
2672,2.767408e-16,0,2.99828,0,1.823577,1.949568,1.710294,1.79856,1,0,0.4255998,0,0.4508419,0,0.4205346,0.389471,0.06503339,0,0,0,0
2673,2.654469e-16,0,2.99828,0,1.682028,1.944964,1.710878,1.792346,1,0,0.3967035,0,0.4499273,0,0.4192739,0.3856389,0.06752791,0,0,0,0
2674,2.546138e-16,0,2.99828,0,1.823577,1.939993,1.711512,1.798759,1,0,0.4255998,0,0.4489391,0,0.4205751,0.3867993,0.06520934,0,0,0,0
2675,2.442229e-16,0,2.99828,0,1.823577,1.936497,1.712145,1.798524,1,0,0.4255998,0,0.4482436,0,0.4205275,0.3900179,0.06785258,0,0,0,0
2676,2.34256e-16,0,2.99828,0,1.8593,1.933825,1.71279,1.803069,1,0,0.4328018,0,0.447712,0,0.4214489,0.3837607,0.06640705,0,0,0,0
2677,2.246959e-16,0,2.99828,0,1.789254,1.930376,1.713412,1.806164,1,0,0.4186461,0,0.4470252,0,0.4220762,0.3900667,0.0605328,0,0,0,0
2678,2.15526e-16,0,2.99828,0,1.786396,1.927398,1.714032,1.801636,1,0,0.4180654,0,0.4464321,0,0.4211584,0.3864485,0.05992449,0,0,0,0
2679,2.067302e-16,0,2.99828,0,1.823577,1.923882,1.714665,1.816124,1,0,0.4255998,0,0.4457315,0,0.4240926,0.3871411,0.06486035,0,0,0,0
2680,1.982935e-16,0,2.99828,0,1.786396,1.920886,1.715285,1.811182,1,0,0.4180654,0,0.4451342,0,0.4230925,0.3824538,0.06174245,0,0,0,0
2681,1.90201e-16,0,2.99828,0,1.8593,1.918252,1.715931,1.815548,1,0,0.4328018,0,0.4446089,0,0.4239762,0.3870113,0.06282645,0,0,0,0
2682,1.824388e-16,0,2.99828,0,1.786396,1.913857,1.716551,1.806208,1,0,0.4180654,0,0.4437321,0,0.422085,0.3843901,0.06129275,0,0,0,0
2683,1.749934e-16,0,2.99828,0,1.719097,1.910131,1.717148,1.797633,1,0,0.404327,0,0.4429882,0,0.4203467,0.3915352,0.06231636,0,0,0,0
2684,1.678518e-16,0,2.99828,0,1.786396,1.906687,1.717768,1.797236,1,0,0.4180654,0,0.4423003,0,0.4202662,0.3900838,0.06344285,0,0,0,0
2685,1.610017e-16,0,2.99828,0,1.8593,1.904053,1.718414,1.802015,1,0,0.4328018,0,0.441774,0,0.4212354,0.3901009,0.06304545,0,0,0,0
2686,1.544311e-16,0,2.99828,0,1.750673,1.901125,1.719022,1.796839,1,0,0.4107892,0,0.4411888,0,0.4201857,0.3925897,0.06159952,0,0,0,0
2687,1.481287e-16,0,2.99828,0,1.750673,1.898162,1.71963,1.784754,1,0,0.4107892,0,0.4405961,0,0.4177318,0.3858259,0.05838238,0,0,0,0
2688,1.420835e-16,0,2.99828,0,1.719097,1.895727,1.720227,1.776925,1,0,0.404327,0,0.440109,0,0.41614,0.3898481,0.06185026,0,0,0,0
2689,1.36285e-16,0,2.99828,0,1.897998,1.893057,1.720886,1.79682,1,0,0.4405634,0,0.4395747,0,0.4201818,0.3913118,0.05952612,0,0,0,0
2690,1.307231e-16,0,2.99828,0,1.750673,1.889216,1.721493,1.791992,1,0,0.4107892,0,0.4388056,0,0.419202,0.3862942,0.061104,0,0,0,0
2691,1.253882e-16,0,2.99828,0,1.71635,1.884528,1.722089,1.774091,1,0,0.4037636,0,0.4378664,0,0.4155632,0.3864468,0.06203142,0,0,0,0
2692,1.202711e-16,0,2.99828,0,1.827953,1.881509,1.722724,1.782296,1,0,0.4264839,0,0.4372612,0,0.4172322,0.3876715,0.05648826,0,0,0,0
2693,1.153627e-16,0,2.99828,0,1.786396,1.879425,1.723344,1.785852,1,0,0.4180654,0,0.4368435,0,0.417955,0.3871942,0.0580317,0,0,0,0
2694,1.106547e-16,0,2.99828,0,1.786396,1.878615,1.723965,1.792917,1,0,0.4180654,0,0.4366811,0,0.4193897,0.390396,0.05629037,0,0,0,0
2695,1.061388e-16,0,2.99828,0,1.827953,1.876546,1.724599,1.785564,1,0,0.4264839,0,0.436266,0,0.4178964,0.382972,0.05881467,0,0,0,0
2696,1.018073e-16,0,2.99828,0,1.752073,1.873634,1.725208,1.784528,1,0,0.4110752,0,0.4356817,0,0.4176859,0.3859901,0.05718799,0,0,0,0
2697,9.765244e-17,0,2.99828,0,1.649051,1.869578,1.72578,1.776303,1,0,0.3898877,0,0.4348673,0,0.4160133,0.3876885,0.0588439,0,0,0,0
2698,9.366719e-17,0,2.99828,0,1.752073,1.865752,1.726389,1.767887,1,0,0.4110752,0,0.4340989,0,0.4143001,0.3907069,0.0585377,0,0,0,0
2699,8.984458e-17,0,2.99828,0,1.750673,1.862825,1.726997,1.763124,1,0,0.4107892,0,0.4335105,0,0.4133295,0.3886763,0.05521787,0,0,0,0
2700,8.617798e-17,0,2.99828,0,1.617367,1.859293,1.727558,1.742068,1,0,0.3833086,0,0.4328006,0,0.4090312,0.3938328,0.05753374,0,0,0,0
2701,8.266101e-17,0,2.99828,0,1.752073,1.856381,1.728167,1.733653,1,0,0.4110752,0,0.4322148,0,0.4073096,0.3864663,0.05664548,0,0,0,0
2702,7.928757e-17,0,2.99828,0,1.71635,1.853073,1.728762,1.728492,1,0,0.4037636,0,0.4315489,0,0.4062529,0.3863536,0.05542693,0,0,0,0
2703,7.60518e-17,0,2.99828,0,1.750673,1.850109,1.72937,1.740546,1,0,0.4107892,0,0.4309523,0,0.4087199,0.3868684,0.05570627,0,0,0,0
2704,7.294808e-17,0,2.99828,0,1.786396,1.847578,1.729991,1.743947,1,0,0.4180654,0,0.4304427,0,0.4094151,0.3907094,0.05201853,0,0,0,0
2705,6.997103e-17,0,2.99828,0,1.649051,1.843969,1.730563,1.730716,1,0,0.3898877,0,0.4297155,0,0.4067084,0.3899476,0.05345795,0,0,0,0
2706,6.711548e-17,0,2.99828,0,1.682028,1.84157,1.731147,1.735931,1,0,0.3967035,0,0.4292318,0,0.4077758,0.3881262,0.05262433,0,0,0,0
2707,6.437646e-17,0,2.99828,0,1.687413,1.83923,1.731733,1.727615,1,0,0.3978136,0,0.42876,0,0.4060732,0.3915523,0.05487468,0,0,0,0
2708,6.174922e-17,0,2.99828,0,1.752073,1.836318,1.732342,1.731203,1,0,0.4110752,0,0.4281726,0,0.406808,0.3882291,0.05291656,0,0,0,0
2709,5.92292e-17,0,2.99828,0,1.584391,1.831543,1.732892,1.710069,1,0,0.376429,0,0.4272089,0,0.4024742,0.384321,0.05353649,0,0,0,0
2710,5.681202e-17,0,2.99828,0,1.649051,1.828363,1.733464,1.693283,1,0,0.3898877,0,0.4265669,0,0.3990225,0.3866355,0.05249593,0,0,0,0
2711,5.44935e-17,0,2.99828,0,1.786396,1.826676,1.734085,1.707733,1,0,0.4180654,0,0.426226,0,0.4019943,0.3907506,0.05013149,0,0,0,0
2712,5.226959e-17,0,2.99828,0,1.617367,1.822715,1.734646,1.698671,1,0,0.3833086,0,0.4254255,0,0.4001313,0.3927725,0.05520076,0,0,0,0
2713,5.013644e-17,0,2.99828,0,1.71635,1.819406,1.735242,1.701855,1,0,0.4037636,0,0.4247565,0,0.4007863,0.3942494,0.05124161,0,0,0,0
2714,4.809034e-17,0,2.99828,0,1.752073,1.817371,1.73585,1.701474,1,0,0.4110752,0,0.424345,0,0.4007078,0.3896595,0.05288156,0,0,0,0
2715,4.612775e-17,0,2.99828,0,1.683373,1.814986,1.736435,1.710517,1,0,0.396981,0,0.4238625,0,0.4025662,0.3889185,0.05179077,0,0,0,0
2716,4.424525e-17,0,2.99828,0,1.649051,1.811377,1.737008,1.709388,1,0,0.3898877,0,0.423132,0,0.4023343,0.3946007,0.05241729,0,0,0,0
2717,4.243958e-17,0,2.99828,0,1.71635,1.808946,1.737603,1.701224,1,0,0.4037636,0,0.4226396,0,0.4006564,0.3867763,0.05276262,0,0,0,0
2718,4.070759e-17,0,2.99828,0,1.617367,1.804537,1.738165,1.700094,1,0,0.3833086,0,0.4217465,0,0.400424,0.3903859,0.04876759,0,0,0,0
2719,3.90463e-17,0,2.99828,0,1.617367,1.799662,1.738727,1.685978,1,0,0.3833086,0,0.4207583,0,0.3975178,0.3910695,0.05298293,0,0,0,0
2720,3.745279e-17,0,2.99828,0,1.65169,1.796065,1.7393,1.673724,1,0,0.3904343,0,0.4200286,0,0.3949903,0.391044,0.04944509,0,0,0,0
2721,3.592433e-17,0,2.99828,0,1.687413,1.794155,1.739886,1.673851,1,0,0.3978136,0,0.419641,0,0.3950166,0.3898632,0.04899035,0,0,0,0
2722,3.445823e-17,0,2.99828,0,1.649051,1.791819,1.740459,1.671864,1,0,0.3898877,0,0.4191669,0,0.3946062,0.3890786,0.04965828,0,0,0,0
2723,3.305198e-17,0,2.99828,0,1.584391,1.787887,1.741009,1.654957,1,0,0.376429,0,0.4183684,0,0.3911107,0.3915165,0.05049994,0,0,0,0
2724,3.170311e-17,0,2.99828,0,1.682028,1.785074,1.741593,1.660982,1,0,0.3967035,0,0.4177969,0,0.3923573,0.3943286,0.04605666,0,0,0,0
2725,3.040929e-17,0,2.99828,0,1.752073,1.781696,1.742201,1.675106,1,0,0.4110752,0,0.4171103,0,0.3952756,0.3918349,0.04531405,0,0,0,0
2726,2.916827e-17,0,2.99828,0,1.586926,1.779067,1.742752,1.666075,1,0,0.3769591,0,0.4165756,0,0.3934104,0.3890763,0.04575823,0,0,0,0
2727,2.797789e-17,0,2.99828,0,1.617367,1.774192,1.743314,1.65794,1,0,0.3833086,0,0.4155839,0,0.3917281,0.3892974,0.04669234,0,0,0,0
2728,2.68361e-17,0,2.99828,0,1.584391,1.770725,1.743864,1.648892,1,0,0.376429,0,0.414878,0,0.3898548,0.3962181,0.04793016,0,0,0,0
2729,2.57409e-17,0,2.99828,0,1.616074,1.766732,1.744425,1.650917,1,0,0.3830394,0,0.4140647,0,0.3902743,0.3869204,0.04509188,0,0,0,0
2730,2.46904e-17,0,2.99828,0,1.586926,1.762432,1.744976,1.640012,1,0,0.3769591,0,0.4131885,0,0.3880138,0.3888043,0.04798622,0,0,0,0
2731,2.368278e-17,0,2.99828,0,1.617367,1.759314,1.745538,1.623548,1,0,0.3833086,0,0.4125527,0,0.3845944,0.3890743,0.04292102,0,0,0,0
2732,2.271627e-17,0,2.99828,0,1.617367,1.757039,1.746099,1.625831,1,0,0.3833086,0,0.4120886,0,0.3850689,0.3914019,0.04421704,0,0,0,0
2733,2.178921e-17,0,2.99828,0,1.616074,1.753907,1.74666,1.624192,1,0,0.3830394,0,0.4114494,0,0.3847281,0.3964989,0.04565047,0,0,0,0
2734,2.089998e-17,0,2.99828,0,1.683373,1.750661,1.747245,1.634045,1,0,0.396981,0,0.4107869,0,0.3867754,0.3894505,0.04180329,0,0,0,0
2735,2.004704e-17,0,2.99828,0,1.522266,1.746916,1.747773,1.622213,1,0,0.3633786,0,0.410022,0,0.3843167,0.3934793,0.04275166,0,0,0,0
2736,1.922891e-17,0,2.99828,0,1.750673,1.746122,1.748381,1.64117,1,0,0.4107892,0,0.4098598,0,0.388254,0.3902303,0.04238923,0,0,0,0
2737,1.844416e-17,0,2.99828,0,1.683373,1.743755,1.748966,1.648459,1,0,0.396981,0,0.4093759,0,0.389765,0.3912384,0.04433953,0,0,0,0
2738,1.769145e-17,0,2.99828,0,1.617367,1.74148,1.749527,1.646962,1,0,0.3833086,0,0.4089108,0,0.3894548,0.3935122,0.04189807,0,0,0,0
2739,1.696945e-17,0,2.99828,0,1.584391,1.737582,1.750078,1.643442,1,0,0.376429,0,0.4081137,0,0.3887251,0.3936845,0.04360409,0,0,0,0
2740,1.627692e-17,0,2.99828,0,1.682028,1.735612,1.750662,1.643659,1,0,0.3967035,0,0.4077106,0,0.3887701,0.3849026,0.04310725,0,0,0,0
2741,1.561265e-17,0,2.99828,0,1.584391,1.732955,1.751212,1.648317,1,0,0.376429,0,0.4071667,0,0.3897356,0.3923345,0.03739249,0,0,0,0
2742,1.497549e-17,0,2.99828,0,1.552707,1.729118,1.751751,1.625602,1,0,0.3697881,0,0.4063811,0,0.3850214,0.3916048,0.04052434,0,0,0,0
2743,1.436433e-17,0,2.99828,0,1.617367,1.727208,1.752312,1.617169,1,0,0.3833086,0,0.4059899,0,0.3832672,0.392587,0.0370483,0,0,0,0
2744,1.377811e-17,0,2.99828,0,1.584391,1.724567,1.752863,1.611641,1,0,0.376429,0,0.4054486,0,0.3821163,0.3911633,0.04444681,0,0,0,0
2745,1.321582e-17,0,2.99828,0,1.584391,1.722322,1.753413,1.610542,1,0,0.376429,0,0.4049885,0,0.3818872,0.3935659,0.03888889,0,0,0,0
2746,1.267648e-17,0,2.99828,0,1.552707,1.718916,1.753952,1.595102,1,0,0.3697881,0,0.4042899,0,0.3786672,0.3921303,0.03836852,0,0,0,0
2747,1.215914e-17,0,2.99828,0,1.55395,1.716714,1.754491,1.589915,1,0,0.370049,0,0.4038383,0,0.3775838,0.3970018,0.0388492,0,0,0,0
2748,1.166292e-17,0,2.99828,0,1.584391,1.714867,1.755042,1.593069,1,0,0.376429,0,0.4034592,0,0.3782426,0.3976021,0.03799156,0,0,0,0
2749,1.118695e-17,0,2.99828,0,1.522266,1.710709,1.75557,1.581446,1,0,0.3633786,0,0.4026056,0,0.375813,0.3957874,0.04032237,0,0,0,0
2750,1.073041e-17,0,2.99828,0,1.617367,1.708369,1.756132,1.584729,1,0,0.3833086,0,0.402125,0,0.3764996,0.3960056,0.03945747,0,0,0,0
2751,1.029249e-17,0,2.99828,0,1.649051,1.705603,1.756704,1.591487,1,0,0.3898877,0,0.4015566,0,0.3779121,0.3916504,0.03805948,0,0,0,0
2752,9.87245e-18,0,2.99828,0,1.616074,1.702867,1.757265,1.598161,1,0,0.3830394,0,0.4009943,0,0.3793057,0.3974601,0.04081394,0,0,0,0
2753,9.46955e-18,0,2.99828,0,1.55395,1.699872,1.757805,1.597823,1,0,0.370049,0,0.4003783,0,0.3792351,0.390948,0.03500426,0,0,0,0
2754,9.083092e-18,0,2.99828,0,1.522266,1.696524,1.758334,1.589145,1,0,0.3633786,0,0.3996895,0,0.3774228,0.3947677,0.03975751,0,0,0,0
2755,8.712406e-18,0,2.99828,0,1.524702,1.693584,1.758863,1.586889,1,0,0.3638926,0,0.3990845,0,0.3769513,0.3912922,0.03230837,0,0,0,0
2756,8.356848e-18,0,2.99828,0,1.65169,1.691277,1.759436,1.591423,1,0,0.3904343,0,0.3986096,0,0.3778987,0.3948766,0.03821253,0,0,0,0
2757,8.015801e-18,0,2.99828,0,1.557679,1.689514,1.759977,1.580607,1,0,0.3708321,0,0.3982465,0,0.3756374,0.3931958,0.03372945,0,0,0,0
2758,7.688671e-18,0,2.99828,0,1.649051,1.688385,1.76055,1.584989,1,0,0.3898877,0,0.3980139,0,0.3765541,0.391239,0.0346073,0,0,0,0
2759,7.374893e-18,0,2.99828,0,1.524702,1.685081,1.761079,1.580724,1,0,0.3638926,0,0.3973329,0,0.375662,0.3925752,0.03371677,0,0,0,0
2760,7.073919e-18,0,2.99828,0,1.584391,1.682439,1.761629,1.587599,1,0,0.376429,0,0.3967884,0,0.3770997,0.397456,0.03459765,0,0,0,0
2761,6.785229e-18,0,2.99828,0,1.522266,1.679901,1.762158,1.586272,1,0,0.3633786,0,0.396265,0,0.3768222,0.387237,0.0314437,0,0,0,0
2762,6.50832e-18,0,2.99828,0,1.649051,1.677962,1.762731,1.58633,1,0,0.3898877,0,0.395865,0,0.3768345,0.3965801,0.03225723,0,0,0,0
2763,6.242712e-18,0,2.99828,0,1.557679,1.67658,1.763271,1.585682,1,0,0.3708321,0,0.3955799,0,0.3766989,0.3949915,0.03475143,0,0,0,0
2764,5.987943e-18,0,2.99828,0,1.617367,1.674289,1.763833,1.581428,1,0,0.3833086,0,0.395107,0,0.3758092,0.4019384,0.03157538,0,0,0,0
2765,5.743572e-18,0,2.99828,0,1.552707,1.67128,1.764372,1.584878,1,0,0.3697881,0,0.3944856,0,0.3765308,0.3940478,0.03163629,0,0,0,0
2766,5.509174e-18,0,2.99828,0,1.464917,1.666898,1.764881,1.568428,1,0,0.3512259,0,0.3935803,0,0.3730869,0.3963351,0.035488,0,0,0,0
2767,5.284341e-18,0,2.99828,0,1.616074,1.664973,1.765442,1.578103,1,0,0.3830394,0,0.3931826,0,0.3751135,0.395063,0.02955907,0,0,0,0
2768,5.068685e-18,0,2.99828,0,1.491825,1.6617,1.76596,1.559239,1,0,0.3569406,0,0.3925059,0,0.3711596,0.3975871,0.03174772,0,0,0,0
2769,4.861829e-18,0,2.99828,0,1.493018,1.658027,1.766478,1.551039,1,0,0.3571936,0,0.3917462,0,0.3694375,0.3966094,0.03094522,0,0,0,0
2770,4.663415e-18,0,2.99828,0,1.493018,1.654768,1.766997,1.535122,1,0,0.3571936,0,0.3910716,0,0.366089,0.3940911,0.03378367,0,0,0,0
2771,4.473098e-18,0,2.99828,0,1.617367,1.65208,1.767558,1.542673,1,0,0.3833086,0,0.390515,0,0.3676785,0.3943332,0.03140427,0,0,0,0
2772,4.290549e-18,0,2.99828,0,1.586926,1.649863,1.768109,1.55661,1,0,0.3769591,0,0.3900559,0,0.3706077,0.3957744,0.0297012,0,0,0,0
2773,4.115449e-18,0,2.99828,0,1.462577,1.647013,1.768617,1.537835,1,0,0.3507278,0,0.3894654,0,0.3666602,0.3954885,0.03596828,0,0,0,0
2774,3.947496e-18,0,2.99828,0,1.552707,1.644417,1.769156,1.544247,1,0,0.3697881,0,0.3889272,0,0.3680097,0.3928086,0.03289061,0,0,0,0
2775,3.786396e-18,0,2.99828,0,1.434476,1.639696,1.769654,1.536077,1,0,0.3447333,0,0.3879483,0,0.3662901,0.391467,0.02667947,0,0,0,0
2776,3.631871e-18,0,2.99828,0,1.617367,1.638215,1.770216,1.550612,1,0,0.3833086,0,0.387641,0,0.3693478,0.3971891,0.02724358,0,0,0,0
2777,3.483653e-18,0,2.99828,0,1.522266,1.635677,1.770745,1.539693,1,0,0.3633786,0,0.3871143,0,0.3670514,0.4022391,0.02771662,0,0,0,0
2778,3.341483e-18,0,2.99828,0,1.683373,1.63528,1.771329,1.551509,1,0,0.396981,0,0.3870319,0,0.3695364,0.3962603,0.03094701,0,0,0,0
2779,3.205115e-18,0,2.99828,0,1.462577,1.630442,1.771837,1.550846,1,0,0.3507278,0,0.3860272,0,0.369397,0.395009,0.02901659,0,0,0,0
2780,3.074313e-18,0,2.99828,0,1.522266,1.627904,1.772366,1.546407,1,0,0.3633786,0,0.3854999,0,0.3684639,0.4006576,0.02968508,0,0,0,0
2781,2.948848e-18,0,2.99828,0,1.552707,1.626086,1.772905,1.558473,1,0,0.3697881,0,0.385122,0,0.3709989,0.4006247,0.02688014,0,0,0,0
2782,2.828504e-18,0,2.99828,0,1.493018,1.622365,1.773423,1.54329,1,0,0.3571936,0,0.3843482,0,0.3678082,0.3919966,0.02592805,0,0,0,0
2783,2.713071e-18,0,2.99828,0,1.557679,1.619823,1.773964,1.547266,1,0,0.3708321,0,0.3838196,0,0.3686444,0.3944338,0.02584417,0,0,0,0
2784,2.602349e-18,0,2.99828,0,1.491825,1.61655,1.774482,1.525644,1,0,0.3569406,0,0.3831385,0,0.3640913,0.3969967,0.02581435,0,0,0,0
2785,2.496146e-18,0,2.99828,0,1.462577,1.612491,1.77499,1.524954,1,0,0.3507278,0,0.3822932,0,0.3639457,0.3924659,0.02577366,0,0,0,0
2786,2.394277e-18,0,2.99828,0,1.584391,1.610628,1.77554,1.531109,1,0,0.376429,0,0.3819051,0,0.3652435,0.3991534,0.02721036,0,0,0,0
2787,2.296565e-18,0,2.99828,0,1.649051,1.610628,1.776112,1.542829,1,0,0.3898877,0,0.3819051,0,0.3677113,0.3961115,0.02307619,0,0,0,0
2788,2.202841e-18,0,2.99828,0,1.522266,1.608074,1.776641,1.54467,1,0,0.3633786,0,0.3813731,0,0.3680986,0.4001544,0.0261856,0,0,0,0
2789,2.112942e-18,0,2.99828,0,1.552707,1.605874,1.77718,1.544429,1,0,0.3697881,0,0.3809146,0,0.3680479,0.3966852,0.0228746,0,0,0,0
2790,2.026712e-18,0,2.99828,0,1.493018,1.604493,1.777699,1.543546,1,0,0.3571936,0,0.3806266,0,0.3678622,0.3967994,0.02293829,0,0,0,0
2791,1.944001e-18,0,2.99828,0,1.529578,1.602021,1.77823,1.551072,1,0,0.3649207,0,0.380111,0,0.3694445,0.3960513,0.02212605,0,0,0,0
2792,1.864665e-18,0,2.99828,0,1.522266,1.599864,1.778758,1.542761,1,0,0.3633786,0,0.3796611,0,0.3676969,0.4006592,0.02160319,0,0,0,0
2793,1.788567e-18,0,2.99828,0,1.462577,1.596663,1.779266,1.520985,1,0,0.3507278,0,0.378993,0,0.3631082,0.3963327,0.01973356,0,0,0,0
2794,1.715574e-18,0,2.99828,0,1.405229,1.592428,1.779754,1.505623,1,0,0.3384676,0,0.3781087,0,0.3598624,0.3910112,0.02477946,0,0,0,0
2795,1.645561e-18,0,2.99828,0,1.584391,1.591709,1.780304,1.509496,1,0,0.376429,0,0.3779586,0,0.3606813,0.398563,0.02185792,0,0,0,0
2796,1.578405e-18,0,2.99828,0,1.405229,1.588634,1.780792,1.499078,1,0,0.3384676,0,0.377316,0,0.3584772,0.3936081,0.02154863,0,0,0,0
2797,1.513989e-18,0,2.99828,0,1.37823,1.585199,1.781271,1.479619,1,0,0.3326594,0,0.3765979,0,0.3543511,0.39703,0.02288302,0,0,0,0
2798,1.452202e-18,0,2.99828,0,1.493018,1.58232,1.781789,1.476383,1,0,0.3571936,0,0.3759959,0,0.3536637,0.396645,0.0243153,0,0,0,0
2799,1.392937e-18,0,2.99828,0,1.434476,1.580654,1.782287,1.47261,1,0,0.3447333,0,0.3756474,0,0.3528619,0.398446,0.02140965,0,0,0,0
2800,1.336091e-18,0,2.99828,0,1.433329,1.578258,1.782785,1.475069,1,0,0.3444881,0,0.3751458,0,0.3533846,0.3975191,0.02014996,0,0,0,0
2801,1.281564e-18,0,2.99828,0,1.407477,1.574047,1.783274,1.45308,1,0,0.3389503,0,0.3742643,0,0.3487046,0.3945173,0.01567287,0,0,0,0
2802,1.229263e-18,0,2.99828,0,1.552707,1.573329,1.783813,1.469086,1,0,0.3697881,0,0.3741138,0,0.3521127,0.3949716,0.01668998,0,0,0,0
2803,1.179096e-18,0,2.99828,0,1.493018,1.570847,1.784331,1.482179,1,0,0.3571936,0,0.373594,0,0.3548945,0.3997422,0.02114816,0,0,0,0
2804,1.130976e-18,0,2.99828,0,1.462577,1.567631,1.784839,1.477795,1,0,0.3507278,0,0.3729199,0,0.3539637,0.3983448,0.01746127,0,0,0,0
2805,1.084821e-18,0,2.99828,0,1.552707,1.566179,1.785378,1.492245,1,0,0.3697881,0,0.3726155,0,0.3570297,0.395817,0.02011183,0,0,0,0
2806,1.040549e-18,0,2.99828,0,1.55395,1.565122,1.785918,1.504943,1,0,0.370049,0,0.3723939,0,0.3597184,0.3933492,0.01724728,0,0,0,0
2807,9.980832e-19,0,2.99828,0,1.405229,1.561665,1.786406,1.503392,1,0,0.3384676,0,0.3716688,0,0.3593904,0.3958127,0.01571497,0,0,0,0
2808,9.573509e-19,0,2.99828,0,1.434476,1.559633,1.786904,1.48749,1,0,0.3447333,0,0.3712424,0,0.3560215,0.3968908,0.01578656,0,0,0,0
2809,9.182809e-19,0,2.99828,0,1.350129,1.556664,1.787372,1.470364,1,0,0.3265892,0,0.3706191,0,0.3523845,0.3996567,0.01892925,0,0,0,0
2810,8.808053e-19,0,2.99828,0,1.350129,1.553313,1.787841,1.455957,1,0,0.3265892,0,0.3699154,0,0.3493179,0.3998328,0.01653662,0,0,0,0
2811,8.448592e-19,0,2.99828,0,1.491825,1.55114,1.788359,1.448516,1,0,0.3569406,0,0.3694588,0,0.3477314,0.3957265,0.01829011,0,0,0,0
2812,8.1038e-19,0,2.99828,0,1.381537,1.548168,1.788839,1.42812,1,0,0.3333722,0,0.368834,0,0.343374,0.3973043,0.01652037,0,0,0,0
2813,7.854046e-19,0,2.99828,0,1.616074,1.54852,1.7894,1.452197,1,0,0.3830394,0,0.368908,0,0.3485163,0.3995819,0.01190212,0,0,0,0
2814,7.854046e-19,0,2.99828,0,1.616074,1.547787,1.789961,1.473755,1,0,0.3830394,0,0.368754,0,0.3531053,0.3995819,0.01190212,0,0,0,0
2815,7.854046e-19,0,2.99828,0,1.616074,1.546276,1.790522,1.50501,1,0,0.3830394,0,0.3684363,0,0.3597326,0.3995819,0.01190212,0,0,0,0
2816,7.854046e-19,0,2.99828,0,1.616074,1.5466,1.791083,1.534911,1,0,0.3830394,0,0.3685044,0,0.3660446,0.3995819,0.01190212,0,0,0,0
2817,7.854046e-19,0,2.99828,0,1.616074,1.546585,1.791645,1.54835,1,0,0.3830394,0,0.3685014,0,0.3688725,0.3995819,0.01190212,0,0,0,0
2818,7.854046e-19,0,2.99828,0,1.616074,1.546937,1.792206,1.575452,1,0,0.3830394,0,0.3685754,0,0.3745586,0.3995819,0.01190212,0,0,0,0
2819,7.854046e-19,0,2.99828,0,1.616074,1.546937,1.792767,1.576157,1,0,0.3830394,0,0.3685754,0,0.374706,0.3995819,0.01190212,0,0,0,0
2820,nan,0,2.99828,nan,nan,1.546488,1.792767,nan,0,0,0,0,0.3684809,0,0,0.3995819,0.01190212,0,0,0,0
2821,nan,0,2.99828,nan,nan,1.545683,1.792767,nan,0,0,0,0,0.3683115,0,0,0.3995819,0.01190212,0,0,0,0
2822,nan,0,2.99828,nan,nan,1.544859,1.792767,nan,0,0,0,0,0.3681382,0,0,0.3995819,0.01190212,0,0,0,0
2823,nan,0,2.99828,nan,nan,1.544031,1.792767,nan,0,0,0,0,0.3679641,0,0,0.3995819,0.01190212,0,0,0,0
2824,nan,0,2.99828,nan,nan,1.542391,1.792767,nan,0,0,0,0,0.3676192,0,0,0.3995819,0.01190212,0,0,0,0
2825,nan,0,2.99828,nan,nan,1.542631,1.792767,nan,0,0,0,0,0.3676696,0,0,0.3995819,0.01190212,0,0,0,0
2826,nan,0,2.99828,nan,nan,1.540124,1.792767,nan,0,0,0,0,0.3671421,0,0,0.3995819,0.01190212,0,0,0,0
2827,nan,0,2.99828,nan,nan,1.538377,1.792767,nan,0,0,0,0,0.3667744,0,0,0.3995819,0.01190212,0,0,0,0
2828,nan,0,2.99828,nan,nan,1.537402,1.792767,nan,0,0,0,0,0.3665691,0,0,0.3995819,0.01190212,0,0,0,0
2829,nan,0,2.99828,nan,nan,1.536815,1.792767,nan,0,0,0,0,0.3664454,0,0,0.3995819,0.01190212,0,0,0,0
2830,nan,0,2.99828,nan,nan,1.534977,1.792767,nan,0,0,0,0,0.3660583,0,0,0.3953176,0.01302585,0,0,0,0
2831,nan,0,2.99828,nan,nan,1.534343,1.792767,nan,0,0,0,0,0.3659249,0,0,0.4016774,0.01066589,0,0,0,0
2832,nan,0,2.99828,nan,nan,1.534105,1.792767,nan,0,0,0,0,0.3658746,0,0,0.4048519,0.007350991,0,0,0,0
2833,nan,0,2.99828,nan,nan,1.533009,1.792767,nan,0,0,0,0,0.3656438,0,0,0.3987707,0.008556155,0,0,0,0
2834,nan,0,2.99828,nan,nan,1.532324,1.792767,nan,0,0,0,0,0.3654995,0,0,0.4016484,0.007815256,0,0,0,0
2835,nan,0,2.99828,nan,nan,1.53162,1.792767,nan,0,0,0,0,0.3653512,0,0,0.3958374,0.0068857,0,0,0,0
2836,nan,0,2.99828,nan,nan,1.531331,1.792767,nan,0,0,0,0,0.3652903,0,0,0.4044876,0.007679838,0,0,0,0
2837,nan,0,2.99828,nan,nan,1.531017,1.792767,nan,0,0,0,0,0.3652242,0,0,0.4051102,0.009801919,0,0,0,0
2838,nan,0,2.99828,nan,nan,1.530266,1.792767,nan,0,0,0,0,0.3650657,0,0,0.3993868,0.006651237,0,0,0,0
2839,nan,0,2.99828,nan,nan,1.53038,1.792767,nan,0,0,0,0,0.3650898,0,0,0.4002147,0.00685759,0,0,0,0
2840,nan,0,2.99828,nan,nan,1.529119,1.792767,nan,0,0,0,0,0.3648241,0,0,0.4066544,0.006579849,0,0,0,0
2841,nan,0,2.99828,nan,nan,1.527356,1.792767,nan,0,0,0,0,0.3644522,0,0,0.395858,0.005717787,0,0,0,0
2842,nan,0,2.99828,nan,nan,1.526031,1.792767,nan,0,0,0,0,0.364173,0,0,0.4036598,0.003034011,0,0,0,0
2843,nan,0,2.99828,nan,nan,1.525608,1.792767,nan,0,0,0,0,0.3640837,0,0,0.4011156,0.003225131,0,0,0,0
2844,nan,0,2.99828,nan,nan,1.52566,1.792767,nan,0,0,0,0,0.3640946,0,0,0.4011897,0.004677726,0,0,0,0
2845,nan,0,2.99828,nan,nan,1.525675,1.792767,nan,0,0,0,0,0.3640977,0,0,0.3958097,0.002603387,0,0,0,0
2846,nan,0,2.99828,nan,nan,1.523674,1.792767,nan,0,0,0,0,0.3636758,0,0,0.4053733,0.001043574,0,0,0,0
2847,nan,0,2.99828,nan,nan,1.523126,1.792767,nan,0,0,0,0,0.3635601,0,0,0.4005142,0.00351288,0,0,0,0
2848,nan,0,2.99828,nan,nan,1.521062,1.792767,nan,0,0,0,0,0.3631245,0,0,0.4000364,-0.001260357,0,0,0,0
2849,nan,0,2.99828,nan,nan,1.521001,1.792767,nan,0,0,0,0,0.3631116,0,0,0.4039082,0.0003933249,0,0,0,0
2850,nan,0,2.99828,nan,nan,1.519927,1.792767,nan,0,0,0,0,0.3628849,0,0,0.4004783,0.0001181208,0,0,0,0
2851,nan,0,2.99828,nan,nan,1.519886,1.792767,nan,0,0,0,0,0.3628764,0,0,0.401989,0.001777751,0,0,0,0
2852,nan,0,2.99828,nan,nan,1.51762,1.792767,nan,0,0,0,0,0.3623979,0,0,0.3992676,0.004808012,0,0,0,0
2853,nan,0,2.99828,nan,nan,1.516905,1.792767,nan,0,0,0,0,0.3622469,0,0,0.4019547,0.002572167,0,0,0,0
2854,nan,0,2.99828,nan,nan,1.515078,1.792767,nan,0,0,0,0,0.3618611,0,0,0.4035973,-0.0005345684,0,0,0,0
2855,nan,0,2.99828,nan,nan,1.514381,1.792767,nan,0,0,0,0,0.3617139,0,0,0.3979576,0.0004684571,0,0,0,0
2856,nan,0,2.99828,nan,nan,1.515315,1.792767,nan,0,0,0,0,0.361911,0,0,0.404149,-0.001656183,0,0,0,0
2857,nan,0,2.99828,nan,nan,1.513377,1.792767,nan,0,0,0,0,0.3615017,0,0,0.4047216,-0.0007207784,0,0,0,0
2858,nan,0,2.99828,nan,nan,1.5138,1.792767,nan,0,0,0,0,0.361591,0,0,0.4037736,-0.003406872,0,0,0,0
2859,nan,0,2.99828,nan,nan,1.514215,1.792767,nan,0,0,0,0,0.3616788,0,0,0.4045435,-0.001771097,0,0,0,0
2860,nan,0,2.99828,nan,nan,1.514648,1.792767,nan,0,0,0,0,0.3617702,0,0,0.4041644,-0.0008164298,0,0,0,0
2861,nan,0,2.99828,nan,nan,1.512508,1.792767,nan,0,0,0,0,0.361318,0,0,0.402228,-0.000400987,0,0,0,0
2862,nan,0,2.99828,nan,nan,1.510925,1.792767,nan,0,0,0,0,0.3609834,0,0,0.4027264,-0.002003455,0,0,0,0
2863,nan,0,2.99828,nan,nan,1.511976,1.792767,nan,0,0,0,0,0.3612055,0,0,0.4003801,-0.001910289,0,0,0,0
2864,nan,0,2.99828,nan,nan,1.51107,1.792767,nan,0,0,0,0,0.3610142,0,0,0.4049102,0.0002791621,0,0,0,0
2865,nan,0,2.99828,nan,nan,1.512811,1.792767,nan,0,0,0,0,0.3613821,0,0,0.400913,-0.004248777,0,0,0,0
2866,nan,0,2.99828,nan,nan,1.51038,1.792767,nan,0,0,0,0,0.3608682,0,0,0.4030855,-0.004378911,0,0,0,0
2867,nan,0,2.99828,nan,nan,1.510097,1.792767,nan,0,0,0,0,0.3608084,0,0,0.408068,-0.006766198,0,0,0,0
2868,nan,0,2.99828,nan,nan,1.50587,1.792767,nan,0,0,0,0,0.3599147,0,0,0.4000089,-0.004397606,0,0,0,0
2869,nan,0,2.99828,nan,nan,1.506953,1.792767,nan,0,0,0,0,0.3601436,0,0,0.4033182,-0.00649594,0,0,0,0
2870,nan,0,2.99828,nan,nan,1.50656,1.792767,nan,0,0,0,0,0.3600605,0,0,0.4048178,-0.005507363,0,0,0,0
2871,nan,0,2.99828,nan,nan,1.505346,1.792767,nan,0,0,0,0,0.3598037,0,0,0.4062959,-0.008948922,0,0,0,0
2872,nan,0,2.99828,nan,nan,1.505679,1.792767,nan,0,0,0,0,0.3598742,0,0,0.4044163,-0.008258541,0,0,0,0
2873,nan,0,2.99828,nan,nan,1.504234,1.792767,nan,0,0,0,0,0.3595686,0,0,0.4047976,-0.005650464,0,0,0,0
2874,nan,0,2.99828,nan,nan,1.504589,1.792767,nan,0,0,0,0,0.3596436,0,0,0.4060281,-0.007566995,0,0,0,0
2875,nan,0,2.99828,nan,nan,1.505825,1.792767,nan,0,0,0,0,0.359905,0,0,0.4036389,-0.007331201,0,0,0,0
2876,nan,0,2.99828,nan,nan,1.503444,1.792767,nan,0,0,0,0,0.3594013,0,0,0.405883,-0.007928385,0,0,0,0
2877,nan,0,2.99828,nan,nan,1.498894,1.792767,nan,0,0,0,0,0.3584381,0,0,0.4030627,-0.009097759,0,0,0,0
2878,nan,0,2.99828,nan,nan,1.49814,1.792767,nan,0,0,0,0,0.3582785,0,0,0.402464,-0.008707711,0,0,0,0
2879,nan,0,2.99828,nan,nan,1.496321,1.792767,nan,0,0,0,0,0.3578933,0,0,0.4041483,-0.005065704,0,0,0,0
2880,nan,0,2.99828,nan,nan,1.496435,1.792767,nan,0,0,0,0,0.3579174,0,0,0.4037188,-0.008840038,0,0,0,0
2881,nan,0,2.99828,nan,nan,1.495251,1.792767,nan,0,0,0,0,0.3576666,0,0,0.4076184,-0.01219534,0,0,0,0
2882,nan,0,2.99828,nan,nan,1.49425,1.792767,nan,0,0,0,0,0.3574546,0,0,0.4052548,-0.01062839,0,0,0,0
2883,nan,0,2.99828,nan,nan,1.495469,1.792767,nan,0,0,0,0,0.3577127,0,0,0.4092139,-0.01154189,0,0,0,0
2884,nan,0,2.99828,nan,nan,1.499078,1.792767,nan,0,0,0,0,0.3584772,0,0,0.4060926,-0.01060786,0,0,0,0
2885,nan,0,2.99828,nan,nan,1.495523,1.792767,nan,0,0,0,0,0.3577244,0,0,0.4051847,-0.01117485,0,0,0,0
2886,nan,0,2.99828,nan,nan,1.499449,1.792767,nan,0,0,0,0,0.3585558,0,0,0.403744,-0.01051544,0,0,0,0
2887,nan,0,2.99828,nan,nan,1.504959,1.792767,nan,0,0,0,0,0.359722,0,0,0.4070881,-0.01266391,0,0,0,0
2888,nan,0,2.99828,nan,nan,1.505528,1.792767,nan,0,0,0,0,0.3598422,0,0,0.4025007,-0.01132695,0,0,0,0
2889,nan,0,2.99828,nan,nan,1.509081,1.792767,nan,0,0,0,0,0.3605936,0,0,0.4074497,-0.01264081,0,0,0,0
2890,1.914357,0.09571783,2.998945,nan,1.440956,1.509462,1.793267,nan,0,0.07700685,0.3461177,0.003949544,0.3606742,0,0,0.4017352,-0.0123726,0,0,0,0
2891,1.818134,0.1866245,2.999576,nan,1.385392,1.508358,1.793748,nan,0,0.07323276,0.3342025,0.007690586,0.3604407,0,0,0.4088792,-0.01359237,0,0,0,0
2892,1.700109,0.27163,3.000166,nan,1.381676,1.499806,1.794228,nan,0,0.06859002,0.3334021,0.01118002,0.3586313,0,0,0.4068541,-0.01405293,0,0,0,0
2893,1.593094,0.3512847,3.000719,nan,1.40207,1.495259,1.794715,nan,0,0.06436738,0.3377893,0.01444217,0.3576683,0,0,0.4082177,-0.01161791,0,0,0,0
2894,1.495762,0.4260728,3.001239,nan,1.346871,1.489473,1.795182,nan,0,0.06051609,0.3258838,0.01749831,0.3564421,0,0,0.4021916,-0.0162974,0,0,0,0
2895,1.406968,0.4964212,3.001727,nan,1.367643,1.48022,1.795657,nan,0,0.05699365,0.3303756,0.02036713,0.3544787,0,0,0.4059231,-0.0143544,0,0,0,0
2896,1.325719,0.5627071,3.002188,nan,1.34074,1.46956,1.796123,nan,0,0.05376295,0.3245553,0.02306508,0.3522135,0,0,0.4011738,-0.01627582,0,0,0,0
2897,1.251153,0.6252648,3.002622,nan,1.359862,1.467291,1.796595,nan,0,0.05079159,0.3286946,0.02560666,0.351731,0,0,0.4051596,-0.01399208,0,0,0,0
2898,1.18252,0.6843908,3.003033,nan,1.262234,1.458679,1.797033,nan,0,0.04805127,0.3074362,0.02800471,0.3498978,0,0,0.4066483,-0.01765402,0,0,0,0
2899,1.119172,0.7403494,3.003421,nan,1.255923,1.453969,1.797469,nan,0,0.04551729,0.306051,0.03027062,0.3488941,0,0,0.4118908,-0.0160006,0,0,0,0
2900,1.06054,0.7933764,3.003789,nan,1.381546,1.45554,1.797949,nan,0,0.04316802,0.3333741,0.03241455,0.3492289,0,0,0.4035545,-0.01619273,0,0,0,0
2901,1.006132,0.843683,3.004139,nan,1.347185,1.448308,1.798417,nan,0,0.04098456,0.3259518,0.03444555,0.347687,0,0,0.4090073,-0.01824889,0,0,0,0
2902,0.9555161,0.8914588,3.004471,nan,1.294225,1.443942,1.798866,nan,0,0.03895032,0.3144366,0.03637174,0.3467554,0,0,0.4032635,-0.01557187,0,0,0,0
2903,0.9083161,0.9368746,3.004786,nan,1.268272,1.426552,1.799307,nan,0,0.03705077,0.3087599,0.03820039,0.3430384,0,0,0.4037892,-0.01742074,0,0,0,0
2904,0.8642015,0.9800846,3.005086,nan,1.288455,1.410171,1.799754,nan,0,0.03527312,0.3131765,0.03993808,0.3395284,0,0,0.404889,-0.01640213,0,0,0,0
2905,0.8228827,1.021229,3.005372,nan,1.284771,1.393606,1.8002,nan,0,0.03360614,0.3123713,0.04159075,0.3359701,0,0,0.4064044,-0.01742466,0,0,0,0
2906,0.7841049,1.060434,3.005644,nan,1.333039,1.379454,1.800663,nan,0,0.03203993,0.3228851,0.04316378,0.3329233,0,0,0.4081492,-0.01705154,0,0,0,0
2907,0.7476438,1.097816,3.005904,nan,1.280665,1.362684,1.801108,nan,0,0.03056573,0.3114735,0.04466206,0.3293044,0,0,0.405456,-0.01486612,0,0,0,0
2908,0.7133009,1.133481,3.006151,nan,1.253357,1.344548,1.801543,nan,0,0.0291758,0.3054874,0.04609007,0.3253806,0,0,0.4055302,-0.01568207,0,0,0,0
2909,0.6809009,1.167526,3.006388,nan,1.299939,1.328741,1.801994,nan,0,0.02786327,0.3156835,0.04745191,0.321952,0,0,0.4073993,-0.01704741,0,0,0,0
2910,0.6502879,1.142896,3.006613,nan,1.29974,1.32736,1.802446,nan,0,0.02662204,0.3156402,0.0464668,0.321652,0,0,0.4100218,-0.01897774,0,0,0,0
2911,0.6213234,1.119188,3.006829,nan,1.246774,1.323697,1.802878,nan,0,0.02544666,0.3040408,0.04551795,0.3208562,0,0,0.4105807,-0.01972597,0,0,0,0
2912,0.5938837,1.096349,3.007035,nan,1.220812,1.319224,1.803302,nan,0,0.02433227,0.2983209,0.04460328,0.3198836,0,0,0.4083992,-0.0210252,0,0,0,0
2913,0.5678581,1.074328,3.007233,nan,1.291694,1.318077,1.803751,nan,0,0.02327452,0.313884,0.04372085,0.3196342,0,0,0.4077413,-0.02210086,0,0,0,0
2914,0.5431474,1.053081,3.007421,nan,1.217025,1.314035,1.804173,nan,0,0.02226949,0.2974846,0.04286889,0.3187547,0,0,0.4071108,-0.02136325,0,0,0,0
2915,0.5196621,1.032565,3.007602,nan,1.312985,1.313994,1.804629,nan,0,0.02131365,0.3185262,0.04204577,0.3187459,0,0,0.4084229,-0.02597029,0,0,0,0
2916,0.4973217,1.012741,3.007774,nan,1.312297,1.313931,1.805085,nan,0,0.02040382,0.3183764,0.04124998,0.3187322,0,0,0.4144651,-0.01950506,0,0,0,0
2917,0.4760531,0.9935737,3.00794,nan,1.259798,1.311998,1.805522,nan,0,0.0195371,0.3069016,0.04048012,0.3183114,0,0,0.413804,-0.02350509,0,0,0,0
2918,0.4557898,0.9750294,3.008098,nan,1.189172,1.307763,1.805935,nan,0,0.01871088,0.2913193,0.0397349,0.317389,0,0,0.4107139,-0.02495474,0,0,0,0
2919,0.4364715,0.9570775,3.008249,0.6444087,1.208833,1.304465,1.806355,1.268167,0,0.01792273,0.2956742,0.03901311,0.3166704,0.02638354,0.308737,0.4056999,-0.02226383,0,0,0,0
2920,0.418043,0.9396893,3.008395,0.6138825,1.259193,1.303005,1.806792,1.270833,0,0.01717049,0.3067689,0.03831365,0.316352,0.02514455,0.3093211,0.4102567,-0.02549091,0,0,0,0
2921,0.4004535,0.9228382,3.008534,0.5848851,1.160895,1.298564,1.807195,1.25144,0,0.01645213,0.2850331,0.03763547,0.3153835,0.02396663,0.3050663,0.4088099,-0.02260529,0,0,0,0
2922,0.3836566,0.9064993,3.008667,0.5576284,1.181673,1.295022,1.807606,1.234704,0,0.01576581,0.289655,0.0369776,0.3146106,0.02285854,0.3013843,0.4105596,-0.02204734,0,0,0,0
2923,0.3676094,0.8906496,3.008794,0.5319626,1.157394,1.290974,1.808008,1.220607,0,0.01510981,0.2842528,0.03633914,0.3137268,0.02181435,0.2982756,0.4142407,-0.02374601,0,0,0,0
2924,0.3522721,0.8752674,3.008917,0.5077552,1.202187,1.288437,1.808425,1.220445,0,0.01448256,0.2942035,0.03571924,0.3131726,0.0208288,0.29824,0.4086013,-0.02501843,0,0,0,0
2925,0.3376081,0.8603324,3.009034,0.4848886,1.224962,1.286674,1.80885,1.220652,0,0.01388259,0.2992368,0.0351171,0.3127873,0.01989722,0.2982856,0.4067258,-0.02657644,0,0,0,0
2926,0.3235832,0.8458257,3.009146,0.4632582,1.176886,1.283706,1.809259,1.209686,0,0.01330853,0.2885914,0.034532,0.3121387,0.01901545,0.2958628,0.4057455,-0.02557327,0,0,0,0
2927,0.3101655,0.8317294,3.009254,0.4427708,1.273626,1.283441,1.809701,1.221254,0,0.01275911,0.3099328,0.03396322,0.3120807,0.01817978,0.2984184,0.4097997,-0.02563545,0,0,0,0
2928,0.2973254,0.8180267,3.009357,0.4233429,1.086321,1.278387,1.810078,1.208704,0,0.01223315,0.2683219,0.03341011,0.3109751,0.01738687,0.2956457,0.4098206,-0.02754023,0,0,0,0
2929,0.285035,0.8047019,3.009456,0.4048998,1.245661,1.277569,1.810511,1.218398,0,0.01172952,0.3037961,0.03287204,0.310796,0.01663376,0.2977879,0.4091156,-0.02620613,0,0,0,0
2930,0.2732683,0.7917401,3.009551,0.3873741,1.172835,1.275014,1.810918,1.212818,0,0.01124719,0.2876908,0.03234845,0.3102369,0.01591774,0.2965551,0.4079899,-0.0284529,0,0,0,0
2931,0.2620007,0.7791273,3.009642,0.3707052,1.149819,1.272033,1.811317,1.202275,0,0.01078517,0.2825631,0.03183876,0.3095841,0.01523639,0.2942231,0.4123077,-0.02571262,0,0,0,0
2932,0.2512093,0.7668501,3.009729,0.354838,1.125937,1.268636,1.811708,1.194745,0,0.01034253,0.2772235,0.03134247,0.3088397,0.01458752,0.2925549,0.4107799,-0.02411395,0,0,0,0
2933,0.2408723,0.7548961,3.009813,0.3397227,1.083455,1.264427,1.812084,1.171561,0,0.009918408,0.2676758,0.03085908,0.3079171,0.01396912,0.2874074,0.404113,-0.02882922,0,0,0,0
2934,0.2309692,0.7432532,3.009893,0.3253139,1.216359,1.263359,1.812507,1.185209,0,0.009511966,0.2973376,0.03038811,0.3076828,0.01337938,0.2904399,0.4158317,-0.02942354,0,0,0,0
2935,0.2214805,0.7319104,3.00997,0.31157,1.264457,1.263383,1.812946,1.187071,0,0.009122428,0.3079236,0.02992913,0.3076881,0.01281663,0.2908532,0.4071873,-0.02747214,0,0,0,0
2936,0.2123879,0.7208567,3.010044,0.2984531,1.167895,1.261351,1.813351,1.184687,0,0.008749053,0.2865917,0.02948171,0.3072424,0.01227935,0.2903242,0.4137933,-0.02799173,0,0,0,0
2937,0.203674,0.7100821,3.010115,0.2859283,1.263007,1.261386,1.81379,1.197068,0,0.008391136,0.3076056,0.02904546,0.30725,0.01176613,0.2930697,0.4079934,-0.02901909,0,0,0,0
2938,0.1953222,0.6995768,3.010182,0.2739633,1.166504,1.259449,1.814195,1.20061,0,0.008048012,0.2862822,0.02861998,0.3068251,0.01127568,0.2938544,0.4067005,-0.03006197,0,0,0,0
2939,0.1873169,0.6893316,3.010247,0.2625284,1.261673,1.259494,1.814633,1.219987,0,0.007719044,0.307313,0.02820491,0.3068348,0.01080681,0.2981387,0.4115371,-0.03117644,0,0,0,0
2940,0.1796432,0.6793377,3.01031,0.2515962,1.14312,1.257212,1.814769,1.210109,0,0.007403629,0.2810673,0.02779992,0.306334,0.0103584,0.2959562,0.4122922,-0.03295361,0,0,0,0
2941,0.1722867,0.6695867,3.01037,0.2411409,1.213493,1.256371,1.815191,1.204076,0,0.007101192,0.2967043,0.02740465,0.3061494,0.009929429,0.2946218,0.4067518,-0.03184911,0,0,0,0
2942,0.165234,0.6600706,3.010427,0.2311388,1.187993,1.255081,1.815603,1.205945,0,0.006811183,0.2910579,0.0270188,0.3058662,0.009518929,0.2950352,0.4097483,-0.02837092,0,0,0,0
2943,0.1584722,0.6507817,3.010482,0.2215676,1.144098,1.253026,1.816,1.191093,0,0.006533081,0.2812858,0.02664207,0.3054147,0.009126007,0.2917454,0.4169124,-0.03015607,0,0,0,0
2944,0.1519889,0.6417128,3.010535,0.2124066,1.162965,1.251388,1.816404,1.190099,0,0.006266386,0.2854941,0.02627416,0.305055,0.008749821,0.2915249,0.419064,-0.03139963,0,0,0,0
2945,0.1457725,0.6328567,3.010585,0.2036362,1.119113,1.249026,1.816793,1.172105,0,0.006010621,0.275694,0.02591479,0.3045359,0.008389585,0.2875284,0.4098714,-0.0339972,0,0,0,0
2946,0.1398117,0.6242068,3.010634,0.1952382,1.139863,1.247111,1.817013,1.169827,0,0.005765331,0.2803397,0.02556371,0.3041149,0.008044557,0.2870217,0.4124766,-0.03405857,0,0,0,0
2947,0.1340958,0.6157566,3.01068,0.1871952,1.146621,1.245379,1.817411,1.161139,0,0.00553008,0.2818494,0.02522065,0.3037339,0.007714041,0.2850875,0.4130866,-0.03229071,0,0,0,0
2948,0.1286146,0.6075,3.010725,0.1794911,1.184997,1.244355,1.817823,1.16076,0,0.005304452,0.290393,0.02488537,0.3035088,0.007397379,0.285003,0.412872,-0.03630417,0,0,0,0
2949,0.1233584,0.5994309,3.010768,0.1721106,1.20949,1.243774,1.818243,1.168033,0,0.00508805,0.2958194,0.02455763,0.303381,0.00709395,0.2866226,0.4128046,-0.0340159,0,0,0,0
2950,0.1183177,0.5915438,3.010809,0.165039,1.183215,1.242781,1.818654,1.169439,0,0.004880492,0.2899973,0.02423721,0.3031626,0.006803166,0.2869354,0.4105569,-0.03194272,0,0,0,0
2951,0.1134836,0.5838332,3.010848,0.1582628,1.208681,1.242231,1.819073,1.179922,0,0.004681414,0.2956405,0.02392388,0.3030415,0.006524471,0.289266,0.4157458,-0.03720538,0,0,0,0
2952,0.1088475,0.5762937,3.010886,0.1517689,1.206385,1.241662,1.819328,1.187588,0,0.004490465,0.2951326,0.02361745,0.3029163,0.006257336,0.2909679,0.415493,-0.03625921,0,0,0,0
2953,0.1044014,0.5689204,3.010923,0.145545,1.159068,1.240372,1.819731,1.18899,0,0.004307314,0.2846259,0.02331771,0.3026323,0.006001261,0.2912789,0.4134267,-0.03804886,0,0,0,0
2954,0.1001372,0.5617084,3.010957,0.1395793,1.139321,1.238817,1.820126,1.183216,0,0.004131639,0.2802185,0.02302446,0.3022901,0.005755769,0.2899975,0.4149297,-0.03584882,0,0,0,0
2955,0.09604759,0.5546529,3.010991,0.1338608,1.135376,1.23725,1.820521,1.173986,0,0.003963133,0.2793363,0.02273753,0.3019451,0.005520407,0.2879466,0.4097839,-0.0355702,0,0,0,0
2956,0.09212528,0.5477495,3.011023,0.1283788,1.138664,1.235778,1.820916,1.168611,0,0.003801503,0.2800717,0.02245672,0.301621,0.005294743,0.2867511,0.4109354,-0.03601993,0,0,0,0
2957,0.0883634,0.5409938,3.011053,0.1231232,1.18076,1.234969,1.821326,1.164477,0,0.003646467,0.2894521,0.02218187,0.3014428,0.005078367,0.2858308,0.415509,-0.03578994,0,0,0,0
2958,0.08475535,0.5343817,3.011083,0.1180844,1.09024,1.232872,1.821459,1.151615,0,0.003497755,0.269205,0.0219128,0.3009807,0.004870886,0.2829641,0.4160476,-0.03762079,0,0,0,0
2959,0.08129482,0.527909,3.011111,0.1132532,1.159015,1.231817,1.821861,1.150647,0,0.003355109,0.284614,0.02164937,0.3007482,0.004671926,0.2827479,0.4148264,-0.03946954,0,0,0,0
2960,0.07797574,0.5215719,3.011138,0.1086209,1.113558,1.230151,1.822248,1.147125,0,0.00321828,0.2744479,0.0213914,0.3003811,0.004481131,0.281962,0.4099292,-0.03727734,0,0,0,0
2961,0.07479232,0.5153666,3.011164,0.1041791,1.111528,1.228504,1.822634,1.14405,0,0.003087031,0.2739922,0.02113876,0.3000178,0.004298158,0.2812752,0.4151769,-0.0421259,0,0,0,0
2962,0.07173898,0.5092895,3.011189,0.09991987,1.136993,1.22725,1.823029,1.143987,0,0.002961135,0.2796979,0.02089129,0.2997414,0.004122683,0.2812611,0.4108269,-0.04137955,0,0,0,0
2963,0.06881039,0.5033371,3.011213,0.09583551,1.15615,1.226289,1.82343,1.14206,0,0.002840372,0.2839754,0.02064886,0.2995295,0.003954394,0.2808307,0.4112501,-0.04314582,0,0,0,0
2964,0.06600144,0.497506,3.011236,0.09191877,1.088702,1.224455,1.823568,1.140471,0,0.002724533,0.2688585,0.02041133,0.2991248,0.003792992,0.2804755,0.4159168,-0.04104374,0,0,0,0
2965,0.06330724,0.4917928,3.011258,0.08816267,1.140819,1.223354,1.823964,1.137076,0,0.002613417,0.2805532,0.02017857,0.298882,0.003638193,0.2797164,0.4158515,-0.04632391,0,0,0,0
2966,0.06072308,0.4861945,3.011279,0.08456054,1.133381,1.222186,1.824357,1.138895,0,0.002506832,0.2788901,0.01995044,0.2986241,0.003489725,0.2801231,0.4141347,-0.03852429,0,0,0,0
2967,0.05824446,0.480708,3.011299,0.081106,1.133178,1.221045,1.824751,1.139858,0,0.002404592,0.2788446,0.01972684,0.2983723,0.003347325,0.2803384,0.4094436,-0.03849468,0,0,0,0
2968,0.05586706,0.4753303,3.011318,0.07779295,1.088738,1.21937,1.825129,1.133632,0,0.002306521,0.2688665,0.01950764,0.2980025,0.003210744,0.2789462,0.4171125,-0.04239332,0,0,0,0
2969,0.05358674,0.4700585,3.011337,0.07461555,1.066446,1.217458,1.825499,1.121496,0,0.002212448,0.2638352,0.01929273,0.2975804,0.003079743,0.2762282,0.4164363,-0.04123999,0,0,0,0
2970,0.05139953,0.4648898,3.011355,0.07156818,1.139842,1.2165,1.825632,1.127141,0,0.002122211,0.2803349,0.01908199,0.2973687,0.002954092,0.2774932,0.4124297,-0.04337996,0,0,0,0
2971,0.04930163,0.4598217,3.011372,0.0686455,1.024451,1.214158,1.825988,1.112111,0,0.002035652,0.254309,0.01887531,0.2968513,0.002833572,0.2741231,0.4160568,-0.045101,0,0,0,0
2972,0.04728938,0.4548514,3.011388,0.06584237,1.109272,1.212894,1.826373,1.108558,0,0.001952623,0.2734856,0.0186726,0.296572,0.002717973,0.2733252,0.4104416,-0.04452466,0,0,0,0
2973,0.04535928,0.4499765,3.011404,0.06315388,1.087876,1.211406,1.826751,1.102899,0,0.001872979,0.2686723,0.01847375,0.296243,0.002607092,0.2720537,0.4149214,-0.04558311,0,0,0,0
2974,0.04350798,0.4451945,3.011419,0.0605753,1.044381,1.209441,1.827113,1.096653,0,0.001796583,0.2588378,0.01827867,0.2958086,0.002500737,0.2706488,0.4183689,-0.04429932,0,0,0,0
2975,0.04173225,0.4405031,3.011434,0.05810214,1.087578,1.208024,1.827491,1.098651,0,0.001723301,0.2686052,0.01808725,0.2954952,0.002398721,0.2710983,0.4132199,-0.04278428,0,0,0,0
2976,0.04002901,0.4359,3.011448,0.05573005,1.086572,1.206628,1.82758,1.09214,0,0.001653008,0.2683784,0.01789941,0.2951863,0.002300869,0.2696328,0.4094207,-0.04362057,0,0,0,0
2977,0.0383953,0.4313829,3.011461,0.0534549,1.023556,1.204548,1.827936,1.090673,0,0.00158558,0.2541054,0.01771506,0.294726,0.002207009,0.2693025,0.4170743,-0.0453372,0,0,0,0
2978,0.03682828,0.4269497,3.011474,0.0512727,0.9881257,1.202116,1.828279,1.075025,0,0.001520902,0.246018,0.01753411,0.2941878,0.002116978,0.2657736,0.4143517,-0.0473103,0,0,0,0
2979,0.03532522,0.4225983,3.011486,0.04917966,1.108291,1.201073,1.828664,1.076169,0,0.001458862,0.2732652,0.01735647,0.293957,0.00203062,0.2660318,0.4136603,-0.04535124,0,0,0,0
2980,0.03388351,0.4017041,3.011498,0.04717212,1.064829,1.196894,1.829033,1.077125,0,0.001399351,0.2634697,0.01650322,0.2930313,0.001947785,0.2662478,0.4161765,-0.04584562,0,0,0,0
2981,0.03250065,0.3818638,3.011509,0.04524658,1.064716,1.193331,1.829403,1.072986,0,0.001342267,0.263444,0.01569254,0.2922416,0.001868329,0.2653131,0.4161787,-0.0471836,0,0,0,0
2982,0.03117424,0.36332,3.01152,0.04339968,1.044202,1.189581,1.82949,1.066476,0,0.001287511,0.2587971,0.01493442,0.2914101,0.001792114,0.263842,0.4216756,-0.04644376,0,0,0,0
2983,0.02990196,0.3459512,3.01153,0.0416282,1.085741,1.186067,1.829867,1.07257,0,0.001234987,0.2681911,0.01422398,0.2906303,0.001719007,0.2652193,0.413253,-0.04695331,0,0,0,0
2984,0.0286816,0.3296504,3.01154,0.03992906,1.064402,1.182928,1.830237,1.080213,0,0.001184606,0.2633731,0.01355689,0.2899336,0.001648882,0.2669446,0.4131972,-0.04590828,0,0,0,0
2985,0.02751106,0.314323,3.01155,0.0382993,1.130656,1.180295,1.83063,1.082646,0,0.001136279,0.2782803,0.01292937,0.2893488,0.001581618,0.2674933,0.4171598,-0.0492637,0,0,0,0
2986,0.02638829,0.299886,3.011559,0.03673609,1.152669,1.178205,1.83103,1.092561,0,0.001089924,0.2831992,0.01233805,0.2888846,0.001517097,0.2697277,0.406504,-0.05085894,0,0,0,0
2987,0.02531135,0.2862656,3.011568,0.0352367,1.086231,1.175165,1.831407,1.093902,0,0.001045458,0.2683015,0.01177996,0.2882088,0.001455208,0.2700295,0.413936,-0.04808702,0,0,0,0
2988,0.02427836,0.2733962,3.011576,0.03379853,1.022398,1.1725,1.831488,1.090725,0,0.001002807,0.2538417,0.01125244,0.2876163,0.001395843,0.2693142,0.4173686,-0.04744991,0,0,0,0
2989,0.02328753,0.2612197,3.011584,0.03241907,1.06396,1.170367,1.831857,1.087249,0,0.0009618945,0.263273,0.01075314,0.2871419,0.001338899,0.268531,0.4117967,-0.04674919,0,0,0,0
2990,0.02233714,0.2496841,3.011592,0.03109592,1.088588,1.167112,1.832235,1.089659,0,0.000922651,0.2688328,0.01027996,0.2864175,0.001284277,0.269074,0.4163243,-0.04948871,0,0,0,0
2991,0.02142554,0.238743,3.011599,0.02982678,1.085912,1.164209,1.832612,1.084403,0,0.0008850082,0.2682297,0.009831025,0.2857712,0.001231884,0.2678894,0.4141146,-0.0518418,0,0,0,0
2992,0.02055114,0.2283545,3.011607,0.02860946,1.04333,1.161421,1.832975,1.071213,0,0.0008489007,0.2585994,0.009404636,0.2851503,0.001181627,0.2649127,0.4150642,-0.04571455,0,0,0,0
2993,0.01971243,0.2184811,3.011613,0.02744182,1.112319,1.159688,1.833361,1.073625,0,0.000814266,0.2741697,0.008999273,0.2847642,0.001133421,0.2654574,0.4159385,-0.0508718,0,0,0,0
2994,0.01890794,0.2090889,3.01162,0.02632185,1.129048,1.157917,1.833485,1.085923,0,0.0007810441,0.2779202,0.008613561,0.2843695,0.00108718,0.2682322,0.414911,-0.0508028,0,0,0,0
2995,0.01813629,0.2001473,3.011626,0.02524759,1.063537,1.155459,1.833854,1.085017,0,0.0007491772,0.2631774,0.008246255,0.2838215,0.001042826,0.2680281,0.4202068,-0.05008318,0,0,0,0
2996,0.01739614,0.1916283,3.011632,0.02421718,1.129826,1.153201,1.834246,1.08956,0,0.0007186102,0.2780944,0.007896224,0.2833179,0.00100028,0.2690517,0.4155074,-0.05266524,0,0,0,0
2997,0.01668618,0.1835066,3.011638,0.02322883,1.128866,1.151515,1.834638,1.094285,0,0.0006892902,0.2778794,0.007562435,0.2829416,0.0009594705,0.2701157,0.4155685,-0.05439786,0,0,0,0
2998,0.01600521,0.1757588,3.011644,0.02228081,0.9832769,1.148514,1.83498,1.08644,0,0.0006611662,0.2449077,0.007243946,0.2822719,0.0009203251,0.2683488,0.4184385,-0.05106414,0,0,0,0
2999,0.01535202,0.1683639,3.011649,0.02137149,1.17571,1.147133,1.835388,1.094698,0,0.0006341894,0.2883299,0.006939892,0.2819638,0.0008827765,0.2702087,0.4174145,-0.05175195,0,0,0,0
3000,0.0147255,0.1613021,3.011654,0.02049929,1.084495,1.144742,1.835467,1.089133,0,0.0006083131,0.2679103,0.006649476,0.2814297,0.0008467595,0.2689554,0.422932,-0.05666269,0,0,0,0
3001,0.01412454,0.1545554,3.011659,0.01966268,1.106551,1.143184,1.835851,1.094824,0,0.0005834924,0.2728744,0.006371967,0.2810816,0.0008122117,0.2702371,0.4195021,-0.05428526,0,0,0,0
3002,0.01354811,0.1481072,3.011664,0.01886022,1.02315,1.140987,1.836206,1.082014,0,0.0005596843,0.2540129,0.006106686,0.2805909,0.0007790732,0.2673509,0.4188462,-0.05275601,0,0,0,0
3003,0.0129952,0.1419421,3.011668,0.01809051,1.087822,1.138722,1.836584,1.077453,0,0.0005368475,0.2686601,0.005853002,0.2800846,0.0007472864,0.2663217,0.4174742,-0.05548283,0,0,0,0
3004,0.01246486,0.1360456,3.011673,0.01735221,1.023061,1.136567,1.836939,1.081637,0,0.0005149422,0.2539927,0.005610333,0.2796027,0.0007167963,0.2672657,0.4221704,-0.05708502,0,0,0,0
3005,0.01195616,0.1304044,3.011677,0.01664405,1.001781,1.133109,1.837287,1.061358,0,0.0004939307,0.2491404,0.005378131,0.2788292,0.0006875499,0.2626844,0.4176512,-0.05543884,0,0,0,0
3006,0.01146822,0.1250061,3.011681,0.01596479,1.042585,1.130112,1.837426,1.056213,0,0.0004737764,0.2584302,0.005155889,0.2781585,0.0006594966,0.2615197,0.4156007,-0.05530803,0,0,0,0
3007,0.01100019,0.1198388,3.011685,0.01531325,1.064651,1.127944,1.837796,1.052014,0,0.0004544443,0.2634294,0.00494313,0.277673,0.0006325878,0.2605685,0.415138,-0.0523376,0,0,0,0
3008,0.01055127,0.1148917,3.011688,0.0146883,1.022904,1.126097,1.838151,1.052373,0,0.000435901,0.253957,0.004739407,0.2772593,0.0006067767,0.2606499,0.4184174,-0.05422337,0,0,0,0
3009,0.01012066,0.1101545,3.011692,0.01408885,1.084984,1.124721,1.838528,1.051798,1,0.0004181142,0.2680206,0.004544298,0.276951,0.0005820186,0.2605197,0.4208213,-0.0566157,0,0,0,0
3010,0.009707633,0.1056174,3.011695,0.01351387,1.021202,1.122076,1.838882,1.051107,1,0.000401053,0.2535695,0.004357409,0.2763584,0.0005582704,0.2603631,0.4177675,-0.05662176,0,0,0,0
3011,0.009311459,0.1012714,3.011698,0.01296236,1.021169,1.120524,1.839237,1.052778,1,0.000384688,0.253562,0.004178367,0.2760104,0.0005354912,0.2607416,0.4193968,-0.05675993,0,0,0,0
3012,0.008931453,0.09710779,3.011701,0.01243336,1.041544,1.118967,1.839389,1.052632,1,0.0003689906,0.258194,0.004006818,0.2756613,0.0005136412,0.2607087,0.4226229,-0.05864403,0,0,0,0
3013,0.008566955,0.09311843,3.011704,0.01192594,1.062752,1.117915,1.839758,1.052166,1,0.0003539338,0.2629998,0.00384243,0.2754254,0.0004926827,0.260603,0.4214517,-0.05781855,0,0,0,0
3014,0.008217332,0.0892956,3.011707,0.01143923,1.106066,1.116847,1.840142,1.061869,1,0.0003394912,0.2727654,0.003684886,0.2751859,0.0004725792,0.2628001,0.4185551,-0.05703987,0,0,0,0
3015,0.007881978,0.08563197,3.01171,0.01097239,0.9826103,1.114154,1.840483,1.048849,1,0.000325638,0.244755,0.003533888,0.2745817,0.0004532959,0.2598512,0.4189858,-0.06008239,0,0,0,0
3016,0.00756031,0.08212061,3.011713,0.0105246,0.9621785,1.111769,1.840817,1.040175,1,0.0003123499,0.2400663,0.003389149,0.2740462,0.0004347994,0.2578832,0.421719,-0.05802035,0,0,0,0
3017,0.00725177,0.0787549,3.011715,0.01009508,0.9613845,1.108299,1.841151,1.032145,1,0.0002996041,0.2398838,0.003250402,0.2732671,0.0004170575,0.256059,0.4183426,-0.06182475,0,0,0,0
3018,0.006955821,0.07552857,3.011718,0.009683096,1.000571,1.107347,1.841258,1.02735,1,0.0002873783,0.2488639,0.003117387,0.2730531,0.0004000395,0.2549686,0.4166433,-0.05887761,0,0,0,0
3019,0.00667195,0.07243565,3.01172,0.009287922,1.022586,1.104868,1.841613,1.022427,1,0.0002756513,0.2538845,0.002989861,0.2724962,0.0003837157,0.2538483,0.4207362,-0.05959145,0,0,0,0
3020,0.006399664,0.06947044,3.011722,0.008908876,1.064274,1.103662,1.841982,1.017513,1,0.0002644029,0.263344,0.002867591,0.2722251,0.000368058,0.2527292,0.4177107,-0.0594723,0,0,0,0
3021,0.00613849,0.06662753,3.011724,0.008545299,1.084658,1.102938,1.842359,1.028838,1,0.0002536134,0.2679469,0.002750353,0.2720623,0.0003530392,0.2553071,0.4140335,-0.06145713,0,0,0,0
3022,0.005887975,0.06390173,3.011726,0.00819656,1.001283,1.101553,1.842707,1.032716,1,0.0002432641,0.2490267,0.002637937,0.2717509,0.0003386331,0.2561888,0.4174013,-0.06175449,0,0,0,0
3023,0.005647683,0.06128813,3.011728,0.007862053,1.08375,1.101556,1.843083,1.045994,1,0.0002333372,0.2677424,0.002530138,0.2717516,0.0003248148,0.2592039,0.4174653,-0.06187493,0,0,0,0
3024,0.005417198,0.058782,3.01173,0.007541198,0.9620027,1.09873,1.843087,1.039853,1,0.0002238153,0.2400259,0.002426765,0.271116,0.0003115604,0.2578102,0.4186782,-0.06284484,0,0,0,0
3025,0.005196119,0.05637884,3.011732,0.007233437,1.062475,1.096486,1.843456,1.044273,1,0.000214682,0.2629372,0.002327633,0.2706111,0.0002988467,0.2588134,0.4208896,-0.06070523,0,0,0,0
3026,0.004984063,0.05407435,3.011734,0.006938236,1.044552,1.095115,1.843819,1.041135,1,0.0002059213,0.2588767,0.002232564,0.2703026,0.0002866518,0.2581011,0.4200378,-0.0619064,0,0,0,0
3027,0.00478066,0.05186442,3.011735,0.006655082,0.9619505,1.09177,1.844153,1.025646,1,0.0001975181,0.2400139,0.002141391,0.2695495,0.0002749545,0.254581,0.4209008,-0.06430893,0,0,0,0
3028,0.004585559,0.04974513,3.011737,0.006383485,0.9619344,1.089497,1.844487,1.021037,1,0.0001894578,0.2400102,0.002053951,0.2690375,0.0002637345,0.2535318,0.4199403,-0.06222381,0,0,0,0
3029,0.00439842,0.0477127,3.011738,0.006122971,1.041175,1.087047,1.844848,1.014811,1,0.0001817264,0.2581104,0.001970091,0.2684855,0.0002529723,0.2521135,0.4229968,-0.06503377,0,0,0,0
3030,0.004218918,0.04576354,3.01174,0.005873089,1.041175,1.085914,1.84487,1.023127,1,0.0001743105,0.2581104,0.001889661,0.2682302,0.0002426492,0.2540077,0.4209569,-0.06191246,0,0,0,0
3031,0.004046741,0.04389421,3.011741,0.005633405,1.041175,1.084,1.845232,1.020034,1,0.0001671972,0.2581104,0.001812521,0.2677986,0.0002327473,0.2533034,0.4207335,-0.06373171,0,0,0,0
3032,0.003881592,0.0421014,3.011743,0.005403502,1.041175,1.082368,1.845593,1.019859,1,0.0001603742,0.2581104,0.001738536,0.2674307,0.0002232495,0.2532636,0.421186,-0.06511381,0,0,0,0
3033,0.003723182,0.04038197,3.011744,0.005182982,1.041175,1.081225,1.845955,1.028143,1,0.0001538296,0.2581104,0.001667575,0.2671728,0.0002141392,0.2551492,0.4204444,-0.0672969,0,0,0,0
3034,0.003571237,0.03873288,3.011745,0.004971462,1.041175,1.079872,1.846316,1.037149,1,0.000147552,0.2581104,0.001599513,0.2668675,0.0002054007,0.2571962,0.4196024,-0.06664171,0,0,0,0
3035,0.003425493,0.03715125,3.011746,0.004768574,1.000278,1.078551,1.846664,1.032588,1,0.0001415307,0.248797,0.001534233,0.2665696,0.0001970188,0.2561599,0.4218351,-0.06418378,0,0,0,0
3036,0.003285696,0.0356343,3.011747,0.004573965,0.9618278,1.076573,1.846563,1.022875,1,0.000135755,0.2399857,0.001471619,0.2661231,0.0001889789,0.2539503,0.4218502,-0.06664882,0,0,0,0
3037,0.003151605,0.03417936,3.011749,0.004387299,0.9618168,1.07452,1.846897,1.012914,1,0.000130215,0.2399832,0.001411563,0.2656595,0.000181267,0.2516811,0.4218796,-0.06548098,0,0,0,0
3038,0.003022987,0.0327839,3.01175,0.004208251,1.020653,1.072694,1.847251,1.010609,1,0.0001249011,0.2534446,0.001353959,0.2652471,0.0001738698,0.2511554,0.4234988,-0.06663002,0,0,0,0
3039,0.002899617,0.03144547,3.011751,0.00403651,1.022276,1.070613,1.847606,1.007813,1,0.000119804,0.253814,0.001298707,0.2647772,0.0001667745,0.2505173,0.4231071,-0.06938133,0,0,0,0
3040,0.002781282,0.03016173,3.011752,0.003871778,1.022266,1.068825,1.847961,1.005723,1,0.0001149149,0.2538118,0.001245712,0.2643731,0.0001599688,0.2500405,0.4229369,-0.06953554,0,0,0,0
3041,0.002667776,0.02893044,3.011753,0.003713768,0.9610083,1.066073,1.848295,1.000692,1,0.0001102254,0.2397974,0.001194879,0.263751,0.0001534407,0.2488915,0.4256921,-0.06820615,0,0,0,0
3042,0.002558903,0.02774946,3.011753,0.003562207,0.9421629,1.063137,1.848141,0.9974023,1,0.0001057272,0.2354584,0.001146122,0.263087,0.000147179,0.2481399,0.4235675,-0.06545658,0,0,0,0
3043,0.002454473,0.02661671,3.011754,0.003416832,1.001002,1.061381,1.848489,1.00107,1,0.0001014126,0.2489623,0.001099354,0.2626897,0.0001411728,0.248978,0.4191716,-0.06921542,0,0,0,0
3044,0.002354304,0.02553024,3.011755,0.003277389,0.9805879,1.059617,1.848829,0.9952242,1,9.727399e-05,0.2442915,0.001054496,0.2622905,0.0001354118,0.2476419,0.4230023,-0.06889679,0,0,0,0
3045,0.002258224,0.02448813,3.011756,0.003143637,1.062234,1.058805,1.849198,1.000549,1,9.330432e-05,0.2628827,0.001011468,0.2621066,0.0001298858,0.2488588,0.4221181,-0.06848744,0,0,0,0
3046,0.002166065,0.02348859,3.011757,0.003015343,1.000978,1.057275,1.849545,0.9986144,1,8.949664e-05,0.2489569,0.0009701963,0.2617602,0.0001245853,0.2484169,0.4249161,-0.0707864,0,0,0,0
3047,0.002077666,0.02252986,3.011757,0.002892286,0.9095359,1.054261,1.849861,0.9923191,1,8.584434e-05,0.2279155,0.0009306087,0.2610777,0.0001195011,0.2469776,0.4281034,-0.06897072,0,0,0,0
3048,0.001992876,0.02161027,3.011758,0.00277425,1.000964,1.053269,1.84975,0.9988569,1,8.234108e-05,0.2489536,0.0008926366,0.260853,0.0001146244,0.2484723,0.4231479,-0.07311124,0,0,0,0
3049,0.001911545,0.02072824,3.011759,0.002661031,0.9240118,1.050658,1.850071,0.9892072,1,7.898079e-05,0.231267,0.0008562139,0.2602613,0.0001099467,0.2462655,0.4229437,-0.07061487,0,0,0,0
3050,0.001833534,0.01988221,3.011759,0.002552433,0.9421033,1.048753,1.850398,0.9835737,1,7.575763e-05,0.2354447,0.0008212774,0.2598295,0.0001054599,0.2449756,0.4190512,-0.06869739,0,0,0,0
3051,0.001758706,0.01907073,3.01176,0.002448267,0.9617025,1.047088,1.850732,0.9710373,1,7.266599e-05,0.2399569,0.0007877664,0.259452,0.0001011562,0.2421011,0.4288413,-0.07292359,0,0,0,0
3052,0.001686933,0.01829237,3.011761,0.002348352,1.000939,1.045577,1.851079,0.9710291,1,6.970053e-05,0.2489479,0.0007556228,0.2591091,9.702806e-05,0.2420992,0.4248302,-0.0720829,0,0,0,0
3053,0.001618088,0.01754579,3.011761,0.002252514,0.9616909,1.043416,1.851413,0.9754679,1,6.685608e-05,0.2399543,0.0007247907,0.2586189,9.306842e-05,0.2431177,0.4217457,-0.0744873,0,0,0,0
3054,0.001552053,0.01682969,3.011762,0.002160588,0.9820909,1.042231,1.851296,0.9735942,1,6.412771e-05,0.244636,0.0006952166,0.2583501,8.927036e-05,0.2426878,0.4272078,-0.07344513,0,0,0,0
3055,0.001488713,0.01614281,3.011762,0.002072413,1.000922,1.040677,1.851644,0.9814558,1,6.151068e-05,0.2489442,0.0006668492,0.2579973,8.56273e-05,0.2444904,0.4246109,-0.07203496,0,0,0,0
3056,0.001427958,0.01548398,3.011763,0.001987837,0.9239721,1.03835,1.851965,0.9781015,1,5.900044e-05,0.2312578,0.0006396392,0.257469,8.21329e-05,0.2437216,0.4252765,-0.07553389,0,0,0,0
3057,0.001369682,0.01485204,3.011763,0.001906712,0.9420653,1.036227,1.852292,0.9756986,1,5.659265e-05,0.2354359,0.0006135394,0.2569867,7.878111e-05,0.2431706,0.427618,-0.07511351,0,0,0,0
3058,0.001313785,0.01424589,3.011764,0.001828898,1.000908,1.035251,1.852639,0.9761283,1,5.428311e-05,0.2489409,0.0005885045,0.2567649,7.556609e-05,0.2432691,0.424638,-0.07385369,0,0,0,0
3059,0.001260168,0.01366448,3.011764,0.00175426,0.9051218,1.033458,1.852954,0.9683311,1,5.206783e-05,0.2268919,0.000564491,0.2563576,7.248227e-05,0.2414798,0.4174189,-0.07629421,0,0,0,0
3060,0.00120874,0.01310681,3.011764,0.001682668,0.9420521,1.031261,1.852729,0.962781,1,4.994295e-05,0.2354329,0.0005414573,0.2558581,6.95243e-05,0.2402048,0.4220858,-0.07442343,0,0,0,0
3061,0.001159411,0.01257189,3.011765,0.001613997,0.8696272,1.02954,1.853031,0.9462865,1,4.790479e-05,0.2186351,0.0005193634,0.2554669,6.668705e-05,0.2364089,0.4203809,-0.07270893,0,0,0,0
3062,0.001112095,0.01205881,3.011765,0.001548129,0.980486,1.02811,1.853372,0.9518915,1,4.59498e-05,0.2442682,0.0004981709,0.2551415,6.396557e-05,0.2377,0.4201955,-0.07472583,0,0,0,0
3063,0.001066709,0.01156667,3.011766,0.001484949,0.9804822,1.026916,1.853712,0.9554857,1,4.407459e-05,0.2442673,0.0004778431,0.2548701,6.135515e-05,0.2385272,0.4283458,-0.07726812,0,0,0,0
3064,0.001023176,0.01109462,3.011766,0.001424347,0.887714,1.025176,1.85402,0.9412035,1,4.227591e-05,0.2228484,0.0004583447,0.254474,5.885127e-05,0.2352372,0.4298781,-0.07812864,0,0,0,0
3065,0.00098142,0.01064183,3.011766,0.001366219,0.9239355,1.023357,1.854341,0.9424456,1,4.055063e-05,0.2312493,0.0004396419,0.2540601,5.644956e-05,0.2355236,0.4255744,-0.0777766,0,0,0,0
3066,0.0009413677,0.01020753,3.011767,0.001310463,0.9608667,1.021961,1.854218,0.9445255,1,3.889576e-05,0.2397648,0.0004217021,0.2537422,5.414587e-05,0.2360031,0.4218043,-0.07976113,0,0,0,0
3067,0.00090295,0.009790944,3.011767,0.001256982,0.9820377,1.021499,1.854559,0.9572402,1,3.730842e-05,0.2446238,0.0004044943,0.2536371,5.193619e-05,0.2389308,0.4277624,-0.08007848,0,0,0,0
3068,0.0008661001,0.009391364,3.011767,0.001205684,0.9231874,1.020778,1.854879,0.9497907,1,3.578587e-05,0.2310763,0.0003879887,0.2534728,4.981668e-05,0.2372162,0.4243878,-0.07794687,0,0,0,0
3069,0.0008307541,0.009008092,3.011768,0.001156479,0.9820317,1.019375,1.85522,0.9495157,1,3.432544e-05,0.2446224,0.0003721565,0.2531533,4.778367e-05,0.2371529,0.4231406,-0.07922075,0,0,0,0
3070,0.0007968506,0.008640463,3.011768,0.001109283,0.9298362,1.017875,1.855543,0.953169,1,3.292462e-05,0.2326133,0.0003569703,0.2528116,4.583362e-05,0.237994,0.4250199,-0.07870118,0,0,0,0
3071,0.0007643307,0.008287837,3.011768,0.001064012,0.9420156,1.016512,1.85587,0.9549668,1,3.158096e-05,0.2354245,0.0003424037,0.252501,4.396315e-05,0.2384078,0.4297352,-0.08003511,0,0,0,0
3072,0.0007331379,0.007949602,3.011768,0.001020589,0.9239151,1.015175,1.855582,0.9506584,1,3.029214e-05,0.2312446,0.0003284315,0.2521964,4.216902e-05,0.237416,0.4261249,-0.079426,0,0,0,0
3073,0.0007032182,0.007625172,3.011769,0.0009789386,0.9261296,1.013402,1.855904,0.9436144,1,2.905591e-05,0.2317566,0.0003150293,0.2517922,4.04481e-05,0.2357931,0.426653,-0.08226895,0,0,0,0
3074,0.0006745195,0.007313982,3.011769,0.0009389876,0.9804501,1.012469,1.856244,0.9499754,1,2.787014e-05,0.2442599,0.0003021741,0.2515795,3.879742e-05,0.2372587,0.4294597,-0.0797041,0,0,0,0
3075,0.000646992,0.007015492,3.011769,0.000900667,0.9050715,1.009962,1.856558,0.939678,1,2.673275e-05,0.2268803,0.0002898433,0.2510078,3.721409e-05,0.2348853,0.4239551,-0.08055391,0,0,0,0
3076,0.0006205879,0.006729185,3.011769,0.0008639103,0.9261228,1.007445,1.85688,0.9384337,1,2.564178e-05,0.2317551,0.0002780157,0.2504335,3.569539e-05,0.2345983,0.4283242,-0.08084397,0,0,0,0
3077,0.0005952613,0.006454561,3.011769,0.0008286537,0.9804436,1.00627,1.85722,0.9434914,1,2.459534e-05,0.2442584,0.0002666707,0.2501653,3.423866e-05,0.2357647,0.4248405,-0.0850575,0,0,0,0
3078,0.0005709684,0.006191146,3.01177,0.0007948359,0.8869673,1.004765,1.85682,0.9381194,1,2.35916e-05,0.2226747,0.0002557887,0.2498217,3.284137e-05,0.2345258,0.425202,-0.08398496,0,0,0,0
3079,0.0005476669,0.005938481,3.01177,0.0007623982,1.000845,1.004064,1.857168,0.9472748,1,2.262882e-05,0.2489266,0.0002453506,0.2496616,3.150111e-05,0.2366367,0.4240247,-0.08213611,0,0,0,0
3080,0.0005253163,0.005696127,3.01177,0.0007312843,0.9639087,1.002678,1.857503,0.9456792,1,2.170533e-05,0.240464,0.0002353385,0.2493453,3.021555e-05,0.236269,0.4302222,-0.08562487,0,0,0,0
3081,0.0005038778,0.005463664,3.01177,0.0007014402,0.9050597,1.000669,1.857817,0.9450485,1,2.081953e-05,0.2268775,0.000225735,0.2488863,2.898245e-05,0.2361237,0.4281398,-0.08309984,0,0,0,0
3082,0.0004833143,0.005240688,3.01177,0.000672814,0.9510486,0.9996435,1.858147,0.9472637,1,1.996988e-05,0.2375059,0.0002165233,0.248652,2.779967e-05,0.2366341,0.4258245,-0.08477595,0,0,0,0
3083,0.00046359,0.005026813,3.011771,0.0006453561,0.9434983,0.9977677,1.858475,0.9429565,1,1.91549e-05,0.2357663,0.0002076874,0.2482234,2.666516e-05,0.2356414,0.4308066,-0.08461592,0,0,0,0
3084,0.0004446706,0.004821665,3.011771,0.0006190188,0.9231528,0.99548,1.858164,0.9463223,1,1.837319e-05,0.2310683,0.0001992122,0.2477004,2.557695e-05,0.2364172,0.4287395,-0.08366202,0,0,0,0
3085,0.0004265234,0.00462489,3.011771,0.0005937563,0.9231513,0.9939202,1.858485,0.9368255,1,1.762337e-05,0.231068,0.0001910827,0.2473437,2.453315e-05,0.2342272,0.4234032,-0.08632544,0,0,0,0
3086,0.0004091167,0.004436145,3.011771,0.0005695248,0.9819971,0.9922776,1.858826,0.9394801,1,1.690416e-05,0.2446145,0.000183285,0.2469681,2.353195e-05,0.2348397,0.4290796,-0.08586341,0,0,0,0
3087,0.0003924205,0.004255103,3.011771,0.0005462822,0.9050506,0.9897908,1.85914,0.9390678,1,1.621429e-05,0.2268754,0.0001758055,0.2463991,2.25716e-05,0.2347446,0.423808,-0.08189724,0,0,0,0
3088,0.0003764056,0.00408145,3.011771,0.0005239881,0.9261028,0.9891555,1.859462,0.9354649,1,1.555258e-05,0.2317504,0.0001686312,0.2462537,2.165045e-05,0.2339131,0.4244856,-0.08618382,0,0,0,0
3089,0.0003610443,0.003914884,3.011771,0.0005026039,0.9434898,0.9865753,1.859789,0.9358902,1,1.491788e-05,0.2357644,0.0001617496,0.245663,2.076689e-05,0.2340113,0.4274257,-0.08765129,0,0,0,0
3090,0.0003463098,0.003755115,3.011771,0.0004820923,0.8876585,0.9843882,1.859482,0.9313421,1,1.430907e-05,0.2228355,0.0001551489,0.2451622,1.991939e-05,0.2329611,0.4250811,-0.08714683,0,0,0,0
3091,0.0003321767,0.003601866,3.011772,0.0004624179,0.9615854,0.9827775,1.859816,0.9366343,1,1.372511e-05,0.23993,0.0001488175,0.2447933,1.910647e-05,0.234183,0.426617,-0.08634051,0,0,0,0
3092,0.0003186204,0.003454872,3.011772,0.0004435463,0.9297969,0.9817402,1.860139,0.930271,1,1.316499e-05,0.2326042,0.0001427445,0.2445556,1.832673e-05,0.2327137,0.4254471,-0.08677667,0,0,0,0
3093,0.0003056174,0.003313877,3.011772,0.000425445,0.9638907,0.9803632,1.860473,0.9366245,1,1.262772e-05,0.2404598,0.0001369193,0.24424,1.757881e-05,0.2341808,0.4306411,-0.08685693,0,0,0,0
3094,0.000293145,0.003178636,3.011772,0.0004080823,0.8897842,0.9788824,1.860782,0.9326121,1,1.211238e-05,0.2233299,0.0001313318,0.2439006,1.686142e-05,0.2332545,0.4301775,-0.08719426,0,0,0,0
3095,0.0002811815,0.003048914,3.011772,0.0003914283,0.8528487,0.9772275,1.861078,0.921751,1,1.161807e-05,0.2147155,0.0001259723,0.2435212,1.61733e-05,0.230744,0.4310255,-0.08597553,0,0,0,0
3096,0.0002697064,0.002924486,3.011772,0.0003754539,0.8709457,0.9753204,1.860738,0.9188949,1,1.114393e-05,0.2189427,0.0001208315,0.2430838,1.551326e-05,0.2300832,0.4250699,-0.08790493,0,0,0,0
3097,0.0002586995,0.002805136,3.011772,0.0003601314,0.852165,0.9729595,1.861034,0.905294,1,1.068914e-05,0.2145556,0.0001159005,0.2425422,1.488016e-05,0.2269319,0.4284457,-0.08809094,0,0,0,0
3098,0.0002481418,0.002690657,3.011772,0.0003454342,0.8869408,0.9714488,1.861342,0.9001295,1,1.025291e-05,0.2226685,0.0001111707,0.2421955,1.427289e-05,0.2257335,0.4293894,-0.0916525,0,0,0,0
3099,0.000238015,0.002580849,3.011772,0.0003313369,0.8528451,0.9688695,1.861638,0.8863557,1,9.834487e-06,0.2147147,0.0001066339,0.2416034,1.369041e-05,0.2225324,0.4270934,-0.08964048,0,0,0,0
3100,0.0002283015,0.002475523,3.011772,0.0003178148,1.000019,0.9686341,1.861985,0.8993838,1,9.433138e-06,0.2487378,0.0001022823,0.2415494,1.31317e-05,0.2255603,0.4298453,-0.09196299,0,0,0,0
3101,0.0002189844,0.002374496,3.011773,0.0003048446,0.8709415,0.9669649,1.862288,0.9006044,1,9.048167e-06,0.2189417,9.810823e-05,0.2411661,1.259579e-05,0.2258437,0.4302464,-0.08970144,0,0,0,0
3102,0.0002100475,0.002277591,3.011773,0.0002924038,0.8876473,0.9652549,1.861872,0.9020571,1,8.678908e-06,0.2228329,9.410451e-05,0.2407733,1.208175e-05,0.2261809,0.4256943,-0.0905652,0,0,0,0
3103,0.0002014754,0.002184642,3.011773,0.0002804706,0.8187473,0.9625438,1.862156,0.8971509,1,8.324718e-06,0.2067163,9.026418e-05,0.2401503,1.158869e-05,0.2250418,0.4329176,-0.09022431,0,0,0,0
3104,0.0001932531,0.002095485,3.011773,0.0002690245,0.8583024,0.9597908,1.862454,0.8926117,1,7.984982e-06,0.2159907,8.658056e-05,0.2395174,1.111575e-05,0.2239872,0.4289719,-0.09146486,0,0,0,0
3105,0.0001853663,0.002009967,3.011773,0.0002580454,0.9231316,0.95913,1.862775,0.900622,1,7.659112e-06,0.2310634,8.304726e-05,0.2393655,1.066211e-05,0.2258478,0.429967,-0.09355766,0,0,0,0
3106,0.0001778014,0.001927939,3.011773,0.0002475144,0.9238695,0.9587043,1.863095,0.8921359,1,7.34654e-06,0.2312341,7.965814e-05,0.2392676,1.022699e-05,0.2238766,0.4325693,-0.09365804,0,0,0,0
3107,0.0001705452,0.001849259,3.011773,0.0002374132,0.9231303,0.9582793,1.863416,0.8972978,1,7.046725e-06,0.2310631,7.640734e-05,0.2391698,9.809622e-06,0.225076,0.4299838,-0.09361481,0,0,0,0
3108,0.0001635852,0.00177379,3.011773,0.0002277243,0.7866413,0.9559023,1.862951,0.8849602,1,6.759145e-06,0.1991443,7.328919e-05,0.238623,9.409287e-06,0.2222077,0.4275241,-0.09201111,0,0,0,0
3109,0.0001569092,0.001701401,3.011773,0.0002184307,0.9064795,0.9546122,1.863266,0.8936597,1,6.483301e-06,0.2272068,7.029829e-05,0.2383262,9.025291e-06,0.2242308,0.4330671,-0.09461195,0,0,0,0
3110,0.0001505056,0.001631965,3.011773,0.0002095165,0.8354496,0.9520697,1.863556,0.8896932,1,6.218715e-06,0.2106397,6.742945e-05,0.237741,8.656964e-06,0.2233087,0.4303691,-0.09389432,0,0,0,0
3111,0.0001443634,0.001565364,3.011773,0.000200966,0.9238668,0.9502832,1.863876,0.8899839,1,5.964926e-06,0.2312334,6.467768e-05,0.2373296,8.30367e-06,0.2233763,0.4244537,-0.0938743,0,0,0,0
3112,0.0001384719,0.001501481,3.011773,0.0001927644,0.9093767,0.949262,1.864192,0.8879105,1,5.721495e-06,0.2278786,6.203821e-05,0.2370944,7.964793e-06,0.2228941,0.4320805,-0.09397005,0,0,0,0
3113,0.0001328208,0.001440204,3.011773,0.0001848976,0.9238658,0.9474855,1.864513,0.8877741,1,5.487998e-06,0.2312332,5.950644e-05,0.2366852,7.639747e-06,0.2228624,0.4272921,-0.0962815,0,0,0,0
3114,0.0001274003,0.001381429,3.011773,0.0001773519,0.8354477,0.9460793,1.864008,0.8922226,1,5.26403e-06,0.2106393,5.7078e-05,0.2363612,7.327966e-06,0.2238968,0.4316296,-0.09496407,0,0,0,0
3115,0.000122201,0.001325052,3.011773,0.000170114,1.020415,0.945612,1.864362,0.9059628,1,5.049202e-06,0.2533903,5.474866e-05,0.2362535,7.028908e-06,0.227087,0.4305467,-0.09657654,0,0,0,0
3116,0.0001172139,0.001270976,3.011773,0.0001631716,0.9615678,0.9446899,1.864696,0.919749,1,4.843142e-06,0.239926,5.251438e-05,0.236041,6.742055e-06,0.2302808,0.4306284,-0.09866248,0,0,0,0
3117,0.0001124303,0.001219107,3.011773,0.0001565125,0.8876393,0.9438642,1.865004,0.9155302,1,4.645491e-06,0.222831,5.037127e-05,0.2358507,6.466909e-06,0.2293042,0.4329996,-0.09444994,0,0,0,0
3118,0.000107842,0.001169354,3.011773,0.0001501251,0.7891553,0.9419445,1.865278,0.9006506,1,4.455906e-06,0.1997387,4.831563e-05,0.2354081,6.202991e-06,0.2258544,0.4344757,-0.09811452,0,0,0,0
3119,0.0001034409,0.001121632,3.011773,0.0001439984,0.8737171,0.9400838,1.865582,0.8943033,1,4.274058e-06,0.2195889,4.634387e-05,0.2349789,5.949844e-06,0.2243803,0.4290932,-0.09773443,0,0,0,0
3120,9.921943e-05,0.001075858,3.011774,0.0001381218,0.8528337,0.9379911,1.865003,0.8958482,1,4.099632e-06,0.214712,4.445258e-05,0.2344962,5.707028e-06,0.2247392,0.4276147,-0.09613444,0,0,0,0
3121,9.517023e-05,0.001031952,3.011774,0.0001324849,0.8897679,0.9363088,1.865312,0.8805338,1,3.932324e-06,0.2233261,4.263848e-05,0.2341079,5.474122e-06,0.2211773,0.4293873,-0.09792213,0,0,0,0
3122,9.128628e-05,0.0009898371,3.011774,0.0001270782,0.9231238,0.9349972,1.865632,0.8761881,1,3.771844e-06,0.2310616,4.08984e-05,0.2338052,5.250721e-06,0.2201649,0.4260923,-0.1004063,0,0,0,0
3123,8.756084e-05,0.0009494413,3.011774,0.000121892,0.9050256,0.9334844,1.865947,0.8774658,1,3.617913e-06,0.2268696,3.922934e-05,0.2334559,5.036436e-06,0.2204626,0.4351894,-0.09446924,0,0,0,0
3124,8.398743e-05,0.000910694,3.011774,0.0001169175,0.8065416,0.9308773,1.866227,0.8784727,1,3.470265e-06,0.2038423,3.762839e-05,0.2328538,4.830897e-06,0.2206972,0.4296052,-0.1025115,0,0,0,0
3125,8.055986e-05,0.0008735281,3.011774,0.0001121461,0.8695387,0.9294247,1.866529,0.8781939,1,3.328641e-06,0.2186145,3.609277e-05,0.2325182,4.633745e-06,0.2206322,0.4394568,-0.1010579,0,0,0,0
3126,7.727217e-05,0.000837879,3.011774,0.0001075693,0.8709299,0.9284147,1.866011,0.8802044,1,3.192798e-06,0.218939,3.461982e-05,0.2322848,4.44464e-06,0.2211006,0.4293377,-0.101138,0,0,0,0
3127,7.411865e-05,0.0008036847,3.011774,0.0001031794,0.8213582,0.926854,1.866297,0.8722611,1,3.062498e-06,0.2073303,3.320699e-05,0.2319241,4.263252e-06,0.2192494,0.4302237,-0.1033771,0,0,0,0
3128,7.109383e-05,0.0007708859,3.011774,9.896857e-05,0.8039696,0.9244464,1.866576,0.8580998,1,2.937516e-06,0.203236,3.185181e-05,0.2313675,4.089267e-06,0.2159434,0.430943,-0.103499,0,0,0,0
3129,6.819245e-05,0.0007394256,3.011774,9.492961e-05,0.8367797,0.9223854,1.866866,0.8503384,1,2.817635e-06,0.2109517,3.055193e-05,0.2308908,3.922382e-06,0.2141282,0.4329661,-0.1008672,0,0,0,0
3130,6.540948e-05,0.0007092492,3.011774,9.105548e-05,0.7872626,0.9197742,1.86714,0.8458323,1,2.702646e-06,0.1992912,2.93051e-05,0.2302867,3.762308e-06,0.2130733,0.4377625,-0.1002692,0,0,0,0
3131,6.274008e-05,0.0006803044,3.011774,8.733945e-05,0.8528307,0.9185722,1.867436,0.8437747,1,2.592349e-06,0.2147113,2.810916e-05,0.2300085,3.608766e-06,0.2125914,0.4359142,-0.09804903,0,0,0,0
3132,6.017963e-05,0.0006525408,3.011774,8.377508e-05,0.8193908,0.9172081,1.866831,0.8372897,1,2.486554e-06,0.2068676,2.696202e-05,0.2296927,3.46149e-06,0.2110713,0.4301977,-0.100228,0,0,0,0
3133,5.772366e-05,0.0006259103,3.011774,8.035618e-05,0.8193906,0.9151902,1.867115,0.8370782,1,2.385077e-06,0.2068676,2.586169e-05,0.2292255,3.320225e-06,0.2110217,0.4356762,-0.104144,0,0,0,0
3134,5.536793e-05,0.0006003665,3.011774,7.70768e-05,0.7712103,0.9128638,1.867383,0.8324706,1,2.28774e-06,0.1954909,2.480627e-05,0.2286866,3.184725e-06,0.2099407,0.43084,-0.1047654,0,0,0,0
3135,5.310833e-05,0.0005758652,3.011774,7.393125e-05,0.8026837,0.9099799,1.867662,0.8273439,1,2.194377e-06,0.2029328,2.379392e-05,0.2280184,3.054755e-06,0.208737,0.4355296,-0.10332,0,0,0,0
3136,5.094095e-05,0.0005523639,3.011774,7.091408e-05,0.8709277,0.9085349,1.867964,0.8360517,1,2.104823e-06,0.2189385,2.282289e-05,0.2276834,2.930089e-06,0.210781,0.4332851,-0.1047333,0,0,0,0
3137,4.886203e-05,0.0005298216,3.011774,6.802003e-05,0.7872613,0.9071763,1.868237,0.8272566,1,2.018924e-06,0.1992909,2.189148e-05,0.2273684,2.810511e-06,0.2087165,0.4371467,-0.1011259,0,0,0,0
3138,4.686794e-05,0.0005081993,3.011774,6.52441e-05,0.9050222,0.9061103,1.867604,0.8380865,1,1.936531e-06,0.2268688,2.099808e-05,0.2271212,2.695812e-06,0.2112582,0.4323202,-0.1050442,0,0,0,0
3139,4.495523e-05,0.0004874594,3.011774,6.258145e-05,0.8695358,0.905505,1.867906,0.8432477,1,1.8575e-06,0.2186138,2.014115e-05,0.2269808,2.585795e-06,0.2124679,0.4328642,-0.1040329,0,0,0,0
3140,4.312059e-05,0.0004675659,3.011774,6.002747e-05,0.8695357,0.9046987,1.868208,0.8545515,1,1.781694e-06,0.2186137,1.931918e-05,0.2267938,2.480267e-06,0.2151138,0.4326277,-0.1038914,0,0,0,0
3141,4.136081e-05,0.0004484843,3.011774,5.757772e-05,0.8354407,0.9032958,1.868498,0.8572087,1,1.708982e-06,0.2106376,1.853076e-05,0.2264683,2.379046e-06,0.2157351,0.4377807,-0.1042769,0,0,0,0
3142,3.967285e-05,0.0004301814,3.011774,5.522794e-05,0.8869237,0.9020289,1.868806,0.8587365,1,1.639238e-06,0.2226645,1.777452e-05,0.2261743,2.281956e-06,0.2160922,0.4308532,-0.1032687,0,0,0,0
3143,3.805378e-05,0.0004126255,3.011774,5.297406e-05,0.8394532,0.9006707,1.869097,0.8635977,1,1.57234e-06,0.2115786,1.704913e-05,0.2258591,2.188828e-06,0.2172278,0.4386229,-0.1072059,0,0,0,0
3144,3.650079e-05,0.000395786,3.011774,5.081216e-05,0.8039668,0.8986916,1.868471,0.8520195,1,1.508172e-06,0.2032353,1.635335e-05,0.2253996,2.099501e-06,0.2145216,0.4399183,-0.109329,0,0,0,0
3145,3.501117e-05,0.0003796338,3.011774,4.873848e-05,0.836777,0.8968678,1.868762,0.8463392,1,1.446622e-06,0.2109511,1.568597e-05,0.2249761,2.013819e-06,0.213192,0.4336484,-0.1100861,0,0,0,0
3146,3.358235e-05,0.0003641407,3.011774,4.674944e-05,0.8869232,0.8964561,1.869069,0.8474418,1,1.387585e-06,0.2226644,1.504582e-05,0.2248805,1.931634e-06,0.2134502,0.4372011,-0.103161,0,0,0,0
3147,3.221183e-05,0.0003492799,3.011774,4.484157e-05,0.8521464,0.895457,1.869365,0.8489036,1,1.330957e-06,0.2145513,1.443179e-05,0.2246484,1.852803e-06,0.2137924,0.4382587,-0.1055059,0,0,0,0
3148,3.089725e-05,0.0003350256,3.011774,4.301156e-05,0.8193884,0.8934401,1.86965,0.8417356,1,1.27664e-06,0.2068671,1.384282e-05,0.2241797,1.777189e-06,0.2121136,0.4377343,-0.1095847,0,0,0,0
3149,2.963632e-05,0.000321353,3.011774,4.125624e-05,0.9050208,0.893439,1.869964,0.8493687,1,1.22454e-06,0.2268685,1.327789e-05,0.2241795,1.704661e-06,0.2139013,0.437344,-0.1119519,0,0,0,0
3150,2.842684e-05,0.0003082384,3.011774,3.957255e-05,0.9260742,0.8932615,1.869348,0.86375,1,1.174565e-06,0.2317438,1.273602e-05,0.2241382,1.635093e-06,0.2172634,0.4345469,-0.1079317,0,0,0,0
3151,2.726673e-05,0.0002956591,3.011774,3.795757e-05,0.7724421,0.8921816,1.869616,0.8552981,1,1.126631e-06,0.1957829,1.221626e-05,0.2238872,1.568364e-06,0.2152884,0.4364717,-0.1112983,0,0,0,0
3152,2.615396e-05,0.0002835931,3.011774,3.64085e-05,0.8026815,0.890206,1.869895,0.8445996,1,1.080653e-06,0.2029322,1.171771e-05,0.223428,1.504359e-06,0.2127846,0.4321263,-0.110593,0,0,0,0
3153,2.50866e-05,0.0002720195,3.011774,3.492265e-05,0.7557858,0.8877094,1.870157,0.8322347,1,1.03655e-06,0.1918297,1.12395e-05,0.2228473,1.442965e-06,0.2098854,0.4337131,-0.1107499,0,0,0,0
3154,2.40628e-05,0.0002609182,3.011774,3.349744e-05,0.8193878,0.8869502,1.870442,0.8323773,1,9.942484e-07,0.2068669,1.078081e-05,0.2226707,1.384077e-06,0.2099188,0.4343505,-0.1109951,0,0,0,0
3155,2.308079e-05,0.00025027,3.011774,3.213039e-05,0.8193877,0.8857886,1.870726,0.8223053,1,9.536725e-07,0.2068669,1.034084e-05,0.2224005,1.327592e-06,0.207553,0.4378585,-0.1118093,0,0,0,0
3156,2.213885e-05,0.0002400563,3.011774,3.081913e-05,0.8709254,0.8847892,1.870002,0.8161776,1,9.147526e-07,0.2189379,9.918831e-06,0.2221679,1.273412e-06,0.2061117,0.433437,-0.1126651,0,0,0,0
3157,2.123535e-05,0.0002302595,3.011774,2.956139e-05,0.8876318,0.8837403,1.87031,0.8297129,1,8.774211e-07,0.2228293,9.514039e-06,0.2219238,1.221444e-06,0.2092933,0.4328699,-0.1115994,0,0,0,0
3158,2.036872e-05,0.0002208625,3.011774,2.835497e-05,0.7284756,0.8815768,1.870563,0.8206289,1,8.416131e-07,0.1853244,9.125767e-06,0.2214201,1.171596e-06,0.2071588,0.4361692,-0.1113638,0,0,0,0
3159,1.953746e-05,0.000211849,3.011774,2.719779e-05,0.8354389,0.879948,1.870853,0.8294644,1,8.072664e-07,0.2106372,8.753341e-06,0.2210408,1.123782e-06,0.209235,0.4388338,-0.1127661,0,0,0,0
3160,1.874013e-05,0.0002032033,3.011774,2.608783e-05,0.8039653,0.8785494,1.871133,0.8279364,1,7.743214e-07,0.203235,8.396113e-06,0.2207151,1.07792e-06,0.2088761,0.4349674,-0.115181,0,0,0,0
3161,1.797533e-05,0.0001949105,3.011774,2.502317e-05,0.7724414,0.8766653,1.871401,0.8218269,1,7.427209e-07,0.1957827,8.053465e-06,0.2202761,1.03393e-06,0.2074405,0.4362446,-0.113874,0,0,0,0
3162,1.724175e-05,0.0001869561,3.011774,2.400196e-05,0.8354387,0.8756822,1.87063,0.8180622,1,7.124101e-07,0.2106372,7.724799e-06,0.220047,9.917345e-07,0.2065551,0.4365117,-0.111819,0,0,0,0
3163,1.653811e-05,0.0001793263,3.011774,2.302243e-05,0.7421535,0.873638,1.870888,0.8010398,1,6.833363e-07,0.1885861,7.409546e-06,0.2195705,9.512613e-07,0.202545,0.4355481,-0.1096768,0,0,0,0
3164,1.586318e-05,0.0001720079,3.011774,2.208287e-05,0.8528269,0.87222,1.871184,0.8157634,1,6.55449e-07,0.2147104,7.10716e-06,0.2192398,9.124398e-07,0.2060142,0.4326827,-0.1119422,0,0,0,0
3165,1.521579e-05,0.0001649882,3.011774,2.118166e-05,0.7563897,0.870568,1.871446,0.8064658,1,6.286998e-07,0.1919732,6.817113e-06,0.2188546,8.752026e-07,0.2038245,0.4388437,-0.113968,0,0,0,0
3166,1.459483e-05,0.0001582549,3.011774,2.031722e-05,0.819387,0.869382,1.871731,0.8076067,1,6.030422e-07,0.2068668,6.538904e-06,0.2185779,8.394852e-07,0.2040934,0.4335513,-0.1140456,0,0,0,0
3167,1.39992e-05,0.0001517964,3.011774,1.948807e-05,0.819387,0.8675925,1.872015,0.8131798,1,5.784317e-07,0.2068667,6.272048e-06,0.2181603,8.052253e-07,0.2054061,0.4395315,-0.1139758,0,0,0,0
3168,1.342789e-05,0.0001456015,3.011774,1.869275e-05,0.713053,0.8656601,1.871246,0.7974484,1,5.548256e-07,0.1816377,6.016083e-06,0.2177093,7.723636e-07,0.2016975,0.4379194,-0.1159713,0,0,0,0
3169,1.287989e-05,0.0001396595,3.011774,1.792989e-05,0.7445265,0.8628121,1.871504,0.7963231,1,5.321829e-07,0.1891512,5.770564e-06,0.2170444,7.408431e-07,0.2014319,0.4379653,-0.1166843,0,0,0,0
3170,1.235425e-05,0.0001339599,3.011774,1.719816e-05,0.8367752,0.8613995,1.871795,0.7941755,1,5.104642e-07,0.2109507,5.535065e-06,0.2167144,7.106088e-07,0.2009248,0.4345187,-0.1142524,0,0,0,0
3171,1.185007e-05,0.0001284929,3.011774,1.649629e-05,0.8026803,0.860262,1.872073,0.7989549,1,4.896319e-07,0.202932,5.309176e-06,0.2164486,6.816085e-07,0.2020531,0.4355001,-0.1139348,0,0,0,0
3172,1.136646e-05,0.000123249,3.011774,1.582307e-05,0.7872582,0.8584421,1.872347,0.7942777,1,4.696497e-07,0.1992902,5.092506e-06,0.2160234,6.537917e-07,0.2009489,0.4371863,-0.1177127,0,0,0,0
3173,1.090259e-05,0.0001182192,3.011774,1.517732e-05,0.8869213,0.8578135,1.872655,0.8023089,1,4.504831e-07,0.222664,4.884679e-06,0.2158764,6.271101e-07,0.2028444,0.4392491,-0.1175547,0,0,0,0
3174,1.045765e-05,0.0001133946,3.011774,1.455793e-05,0.7563893,0.8559605,1.871821,0.8065954,1,4.320986e-07,0.1919731,4.685332e-06,0.2154433,6.015174e-07,0.203855,0.4400318,-0.1181841,0,0,0,0
3175,1.003087e-05,0.0001087669,3.011774,1.396381e-05,0.7712066,0.8542723,1.872088,0.8088313,1,4.144644e-07,0.19549,4.494122e-06,0.2150485,5.769692e-07,0.2043819,0.4384617,-0.1173343,0,0,0,0
3176,9.621503e-06,0.0001043281,3.011774,1.339394e-05,0.8394508,0.8526884,1.87238,0.8086011,1,3.975499e-07,0.2115781,4.310714e-06,0.214678,5.534228e-07,0.2043277,0.4367704,-0.1184132,0,0,0,0
3177,9.228845e-06,0.0001000704,3.011774,1.284732e-05,0.8026801,0.851551,1.872659,0.8080515,1,3.813257e-07,0.2029319,4.134792e-06,0.2144119,5.308373e-07,0.2041982,0.4349249,-0.1179764,0,0,0,0
3178,8.85221e-06,9.598645e-05,3.011774,1.232302e-05,0.7563892,0.8496653,1.872921,0.8039216,1,3.657636e-07,0.191973,3.966049e-06,0.2139707,5.091735e-07,0.2032247,0.4392298,-0.1174993,0,0,0,0
3179,8.490947e-06,9.206919e-05,3.011774,1.182011e-05,0.80268,0.8481007,1.8732,0.7934243,1,3.508366e-07,0.2029319,3.804193e-06,0.2136045,4.883939e-07,0.2007474,0.4386097,-0.1200011,0,0,0,0
3180,8.144427e-06,8.831179e-05,3.011774,1.133772e-05,0.8039644,0.8471708,1.872354,0.7973537,1,3.365188e-07,0.2032348,3.648942e-06,0.2133867,4.684622e-07,0.2016752,0.438031,-0.1209736,0,0,0,0
3181,7.812048e-06,8.470774e-05,3.011774,1.087503e-05,0.8367748,0.845784,1.872645,0.8053538,1,3.227852e-07,0.2109506,3.500027e-06,0.213062,4.493441e-07,0.2035624,0.4381978,-0.1203655,0,0,0,0
3182,7.493234e-06,8.125077e-05,3.011774,1.043121e-05,0.7480907,0.843765,1.872905,0.7945962,1,3.096122e-07,0.1899997,3.357189e-06,0.2125891,4.310061e-07,0.2010241,0.4362088,-0.1203165,0,0,0,0
3183,7.187431e-06,7.793488e-05,3.011774,1.000551e-05,0.740967,0.8412881,1.873162,0.7875745,1,2.969768e-07,0.1883035,3.22018e-06,0.2120087,4.134165e-07,0.199365,0.4417743,-0.123046,0,0,0,0
3184,6.894108e-06,7.475432e-05,3.011774,9.597176e-06,0.8193864,0.8405059,1.873446,0.7945742,1,2.84857e-07,0.2068666,3.088763e-06,0.2118254,3.965447e-07,0.2010189,0.4414461,-0.1215911,0,0,0,0
3185,6.612756e-06,7.170355e-05,3.011774,9.20551e-06,0.8246332,0.8401924,1.873733,0.7970717,1,2.732318e-07,0.2081001,2.962709e-06,0.2117519,3.803615e-07,0.2016086,0.4329912,-0.1208061,0,0,0,0
3186,6.342886e-06,6.877729e-05,3.011774,8.829828e-06,0.8193863,0.8396195,1.872886,0.7982126,1,2.620811e-07,0.2068666,2.8418e-06,0.2116176,3.648388e-07,0.2018779,0.4434574,-0.1208351,0,0,0,0
3187,6.084029e-06,6.597045e-05,3.011774,8.469478e-06,0.8193863,0.8392553,1.873171,0.7955223,1,2.513854e-07,0.2068666,2.725824e-06,0.2115322,3.499495e-07,0.2012428,0.4385264,-0.1233777,0,0,0,0
3188,5.835737e-06,6.327816e-05,3.011774,8.123834e-06,0.7891469,0.8381687,1.873445,0.8007582,1,2.411262e-07,0.1997367,2.614582e-06,0.2112775,3.356679e-07,0.2024786,0.4380039,-0.1256998,0,0,0,0
3189,5.597577e-06,6.069575e-05,3.011774,7.792296e-06,0.8528261,0.8381685,1.873741,0.8133802,1,2.312857e-07,0.2147103,2.50788e-06,0.2112774,3.219691e-07,0.2054532,0.4380329,-0.1230176,0,0,0,0
3190,5.369137e-06,5.821872e-05,3.011774,7.474288e-06,0.8246331,0.8362198,1.874027,0.8141928,1,2.218468e-07,0.2081001,2.405532e-06,0.2108204,3.088294e-07,0.2056445,0.4365749,-0.12469,0,0,0,0
3191,5.15002e-06,5.584278e-05,3.011774,7.169259e-06,0.7267305,0.8346174,1.874279,0.8028068,1,2.127932e-07,0.1849077,2.307361e-06,0.2104445,2.962259e-07,0.2029618,0.4370426,-0.1264131,0,0,0,0
3192,4.939845e-06,5.356381e-05,3.011774,6.876677e-06,0.8039642,0.8336876,1.873404,0.8007435,1,2.041089e-07,0.2032347,2.213196e-06,0.2102263,2.841367e-07,0.2024751,0.4382589,-0.1250575,0,0,0,0
3193,4.738247e-06,5.137784e-05,3.011774,6.596036e-06,0.7284743,0.8326846,1.873657,0.7904902,1,1.957792e-07,0.1853241,2.122875e-06,0.2099909,2.72541e-07,0.2000542,0.4414146,-0.1217161,0,0,0,0
3194,4.544876e-06,4.928108e-05,3.011774,6.326849e-06,0.7712062,0.8317168,1.873925,0.7875899,1,1.877893e-07,0.1954899,2.036239e-06,0.2097638,2.614184e-07,0.1993686,0.4379977,-0.1240649,0,0,0,0
3195,4.359398e-06,4.72699e-05,3.011774,6.068646e-06,0.7563888,0.8298641,1.874187,0.7768746,1,1.801255e-07,0.191973,1.953139e-06,0.2093289,2.507498e-07,0.196833,0.4392992,-0.1246746,0,0,0,0
3196,4.181488e-06,4.534079e-05,3.011774,5.820982e-06,0.7187574,0.8275851,1.874437,0.7639925,1,1.727745e-07,0.1830024,1.87343e-06,0.2087937,2.405166e-07,0.1937788,0.4367101,-0.1232739,0,0,0,0
3197,4.010839e-06,4.34904e-05,3.011774,5.583424e-06,0.7712061,0.8258971,1.874705,0.7683989,1,1.657235e-07,0.1954899,1.796975e-06,0.2083971,2.307009e-07,0.1948242,0.4389892,-0.1263356,0,0,0,0
3198,3.847155e-06,4.171554e-05,3.011774,5.355562e-06,0.7445257,0.8254291,1.873726,0.7621444,1,1.589602e-07,0.189151,1.723639e-06,0.2082871,2.212859e-07,0.1933401,0.4423483,-0.1250973,0,0,0,0
3199,3.69015e-06,4.00131e-05,3.011774,5.136998e-06,0.6839985,0.8229571,1.873964,0.7565301,1,1.52473e-07,0.1746667,1.653297e-06,0.2077062,2.122551e-07,0.1920065,0.4446247,-0.1262035,0,0,0,0
3200,3.539553e-06,3.838015e-05,3.011774,4.927355e-06,0.7724402,0.822257,1.874232,0.7559523,1,1.462505e-07,0.1957824,1.585825e-06,0.2075416,2.035929e-07,0.1918692,0.444695,-0.1260201,0,0,0,0
3201,3.395102e-06,3.681383e-05,3.011774,4.726267e-06,0.7786205,0.8206432,1.874502,0.7581552,1,1.402819e-07,0.1972465,1.521106e-06,0.2071622,1.952841e-07,0.1923927,0.438831,-0.1277637,0,0,0,0
3202,3.256546e-06,3.531144e-05,3.011774,4.533385e-06,0.7130522,0.8184618,1.87475,0.7566968,1,1.345569e-07,0.1816375,1.459029e-06,0.2066491,1.873145e-07,0.1920462,0.4416935,-0.1279841,0,0,0,0
3203,3.123645e-06,3.387036e-05,3.011774,4.348375e-06,0.7724402,0.8167793,1.875018,0.7555619,1,1.290656e-07,0.1957824,1.399486e-06,0.2062533,1.796701e-07,0.1917764,0.4391304,-0.1280928,0,0,0,0
3204,2.996167e-06,3.248809e-05,3.011774,4.170916e-06,0.7119129,0.8154067,1.87401,0.751444,1,1.237983e-07,0.1813648,1.342372e-06,0.2059303,1.723376e-07,0.1907974,0.4391992,-0.1316776,0,0,0,0
3205,2.873892e-06,3.116224e-05,3.011774,4.000698e-06,0.803964,0.8130016,1.874289,0.7651375,1,1.187461e-07,0.2032347,1.287589e-06,0.2053641,1.653045e-07,0.1940505,0.4435947,-0.1285166,0,0,0,0
3206,2.756607e-06,2.989049e-05,3.011774,3.837428e-06,0.7563887,0.8107219,1.874552,0.7624311,1,1.139e-07,0.1919729,1.235042e-06,0.2048273,1.585583e-07,0.1934081,0.4438266,-0.1301259,0,0,0,0
3207,2.644108e-06,2.867064e-05,3.011774,3.68082e-06,0.8026795,0.8097779,1.87483,0.7651043,1,1.092517e-07,0.2029318,1.184639e-06,0.2046049,1.520875e-07,0.1940426,0.443866,-0.1288527,0,0,0,0
3208,2.536201e-06,2.750058e-05,3.011774,3.530604e-06,0.7557839,0.8094071,1.875093,0.7698456,1,1.04793e-07,0.1918292,1.136293e-06,0.2045176,1.458807e-07,0.1951673,0.4423398,-0.1308672,0,0,0,0
3209,2.432697e-06,2.637826e-05,3.011774,3.386518e-06,0.6982347,0.8074573,1.875335,0.76044,1,1.005164e-07,0.1780866,1.08992e-06,0.2040581,1.399272e-07,0.1929354,0.4394153,-0.1324881,0,0,0,0
3210,2.333417e-06,2.530175e-05,3.011774,3.248313e-06,0.7872574,0.8067286,1.874436,0.768626,1,9.641425e-08,0.19929,1.04544e-06,0.2038864,1.342167e-07,0.1948781,0.4469925,-0.1308205,0,0,0,0
3211,2.238189e-06,2.426917e-05,3.011774,3.115747e-06,0.7654786,0.8053477,1.874701,0.7635577,1,9.247952e-08,0.1941314,1.002775e-06,0.2035609,1.287393e-07,0.1936756,0.4384009,-0.1336562,0,0,0,0
3212,2.146848e-06,2.327874e-05,3.011774,2.988592e-06,0.7724401,0.8036734,1.87497,0.7656117,1,8.870538e-08,0.1957824,9.618516e-07,0.2031662,1.234853e-07,0.194163,0.4511391,-0.1314195,0,0,0,0
3213,2.059234e-06,2.232872e-05,3.011774,2.866626e-06,0.786628,0.8023579,1.875243,0.7643355,1,8.508528e-08,0.1991412,9.225978e-07,0.2028559,1.184458e-07,0.1938602,0.4423761,-0.1324579,0,0,0,0
3214,1.975195e-06,2.141747e-05,3.011774,2.749637e-06,0.6982347,0.8011545,1.875485,0.7565951,1,8.16129e-08,0.1780866,8.849461e-07,0.2025721,1.13612e-07,0.192022,0.4422797,-0.132992,0,0,0,0
3215,1.894586e-06,2.054341e-05,3.011774,2.637423e-06,0.7724401,0.8000756,1.875753,0.7642602,1,7.828223e-08,0.1957824,8.48831e-07,0.2023175,1.089754e-07,0.1938423,0.4444742,-0.1322014,0,0,0,0
3216,1.817267e-06,1.970502e-05,3.011774,2.529788e-06,0.7891466,0.7991669,1.874807,0.7641341,1,7.508749e-08,0.1997366,8.141898e-07,0.2021031,1.045281e-07,0.1938124,0.4453505,-0.133779,0,0,0,0
3217,1.743104e-06,1.890085e-05,3.011774,2.426546e-06,0.7313837,0.7981672,1.875061,0.7593679,1,7.202313e-08,0.1860185,7.809622e-07,0.2018672,1.002622e-07,0.1926808,0.4474739,-0.1300629,0,0,0,0
3218,1.671967e-06,1.81295e-05,3.011774,2.327517e-06,0.7409665,0.7974671,1.875319,0.7553355,1,6.908382e-08,0.1883033,7.490908e-07,0.201702,9.617047e-08,0.1917226,0.4406714,-0.134228,0,0,0,0
3219,1.603733e-06,1.738962e-05,3.011774,2.23253e-06,0.7187572,0.7961558,1.875568,0.7463047,1,6.626448e-08,0.1830023,7.1852e-07,0.2013924,9.224569e-08,0.1895746,0.4450994,-0.1336023,0,0,0,0
3220,1.538284e-06,1.667994e-05,3.011774,2.141419e-06,0.7261492,0.7954767,1.87582,0.748312,1,6.356019e-08,0.1847688,6.891968e-07,0.2012321,8.848109e-08,0.1900523,0.4439418,-0.1341189,0,0,0,0
3221,1.475505e-06,1.599923e-05,3.011774,2.054027e-06,0.7786204,0.7946522,1.876091,0.7495753,1,6.096626e-08,0.1972464,6.610703e-07,0.2010374,8.487013e-08,0.1903529,0.4449857,-0.134584,0,0,0,0
3222,1.415289e-06,1.534629e-05,3.011774,1.970201e-06,0.7267301,0.7936226,1.87505,0.741782,1,5.84782e-08,0.1849076,6.340917e-07,0.2007942,8.140653e-08,0.1884976,0.4429264,-0.1345072,0,0,0,0
3223,1.35753e-06,1.472e-05,3.011774,1.889796e-06,0.7421522,0.7927644,1.875307,0.7431304,1,5.609167e-08,0.1885858,6.082141e-07,0.2005915,7.808429e-08,0.1888188,0.4426563,-0.1354494,0,0,0,0
3224,1.302129e-06,1.411927e-05,3.011774,1.812672e-06,0.8039639,0.7931283,1.875586,0.7504941,1,5.380254e-08,0.2032347,5.833925e-07,0.2006775,7.489763e-08,0.1905715,0.4462598,-0.1343882,0,0,0,0
3225,1.248988e-06,1.354305e-05,3.011774,1.738696e-06,0.6872837,0.7918461,1.875825,0.7462292,1,5.160683e-08,0.1754566,5.59584e-07,0.2003745,7.184102e-08,0.1895566,0.4404285,-0.1339499,0,0,0,0
3226,1.198016e-06,1.299035e-05,3.011774,1.667739e-06,0.7409665,0.7904021,1.876082,0.7481224,1,4.950072e-08,0.1883033,5.367471e-07,0.2000333,6.890915e-08,0.1900072,0.4474402,-0.1345737,0,0,0,0
3227,1.149125e-06,1.246021e-05,3.011774,1.599678e-06,0.6982346,0.7894129,1.876325,0.7383798,1,4.748057e-08,0.1780866,5.148421e-07,0.1997996,6.609693e-08,0.1876869,0.4429462,-0.1372896,0,0,0,0
3228,1.102228e-06,1.19517e-05,3.011774,1.534394e-06,0.6982346,0.7871153,1.875218,0.7346993,1,4.554287e-08,0.1780866,4.938311e-07,0.1992564,6.339948e-08,0.1868094,0.4441776,-0.1379818,0,0,0,0
3229,1.057246e-06,1.146395e-05,3.011774,1.471775e-06,0.7582036,0.7858782,1.875481,0.7373073,1,4.368423e-08,0.1924042,4.736776e-07,0.1989639,6.081211e-08,0.1874313,0.4456687,-0.1380998,0,0,0,0
3230,1.014099e-06,1.09961e-05,3.011774,1.411711e-06,0.7563885,0.7846211,1.875744,0.7318428,1,4.190146e-08,0.1919729,4.543466e-07,0.1986665,5.833034e-08,0.186128,0.4469447,-0.1373978,0,0,0,0
3231,9.727131e-07,1.054734e-05,3.011774,1.354098e-06,0.6486791,0.7825459,1.875969,0.7261096,1,4.019144e-08,0.166147,4.358045e-07,0.1981756,5.594984e-08,0.1847594,0.4411583,-0.1381681,0,0,0,0
3232,9.330161e-07,1.01169e-05,3.011774,1.298837e-06,0.6187835,0.7795666,1.876184,0.7114863,1,3.85512e-08,0.1588961,4.18019e-07,0.1974705,5.36665e-08,0.1812627,0.4434587,-0.1389842,0,0,0,0
3233,8.949392e-07,9.704021e-06,3.011774,1.24583e-06,0.6982346,0.7779975,1.876426,0.7106618,1,3.697791e-08,0.1780865,4.009594e-07,0.1970989,5.147634e-08,0.1810652,0.4420356,-0.1401681,0,0,0,0
3234,8.584163e-07,9.307994e-06,3.011774,1.194987e-06,0.8026794,0.7779832,1.875343,0.7232753,1,3.546882e-08,0.2029317,3.845961e-07,0.1970956,4.937557e-08,0.1840823,0.4453965,-0.141695,0,0,0,0
3235,8.233838e-07,8.92813e-06,3.011774,1.146219e-06,0.7027057,0.7764935,1.875587,0.7159838,1,3.402132e-08,0.1791589,3.689005e-07,0.1967428,4.736052e-08,0.182339,0.4442152,-0.1425545,0,0,0,0
3236,7.897811e-07,8.563768e-06,3.011774,1.099441e-06,0.6486791,0.7738464,1.875812,0.7028193,1,3.263289e-08,0.166147,3.538455e-07,0.1961156,4.542771e-08,0.1791862,0.4444003,-0.1426448,0,0,0,0
3237,7.575497e-07,8.214276e-06,3.011774,1.054573e-06,0.8026794,0.7732967,1.876091,0.7199304,1,3.130112e-08,0.2029317,3.394048e-07,0.1959854,4.357378e-08,0.1832829,0.4431299,-0.1422872,0,0,0,0
3238,7.266337e-07,7.879047e-06,3.011774,1.011535e-06,0.6850928,0.7718045,1.876329,0.7265126,1,3.002371e-08,0.1749299,3.255535e-07,0.1956317,4.179551e-08,0.1848557,0.4433551,-0.14268,0,0,0,0
3239,6.969794e-07,7.557499e-06,3.011774,9.702534e-07,0.6999101,0.7695255,1.876572,0.7267174,1,2.879842e-08,0.1784885,3.122675e-07,0.1950914,4.008981e-08,0.1849046,0.4487562,-0.1427522,0,0,0,0
3240,6.685353e-07,7.249073e-06,3.011774,9.306569e-07,0.728474,0.76733,1.875491,0.7178192,1,2.762314e-08,0.185324,2.995237e-07,0.1945707,3.845372e-08,0.182778,0.4417609,-0.1394349,0,0,0,0
3241,6.41252e-07,6.953235e-06,3.011774,8.926763e-07,0.7153322,0.7666954,1.875739,0.718665,1,2.649583e-08,0.1821831,2.873e-07,0.1944202,3.68844e-08,0.1829803,0.4445207,-0.139423,0,0,0,0
3242,6.150821e-07,6.669469e-06,3.011774,8.562456e-07,0.7153322,0.7657249,1.875987,0.7254364,1,2.541452e-08,0.1821831,2.755751e-07,0.1941899,3.537913e-08,0.1845986,0.442219,-0.1420125,0,0,0,0
3243,5.899803e-07,6.397285e-06,3.011774,8.213018e-07,0.7480902,0.7656394,1.876247,0.7189427,1,2.437734e-08,0.1899995,2.643288e-07,0.1941696,3.393529e-08,0.1830467,0.4526206,-0.1425104,0,0,0,0
3244,5.659029e-07,6.136208e-06,3.011774,7.877839e-07,0.7557838,0.7649327,1.87651,0.7274367,1,2.338249e-08,0.1918292,2.535414e-07,0.1940019,3.255037e-08,0.1850763,0.4471224,-0.1436758,0,0,0,0
3245,5.428081e-07,5.885786e-06,3.011774,7.556341e-07,0.7119127,0.7637385,1.876757,0.7280978,1,2.242824e-08,0.1813647,2.431942e-07,0.1937185,3.122198e-08,0.1852342,0.4449004,-0.1432843,0,0,0,0
3246,5.206558e-07,5.645584e-06,3.011774,7.247964e-07,0.6850928,0.7616737,1.875673,0.7221215,1,2.151293e-08,0.1749299,2.332693e-07,0.1932283,2.99478e-08,0.1838066,0.4438535,-0.143686,0,0,0,0
3247,4.994075e-07,5.415185e-06,3.011774,6.952171e-07,0.6982346,0.7595693,1.875915,0.7198534,1,2.063497e-08,0.1780865,2.237495e-07,0.1927286,2.872561e-08,0.1832644,0.448996,-0.1446856,0,0,0,0
3248,4.790264e-07,5.194188e-06,3.011774,6.66845e-07,0.7267301,0.7595499,1.876167,0.7209617,1,1.979285e-08,0.1849076,2.146181e-07,0.192724,2.75533e-08,0.1835294,0.4456963,-0.145281,0,0,0,0
3249,4.594771e-07,4.98221e-06,3.011774,6.396306e-07,0.6603348,0.7576043,1.876397,0.710562,1,1.898509e-08,0.1689641,2.058595e-07,0.1922618,2.642884e-08,0.1810413,0.449223,-0.1444908,0,0,0,0
3250,4.407256e-07,4.778884e-06,3.011774,6.13527e-07,0.7130519,0.7565941,1.876644,0.7056684,1,1.82103e-08,0.1816374,1.974582e-07,0.1920218,2.535026e-08,0.1798691,0.4472611,-0.1420254,0,0,0,0
3251,4.227394e-07,4.583855e-06,3.011774,5.884885e-07,0.7557838,0.756409,1.876907,0.7102893,1,1.746713e-08,0.1918292,1.893998e-07,0.1919778,2.43157e-08,0.180976,0.4502133,-0.1467492,0,0,0,0
3252,4.054871e-07,4.396785e-06,3.011774,5.644719e-07,0.8039638,0.7560593,1.875807,0.7243553,1,1.675428e-08,0.2032346,1.816703e-07,0.1918947,2.332336e-08,0.1843404,0.4493923,-0.1480894,0,0,0,0
3253,3.88939e-07,4.21735e-06,3.011774,5.414354e-07,0.6789185,0.7553567,1.876042,0.7215065,1,1.607053e-08,0.1734444,1.742563e-07,0.1917277,2.237152e-08,0.1836596,0.4423187,-0.145354,0,0,0,0
3254,3.730662e-07,4.045238e-06,3.011774,5.19339e-07,0.7267301,0.7539556,1.876295,0.7206483,1,1.541468e-08,0.1849076,1.671448e-07,0.1913946,2.145852e-08,0.1834545,0.4424658,-0.1482582,0,0,0,0
3255,3.578411e-07,3.880149e-06,3.011774,4.981444e-07,0.6999101,0.7533281,1.876538,0.7251859,1,1.47856e-08,0.1784885,1.603235e-07,0.1912454,2.058278e-08,0.1845388,0.4488696,-0.1461821,0,0,0,0
3256,3.432374e-07,3.721798e-06,3.011774,4.77815e-07,0.6445517,0.7513855,1.876762,0.7165035,1,1.418219e-08,0.1651481,1.537806e-07,0.1907835,1.974279e-08,0.1824633,0.4528219,-0.1469204,0,0,0,0
3257,3.292297e-07,3.56991e-06,3.011774,4.583152e-07,0.7421521,0.7505273,1.877019,0.7154768,1,1.360341e-08,0.1885858,1.475047e-07,0.1905794,1.893708e-08,0.1822177,0.450262,-0.1511565,0,0,0,0
3258,3.157937e-07,3.42422e-06,3.011774,4.39611e-07,0.6571783,0.7499065,1.875845,0.6987111,1,1.304825e-08,0.1682017,1.41485e-07,0.1904317,1.816425e-08,0.1782009,0.448035,-0.1513252,0,0,0,0
3259,3.02906e-07,3.284475e-06,3.011774,4.216702e-07,0.728474,0.7497281,1.876098,0.703887,1,1.251574e-08,0.185324,1.357109e-07,0.1903892,1.742295e-08,0.1794421,0.4534712,-0.1494522,0,0,0,0
3260,2.905442e-07,3.150434e-06,3.011774,4.044616e-07,0.7130519,0.7483534,1.876346,0.7018857,1,1.200497e-08,0.1816374,1.301725e-07,0.1900622,1.671191e-08,0.1789623,0.4482277,-0.1491638,0,0,0,0
3261,2.78687e-07,3.021863e-06,3.011774,3.879554e-07,0.6582299,0.7467484,1.876574,0.6973606,1,1.151504e-08,0.1684558,1.248601e-07,0.1896802,1.602989e-08,0.1778768,0.4517115,-0.1519297,0,0,0,0
3262,2.673136e-07,2.898539e-06,3.011774,3.721226e-07,0.7130519,0.7459239,1.876822,0.7060192,1,1.10451e-08,0.1816374,1.197645e-07,0.1894839,1.53757e-08,0.1799532,0.454606,-0.1518528,0,0,0,0
3263,2.564044e-07,2.780248e-06,3.011774,3.569361e-07,0.7153322,0.7440173,1.87707,0.7032292,1,1.059435e-08,0.1821831,1.148768e-07,0.18903,1.474821e-08,0.1792844,0.4502565,-0.1505438,0,0,0,0
3264,2.459404e-07,2.666785e-06,3.011774,3.423694e-07,0.6466224,0.7427977,1.875872,0.7003223,1,1.016199e-08,0.1656493,1.101886e-07,0.1887396,1.414633e-08,0.1785874,0.4536859,-0.1551565,0,0,0,0
3265,2.359034e-07,2.557952e-06,3.011774,3.283971e-07,0.6999101,0.7420055,1.876115,0.6971175,1,9.747271e-09,0.1784885,1.056918e-07,0.1885509,1.356901e-08,0.1778185,0.4461966,-0.1526579,0,0,0,0
3266,2.262761e-07,2.453561e-06,3.011774,3.149952e-07,0.728474,0.7407725,1.876368,0.6997177,1,9.349479e-09,0.185324,1.013784e-07,0.1882571,1.301526e-08,0.1784424,0.448645,-0.1491213,0,0,0,0
3267,2.170416e-07,2.353429e-06,3.011774,3.021401e-07,0.7557838,0.7402514,1.876631,0.7100359,1,8.967922e-09,0.1918292,9.724112e-08,0.188133,1.24841e-08,0.1809154,0.4466177,-0.1548371,0,0,0,0
3268,2.08184e-07,2.257385e-06,3.011774,2.898095e-07,0.7409664,0.74008,1.876888,0.7137584,1,8.601936e-09,0.1883033,9.327266e-08,0.1880921,1.197461e-08,0.1818065,0.4474343,-0.1508345,0,0,0,0
3269,1.996879e-07,2.16526e-06,3.011774,2.779823e-07,0.7563885,0.7395657,1.877151,0.7189477,1,8.250886e-09,0.1919729,8.946615e-08,0.1879696,1.148592e-08,0.1830479,0.452216,-0.1516493,0,0,0,0
3270,1.915386e-07,2.076894e-06,3.011774,2.666376e-07,0.6445517,0.7377944,1.875904,0.7177852,1,7.914164e-09,0.1651481,8.581499e-08,0.1875474,1.101717e-08,0.1827699,0.4482749,-0.1521113,0,0,0,0
3271,1.837218e-07,1.992135e-06,3.011774,2.55756e-07,0.6839982,0.7360969,1.876141,0.715669,1,7.591182e-09,0.1746666,8.231283e-08,0.1871427,1.056756e-08,0.1822637,0.4523332,-0.1516495,0,0,0,0
3272,1.76224e-07,1.910835e-06,3.011774,2.453184e-07,0.7409664,0.7360177,1.876398,0.7173419,1,7.281382e-09,0.1883033,7.89536e-08,0.1871238,1.013629e-08,0.1826639,0.4491233,-0.1542493,0,0,0,0
3273,1.690322e-07,1.832853e-06,3.011774,2.353067e-07,0.6708564,0.7352387,1.876631,0.7070474,1,6.984224e-09,0.1715025,7.573146e-08,0.1869381,9.722614e-09,0.1801995,0.4510601,-0.1529575,0,0,0,0
3274,1.621339e-07,1.758053e-06,3.011774,2.257037e-07,0.6571782,0.7334364,1.87686,0.696642,1,6.699195e-09,0.1682017,7.264082e-08,0.1865082,9.325832e-09,0.1777044,0.4466649,-0.1547466,0,0,0,0
3275,1.555171e-07,1.686306e-06,3.011774,2.164925e-07,0.6582299,0.7315875,1.877088,0.685139,1,6.425797e-09,0.1684558,6.96763e-08,0.1860671,8.945231e-09,0.174941,0.4500436,-0.1579951,0,0,0,0
3276,1.491704e-07,1.617487e-06,3.011774,2.076573e-07,0.7119127,0.7303933,1.875854,0.6929215,1,6.163557e-09,0.1813647,6.683278e-08,0.1857821,8.580171e-09,0.1768112,0.4517843,-0.1541242,0,0,0,0
3277,1.430827e-07,1.551476e-06,3.011774,1.991828e-07,0.6703201,0.7287371,1.876087,0.6910916,1,5.912018e-09,0.1713732,6.410529e-08,0.1853868,8.230015e-09,0.1763716,0.4500942,-0.1552577,0,0,0,0
3278,1.372434e-07,1.48816e-06,3.011774,1.91054e-07,0.6440364,0.7271247,1.876311,0.6794027,1,5.670746e-09,0.1650233,6.148912e-08,0.1850018,7.89414e-09,0.173561,0.4515854,-0.1559049,0,0,0,0
3279,1.316424e-07,1.427427e-06,3.011774,1.83257e-07,0.6708564,0.7251028,1.876544,0.6795197,1,5.43932e-09,0.1715025,5.897972e-08,0.1845189,7.571979e-09,0.1735891,0.4526568,-0.1557831,0,0,0,0
3280,1.2627e-07,1.369173e-06,3.011774,1.757783e-07,0.6872836,0.7235767,1.876782,0.6825784,1,5.217338e-09,0.1754566,5.657273e-08,0.1841543,7.262965e-09,0.1743251,0.4563439,-0.1548734,0,0,0,0
3281,1.211169e-07,1.313296e-06,3.011774,1.686048e-07,0.6999101,0.7232787,1.877025,0.6865887,1,5.004416e-09,0.1784885,5.426396e-08,0.1840831,6.966566e-09,0.1752895,0.4525093,-0.1569145,0,0,0,0
3282,1.16174e-07,1.2597e-06,3.011774,1.617239e-07,0.6582299,0.7216594,1.875776,0.6790047,1,4.800183e-09,0.1684558,5.204942e-08,0.1836962,6.682256e-09,0.1734651,0.4505033,-0.1572375,0,0,0,0
3283,1.114329e-07,1.208291e-06,3.011774,1.551238e-07,0.6703201,0.7210133,1.876009,0.6789091,1,4.604285e-09,0.1713732,4.992526e-08,0.1835417,6.409547e-09,0.1734422,0.4531212,-0.1612709,0,0,0,0
3284,1.068852e-07,1.15898e-06,3.011774,1.487933e-07,0.5949962,0.7190554,1.876215,0.6719965,1,4.416381e-09,0.1531005,4.788778e-08,0.1830736,6.147975e-09,0.1717772,0.4517418,-0.1599062,0,0,0,0
3285,1.025232e-07,1.111681e-06,3.011774,1.42721e-07,0.6314099,0.7176667,1.876435,0.6668525,1,4.236147e-09,0.1619629,4.593345e-08,0.1827416,5.897077e-09,0.170537,0.4559758,-0.1576901,0,0,0,0
3286,9.833918e-08,1.066313e-06,3.011774,1.368966e-07,0.6603348,0.7170176,1.876664,0.6640335,1,4.063267e-09,0.1689641,4.405888e-08,0.1825863,5.656416e-09,0.169857,0.4567857,-0.1583544,0,0,0,0
3287,9.43259e-08,1.022796e-06,3.011774,1.313096e-07,0.7119127,0.7163588,1.876911,0.6650311,1,3.897443e-09,0.1813647,4.226082e-08,0.1824287,5.42557e-09,0.1700977,0.4516521,-0.1598546,0,0,0,0
3288,9.047641e-08,9.810553e-07,3.011774,1.259509e-07,0.7354636,0.7162581,1.875565,0.6744825,1,3.738386e-09,0.1869917,4.053613e-08,0.1824046,5.204154e-09,0.1723762,0.4527023,-0.1615681,0,0,0,0
3289,8.678402e-08,9.410179e-07,3.011774,1.208108e-07,0.6839982,0.7162581,1.875802,0.6755081,1,3.585821e-09,0.1746666,3.888183e-08,0.1824046,4.991768e-09,0.1726232,0.4509246,-0.1621021,0,0,0,0
3290,8.324232e-08,9.026144e-07,3.011774,1.158804e-07,0.7130519,0.7155982,1.87605,0.6886254,1,3.439481e-09,0.1816374,3.729504e-08,0.1822468,4.788051e-09,0.1757791,0.4510258,-0.159913,0,0,0,0
3291,7.984515e-08,8.657782e-07,3.011774,1.111511e-07,0.6571782,0.7142489,1.876278,0.6914769,1,3.299114e-09,0.1682017,3.577301e-08,0.1819239,4.592643e-09,0.1764642,0.4483732,-0.1623225,0,0,0,0
3292,7.658663e-08,8.304454e-07,3.011774,1.066149e-07,0.6872836,0.7139626,1.876516,0.6941849,1,3.164475e-09,0.1754566,3.431309e-08,0.1818554,4.405211e-09,0.1771145,0.4528581,-0.1609994,0,0,0,0
3293,7.346109e-08,7.965544e-07,3.011774,1.02264e-07,0.6999101,0.7131567,1.876759,0.6926799,1,3.035332e-09,0.1784885,3.291276e-08,0.1816625,4.225437e-09,0.1767531,0.451421,-0.1612604,0,0,0,0
3294,7.04631e-08,7.640466e-07,3.011774,9.809044e-08,0.6571782,0.7125485,1.87542,0.6840988,1,2.911458e-09,0.1682017,3.156957e-08,0.1815169,4.052989e-09,0.1746908,0.4517669,-0.160948,0,0,0,0
3295,6.758746e-08,7.328655e-07,3.011774,9.408741e-08,0.6486791,0.7108231,1.875645,0.6796052,1,2.79264e-09,0.166147,3.02812e-08,0.1811039,3.887589e-09,0.1736097,0.458592,-0.1618139,0,0,0,0
3296,6.482918e-08,7.029568e-07,3.011774,9.024758e-08,0.7027056,0.7102266,1.875889,0.6781693,1,2.678671e-09,0.1791589,2.90454e-08,0.180961,3.728931e-09,0.1732641,0.4522546,-0.1618461,0,0,0,0
3297,6.218347e-08,6.742688e-07,3.011774,8.656465e-08,0.6872836,0.7089445,1.876128,0.6807532,1,2.569353e-09,0.1754566,2.786004e-08,0.180654,3.576757e-09,0.173886,0.4542961,-0.1626483,0,0,0,0
3298,5.964573e-08,6.467515e-07,3.011774,8.3032e-08,0.7119127,0.708457,1.876375,0.683167,1,2.464496e-09,0.1813647,2.672306e-08,0.1805372,3.430791e-09,0.1744667,0.4547745,-0.1625768,0,0,0,0
3299,5.721155e-08,6.203572e-07,3.011774,7.964326e-08,0.6724662,0.7081707,1.876609,0.6791852,1,2.363919e-09,0.1718904,2.563248e-08,0.1804686,3.290772e-09,0.1735086,0.4575877,-0.1654191,0,0,0,0
3300,5.487672e-08,5.950401e-07,3.011774,7.639313e-08,0.6460984,0.7066022,1.875202,0.6779713,1,2.267446e-09,0.1655225,2.45864e-08,0.1800929,3.15648e-09,0.1732164,0.4512545,-0.1635271,0,0,0,0
3301,5.263717e-08,5.707562e-07,3.011774,7.32755e-08,0.6850927,0.7057091,1.87544,0.6820294,1,2.17491e-09,0.1749299,2.358302e-08,0.1798789,3.027663e-09,0.1741931,0.4513274,-0.1656192,0,0,0,0
3302,5.048902e-08,5.474633e-07,3.011774,7.028523e-08,0.726149,0.7051947,1.875692,0.6844696,1,2.086151e-09,0.1847688,2.262058e-08,0.1797556,2.904109e-09,0.17478,0.4514429,-0.1650949,0,0,0,0
3303,4.842853e-08,5.25121e-07,3.011774,6.741684e-08,0.6445517,0.7036161,1.875916,0.6794294,1,2.001014e-09,0.1651481,2.169742e-08,0.1793772,2.78559e-09,0.1735674,0.4572264,-0.163166,0,0,0,0
3304,4.645214e-08,5.036905e-07,3.011774,6.466538e-08,0.6850927,0.7034701,1.876154,0.6767595,1,1.919351e-09,0.1749299,2.081194e-08,0.1793422,2.671902e-09,0.1729246,0.4543435,-0.1689431,0,0,0,0
3305,4.45564e-08,4.831346e-07,3.011774,6.202641e-08,0.6571782,0.7021894,1.876382,0.6750492,1,1.841022e-09,0.1682017,1.996259e-08,0.1790351,2.562863e-09,0.1725127,0.4536214,-0.1661782,0,0,0,0
3306,4.273803e-08,4.634176e-07,3.011774,5.949494e-08,0.6571782,0.7007231,1.875052,0.6756721,1,1.765889e-09,0.1682017,1.914791e-08,0.1786835,2.458266e-09,0.1726627,0.4568309,-0.1672337,0,0,0,0
3307,4.099387e-08,4.445053e-07,3.011774,5.706691e-08,0.6634964,0.6999688,1.875282,0.6731967,1,1.693822e-09,0.1697273,1.836647e-08,0.1785026,2.357942e-09,0.1720664,0.4574324,-0.1652855,0,0,0,0
3308,3.932089e-08,4.263648e-07,3.011774,5.473794e-08,0.6095658,0.6985088,1.875494,0.65986,1,1.624696e-09,0.156653,1.761693e-08,0.1781523,2.261712e-09,0.1688495,0.4547039,-0.1659395,0,0,0,0
3309,3.771618e-08,4.089647e-07,3.011774,5.25041e-08,0.6582299,0.6978362,1.875723,0.6612395,1,1.558391e-09,0.1684558,1.689797e-08,0.177991,2.169412e-09,0.1691826,0.4531716,-0.1669157,0,0,0,0
3310,3.617696e-08,3.922746e-07,3.011774,5.036133e-08,0.6486791,0.6969755,1.875948,0.6567646,1,1.494793e-09,0.166147,1.620836e-08,0.1777844,2.080875e-09,0.1681018,0.4535011,-0.1684346,0,0,0,0
3311,3.470056e-08,3.762656e-07,3.011774,4.830611e-08,0.72673,0.6963989,1.8762,0.6647906,1,1.433789e-09,0.1849076,1.554688e-08,0.177646,1.995956e-09,0.1700396,0.4610333,-0.1695354,0,0,0,0
3312,3.328441e-08,3.6091e-07,3.011774,4.633475e-08,0.596424,0.6949511,1.874835,0.6573534,1,1.375276e-09,0.153449,1.491241e-08,0.1772985,1.914501e-09,0.168244,0.4563242,-0.166567,0,0,0,0
3313,3.192606e-08,3.461811e-07,3.011774,4.444383e-08,0.6486791,0.6939125,1.87506,0.6554665,1,1.31915e-09,0.166147,1.430382e-08,0.1770491,1.83637e-09,0.1677882,0.4543168,-0.1696788,0,0,0,0
3314,3.062314e-08,3.320533e-07,3.011774,4.262998e-08,0.596424,0.6916065,1.875267,0.6540222,1,1.265314e-09,0.153449,1.372008e-08,0.1764953,1.761424e-09,0.1674391,0.4572517,-0.1684191,0,0,0,0
3315,2.937339e-08,3.18502e-07,3.011774,4.089011e-08,0.6850927,0.6915821,1.875505,0.6576034,1,1.213676e-09,0.1749299,1.316015e-08,0.1764895,1.689535e-09,0.1683045,0.4594456,-0.1696102,0,0,0,0
3316,2.817465e-08,3.055037e-07,3.011774,3.922141e-08,0.6207646,0.6902465,1.875721,0.6540622,1,1.164145e-09,0.1593777,1.262308e-08,0.1761686,1.620586e-09,0.1674487,0.4596946,-0.17208,0,0,0,0
3317,2.702482e-08,2.93036e-07,3.011774,3.762072e-08,0.6571782,0.6897904,1.875949,0.645726,1,1.116636e-09,0.1682017,1.210792e-08,0.176059,1.554447e-09,0.1654324,0.4560447,-0.1687113,0,0,0,0
3318,2.592193e-08,2.81077e-07,3.011774,3.608552e-08,0.6850927,0.6896443,1.874569,0.6550184,1,1.071066e-09,0.1749299,1.161379e-08,0.1760239,1.491014e-09,0.1676799,0.4579881,-0.1708888,0,0,0,0
3319,2.486404e-08,2.696061e-07,3.011774,3.461272e-08,0.6314099,0.6882355,1.874788,0.6525153,1,1.027355e-09,0.1619629,1.113983e-08,0.1756854,1.43016e-09,0.1670748,0.4537605,-0.1707024,0,0,0,0
3320,2.384932e-08,2.586033e-07,3.011774,3.320013e-08,0.7066257,0.6876826,1.875033,0.6646885,1,9.854279e-10,0.1800985,1.068521e-08,0.1755525,1.371793e-09,0.170015,0.4612473,-0.1693814,0,0,0,0
3321,2.287602e-08,2.480496e-07,3.011774,3.184521e-08,0.5884685,0.6870136,1.875238,0.6531891,1,9.45212e-10,0.151506,1.024914e-08,0.1753917,1.315809e-09,0.1672377,0.4540476,-0.1719784,0,0,0,0
3322,2.194244e-08,2.379265e-07,3.011774,3.054562e-08,0.6324203,0.6871651,1.875457,0.6538746,1,9.066373e-10,0.1622081,9.830863e-09,0.1754281,1.262112e-09,0.1674034,0.454964,-0.1740281,0,0,0,0
3323,2.104695e-08,2.282166e-07,3.011774,2.929911e-08,0.6582299,0.6867206,1.875686,0.6535283,1,8.696371e-10,0.1684558,9.429661e-09,0.1753213,1.210607e-09,0.1673197,0.4527867,-0.1745629,0,0,0,0
3324,2.018802e-08,2.18903e-07,3.011774,2.810324e-08,0.5949962,0.684413,1.874176,0.6428267,1,8.341466e-10,0.1531005,9.044831e-09,0.1747664,1.161195e-09,0.1647304,0.4600188,-0.1704633,0,0,0,0
3325,1.936413e-08,2.099694e-07,3.011774,2.695645e-08,0.606652,0.6833458,1.874386,0.6396088,1,8.001048e-10,0.1559432,8.675706e-09,0.1745097,1.113811e-09,0.1639509,0.453873,-0.1733459,0,0,0,0
3326,1.857387e-08,2.014004e-07,3.011774,2.585639e-08,0.606652,0.6828788,1.874597,0.6274334,1,7.674519e-10,0.1559432,8.321646e-09,0.1743974,1.068358e-09,0.1609978,0.4609275,-0.1768016,0,0,0,0
3327,1.781586e-08,1.931812e-07,3.011774,2.480113e-08,0.596424,0.6805871,1.874804,0.6273078,1,7.361317e-10,0.153449,7.982035e-09,0.173846,1.024756e-09,0.1609673,0.4570025,-0.1765504,0,0,0,0
3328,1.708879e-08,1.852974e-07,3.011774,2.378905e-08,0.6724662,0.6804468,1.875037,0.631319,1,7.0609e-10,0.1718904,7.656284e-09,0.1738122,9.829375e-10,0.1619409,0.4541111,-0.174012,0,0,0,0
3329,1.639138e-08,1.777353e-07,3.011774,2.281809e-08,0.6486791,0.6798775,1.875263,0.6299935,1,6.772739e-10,0.166147,7.343827e-09,0.1736752,9.428184e-10,0.1616192,0.4578877,-0.1742294,0,0,0,0
3330,1.572244e-08,1.704818e-07,3.011774,2.188707e-08,0.6207646,0.6786808,1.873837,0.6325752,1,6.496341e-10,0.1593777,7.044122e-09,0.1733872,9.043497e-10,0.1622456,0.4598927,-0.173856,0,0,0,0
3331,1.50808e-08,1.635244e-07,3.011774,2.099381e-08,0.5712091,0.6770794,1.874036,0.6273717,1,6.231222e-10,0.1472816,6.756647e-09,0.1730016,8.674411e-10,0.1609828,0.452099,-0.1746059,0,0,0,0
3332,1.446535e-08,1.568508e-07,3.011774,2.013696e-08,0.6571782,0.6764332,1.874264,0.6322194,1,5.976921e-10,0.1682017,6.480904e-09,0.172846,8.320372e-10,0.1621593,0.4587677,-0.1726111,0,0,0,0
3333,1.387501e-08,1.504497e-07,3.011774,1.931526e-08,0.5945205,0.6747269,1.87447,0.631452,1,5.733e-10,0.1529844,6.216415e-09,0.1724351,7.980853e-10,0.1619731,0.455951,-0.1753054,0,0,0,0
3334,1.330876e-08,1.443097e-07,3.011774,1.852703e-08,0.5949962,0.6729404,1.874677,0.6218431,1,5.499034e-10,0.1531005,5.962721e-09,0.1720047,7.655168e-10,0.1596398,0.4570542,-0.1746391,0,0,0,0
3335,1.276562e-08,1.384204e-07,3.011774,1.7771e-08,0.5492507,0.671133,1.874868,0.6095964,1,5.274615e-10,0.1418892,5.719378e-09,0.1715691,7.342782e-10,0.1566605,0.4592206,-0.1747135,0,0,0,0
3336,1.224465e-08,1.327714e-07,3.011774,1.704577e-08,0.6440364,0.6706769,1.87333,0.6120361,1,5.059354e-10,0.1650233,5.485968e-09,0.1714592,7.043124e-10,0.1572545,0.4577002,-0.1768477,0,0,0,0
3337,1.174494e-08,1.273529e-07,3.011774,1.635011e-08,0.5730379,0.6692858,1.873529,0.6112342,1,4.85288e-10,0.1477298,5.262083e-09,0.1711238,6.755684e-10,0.1570593,0.4625947,-0.1764703,0,0,0,0
3338,1.126562e-08,1.221555e-07,3.011774,1.568286e-08,0.6124844,0.6680164,1.873742,0.6063006,1,4.654832e-10,0.1573636,5.047333e-09,0.1708177,6.479987e-10,0.1558576,0.459862,-0.1797407,0,0,0,0
3339,1.080587e-08,1.171703e-07,3.011774,1.50429e-08,0.5945205,0.6672851,1.873948,0.6055928,1,4.464865e-10,0.1529844,4.84135e-09,0.1706414,6.21556e-10,0.1556851,0.4593927,-0.1778345,0,0,0,0
3340,1.036487e-08,1.123885e-07,3.011774,1.442889e-08,0.6460984,0.6665412,1.874173,0.6112421,1,4.282651e-10,0.1655225,4.643771e-09,0.170462,5.961859e-10,0.1570612,0.4554213,-0.1760237,0,0,0,0
3341,9.941877e-09,1.078019e-07,3.011774,1.384012e-08,0.7409664,0.6663765,1.87443,0.632702,1,4.107875e-10,0.1883033,4.454257e-09,0.1704222,5.718587e-10,0.1622764,0.458008,-0.1786775,0,0,0,0
3342,9.536143e-09,1.034025e-07,3.011774,1.327533e-08,0.5828648,0.6639199,1.87292,0.6257545,1,3.940231e-10,0.1501358,4.272477e-09,0.1698295,5.485221e-10,0.1605901,0.4580311,-0.1792009,0,0,0,0
3343,9.146968e-09,9.918258e-08,3.011774,1.273361e-08,0.606652,0.6631169,1.87313,0.6290225,1,3.779428e-10,0.1559432,4.098116e-09,0.1696358,5.261388e-10,0.1613835,0.4560678,-0.1779191,0,0,0,0
3344,8.773675e-09,9.513488e-08,3.011774,1.221395e-08,0.5884685,0.6615807,1.873335,0.6262656,1,3.625187e-10,0.151506,3.930869e-09,0.1692649,5.046669e-10,0.1607142,0.4604827,-0.1802399,0,0,0,0
3345,8.415617e-09,9.125239e-08,3.011774,1.171552e-08,0.6192785,0.6606848,1.87355,0.6282853,1,3.477239e-10,0.1590164,3.770449e-09,0.1690486,4.840727e-10,0.1612046,0.4586518,-0.182338,0,0,0,0
3346,8.072171e-09,8.752834e-08,3.011774,1.123751e-08,0.6839982,0.6611231,1.873787,0.6331989,1,3.335334e-10,0.1746666,3.616575e-09,0.1691545,4.643219e-10,0.162397,0.4593115,-0.1822039,0,0,0,0
3347,7.742741e-09,8.395626e-08,3.011774,1.077893e-08,0.6076227,0.6596283,1.873998,0.6178324,1,3.199217e-10,0.1561798,3.468981e-09,0.1687935,4.453733e-10,0.1586648,0.4579905,-0.1772914,0,0,0,0
3348,7.426756e-09,8.052998e-08,3.011774,1.033897e-08,0.5716661,0.6586782,1.872485,0.6153278,1,3.068655e-10,0.1473936,3.32741e-09,0.1685641,4.271952e-10,0.1580556,0.4590809,-0.1806123,0,0,0,0
3349,7.123666e-09,7.724351e-08,3.011774,9.916908e-09,0.6839982,0.658184,1.872723,0.6245061,1,2.943421e-10,0.1746666,3.191617e-09,0.1684447,4.097557e-10,0.1602869,0.4610381,-0.1821082,0,0,0,0
3350,6.832945e-09,7.409116e-08,3.011774,9.512183e-09,0.6314099,0.6572769,1.872942,0.6284416,1,2.823298e-10,0.1619629,3.061365e-09,0.1682256,3.930329e-10,0.1612425,0.4589897,-0.180224,0,0,0,0
3351,6.554089e-09,7.106745e-08,3.011774,9.123869e-09,0.5716661,0.656315,1.87314,0.6229647,1,2.708077e-10,0.1473936,2.936429e-09,0.1679932,3.769882e-10,0.1599124,0.4553103,-0.1833951,0,0,0,0
3352,6.286613e-09,6.816715e-08,3.011774,8.751441e-09,0.5277143,0.6542557,1.873323,0.6044364,1,2.597559e-10,0.1365807,2.816592e-09,0.1674955,3.615999e-10,0.1554033,0.4592325,-0.1869361,0,0,0,0
3353,6.030053e-09,6.538521e-08,3.011774,8.394191e-09,0.5735026,0.6526799,1.873523,0.5997039,1,2.491551e-10,0.1478437,2.701645e-09,0.1671146,3.468388e-10,0.1542493,0.456877,-0.1835805,0,0,0,0
3354,5.783963e-09,6.271681e-08,3.011774,8.051656e-09,0.5753267,0.6518877,1.87194,0.599892,1,2.389871e-10,0.1482906,2.59139e-09,0.166923,3.326855e-10,0.1542953,0.4620325,-0.1848452,0,0,0,0
3355,5.547917e-09,6.015731e-08,3.011774,7.723106e-09,0.5945205,0.6507167,1.872147,0.5898153,1,2.292337e-10,0.1529844,2.485634e-09,0.1666399,3.191103e-10,0.1518351,0.4593352,-0.186656,0,0,0,0
3356,5.321503e-09,5.770226e-08,3.011774,7.408117e-09,0.6440364,0.6497785,1.87237,0.5916336,1,2.198787e-10,0.1650233,2.384194e-09,0.1664129,3.060954e-10,0.1522794,0.4666001,-0.185404,0,0,0,0
3357,5.10433e-09,5.53474e-08,3.011774,7.105801e-09,0.623244,0.6483058,1.872587,0.5976625,1,2.109053e-10,0.1599802,2.286894e-09,0.1660567,2.93604e-10,0.1537513,0.4566638,-0.1824076,0,0,0,0
3358,4.896019e-09,5.308866e-08,3.011774,6.815915e-09,0.5505688,0.6461903,1.872778,0.5988475,1,2.022983e-10,0.1422134,2.193565e-09,0.1655447,2.81626e-10,0.1540404,0.4633512,-0.1834218,0,0,0,0
3359,4.69621e-09,5.092208e-08,3.011774,6.537832e-09,0.5945205,0.6443918,1.872984,0.600581,1,1.940421e-10,0.1529844,2.104045e-09,0.1651094,2.70136e-10,0.1544633,0.4642322,-0.1869754,0,0,0,0
3360,4.504555e-09,4.884393e-08,3.011774,6.270885e-09,0.5277143,0.6430936,1.871453,0.5942569,1,1.861232e-10,0.1365807,2.018178e-09,0.164795,2.59106e-10,0.15292,0.4580125,-0.1858127,0,0,0,0
3361,4.320722e-09,4.685058e-08,3.011774,6.014893e-09,0.538052,0.6414719,1.87164,0.5876142,1,1.785276e-10,0.1391313,1.935815e-09,0.1644023,2.485289e-10,0.1512972,0.4617393,-0.1865488,0,0,0,0
3362,4.144391e-09,4.493858e-08,3.011774,5.769248e-09,0.6976763,0.6409909,1.871882,0.5940241,1,1.712417e-10,0.1779526,1.856813e-09,0.1642858,2.383791e-10,0.1528632,0.4648935,-0.1850296,0,0,0,0
3363,3.975256e-09,4.310461e-08,3.011774,5.53373e-09,0.6872836,0.6411735,1.872121,0.6021704,1,1.642531e-10,0.1754566,1.781035e-09,0.16433,2.286478e-10,0.1548509,0.4616601,-0.1863422,0,0,0,0
3364,3.813024e-09,4.134549e-08,3.011774,5.30775e-09,0.6095658,0.6406444,1.872332,0.6088875,1,1.5755e-10,0.156653,1.70835e-09,0.1642018,2.193104e-10,0.1564878,0.4636008,-0.184156,0,0,0,0
3365,3.657412e-09,3.965817e-08,3.011774,5.091149e-09,0.6603348,0.6406678,1.872562,0.6174344,1,1.511204e-10,0.1689641,1.638632e-09,0.1642075,2.103607e-10,0.158568,0.46206,-0.1897342,0,0,0,0
3366,3.508151e-09,3.803972e-08,3.011774,4.883522e-09,0.6314099,0.6397734,1.870975,0.6288159,1,1.449528e-10,0.1619629,1.571759e-09,0.1639908,2.017819e-10,0.1613334,0.460777,-0.1888994,0,0,0,0
3367,3.364982e-09,3.648729e-08,3.011774,4.684302e-09,0.5712091,0.6386721,1.871173,0.6324797,1,1.390374e-10,0.1472816,1.507615e-09,0.1637239,1.935501e-10,0.1622225,0.4602292,-0.1881184,0,0,0,0
3368,3.227655e-09,3.499823e-08,3.011774,4.493126e-09,0.6582299,0.6388298,1.871401,0.628605,1,1.333631e-10,0.1684558,1.446088e-09,0.1637622,1.856511e-10,0.1612822,0.4598678,-0.1890409,0,0,0,0
3369,3.095932e-09,3.356993e-08,3.011774,4.309833e-09,0.606652,0.6381164,1.871612,0.6197807,1,1.279205e-10,0.1559432,1.387073e-09,0.1635893,1.780775e-10,0.1591385,0.4644115,-0.1901936,0,0,0,0
3370,2.969586e-09,3.219993e-08,3.011774,4.134098e-09,0.5600104,0.6367023,1.871807,0.613318,1,1.226999e-10,0.144534,1.330466e-09,0.1632465,1.708163e-10,0.1575665,0.4616861,-0.1869013,0,0,0,0
3371,2.848395e-09,3.088583e-08,3.011774,3.965336e-09,0.6440364,0.6360815,1.87203,0.6104301,1,1.176926e-10,0.1650233,1.276169e-09,0.163096,1.638434e-10,0.1568635,0.4670325,-0.1872939,0,0,0,0
3372,2.732151e-09,2.962538e-08,3.011774,3.803426e-09,0.5828648,0.6352441,1.870478,0.6050362,1,1.128894e-10,0.1501358,1.224088e-09,0.162893,1.571534e-10,0.1555495,0.4616752,-0.187401,0,0,0,0
3373,2.62065e-09,2.841635e-08,3.011774,3.648246e-09,0.6324203,0.634823,1.870697,0.6121238,1,1.082825e-10,0.1622081,1.174133e-09,0.1627908,1.507414e-10,0.1572758,0.4594302,-0.192688,0,0,0,0
3374,2.5137e-09,2.725667e-08,3.011774,3.499473e-09,0.6582299,0.6355256,1.870926,0.6128989,1,1.038634e-10,0.1684558,1.126216e-09,0.1629612,1.445944e-10,0.1574645,0.4650857,-0.1918553,0,0,0,0
3375,2.411115e-09,2.614431e-08,3.011774,3.356763e-09,0.606652,0.6352505,1.871136,0.6127586,1,9.962464e-11,0.1559432,1.080254e-09,0.1628945,1.386978e-10,0.1574304,0.4684093,-0.1936382,0,0,0,0
3376,2.336806e-09,2.507762e-08,3.011774,3.222704e-09,0.6440364,0.6350694,1.87136,0.6216508,1,9.655416e-11,0.1650233,1.03618e-09,0.1628506,1.331584e-10,0.1595931,0.4692676,-0.1901037,0,0,0,0
3377,2.336806e-09,2.405553e-08,3.011774,3.105844e-09,0.6440364,0.6343152,1.871584,0.6220554,1,9.655416e-11,0.1650233,9.939479e-10,0.1626677,1.283299e-10,0.1596914,0.4692676,-0.1901037,0,0,0,0
3378,2.336806e-09,2.30762e-08,3.011774,3.005435e-09,0.6440364,0.6332994,1.870023,0.6296564,1,9.655416e-11,0.1650233,9.534835e-10,0.1624213,1.241812e-10,0.1615374,0.4692676,-0.1901037,0,0,0,0
3379,2.336806e-09,2.213791e-08,3.011774,2.920731e-09,0.6440364,0.6328553,1.870247,0.630503,1,9.655416e-11,0.1650233,9.147141e-10,0.1623136,1.206814e-10,0.1617429,0.4692676,-0.1901037,0,0,0,0
3380,2.336806e-09,2.123896e-08,3.011774,2.851185e-09,0.6440364,0.6320885,1.87047,0.6290663,1,9.655416e-11,0.1650233,8.775707e-10,0.1621276,1.178079e-10,0.1613942,0.4692676,-0.1901037,0,0,0,0
3381,2.336806e-09,2.037777e-08,3.011774,2.796049e-09,0.6440364,0.6319425,1.870694,0.6340242,1,9.655416e-11,0.1650233,8.419873e-10,0.1620921,1.155297e-10,0.1625971,0.4692676,-0.1901037,0,0,0,0
3382,2.336806e-09,1.955278e-08,3.011774,2.752171e-09,0.6440364,0.631462,1.870918,0.6353167,1,9.655416e-11,0.1650233,8.078997e-10,0.1619756,1.137168e-10,0.1629106,0.4692676,-0.1901037,0,0,0,0
3383,nan,1.894706e-08,3.011774,nan,nan,0.6306929,1.870918,nan,0,0,0,7.828719e-10,0.161789,0,0,0.4692676,-0.1901037,0,0,0,0
3384,nan,1.836166e-08,3.011774,nan,nan,0.6303919,1.86908,nan,0,0,0,7.586838e-10,0.1617159,0,0,0.4692676,-0.1901037,0,0,0,0
3385,nan,1.779584e-08,3.011774,nan,nan,0.6301817,1.86908,nan,0,0,0,7.353046e-10,0.1616649,0,0,0.4692676,-0.1901037,0,0,0,0
3386,nan,1.724895e-08,3.011774,nan,nan,0.6293384,1.86908,nan,0,0,0,7.127076e-10,0.1614602,0,0,0.4692676,-0.1901037,0,0,0,0
3387,nan,1.67203e-08,3.011774,nan,nan,0.6286567,1.86908,nan,0,0,0,6.908644e-10,0.1612948,0,0,0.4692676,-0.1901037,0,0,0,0
3388,nan,1.620927e-08,3.011774,nan,nan,0.6276656,1.86908,nan,0,0,0,6.697494e-10,0.1610541,0,0,0.4637528,-0.1957076,0,0,0,0
3389,nan,1.571528e-08,3.011774,nan,nan,0.6271258,1.86908,nan,0,0,0,6.493381e-10,0.1609231,0,0,0.463902,-0.1953763,0,0,0,0
3390,nan,1.52377e-08,3.011774,nan,nan,0.6268944,1.867258,nan,0,0,0,6.29605e-10,0.1608669,0,0,0.4601973,-0.1955437,0,0,0,0
3391,nan,1.477597e-08,3.011774,nan,nan,0.6261759,1.867258,nan,0,0,0,6.105266e-10,0.1606924,0,0,0.4700102,-0.1979372,0,0,0,0
3392,nan,1.432954e-08,3.011774,nan,nan,0.6249262,1.867258,nan,0,0,0,5.92081e-10,0.1603889,0,0,0.4681023,-0.1984864,0,0,0,0
3393,nan,1.389791e-08,3.011774,nan,nan,0.6246778,1.867258,nan,0,0,0,5.742463e-10,0.1603286,0,0,0.4687804,-0.1966404,0,0,0,0
3394,nan,1.348055e-08,3.011774,nan,nan,0.6239033,1.867258,nan,0,0,0,5.570016e-10,0.1601404,0,0,0.4653749,-0.1991856,0,0,0,0
3395,nan,1.307697e-08,3.011774,nan,nan,0.6234711,1.867258,nan,0,0,0,5.403261e-10,0.1600354,0,0,0.4622437,-0.1968288,0,0,0,0
3396,nan,1.268671e-08,3.011774,nan,nan,0.6230276,1.865381,nan,0,0,0,5.24201e-10,0.1599277,0,0,0.4681334,-0.1972253,0,0,0,0
3397,nan,1.230927e-08,3.011774,nan,nan,0.622488,1.865381,nan,0,0,0,5.086054e-10,0.1597966,0,0,0.4620317,-0.2025474,0,0,0,0
3398,nan,1.194425e-08,3.011774,nan,nan,0.6226627,1.865381,nan,0,0,0,4.935231e-10,0.159839,0,0,0.4628992,-0.1991123,0,0,0,0
3399,nan,1.15912e-08,3.011774,nan,nan,0.6221754,1.865381,nan,0,0,0,4.789357e-10,0.1597206,0,0,0.4610924,-0.2001785,0,0,0,0
3400,nan,1.124974e-08,3.011774,nan,nan,0.6218073,1.865381,nan,0,0,0,4.648271e-10,0.1596311,0,0,0.4673073,-0.2023105,0,0,0,0
3401,nan,1.091944e-08,3.011774,nan,nan,0.6203295,1.865381,nan,0,0,0,4.511796e-10,0.1592719,0,0,0.4667418,-0.202499,0,0,0,0
3402,nan,1.059995e-08,3.011774,nan,nan,0.6206711,1.863516,nan,0,0,0,4.379786e-10,0.159355,0,0,0.4697503,-0.1997014,0,0,0,0
3403,nan,1.029087e-08,3.011774,nan,nan,0.6202651,1.863516,nan,0,0,0,4.252075e-10,0.1592563,0,0,0.4675494,-0.2064074,0,0,0,0
3404,nan,9.991869e-09,3.011774,nan,nan,0.6206157,1.863516,nan,0,0,0,4.128531e-10,0.1593415,0,0,0.4658321,-0.2046321,0,0,0,0
3405,nan,9.702598e-09,3.011774,nan,nan,0.6196534,1.863516,nan,0,0,0,4.009008e-10,0.1591076,0,0,0.4694144,-0.2000884,0,0,0,0
3406,nan,9.422723e-09,3.011774,nan,nan,0.6196366,1.863516,nan,0,0,0,3.893365e-10,0.1591035,0,0,0.4634397,-0.2030079,0,0,0,0
3407,nan,9.151923e-09,3.011774,nan,nan,0.619059,1.863516,nan,0,0,0,3.781475e-10,0.1589631,0,0,0.4651262,-0.2048369,0,0,0,0
3408,nan,8.889884e-09,3.011774,nan,nan,0.6180272,1.861605,nan,0,0,0,3.673203e-10,0.1587122,0,0,0.4700709,-0.2005619,0,0,0,0
3409,nan,8.636331e-09,3.011774,nan,nan,0.6178148,1.861605,nan,0,0,0,3.568438e-10,0.1586605,0,0,0.4688667,-0.2052627,0,0,0,0
3410,nan,8.390969e-09,3.011774,nan,nan,0.6163824,1.861605,nan,0,0,0,3.467056e-10,0.1583121,0,0,0.4662714,-0.2019386,0,0,0,0
3411,nan,8.153516e-09,3.011774,nan,nan,0.61684,1.861605,nan,0,0,0,3.368944e-10,0.1584234,0,0,0.47192,-0.2019185,0,0,0,0
3412,nan,7.9237e-09,3.011774,nan,nan,0.6165803,1.861605,nan,0,0,0,3.273985e-10,0.1583603,0,0,0.4656367,-0.2025876,0,0,0,0
3413,nan,7.701262e-09,3.011774,nan,nan,0.6158744,1.861605,nan,0,0,0,3.182076e-10,0.1581885,0,0,0.4696808,-0.2042739,0,0,0,0
3414,nan,7.485988e-09,3.011774,nan,nan,0.6162343,1.859684,nan,0,0,0,3.093129e-10,0.1582761,0,0,0.4704546,-0.2051031,0,0,0,0
3415,nan,7.277585e-09,3.011774,nan,nan,0.6164025,1.859684,nan,0,0,0,3.007018e-10,0.158317,0,0,0.4637935,-0.2067297,0,0,0,0
3416,nan,7.075869e-09,3.011774,nan,nan,0.6165766,1.859684,nan,0,0,0,2.923671e-10,0.1583593,0,0,0.4690078,-0.2037286,0,0,0,0
3417,nan,6.880609e-09,3.011774,nan,nan,0.616943,1.859684,nan,0,0,0,2.842993e-10,0.1584485,0,0,0.4715377,-0.2070443,0,0,0,0
3418,nan,6.691557e-09,3.011774,nan,nan,0.6159148,1.859684,nan,0,0,0,2.764877e-10,0.1581984,0,0,0.4667342,-0.2057615,0,0,0,0
3419,nan,6.50855e-09,3.011774,nan,nan,0.6152966,1.859684,nan,0,0,0,2.68926e-10,0.158048,0,0,0.4706715,-0.2043855,0,0,0,0
3420,nan,6.331342e-09,3.011774,nan,nan,0.6151914,1.857805,nan,0,0,0,2.61604e-10,0.1580224,0,0,0.4712898,-0.2080572,0,0,0,0
3421,nan,6.159776e-09,3.011774,nan,nan,0.6160538,1.857805,nan,0,0,0,2.545151e-10,0.1582322,0,0,0.4734427,-0.2083873,0,0,0,0
3422,nan,5.993679e-09,3.011774,nan,nan,0.6152313,1.857805,nan,0,0,0,2.476521e-10,0.1580321,0,0,0.4667678,-0.2084925,0,0,0,0
3423,nan,5.832831e-09,3.011774,nan,nan,0.615654,1.857805,nan,0,0,0,2.410063e-10,0.1581349,0,0,0.471126,-0.2071856,0,0,0,0
3424,nan,5.677066e-09,3.011774,nan,nan,0.6160844,1.857805,nan,0,0,0,2.345703e-10,0.1582396,0,0,0.4685374,-0.2091645,0,0,0,0
3425,nan,5.526245e-09,3.011774,nan,nan,0.6175064,1.857805,nan,0,0,0,2.283383e-10,0.1585855,0,0,0.4668,-0.2079366,0,0,0,0
3426,nan,5.380175e-09,3.011774,nan,nan,0.6169296,1.855873,nan,0,0,0,2.223031e-10,0.1584452,0,0,0.4709303,-0.2128777,0,0,0,0
3427,nan,5.23873e-09,3.011774,nan,nan,0.617905,1.855873,nan,0,0,0,2.164587e-10,0.1586824,0,0,0.4706261,-0.2122109,0,0,0,0
3428,nan,5.101769e-09,3.011774,nan,nan,0.6180282,1.855873,nan,0,0,0,2.107996e-10,0.1587124,0,0,0.470473,-0.2085795,0,0,0,0
3429,nan,4.969098e-09,3.011774,nan,nan,0.6185749,1.855873,nan,0,0,0,2.053179e-10,0.1588453,0,0,0.46539,-0.2103172,0,0,0,0
3430,nan,4.840634e-09,3.011774,nan,nan,0.6179196,1.855873,nan,0,0,0,2.000098e-10,0.158686,0,0,0.4702095,-0.2122893,0,0,0,0
3431,nan,4.716196e-09,3.011774,nan,nan,0.6149184,1.855873,nan,0,0,0,1.94868e-10,0.157956,0,0,0.4745199,-0.2111085,0,0,0,0
3432,nan,4.595677e-09,3.011774,nan,nan,0.6157198,1.853919,nan,0,0,0,1.898882e-10,0.1581509,0,0,0.4725652,-0.2114363,0,0,0,0
3433,nan,4.478958e-09,3.011774,nan,nan,0.6159523,1.853919,nan,0,0,0,1.850658e-10,0.1582075,0,0,0.4737272,-0.2122181,0,0,0,0
3434,nan,4.365958e-09,3.011774,nan,nan,0.6166755,1.853919,nan,0,0,0,1.803965e-10,0.1583834,0,0,0.4765764,-0.2110874,0,0,0,0
3435,nan,4.256484e-09,3.011774,nan,nan,0.6166052,1.853919,nan,0,0,0,1.758732e-10,0.1583663,0,0,0.4694417,-0.2130355,0,0,0,0
3436,nan,4.150479e-09,3.011774,nan,nan,0.6147331,1.853919,nan,0,0,0,1.714932e-10,0.1579109,0,0,0.4711649,-0.2131682,0,0,0,0
3437,nan,4.047823e-09,3.011774,nan,nan,0.6149363,1.853919,nan,0,0,0,1.672515e-10,0.1579603,0,0,0.4704804,-0.2137234,0,0,0,0
3438,nan,3.948437e-09,3.011774,nan,nan,0.616209,1.851885,nan,0,0,0,1.631451e-10,0.1582699,0,0,0.4758992,-0.2164053,0,0,0,0
3439,nan,3.852234e-09,3.011774,nan,nan,0.6141547,1.851885,nan,0,0,0,1.591699e-10,0.1577701,0,0,0.4741333,-0.2118202,0,0,0,0
3440,nan,3.759112e-09,3.011774,nan,nan,0.6136155,1.851885,nan,0,0,0,1.553223e-10,0.1576389,0,0,0.477172,-0.2149412,0,0,0,0
3441,nan,3.66896e-09,3.011774,nan,nan,0.6149687,1.851885,nan,0,0,0,1.515974e-10,0.1579682,0,0,0.471251,-0.2156668,0,0,0,0
3442,nan,3.581711e-09,3.011774,nan,nan,0.6178772,1.851885,nan,0,0,0,1.479925e-10,0.1586757,0,0,0.4756695,-0.2154811,0,0,0,0
3443,nan,3.497289e-09,3.011774,nan,nan,0.6194074,1.851885,nan,0,0,0,1.44504e-10,0.1590478,0,0,0.4711498,-0.2160609,0,0,0,0
3444,nan,3.415607e-09,3.011774,nan,nan,0.6209817,1.849913,nan,0,0,0,1.411292e-10,0.1594305,0,0,0.4727122,-0.2172681,0,0,0,0
3445,nan,3.336633e-09,3.011774,nan,nan,0.6219617,1.849913,nan,0,0,0,1.378659e-10,0.1596687,0,0,0.4755223,-0.2144099,0,0,0,0
3446,nan,3.260259e-09,3.011774,nan,nan,0.6211127,1.849913,nan,0,0,0,1.347102e-10,0.1594623,0,0,0.4716773,-0.2186648,0,0,0,0
3447,nan,3.186506e-09,3.011774,nan,nan,0.6210274,1.849913,nan,0,0,0,1.316631e-10,0.1594416,0,0,0.4762207,-0.2168799,0,0,0,0
3448,0.6648871,0.02659549,3.012005,nan,0.7220604,0.6278871,1.850164,nan,0,0.02721411,0.183792,0.001098478,0.1611079,0,0,0.4683027,-0.2188467,0,0,0,0
3449,0.6377005,0.05210351,3.012227,nan,0.6537081,0.6302546,1.850391,nan,0,0.02611136,0.1673632,0.002151255,0.1616826,0,0,0.4749312,-0.2181975,0,0,0,0
3450,0.6116357,0.07656894,3.012439,nan,0.6965882,0.6370095,1.848714,nan,0,0.02505332,0.1776914,0.003160281,0.163321,0,0,0.4755959,-0.2176904,0,0,0,0
3451,0.5866442,0.1000347,3.012643,nan,0.7182381,0.644217,1.848963,nan,0,0.02403812,0.1828782,0.004127414,0.165067,0,0,0.472506,-0.2167567,0,0,0,0
3452,0.5626797,0.1225419,3.012838,nan,0.6727142,0.6432185,1.849197,nan,0,0.02306397,0.1719502,0.005054432,0.1648253,0,0,0.471095,-0.215558,0,0,0,0
3453,0.5396988,0.1441298,3.013025,nan,0.7350673,0.6451299,1.849452,nan,0,0.02212917,0.1868972,0.005943029,0.165288,0,0,0.4761316,-0.2224531,0,0,0,0
3454,0.5176599,0.1648362,3.013205,nan,0.6627434,0.647257,1.849682,nan,0,0.02123213,0.1695456,0.006794826,0.1658029,0,0,0.4754366,-0.2221017,0,0,0,0
3455,0.4965236,0.1846972,3.013378,nan,0.6365276,0.6463047,1.849903,nan,0,0.02037131,0.1632041,0.007611372,0.1655724,0,0,0.4751118,-0.2195784,0,0,0,0
3456,0.4762524,0.2037473,3.013543,nan,0.6326857,0.6463557,1.848056,nan,0,0.01954523,0.1622725,0.008394146,0.1655848,0,0,0.4744198,-0.2170816,0,0,0,0
3457,0.4568103,0.2220197,3.013702,nan,0.7102643,0.6519179,1.848303,nan,0,0.0187525,0.1809701,0.009144567,0.1669303,0,0,0.4687873,-0.2211619,0,0,0,0
3458,0.4381631,0.2395462,3.013854,nan,0.5949709,0.6493876,1.84851,nan,0,0.01799176,0.1530944,0.009863989,0.1663184,0,0,0.4732287,-0.2186893,0,0,0,0
3459,0.4202779,0.2563573,3.014,nan,0.6178148,0.6498341,1.848724,nan,0,0.01726174,0.1586605,0.01055371,0.1664264,0,0,0.4730972,-0.2200443,0,0,0,0
3460,0.4031235,0.2724823,3.01414,nan,0.6496586,0.65342,1.84895,nan,0,0.0165612,0.1663839,0.01121497,0.1672935,0,0,0.4699973,-0.2207316,0,0,0,0
3461,0.3866698,0.2879491,3.014274,nan,0.6558634,0.6538931,1.849177,nan,0,0.01588895,0.1678841,0.01184895,0.1674079,0,0,0.4745858,-0.2234368,0,0,0,0
3462,0.370888,0.3027846,3.014403,nan,0.6864805,0.6580377,1.847336,nan,0,0.01524387,0.1752635,0.01245679,0.1684094,0,0,0.4754567,-0.221442,0,0,0,0
3463,0.3557507,0.3170146,3.014526,nan,0.6585028,0.659081,1.847564,nan,0,0.01462485,0.1685217,0.01303959,0.1686614,0,0,0.4742858,-0.2235686,0,0,0,0
3464,0.3412314,0.3306639,3.014645,nan,0.5959327,0.6565891,1.847771,nan,0,0.01403086,0.1533291,0.01359838,0.1680594,0,0,0.4784328,-0.2213071,0,0,0,0
3465,0.3273049,0.3437561,3.014758,nan,0.6894236,0.6599,1.848011,nan,0,0.01346089,0.1759709,0.01413416,0.1688591,0,0,0.4772289,-0.2217508,0,0,0,0
3466,0.3139469,0.3563139,3.014867,nan,0.6037024,0.6582866,1.84822,nan,0,0.01291397,0.1552244,0.01464789,0.1684695,0,0,0.4707853,-0.2259529,0,0,0,0
3467,0.3011342,0.3683593,3.014972,nan,0.5462778,0.6543763,1.84841,nan,0,0.01238918,0.1411576,0.01514048,0.1675247,0,0,0.4727736,-0.2226031,0,0,0,0
3468,0.2888444,0.3799131,3.015072,nan,0.5702306,0.651424,1.846508,nan,0,0.01188564,0.1470418,0.01561281,0.1668109,0,0,0.4748657,-0.2240323,0,0,0,0
3469,0.2770563,0.3909953,3.015168,nan,0.5944879,0.6494421,1.846715,nan,0,0.01140248,0.1529764,0.01606571,0.1663316,0,0,0.4736626,-0.2246972,0,0,0,0
3470,0.2657493,0.4016253,3.015261,nan,0.5801925,0.6468883,1.846916,nan,0,0.01093889,0.149482,0.0165,0.1657137,0,0,0.4779039,-0.2252928,0,0,0,0
3471,0.2549038,0.4118215,3.015349,nan,0.5995536,0.645109,1.847124,nan,0,0.01049409,0.1542127,0.01691644,0.165283,0,0,0.4773372,-0.2266281,0,0,0,0
3472,0.2445009,0.4216015,3.015434,nan,0.5548345,0.641541,1.847317,nan,0,0.0100673,0.1432623,0.01731578,0.164419,0,0,0.477992,-0.2255435,0,0,0,0
3473,0.2345226,0.4144062,3.015515,nan,0.586855,0.6394376,1.847521,nan,0,0.00965782,0.1511116,0.01702199,0.1639094,0,0,0.4778861,-0.2256501,0,0,0,0
3474,0.2249516,0.4073893,3.015594,nan,0.5402533,0.6357642,1.84556,nan,0,0.009264939,0.1396738,0.01673544,0.163019,0,0,0.4776632,-0.2264006,0,0,0,0
3475,0.2157711,0.4005458,3.015669,nan,0.4928314,0.6306594,1.845731,nan,0,0.008887992,0.1279408,0.01645591,0.1617808,0,0,0.4799483,-0.2287593,0,0,0,0
3476,0.2069654,0.3938706,3.01574,nan,0.5742554,0.6287144,1.84593,nan,0,0.008526336,0.1480282,0.0161832,0.1613088,0,0,0.4760482,-0.2294848,0,0,0,0
3477,0.198519,0.3873589,3.015809,0.2763675,0.5329352,0.6255218,1.846115,0.57317,0,0.008179355,0.1378694,0.01591711,0.1605336,0.01137425,0.1477622,0.4780152,-0.2243116,0,0,0,0
3478,0.1904173,0.3810059,3.015875,0.2650863,0.5696739,0.6237203,1.846313,0.5731257,0,0.007846457,0.1469053,0.01565748,0.1600959,0.01091171,0.1477513,0.4747083,-0.2303839,0,0,0,0
3479,0.1826462,0.3748072,3.015939,0.2542661,0.6114742,0.6233376,1.846526,0.5753919,0,0.007527072,0.1571177,0.01540409,0.160003,0.01046793,0.1483065,0.4753867,-0.2247724,0,0,0,0
3480,0.1751923,0.3687583,3.016,0.2438879,0.5977547,0.6225623,1.844658,0.5806828,0,0.007220655,0.1537738,0.01515679,0.1598146,0.01004215,0.1496019,0.475839,-0.2306773,0,0,0,0
3481,0.1680426,0.3628549,3.016058,0.2339336,0.5845765,0.6214451,1.844861,0.5893915,0,0.006926682,0.1505545,0.0149154,0.1595431,0.009633644,0.1517316,0.4761584,-0.2291445,0,0,0,0
3482,0.1611847,0.3570929,3.016114,0.2243858,0.5413105,0.6191555,1.845049,0.5842709,0,0.00664465,0.1399343,0.01467975,0.1589865,0.009241712,0.1504798,0.4789766,-0.22931,0,0,0,0
3483,0.1546067,0.3514682,3.016168,0.2152279,0.602815,0.6187016,1.845259,0.5905659,0,0.006374076,0.155008,0.01444968,0.1588762,0.008865683,0.1520185,0.4791189,-0.2284269,0,0,0,0
3484,0.1482971,0.3459771,3.016219,0.2064438,0.6239225,0.6188427,1.845475,0.5961622,0,0.006114497,0.1601451,0.01422503,0.1589105,0.008504914,0.1533851,0.4783187,-0.2263038,0,0,0,0
3485,0.142245,0.3406158,3.016269,0.1980184,0.5886329,0.6180477,1.84568,0.5930921,0,0.005865468,0.1515462,0.01400567,0.1587172,0.008158788,0.1526356,0.4743411,-0.230707,0,0,0,0
3486,0.1364399,0.3353805,3.016316,0.1899368,0.5977853,0.6175282,1.843813,0.5927077,0,0.005626561,0.1537813,0.01379142,0.1585908,0.007826714,0.1525417,0.4803782,-0.2329877,0,0,0,0
3487,0.1308717,0.3302678,3.016361,0.1821852,0.5540153,0.6159404,1.844005,0.5875759,0,0.005397366,0.143061,0.01358217,0.1582046,0.007508122,0.1512879,0.4814804,-0.2305967,0,0,0,0
3488,0.1255308,0.3252742,3.016405,0.17475,0.5566794,0.614495,1.844199,0.5888581,0,0.005177492,0.1437158,0.01337776,0.1578529,0.007202468,0.1516012,0.477336,-0.2314509,0,0,0,0
3489,0.1204078,0.3203964,3.016447,0.1676182,0.4438968,0.6104331,1.844353,0.5692681,0,0.004966559,0.1157327,0.01317806,0.1568642,0.006909229,0.1468058,0.4778959,-0.2330559,0,0,0,0
3490,0.1154939,0.3156312,3.016487,0.1607775,0.5000164,0.6078653,1.844526,0.5538381,0,0.004764205,0.1297247,0.01298294,0.1562388,0.006627903,0.1430174,0.4786471,-0.2333772,0,0,0,0
3491,0.1107805,0.3109755,3.016525,0.154216,0.5484528,0.606515,1.844717,0.5481802,0,0.004570083,0.1416929,0.01279229,0.1559099,0.006358007,0.1416258,0.4790342,-0.2311431,0,0,0,0
3492,0.1062595,0.3064263,3.016562,0.1479223,0.4526659,0.6030961,1.842716,0.5294578,0,0.004383858,0.117928,0.01260596,0.1550766,0.006099078,0.1370112,0.472846,-0.2332182,0,0,0,0
3493,0.101923,0.3019806,3.016598,0.1418855,0.5018839,0.6008959,1.84289,0.5219253,0,0.004205211,0.130188,0.01242386,0.1545401,0.005850674,0.1351504,0.4721137,-0.2333322,0,0,0,0
3494,0.09776345,0.2976355,3.016632,0.136095,0.4951075,0.5986451,1.843062,0.5139637,0,0.004033834,0.1285062,0.01224585,0.153991,0.005612367,0.1331811,0.482668,-0.2318885,0,0,0,0
3495,0.09377367,0.2933884,3.016664,0.1305409,0.4326133,0.5951861,1.843213,0.5098565,0,0.003869432,0.112903,0.01207184,0.1531469,0.005383749,0.1321641,0.4793776,-0.2322014,0,0,0,0
3496,0.08994672,0.2892365,3.016695,0.1252134,0.5151639,0.593553,1.843391,0.5105558,0,0.003711721,0.1334781,0.01190171,0.1527481,0.005164427,0.1323373,0.4753413,-0.2368958,0,0,0,0
3497,0.08627594,0.2851773,3.016725,0.1201034,0.5141476,0.5919648,1.84357,0.5063871,0,0.00356043,0.1332266,0.01173535,0.1523603,0.004954025,0.1313045,0.4830149,-0.2333932,0,0,0,0
3498,0.08275497,0.2812082,3.016754,0.1152019,0.4905781,0.5899769,1.841619,0.5097145,0,0.003415299,0.127381,0.01157268,0.1518746,0.004752181,0.132129,0.4785636,-0.2380112,0,0,0,0
3499,0.0793777,0.2773269,3.016782,0.1105004,0.5285936,0.5887964,1.841803,0.5119501,0,0.003276077,0.1367978,0.01141358,0.1515862,0.004558547,0.1326826,0.4806342,-0.2360159,0,0,0,0
3500,0.07613825,0.2735309,3.016808,0.1059908,0.52015,0.5875012,1.841983,0.5140655,0,0.003142524,0.1347116,0.01125796,0.1512696,0.004372792,0.1332063,0.4770066,-0.2340577,0,0,0,0
3501,0.07303101,0.2698179,3.016833,0.1016653,0.5690311,0.5871592,1.842181,0.5288839,0,0.00301441,0.1467477,0.01110573,0.151186,0.004194595,0.1368695,0.4755742,-0.2354913,0,0,0,0
3502,0.07005057,0.2661858,3.016858,0.09751628,0.4786257,0.5851858,1.842347,0.5239773,0,0.002891513,0.1244075,0.01095679,0.1507035,0.00402365,0.1356576,0.4778144,-0.2367946,0,0,0,0
3503,0.06719177,0.2626323,3.016881,0.09353659,0.5475835,0.5845144,1.842537,0.5272561,0,0.002773623,0.1414789,0.01081107,0.1505393,0.003859662,0.1364676,0.4773079,-0.2377717,0,0,0,0
3504,0.06444964,0.2591554,3.016903,0.0897193,0.4417676,0.58201,1.840542,0.5207384,0,0.002660534,0.1151992,0.01066848,0.1499267,0.003702349,0.134857,0.481377,-0.2345158,0,0,0,0
3505,0.06181941,0.2557531,3.016925,0.08605781,0.5237324,0.5810052,1.840723,0.5205416,0,0.002552052,0.1355971,0.01052892,0.1496808,0.00355144,0.1348084,0.4767862,-0.240058,0,0,0,0
3506,0.05929653,0.2524233,3.016945,0.08254574,0.5131015,0.5798543,1.840902,0.519079,0,0.00244799,0.1329677,0.01039233,0.1493992,0.003406674,0.1344467,0.4827407,-0.236685,0,0,0,0
3507,0.05687661,0.2491642,3.016965,0.079177,0.4155419,0.5771158,1.841046,0.5007202,0,0.002348167,0.1086112,0.01025863,0.1487287,0.003267803,0.1298993,0.4826879,-0.2377829,0,0,0,0
3508,0.05455544,0.2459739,3.016984,0.07594575,0.4554779,0.5751217,1.841204,0.4968794,0,0.002252412,0.1186313,0.01012774,0.1482404,0.003134587,0.1289461,0.4796143,-0.2390821,0,0,0,0
3509,0.052329,0.2428506,3.017002,0.07284636,0.4924609,0.5737885,1.841375,0.4894323,0,0.002160558,0.1278488,0.009999585,0.1479138,0.003006796,0.1270962,0.4817769,-0.2375302,0,0,0,0
3510,0.05019343,0.2397925,3.01702,0.06987346,0.4723943,0.5721791,1.839344,0.4914424,0,0.002072448,0.1228548,0.009874098,0.1475194,0.00288421,0.1275957,0.4788248,-0.2377911,0,0,0,0
3511,0.04814501,0.236798,3.017036,0.06702189,0.5327672,0.5715633,1.839529,0.4918706,0,0.001987929,0.137828,0.009751207,0.1473684,0.002766616,0.1277021,0.4825477,-0.2369148,0,0,0,0
3512,0.04618018,0.2338655,3.017053,0.06428669,0.4279003,0.5693531,1.839678,0.4811437,0,0.001906854,0.1117194,0.009630847,0.1468266,0.002653813,0.1250344,0.485124,-0.2404238,0,0,0,0
3513,0.04429555,0.2309932,3.017068,0.06166311,0.5192861,0.5685945,1.839858,0.4917427,0,0.001829083,0.1344979,0.009512953,0.1466406,0.002545605,0.1276703,0.4806874,-0.2404531,0,0,0,0
3514,0.04248782,0.2281797,3.017083,0.05914661,0.480927,0.567286,1.840025,0.4929815,0,0.001754483,0.1249804,0.009397461,0.1463197,0.002441805,0.1279781,0.486806,-0.2383761,0,0,0,0
3515,0.04075387,0.2254234,3.017097,0.0567328,0.5183055,0.5665657,1.840205,0.4950717,0,0.001682923,0.1342554,0.00928431,0.146143,0.002342235,0.1284973,0.4800465,-0.2363593,0,0,0,0
3516,0.03909068,0.2227229,3.01711,0.0544175,0.5174397,0.5658537,1.838234,0.4991841,0,0.001614281,0.1340412,0.009173441,0.1459683,0.002246721,0.1295181,0.4839829,-0.2403433,0,0,0,0
3517,0.03749537,0.2200768,3.017123,0.0521967,0.4780475,0.5645993,1.8384,0.49226,0,0.001548436,0.1242635,0.009064795,0.1456606,0.0021551,0.1277989,0.4815673,-0.2392355,0,0,0,0
3518,0.03596516,0.2174837,3.017136,0.05006652,0.4332041,0.5627487,1.83855,0.4914774,0,0.001485276,0.1130513,0.008958318,0.1452064,0.002067212,0.1276044,0.4825914,-0.2442888,0,0,0,0
3519,0.03449741,0.2149422,3.017148,0.04802328,0.5086213,0.5619969,1.838727,0.4910115,0,0.001424691,0.1318581,0.008853953,0.1450218,0.001982906,0.1274887,0.4823011,-0.2416408,0,0,0,0
3520,0.03308955,0.2124511,3.017159,0.04606342,0.4698612,0.5607348,1.83889,0.4894469,0,0.001366576,0.1222231,0.008751648,0.1447119,0.001902036,0.1270998,0.4843364,-0.2396955,0,0,0,0
3521,0.03173914,0.2100091,3.01717,0.04418355,0.4493071,0.559229,1.839046,0.4806788,0,0.001310831,0.1170876,0.008651352,0.1443421,0.001824462,0.1249187,0.4822403,-0.2441822,0,0,0,0
3522,0.03044385,0.2076148,3.017181,0.04238039,0.5374094,0.5589381,1.837045,0.4838393,0,0.001257359,0.1389729,0.008553014,0.1442707,0.00175005,0.1257052,0.483868,-0.2429188,0,0,0,0
3523,0.02920142,0.2052673,3.017191,0.04065083,0.4673161,0.5577325,1.837208,0.4822628,0,0.001206067,0.1215882,0.008456587,0.1439745,0.001678671,0.125313,0.4829301,-0.2427291,0,0,0,0
3524,0.0280097,0.2029653,3.017201,0.03899185,0.4489795,0.5563202,1.837364,0.4835031,0,0.001156866,0.1170056,0.008362021,0.1436275,0.001610201,0.1256216,0.4805355,-0.2457646,0,0,0,0
3525,0.02686661,0.2007076,3.01721,0.03740057,0.4681383,0.5551896,1.837526,0.4793997,0,0.001109672,0.1217934,0.008269273,0.1433496,0.001544523,0.1246002,0.481345,-0.2431488,0,0,0,0
3526,0.02577017,0.1984932,3.017219,0.03587423,0.4954455,0.5544334,1.837698,0.4820233,0,0.001064402,0.1285901,0.008178296,0.1431637,0.001481523,0.1252533,0.4887686,-0.2440215,0,0,0,0
3527,0.02471847,0.196321,3.017228,0.03441018,0.5138659,0.5539263,1.837877,0.4891934,0,0.001020979,0.1331569,0.008089049,0.1430391,0.001421091,0.1270368,0.484016,-0.2454354,0,0,0,0
3528,0.0237097,0.19419,3.017236,0.03300588,0.4657957,0.5528382,1.835858,0.480961,0,0.0009793262,0.1212088,0.008001488,0.1427716,0.001363123,0.1249889,0.4818545,-0.2460943,0,0,0,0
3529,0.02274209,0.1920992,3.017244,0.0316589,0.4383523,0.5514421,1.836011,0.4767401,0,0.0009393724,0.114343,0.007915572,0.1424282,0.001307518,0.1239378,0.4916247,-0.2447149,0,0,0,0
3530,0.02181397,0.1900475,3.017251,0.03036688,0.5074992,0.5509126,1.836187,0.4831017,0,0.0009010481,0.1315801,0.007831262,0.142298,0.001254181,0.1255217,0.4811155,-0.2483346,0,0,0,0
3531,0.02092373,0.1880342,3.017259,0.02912759,0.4642907,0.5498814,1.836348,0.4815104,0,0.0008642868,0.1208331,0.00774852,0.1420444,0.001203018,0.1251257,0.4858072,-0.2454817,0,0,0,0
3532,0.02006982,0.1860581,3.017266,0.02793888,0.464788,0.5488803,1.836509,0.4779503,0,0.0008290249,0.1209573,0.007667307,0.1417981,0.001153942,0.1242393,0.483347,-0.2500561,0,0,0,0
3533,0.01925076,0.1841185,3.017272,0.02679868,0.5545805,0.5489466,1.836702,0.4825519,0,0.0007952013,0.1431999,0.007587587,0.1418144,0.001106867,0.1253849,0.4797792,-0.2484379,0,0,0,0
3534,0.01846513,0.1822144,3.017279,0.02570501,0.468018,0.5480164,1.834697,0.4830905,0,0.0007627573,0.1217634,0.007509323,0.1415855,0.001061712,0.1255189,0.4852847,-0.2443547,0,0,0,0
3535,0.01771156,0.1803451,3.017285,0.02465597,0.4288277,0.546662,1.834846,0.4809777,0,0.0007316367,0.1119524,0.007432483,0.1412521,0.001018398,0.1249931,0.4826047,-0.246072,0,0,0,0
3536,0.01698874,0.1785096,3.017291,0.02364975,0.4826765,0.545943,1.835014,0.4778815,0,0.0007017854,0.1254159,0.007357031,0.1410752,0.000976851,0.1242221,0.4865855,-0.2458765,0,0,0,0
3537,0.01629542,0.1767072,3.017296,0.02268459,0.5214663,0.5456711,1.835195,0.4854113,0,0.0006731519,0.135037,0.007282936,0.1410082,0.0009369981,0.1260963,0.4860928,-0.2482324,0,0,0,0
3538,0.0156304,0.1694933,3.017302,0.02175882,0.4296071,0.5424216,1.835344,0.4812149,0,0.0006456863,0.1121482,0.006986333,0.140208,0.0008987706,0.1250521,0.4829733,-0.2495966,0,0,0,0
3539,0.01499251,0.1625743,3.017307,0.02087083,0.4538393,0.5402008,1.835501,0.4695923,0,0.0006193412,0.1182216,0.006701801,0.1396609,0.0008621022,0.1221561,0.478974,-0.2475968,0,0,0,0
3540,0.01438066,0.1559381,3.017312,0.02001908,0.5110038,0.5381388,1.833551,0.4747975,0,0.0005940707,0.1324483,0.006428847,0.1391527,0.0008269295,0.1234538,0.4864084,-0.2470456,0,0,0,0
3541,0.01379378,0.1495731,3.017317,0.01920209,0.4189337,0.5348132,1.833696,0.4724333,0,0.0005698311,0.109465,0.006166998,0.1383327,0.0007931913,0.1228645,0.4864264,-0.2499388,0,0,0,0
3542,0.01323084,0.1434681,3.017321,0.01841844,0.4289428,0.5321046,1.833845,0.4664745,0,0.0005465804,0.1119813,0.005915801,0.1376645,0.0007608293,0.1213782,0.4886143,-0.2510524,0,0,0,0
3543,0.01269089,0.1376125,3.017326,0.01766678,0.4366064,0.5287884,1.833997,0.456127,0,0.0005242782,0.113905,0.005674822,0.1368459,0.0007297872,0.1187936,0.4825193,-0.2485717,0,0,0,0
3544,0.01217296,0.131996,3.01733,0.01694579,0.4905119,0.5268747,1.834167,0.4630007,0,0.0005028859,0.1273645,0.005443646,0.1363734,0.0007000114,0.120511,0.4899889,-0.2493937,0,0,0,0
3545,0.01167618,0.1266088,3.017334,0.01625422,0.4437524,0.5247328,1.834321,0.4610515,0,0.0004823663,0.1156966,0.005221874,0.1358443,0.0006714503,0.1200242,0.4820605,-0.2535198,0,0,0,0
3546,0.01119967,0.1214415,3.017338,0.01559088,0.4933618,0.5231847,1.832307,0.4588238,0,0.0004626838,0.1280726,0.005009125,0.1354617,0.0006440541,0.1194677,0.4865873,-0.2530883,0,0,0,0
3547,0.0107426,0.1164852,3.017342,0.0149546,0.5319549,0.5212035,1.832492,0.4719807,0,0.0004438043,0.1376275,0.004805031,0.134972,0.0006177755,0.1227517,0.4861055,-0.2551022,0,0,0,0
3548,0.01030419,0.1117312,3.017345,0.0143443,0.5094698,0.5202535,1.832669,0.4817755,0,0.0004256951,0.1320683,0.004609241,0.1347371,0.0005925689,0.1251917,0.4823925,-0.2532751,0,0,0,0
3549,0.009883672,0.1071713,3.017349,0.0137589,0.5002158,0.5189468,1.832843,0.4887498,0,0.0004083247,0.1297742,0.004421418,0.134414,0.0005683906,0.1269265,0.4898156,-0.2553294,0,0,0,0
3550,0.009480314,0.1027975,3.017352,0.01319739,0.4611224,0.516852,1.833003,0.4853872,0,0.000391663,0.1200419,0.004241239,0.1338959,0.0005451987,0.1260903,0.4830371,-0.2508737,0,0,0,0
3551,0.009093417,0.09860218,3.017355,0.0126588,0.5039774,0.5151644,1.833178,0.4926863,0,0.0003756811,0.1307071,0.004068392,0.1334783,0.0005229529,0.1279048,0.4909736,-0.2550852,0,0,0,0
3552,0.00872231,0.09457812,3.017358,0.01214219,0.5038747,0.5131354,1.831209,0.4934818,0,0.0003603513,0.1306817,0.003902581,0.1329761,0.0005016146,0.1281024,0.4822226,-0.2538133,0,0,0,0
3553,0.008366348,0.09071829,3.017361,0.01164666,0.3795055,0.5100354,1.83134,0.4755673,0,0.0003456469,0.09950949,0.003743519,0.1322084,0.0004811469,0.1236456,0.4895161,-0.2538484,0,0,0,0
3554,0.008024913,0.087016,3.017364,0.01117135,0.4254685,0.5081414,1.831488,0.4659726,0,0.0003315425,0.1111084,0.003590933,0.1317392,0.0004615141,0.121253,0.4909607,-0.2558315,0,0,0,0
3555,0.007697412,0.0834648,3.017367,0.01071544,0.5190858,0.5062487,1.831668,0.4686354,0,0.0003180136,0.1344484,0.003444559,0.1312702,0.0004426824,0.1219174,0.4810359,-0.253156,0,0,0,0
3556,0.007383276,0.08005854,3.017369,0.01027814,0.5501418,0.5056536,1.831859,0.4791342,0,0.0003050366,0.1421084,0.003304145,0.1311227,0.0004246189,0.1245341,0.4849674,-0.2559163,0,0,0,0
3557,0.00708196,0.07679129,3.017372,0.009858682,0.4700013,0.5048061,1.832023,0.4748717,0,0.0002925892,0.1222581,0.003169448,0.1309126,0.0004072924,0.1234723,0.4878647,-0.2572087,0,0,0,0
3558,0.006792942,0.07365739,3.017374,0.009456344,0.4798537,0.5038019,1.830095,0.4723589,0,0.0002806496,0.1247132,0.003040237,0.1306636,0.0003906729,0.122846,0.4860713,-0.2561163,0,0,0,0
3559,0.006515718,0.07065138,3.017376,0.009070426,0.4169187,0.5018289,1.830239,0.4762777,0,0.0002691972,0.1089579,0.002916288,0.1301743,0.0003747314,0.1238226,0.4847279,-0.2540208,0,0,0,0
3560,0.006249808,0.06776806,3.017378,0.008700257,0.4697709,0.500602,1.830403,0.480781,0,0.0002582121,0.1222006,0.002797388,0.12987,0.0003594403,0.1249441,0.4851797,-0.2580504,0,0,0,0
3561,0.00599475,0.0650024,3.01738,0.008345194,0.3776466,0.4981364,1.830534,0.4641028,0,0.0002476753,0.09903841,0.002683331,0.1292581,0.0003447731,0.1207862,0.4867929,-0.2605023,0,0,0,0
3562,0.005750101,0.06234961,3.017382,0.008004623,0.4608234,0.4970918,1.830694,0.4541345,0,0.0002375683,0.1199672,0.00257392,0.1289988,0.0003307043,0.1182954,0.4810313,-0.2576733,0,0,0,0
3563,0.005515436,0.05980509,3.017384,0.00767795,0.4441627,0.4955064,1.830848,0.4500367,0,0.0002278738,0.1157993,0.002468967,0.1286052,0.0003172096,0.1172702,0.4845154,-0.2552921,0,0,0,0
3564,0.005290348,0.05736441,3.017386,0.007364608,0.4175756,0.4941433,1.828955,0.4425564,0,0.0002185748,0.1091232,0.00236829,0.1282667,0.0003042654,0.1153969,0.4891319,-0.254888,0,0,0,0
3565,0.005074446,0.05502333,3.017388,0.007064055,0.4246516,0.4933857,1.829103,0.4433692,0,0.0002096553,0.110903,0.002271714,0.1280785,0.0002918495,0.1156006,0.489327,-0.2580022,0,0,0,0
3566,0.004867356,0.0527778,3.01739,0.006775767,0.4461025,0.4919618,1.829257,0.440333,0,0.0002010998,0.1162852,0.002179074,0.1277248,0.0002799401,0.1148396,0.4880901,-0.2574162,0,0,0,0
3567,0.004668716,0.05062391,3.017391,0.006499244,0.4245393,0.4907574,1.829405,0.4444664,1,0.0001928933,0.1108748,0.00209021,0.1274255,0.0002685167,0.1158754,0.4917696,-0.2611825,0,0,0,0
3568,0.004478183,0.04855792,3.017393,0.006234006,0.2945355,0.4877003,1.829507,0.4244891,1,0.0001850218,0.0778184,0.002004966,0.1266656,0.0002575593,0.1108622,0.4887942,-0.2590723,0,0,0,0
3569,0.004295426,0.04657624,3.017394,0.005979593,0.4604206,0.4860219,1.829667,0.4263687,1,0.0001774714,0.1198666,0.001923197,0.1262482,0.0002470491,0.1113346,0.4846372,-0.2605283,0,0,0,0
3570,0.004120127,0.04467544,3.017396,0.005735563,0.4519083,0.4844014,1.827838,0.4295268,1,0.0001702291,0.1177385,0.00184476,0.1258451,0.0002369677,0.112128,0.4909467,-0.2586412,0,0,0,0
3571,0.003951983,0.04285221,3.017397,0.005501491,0.4691348,0.4831187,1.828001,0.4350272,1,0.0001632824,0.1220419,0.001769521,0.125526,0.0002272977,0.1135089,0.4862867,-0.2587679,0,0,0,0
3572,0.0037907,0.04110339,3.017398,0.005276972,0.4415692,0.4820105,1.828154,0.4346638,1,0.0001566191,0.1151495,0.001697348,0.1252501,0.0002180222,0.1134177,0.4912236,-0.2627003,0,0,0,0
3573,0.003636,0.03942594,3.0174,0.005061616,0.4327172,0.4801205,1.828305,0.4355292,1,0.0001502277,0.1129291,0.001628118,0.1247797,0.0002091253,0.1136348,0.4873278,-0.2613302,0,0,0,0
3574,0.003487613,0.03781694,3.017401,0.004855049,0.3580973,0.4771669,1.828429,0.4411204,1,0.0001440971,0.09407506,0.001561709,0.1240441,0.0002005914,0.115037,0.4844142,-0.2607348,0,0,0,0
3575,0.003345281,0.03627361,3.017402,0.004656912,0.4435618,0.475555,1.828583,0.4392451,1,0.0001382167,0.1156488,0.001498008,0.1236425,0.0001924057,0.1145668,0.485433,-0.2604045,0,0,0,0
3576,0.003208759,0.03479327,3.017403,0.004466861,0.4160032,0.4735352,1.82673,0.4343961,1,0.0001325763,0.1087274,0.001436904,0.1231392,0.000184554,0.1133505,0.4892538,-0.2615789,0,0,0,0
3577,0.003077807,0.03337334,3.017404,0.004284566,0.415635,0.4719976,1.826874,0.4271592,1,0.000127166,0.1086347,0.001378291,0.1227559,0.0001770227,0.1115332,0.4902013,-0.2626871,0,0,0,0
3578,0.0029522,0.03201135,3.017405,0.00410971,0.468858,0.4710218,1.827037,0.42974,1,0.0001219765,0.1219729,0.001322068,0.1225126,0.0001697987,0.1121816,0.4885498,-0.2627048,0,0,0,0
3579,0.002831719,0.03070495,3.017406,0.003941991,0.3996219,0.4705299,1.827176,0.4249451,1,0.0001169988,0.1045974,0.001268137,0.1223899,0.0001628695,0.1109768,0.4901407,-0.2636856,0,0,0,0
3580,0.002716155,0.02945186,3.017407,0.003781116,0.493748,0.4704603,1.827347,0.4403799,1,0.0001122242,0.1281685,0.001216406,0.1223725,0.0001562231,0.1148513,0.487973,-0.2629237,0,0,0,0
3581,0.002605308,0.02824992,3.017408,0.003626807,0.4974059,0.4698931,1.82752,0.4462895,1,0.0001076444,0.1290768,0.001166784,0.1222311,0.0001498479,0.1163321,0.4912766,-0.2638707,0,0,0,0
3582,0.002498984,0.02709702,3.017409,0.003478795,0.4158067,0.4694835,1.825648,0.4452892,1,0.0001032516,0.1086779,0.001119185,0.1221289,0.0001437328,0.1160815,0.4885,-0.2621125,0,0,0,0
3583,0.002396999,0.02599118,3.01741,0.003336823,0.3919948,0.4682625,1.825784,0.4428013,1,9.903796e-05,0.1026704,0.001073527,0.1218244,0.0001378673,0.1154582,0.4888214,-0.2637868,0,0,0,0
3584,0.002299176,0.02493047,3.017411,0.003200646,0.4167475,0.4673919,1.825928,0.4369143,1,9.49963e-05,0.1089147,0.001029732,0.1216071,0.0001322411,0.1139823,0.4933077,-0.2645367,0,0,0,0
3585,0.002205345,0.02391304,3.017411,0.003070025,0.4972952,0.4681106,1.826101,0.4475248,1,9.111957e-05,0.1290493,0.0009877224,0.1217864,0.0001268445,0.1166414,0.4873672,-0.2667537,0,0,0,0
3586,0.002115344,0.02293714,3.017412,0.002944736,0.5175404,0.468137,1.826281,0.4498061,1,8.740105e-05,0.1340661,0.0009474261,0.121793,0.0001216681,0.1172125,0.4919451,-0.2650699,0,0,0,0
3587,0.002029016,0.02200106,3.017413,0.00282456,0.4785347,0.4677413,1.826447,0.4478041,1,8.383427e-05,0.1243848,0.0009087733,0.1216943,0.000116703,0.1167113,0.4928638,-0.2660918,0,0,0,0
3588,0.00194621,0.02110318,3.017414,0.002709288,0.4183118,0.4669383,1.824628,0.4473987,1,8.041304e-05,0.1093085,0.000871697,0.121494,0.0001119405,0.1166098,0.4895326,-0.2664825,0,0,0,0
3589,0.001866785,0.02024195,3.017414,0.00259872,0.4078185,0.4655964,1.82477,0.4490558,1,7.713143e-05,0.1066654,0.0008361329,0.121159,0.0001073723,0.1170247,0.4900913,-0.2672678,0,0,0,0
3590,0.0017906,0.01941587,3.017415,0.002492665,0.3411786,0.4636078,1.824888,0.4392304,1,7.398373e-05,0.08976576,0.0008020193,0.1206626,0.0001029905,0.1145632,0.4921746,-0.2651666,0,0,0,0
3591,0.001717525,0.01862349,3.017415,0.002390938,0.4352981,0.4621219,1.825039,0.4329824,1,7.096449e-05,0.1135768,0.0007692972,0.1202916,9.878757e-05,0.1129957,0.4921275,-0.2656514,0,0,0,0
3592,0.001647432,0.01786346,3.017416,0.002293363,0.4409759,0.4617035,1.825193,0.4242547,1,6.806846e-05,0.1150007,0.0007379098,0.1201871,9.475612e-05,0.1108033,0.4887584,-0.268745,0,0,0,0
3593,0.001580199,0.01713444,3.017417,0.002199769,0.4696013,0.4608371,1.825356,0.4235448,1,6.529061e-05,0.1221583,0.0007078027,0.1199707,9.08892e-05,0.1106248,0.4933981,-0.2701116,0,0,0,0
3594,0.00151571,0.01643518,3.017417,0.002109996,0.4205231,0.460601,1.823468,0.4238232,1,6.262612e-05,0.1098649,0.0006789237,0.1199117,8.718007e-05,0.1106948,0.4924456,-0.2718019,0,0,0,0
3595,0.001453853,0.01576445,3.017418,0.002023886,0.321822,0.4583576,1.82358,0.4131255,1,6.007037e-05,0.08481968,0.0006512227,0.1193511,8.362231e-05,0.1080027,0.4948925,-0.267283,0,0,0,0
3596,0.001394521,0.01512109,3.017418,0.00194129,0.4416108,0.4575632,1.823733,0.4242347,1,5.761892e-05,0.1151599,0.0006246517,0.1191526,8.020973e-05,0.1107982,0.488655,-0.2676893,0,0,0,0
3597,0.00133761,0.01450399,3.017418,0.001862065,0.4236171,0.4576529,1.82388,0.4229266,1,5.52675e-05,0.1106429,0.0005991646,0.119175,7.693642e-05,0.1104693,0.4905773,-0.2706292,0,0,0,0
3598,0.001283021,0.01391208,3.017419,0.001786073,0.4001502,0.4570382,1.824019,0.4195639,1,5.301205e-05,0.1047308,0.0005747172,0.1190214,7.379668e-05,0.1096235,0.4937991,-0.2669736,0,0,0,0
3599,0.00123066,0.01334432,3.017419,0.001713182,0.394803,0.4559531,1.824156,0.4105239,1,5.084863e-05,0.1033802,0.0005512672,0.1187501,7.078507e-05,0.1073473,0.4873299,-0.272946,0,0,0,0
